/**
 * generated by fontconvert.py
 * name: inter_12_bold
 * size: 12
 * mode: 1-bit
 * Command used: C:\Users\cmaga\Documents\Crossink-MyDev\CrossInk-X4-Pro\lib\EpdFont\scripts\fontconvert.py inter_12_bold 12 C:\Users\cmaga\Documents\Crossink-MyDev\CrossInk-X4-Pro\lib\EpdFont\builtinFonts\source\Inter\Inter-Bold.ttf C:\Users\cmaga\Documents\Crossink-MyDev\CrossInk-X4-Pro\lib\EpdFont\builtinFonts\source\IBMPlexSansHebrew\IBMPlexSansHebrew-Bold.ttf C:\Users\cmaga\Documents\Crossink-MyDev\CrossInk-X4-Pro\lib\EpdFont\builtinFonts\source\NotoSansArabic\NotoSansArabic-Bold.ttf --additional-intervals 0x05D0,0x05EA --additional-intervals 0x0370,0x03FF --additional-intervals 0x1F00,0x1FFF --additional-intervals 0x060C,0x060C --additional-intervals 0x061B,0x061B --additional-intervals 0x061F,0x061F --additional-intervals 0x0621,0x0621 --additional-intervals 0x0640,0x0640 --additional-intervals 0x0660,0x0669 --additional-intervals 0x06BA,0x06BA --additional-intervals 0x06D4,0x06D4 --additional-intervals 0x06F0,0x06F9 --additional-intervals 0xFB56,0xFB59 --additional-intervals 0xFB66,0xFB69 --additional-intervals 0xFB7A,0xFB7D --additional-intervals 0xFB88,0xFB95 --additional-intervals 0xFB9E,0xFB9F --additional-intervals 0xFBA6,0xFBB1 --additional-intervals 0xFBFC,0xFBFF --additional-intervals 0xFE80,0xFEFC
 */
#pragma once
#include "EpdFontData.h"

static const uint8_t inter_12_boldBitmaps[60176] = {
    0x79, 0xE7, 0x9E, 0x79, 0xE7, 0x9E, 0x79, 0xE7, 0x9E, 0x79, 0xE0, 0x1E, 0x7B, 0xE7, 0x8C, 0xF3,
    0xBD, 0xEF, 0x7B, 0xDE, 0xF7, 0xBD, 0xEF, 0x7B, 0xCE, 0x63, 0x80, 0x07, 0x1C, 0x0F, 0x1C, 0x0F,
    0x1C, 0x0F, 0x1C, 0x0E, 0x3C, 0x7F, 0xFF, 0x7F, 0xFF, 0x7F, 0xFF, 0x3F, 0xFE, 0x1E, 0x38, 0x1E,
    0x78, 0x7F, 0xFE, 0xFF, 0xFE, 0xFF, 0xFE, 0xFF, 0xFE, 0x3C, 0x70, 0x3C, 0xF0, 0x38, 0xF0, 0x38,
    0xF0, 0x03, 0x00, 0x07, 0x00, 0x1F, 0x00, 0xFF, 0x87, 0xFF, 0x8F, 0xFF, 0xBE, 0xFF, 0x7D, 0xDE,
    0xFB, 0x81, 0xFF, 0x01, 0xFF, 0x01, 0xFF, 0x81, 0xFF, 0xC0, 0x7F, 0x80, 0xFF, 0xF9, 0xDF, 0xF3,
    0xBF, 0xFF, 0xFB, 0xFF, 0xF3, 0xFF, 0xC1, 0xFF, 0x00, 0xF0, 0x00, 0xE0, 0x01, 0x80, 0x3C, 0x01,
    0xC3, 0xF0, 0x1E, 0x3F, 0xC0, 0xE1, 0xCE, 0x0F, 0x0E, 0x78, 0xF0, 0x73, 0xC7, 0x03, 0x9C, 0x70,
    0x1F, 0xE7, 0x80, 0x7E, 0x38, 0x01, 0xE3, 0x80, 0x00, 0x3C, 0x78, 0x01, 0xCF, 0xE0, 0x1C, 0x7F,
    0x81, 0xE3, 0x9C, 0x0E, 0x3C, 0xE0, 0xE1, 0xE7, 0x0F, 0x07, 0x78, 0xF0, 0x3F, 0xC7, 0x00, 0xFC,
    0x00, 0x01, 0x80, 0x03, 0x80, 0x07, 0xF0, 0x07, 0xFC, 0x07, 0xFE, 0x03, 0xC7, 0x01, 0xE3, 0x80,
    0xF3, 0xC0, 0x3F, 0xE0, 0x1F, 0xE0, 0x07, 0xE0, 0x0F, 0xF3, 0xCF, 0xFD, 0xE7, 0xFE, 0xF3, 0xCF,
    0xF1, 0xE3, 0xF8, 0xF8, 0xFC, 0x7F, 0xFE, 0x1F, 0xFF, 0x87, 0xFB, 0xE0, 0xE0, 0x00, 0xFF, 0xFF,
    0xFF, 0xFF, 0x60, 0x0E, 0x1E, 0x1E, 0x3E, 0x3C, 0x3C, 0x7C, 0x7C, 0x78, 0x78, 0x78, 0x78, 0x78,
    0x78, 0x78, 0x78, 0x78, 0x7C, 0x7C, 0x3C, 0x3E, 0x1E, 0x1E, 0x0F, 0x70, 0x78, 0x78, 0x7C, 0x3C,
    0x3E, 0x3E, 0x1E, 0x1E, 0x1E, 0x1F, 0x1F, 0x1F, 0x1F, 0x1F, 0x1E, 0x1E, 0x1E, 0x3E, 0x3C, 0x3C,
    0x7C, 0x78, 0x70, 0x06, 0x01, 0xC0, 0xB9, 0x3F, 0xF7, 0xFE, 0x7F, 0x8F, 0xF3, 0xFF, 0x76, 0xE5,
    0xC8, 0x38, 0x00, 0x00, 0x07, 0x00, 0x78, 0x03, 0xC0, 0x1E, 0x00, 0xF0, 0x7F, 0xFF, 0xFF, 0xFF,
    0xFF, 0xFF, 0xF8, 0x78, 0x03, 0xC0, 0x1E, 0x00, 0xF0, 0x00, 0x00, 0x7B, 0xDE, 0xFF, 0x7B, 0xDC,
    0xE0, 0xFF, 0xFF, 0xFF, 0xE0, 0x00, 0x79, 0xEF, 0x9E, 0x30, 0x00, 0x00, 0xF0, 0x78, 0x1E, 0x07,
    0x81, 0xC0, 0xF0, 0x3C, 0x0F, 0x07, 0x81, 0xE0, 0x78, 0x1E, 0x0F, 0x03, 0xC0, 0xF0, 0x38, 0x1E,
    0x07, 0x81, 0xE0, 0xF0, 0x3C, 0x0F, 0x00, 0x07, 0xC0, 0x3F, 0xE0, 0xFF, 0xE3, 0xFF, 0xC7, 0xC7,
    0xDF, 0x07, 0xBE, 0x0F, 0xF8, 0x1F, 0xF0, 0x3F, 0xE0, 0x3F, 0xC0, 0x7F, 0x81, 0xFF, 0x03, 0xFF,
    0x07, 0xFE, 0x0F, 0x3E, 0x3E, 0x7F, 0xF8, 0x7F, 0xF0, 0x7F, 0x80, 0x1C, 0x00, 0x07, 0x8F, 0xCF,
    0xEF, 0xF7, 0xFB, 0xBD, 0x1E, 0x0F, 0x07, 0x83, 0xC1, 0xE0, 0xF0, 0x78, 0x3C, 0x1E, 0x0F, 0x07,
    0x83, 0xC1, 0xE0, 0x0F, 0x80, 0xFF, 0x87, 0xFF, 0x1F, 0xFE, 0xF8, 0xFB, 0xC1, 0xEF, 0x07, 0x80,
    0x1E, 0x00, 0xF8, 0x07, 0xC0, 0x3F, 0x01, 0xF8, 0x0F, 0xC0, 0x7E, 0x03, 0xE0, 0x1F, 0x80, 0xFF,
    0xFF, 0xFF, 0xFF, 0xFF, 0xC0, 0x07, 0x80, 0x7F, 0x87, 0xFF, 0x9F, 0xFE, 0xF8, 0x7F, 0xE1, 0xF0,
    0x07, 0xC0, 0x3E, 0x07, 0xF8, 0x1F, 0x80, 0x7F, 0x80, 0x7F, 0x00, 0x7F, 0xC0, 0xFF, 0x03, 0xFE,
    0x1F, 0x7F, 0xFD, 0xFF, 0xE1, 0xFE, 0x01, 0xE0, 0x00, 0xF0, 0x03, 0xF0, 0x0F, 0xE0, 0x1F, 0xC0,
    0x7F, 0x81, 0xFF, 0x03, 0xDE, 0x0F, 0xBC, 0x3E, 0x78, 0x78, 0xF1, 0xF1, 0xE7, 0xC3, 0xCF, 0xFF,
    0xFF, 0xFF, 0xFF, 0xFF, 0xFF, 0xFF, 0x00, 0x78, 0x00, 0xF0, 0x01, 0xE0, 0x7F, 0xF1, 0xFF, 0xE7,
    0xFF, 0x9F, 0xFE, 0x78, 0x03, 0xE0, 0x0F, 0x00, 0x3F, 0xF8, 0xFF, 0xF3, 0xFF, 0xEF, 0x8F, 0x80,
    0x1F, 0x00, 0x7F, 0xC1, 0xFF, 0x07, 0xFE, 0x3E, 0xFF, 0xF9, 0xFF, 0xC3, 0xFE, 0x01, 0xC0, 0x07,
    0xC0, 0x7F, 0xC3, 0xFF, 0x9F, 0xFE, 0x7C, 0x7F, 0xE0, 0xFF, 0x00, 0x3D, 0xF8, 0xFF, 0xFB, 0xFF,
    0xEF, 0xC7, 0xFE, 0x0F, 0xF8, 0x3F, 0xE0, 0xFF, 0x83, 0xDF, 0x1F, 0x7F, 0xF8, 0xFF, 0xE1, 0xFE,
    0x00, 0xE0, 0x7F, 0xFB, 0xFF, 0xFF, 0xFF, 0xFF, 0xFF, 0x00, 0x7C, 0x03, 0xE0, 0x0F, 0x80, 0x7C,
    0x01, 0xF0, 0x0F, 0x80, 0x3E, 0x01, 0xF0, 0x07, 0xC0, 0x3E, 0x00, 0xF8, 0x07, 0xC0, 0x1F, 0x00,
    0xF8, 0x03, 0xE0, 0x00, 0x07, 0x80, 0x3F, 0xE1, 0xFF, 0xE3, 0xFF, 0xCF, 0x87, 0xDF, 0x0F, 0xBE,
    0x1F, 0x3E, 0x3C, 0x3F, 0xF8, 0x3F, 0xC1, 0xFF, 0xE7, 0xE7, 0xEF, 0x87, 0xDE, 0x07, 0xBC, 0x0F,
    0x7C, 0x3E, 0xFF, 0xFC, 0xFF, 0xF0, 0xFF, 0xC0, 0x3C, 0x00, 0x0F, 0x80, 0xFF, 0x87, 0xFF, 0x1F,
    0xFE, 0xF8, 0x7B, 0xC1, 0xFF, 0x03, 0xFC, 0x0F, 0xF8, 0x7F, 0xF3, 0xF7, 0xFF, 0xCF, 0xFF, 0x1F,
    0x3C, 0x00, 0xFF, 0x07, 0xFE, 0x3E, 0x7F, 0xF9, 0xFF, 0xC1, 0xFE, 0x01, 0xC0, 0x79, 0xEF, 0x9E,
    0x30, 0x00, 0x00, 0x01, 0xE7, 0xBE, 0x78, 0xC0, 0x79, 0xE7, 0xDE, 0x30, 0x00, 0x00, 0x01, 0xE7,
    0x9E, 0x7B, 0xCF, 0x3C, 0xE3, 0x80, 0x00, 0x00, 0x00, 0x70, 0x0F, 0xC0, 0xFF, 0x0F, 0xF8, 0xFF,
    0x87, 0xF8, 0x1F, 0x00, 0x7F, 0x01, 0xFF, 0x01, 0xFF, 0x01, 0xFF, 0x01, 0xFC, 0x00, 0xF0, 0x00,
    0xC0, 0xFF, 0xFF, 0xFF, 0xFF, 0xFF, 0xFF, 0xF0, 0x00, 0x00, 0x03, 0xFF, 0xFF, 0xFF, 0xFF, 0xFF,
    0xFF, 0x80, 0x00, 0x07, 0x00, 0x3E, 0x01, 0xFE, 0x0F, 0xFC, 0x0F, 0xF8, 0x1F, 0xE0, 0x1F, 0x03,
    0xF8, 0x7F, 0xDF, 0xF9, 0xFF, 0x0F, 0xC0, 0x78, 0x03, 0x00, 0x00, 0x07, 0x80, 0xFF, 0x0F, 0xFC,
    0xFF, 0xF7, 0x8F, 0xBC, 0x3C, 0x01, 0xE0, 0x1F, 0x03, 0xF0, 0x3F, 0x01, 0xF0, 0x0F, 0x00, 0xF8,
    0x03, 0x80, 0x00, 0x00, 0xE0, 0x0F, 0x80, 0x7C, 0x03, 0xE0, 0x04, 0x00, 0x00, 0x00, 0x00, 0x01,
    0xFF, 0x80, 0x07, 0xFF, 0xE0, 0x1F, 0xFF, 0xF0, 0x3F, 0x81, 0xF8, 0x3E, 0x00, 0x7C, 0x7C, 0x79,
    0xBE, 0x79, 0xFF, 0x9E, 0xF1, 0xFF, 0x9E, 0xF3, 0xFF, 0x8E, 0xF3, 0xC3, 0x8F, 0xF3, 0x83, 0x8F,
    0xF7, 0x83, 0x8F, 0xF7, 0x83, 0x8F, 0xF3, 0x83, 0x8E, 0xF3, 0xC7, 0xDE, 0xF3, 0xFF, 0xFE, 0xF9,
    0xFF, 0xFC, 0x78, 0x7C, 0xF8, 0x7C, 0x00, 0x00, 0x3F, 0x00, 0x80, 0x1F, 0xFF, 0xC0, 0x0F, 0xFF,
    0xC0, 0x03, 0xFF, 0xC0, 0x00, 0x3C, 0x00, 0x01, 0xE0, 0x00, 0xFC, 0x00, 0x3F, 0x80, 0x1F, 0xE0,
    0x07, 0xF8, 0x01, 0xFF, 0x00, 0xFF, 0xC0, 0x3E, 0xF0, 0x0F, 0x3E, 0x07, 0xCF, 0x81, 0xF1, 0xE0,
    0x7C, 0x7C, 0x3F, 0xFF, 0x0F, 0xFF, 0xC3, 0xFF, 0xF9, 0xF0, 0x3E, 0x7C, 0x07, 0xDE, 0x01, 0xFF,
    0x80, 0x7C, 0x7F, 0x81, 0xFF, 0xE3, 0xFF, 0xE7, 0xFF, 0xEF, 0x87, 0xDF, 0x07, 0xBE, 0x0F, 0x7C,
    0x3E, 0xFF, 0xF9, 0xFF, 0xE3, 0xFF, 0xF7, 0xC7, 0xEF, 0x83, 0xFF, 0x07, 0xFE, 0x0F, 0xFC, 0x7F,
    0xFF, 0xFD, 0xFF, 0xFB, 0xFF, 0xC0, 0x03, 0xE0, 0x07, 0xFC, 0x07, 0xFF, 0x87, 0xFF, 0xC7, 0xE3,
    0xF7, 0xE0, 0x7B, 0xE0, 0x3F, 0xF0, 0x00, 0xF0, 0x00, 0x78, 0x00, 0x3C, 0x00, 0x1E, 0x00, 0x0F,
    0x80, 0x77, 0xC0, 0x7D, 0xF0, 0x7C, 0xFE, 0xFE, 0x3F, 0xFE, 0x0F, 0xFE, 0x03, 0xFE, 0x00, 0x38,
    0x00, 0x7F, 0x00, 0xFF, 0xF0, 0xFF, 0xF8, 0xFF, 0xFC, 0xF8, 0xFE, 0xF8, 0x3E, 0xF8, 0x1F, 0xF8,
    0x1F, 0xF8, 0x0F, 0xF8, 0x0F, 0xF8, 0x0F, 0xF8, 0x0F, 0xF8, 0x1F, 0xF8, 0x1F, 0xF8, 0x3E, 0xFF,
    0xFE, 0xFF, 0xFC, 0xFF, 0xF8, 0xFF, 0xE0, 0x7F, 0xFF, 0xFF, 0xFF, 0xFF, 0xFF, 0xFF, 0x80, 0x7C,
    0x03, 0xE0, 0x1F, 0x00, 0xFF, 0xFF, 0xFF, 0xFF, 0xFF, 0xFF, 0xEF, 0x80, 0x7C, 0x03, 0xE0, 0x1F,
    0xFE, 0xFF, 0xFF, 0xFF, 0xFF, 0xFE, 0x7F, 0xFF, 0xFF, 0xFF, 0xFF, 0xFF, 0xFF, 0x80, 0x7C, 0x03,
    0xE0, 0x1F, 0x00, 0xFF, 0xE7, 0xFF, 0xBF, 0xFD, 0xFF, 0xEF, 0x80, 0x7C, 0x03, 0xE0, 0x1F, 0x00,
    0xF8, 0x07, 0xC0, 0x3E, 0x00, 0x03, 0xE0, 0x07, 0xFC, 0x07, 0xFF, 0x87, 0xFF, 0xC7, 0xE3, 0xF3,
    0xE0, 0x7B, 0xE0, 0x3F, 0xF0, 0x00, 0xF0, 0x00, 0x78, 0x3F, 0xFC, 0x1F, 0xFE, 0x0F, 0xFF, 0x87,
    0xFF, 0xC0, 0x7D, 0xF0, 0x3C, 0xFE, 0x7E, 0x3F, 0xFE, 0x0F, 0xFE, 0x03, 0xFE, 0x00, 0x38, 0x00,
    0x70, 0x0F, 0xF8, 0x0F, 0xF8, 0x0F, 0xF8, 0x0F, 0xF8, 0x0F, 0xF8, 0x0F, 0xF8, 0x0F, 0xF8, 0x0F,
    0xFF, 0xFF, 0xFF, 0xFF, 0xFF, 0xFF, 0xFF, 0xFF, 0xF8, 0x0F, 0xF8, 0x0F, 0xF8, 0x0F, 0xF8, 0x0F,
    0xF8, 0x0F, 0xF8, 0x0F, 0xF8, 0x0F, 0x77, 0xFF, 0xFF, 0xFF, 0xFF, 0xFF, 0xFF, 0xFF, 0xFF, 0xFF,
    0xFF, 0xFE, 0x00, 0x78, 0x03, 0xC0, 0x1E, 0x00, 0xF0, 0x07, 0x80, 0x3C, 0x01, 0xE0, 0x0F, 0x00,
    0x78, 0x03, 0xC0, 0x1E, 0x00, 0xF7, 0x87, 0xFC, 0x3F, 0xE1, 0xEF, 0x9F, 0x7F, 0xF9, 0xFF, 0x87,
    0xF8, 0x0E, 0x00, 0x70, 0x0F, 0x7C, 0x1F, 0xBE, 0x0F, 0x9F, 0x0F, 0x8F, 0x8F, 0x87, 0xCF, 0xC3,
    0xEF, 0xC1, 0xFF, 0xC0, 0xFF, 0xC0, 0x7F, 0xE0, 0x3F, 0xF8, 0x1F, 0xFE, 0x0F, 0xDF, 0x07, 0xC7,
    0xC3, 0xE1, 0xF1, 0xF0, 0xF8, 0xF8, 0x3E, 0x7C, 0x1F, 0xBE, 0x07, 0xC0, 0x70, 0x07, 0xC0, 0x3E,
    0x01, 0xF0, 0x0F, 0x80, 0x7C, 0x03, 0xE0, 0x1F, 0x00, 0xF8, 0x07, 0xC0, 0x3E, 0x01, 0xF0, 0x0F,
    0x80, 0x7C, 0x03, 0xE0, 0x1F, 0xFE, 0xFF, 0xFF, 0xFF, 0xFF, 0xFE, 0x7C, 0x01, 0xF7, 0xF0, 0x1F,
    0xFF, 0x80, 0xFF, 0xFE, 0x07, 0xFF, 0xF0, 0x7F, 0xFF, 0x83, 0xFF, 0xFE, 0x3F, 0xFF, 0xF1, 0xFF,
    0xFF, 0x8F, 0xFF, 0xFE, 0xFF, 0xFE, 0xF7, 0xBF, 0xF7, 0xBD, 0xFF, 0xBD, 0xEF, 0xFC, 0xFE, 0x7F,
    0xE7, 0xF3, 0xFF, 0x3F, 0x9F, 0xF8, 0xF8, 0xFF, 0xC7, 0xC7, 0xFE, 0x3E, 0x3E, 0x78, 0x07, 0x7E,
    0x07, 0xFF, 0x03, 0xFF, 0xC1, 0xFF, 0xE0, 0xFF, 0xF8, 0x7F, 0xFE, 0x3F, 0xFF, 0x1F, 0xFF, 0xCF,
    0xFD, 0xF7, 0xFE, 0xFB, 0xFF, 0x3F, 0xFF, 0x8F, 0xFF, 0xC7, 0xFF, 0xE1, 0xFF, 0xF0, 0x7F, 0xF8,
    0x3F, 0xFC, 0x0F, 0xFE, 0x07, 0xE0, 0x03, 0xE0, 0x03, 0xFE, 0x01, 0xFF, 0xE0, 0xFF, 0xF8, 0x7E,
    0x3F, 0x3F, 0x03, 0xEF, 0x80, 0xFB, 0xE0, 0x1E, 0xF0, 0x07, 0xBC, 0x01, 0xEF, 0x00, 0x7B, 0xC0,
    0x1E, 0xF8, 0x07, 0xBE, 0x03, 0xE7, 0xC1, 0xF9, 0xFD, 0xFC, 0x3F, 0xFE, 0x07, 0xFF, 0x00, 0xFF,
    0x80, 0x07, 0x00, 0x7F, 0x81, 0xFF, 0xE3, 0xFF, 0xE7, 0xFF, 0xEF, 0x87, 0xDF, 0x07, 0xBE, 0x0F,
    0xFC, 0x1F, 0xF8, 0x3D, 0xF1, 0xFB, 0xFF, 0xF7, 0xFF, 0xCF, 0xFE, 0x1F, 0x00, 0x3E, 0x00, 0x7C,
    0x00, 0xF8, 0x01, 0xF0, 0x03, 0xE0, 0x00, 0x03, 0xE0, 0x03, 0xFE, 0x01, 0xFF, 0xE0, 0xFF, 0xF8,
    0x7E, 0x3F, 0x3F, 0x03, 0xEF, 0x80, 0xFB, 0xE0, 0x1E, 0xF0, 0x07, 0xBC, 0x01, 0xEF, 0x00, 0x7B,
    0xC0, 0x1E, 0xF9, 0xE7, 0xBE, 0x7F, 0xE7, 0xCF, 0xF9, 0xFD, 0xFC, 0x3F, 0xFE, 0x07, 0xFF, 0x80,
    0xFF, 0xF0, 0x07, 0x3C, 0x00, 0x07, 0x80, 0x7F, 0x81, 0xFF, 0xE3, 0xFF, 0xE7, 0xFF, 0xEF, 0x87,
    0xDF, 0x07, 0xFE, 0x0F, 0xFC, 0x1F, 0xF8, 0x7D, 0xFF, 0xFB, 0xFF, 0xE7, 0xFF, 0x8F, 0xFF, 0x1F,
    0x3E, 0x3E, 0x3E, 0x7C, 0x7C, 0xF8, 0x7D, 0xF0, 0x7B, 0xE0, 0xF8, 0x07, 0xC0, 0x3F, 0xE1, 0xFF,
    0xE3, 0xFF, 0xEF, 0x87, 0xDF, 0x07, 0xBE, 0x00, 0x7E, 0x00, 0x7F, 0xC0, 0x7F, 0xE0, 0x7F, 0xF0,
    0x1F, 0xE0, 0x07, 0xFE, 0x07, 0xFC, 0x0F, 0xFE, 0x3E, 0xFF, 0xFC, 0xFF, 0xF0, 0x7F, 0xC0, 0x3C,
    0x00, 0x7F, 0xFF, 0xFF, 0xFF, 0xFF, 0xFF, 0xFF, 0xFF, 0x03, 0xE0, 0x03, 0xE0, 0x03, 0xE0, 0x03,
    0xE0, 0x03, 0xE0, 0x03, 0xE0, 0x03, 0xE0, 0x03, 0xE0, 0x03, 0xE0, 0x03, 0xE0, 0x03, 0xE0, 0x03,
    0xE0, 0x03, 0xE0, 0x03, 0xE0, 0x03, 0xE0, 0x70, 0x0E, 0xF8, 0x1F, 0xF8, 0x1F, 0xF8, 0x1F, 0xF8,
    0x1F, 0xF8, 0x1F, 0xF8, 0x1F, 0xF8, 0x1F, 0xF8, 0x1F, 0xF8, 0x1F, 0xF8, 0x1F, 0xF8, 0x1F, 0xF8,
    0x1F, 0xF8, 0x1F, 0xF8, 0x1F, 0x7E, 0x7E, 0x7F, 0xFE, 0x3F, 0xFC, 0x0F, 0xF8, 0x03, 0xC0, 0x70,
    0x03, 0xFE, 0x01, 0xF7, 0xC0, 0x7D, 0xF0, 0x1E, 0x7C, 0x0F, 0x8F, 0x83, 0xE3, 0xE0, 0xF0, 0xF8,
    0x7C, 0x1F, 0x1F, 0x07, 0xC7, 0x81, 0xF3, 0xE0, 0x3C, 0xF8, 0x0F, 0xBC, 0x01, 0xEF, 0x00, 0x7F,
    0xC0, 0x1F, 0xE0, 0x03, 0xF8, 0x00, 0xFE, 0x00, 0x3F, 0x00, 0x70, 0x1E, 0x07, 0xBE, 0x0F, 0x81,
    0xE7, 0x83, 0xF0, 0xF9, 0xF0, 0xFC, 0x3E, 0x7C, 0x3F, 0x0F, 0x9F, 0x1F, 0xC3, 0xC3, 0xC7, 0xF9,
    0xF0, 0xF1, 0xFE, 0x7C, 0x3E, 0x7F, 0x9F, 0x0F, 0xBD, 0xE7, 0x81, 0xEF, 0x3D, 0xE0, 0x7B, 0xCF,
    0xF8, 0x1F, 0xF3, 0xFC, 0x03, 0xF8, 0xFF, 0x00, 0xFE, 0x1F, 0xC0, 0x3F, 0x87, 0xF0, 0x0F, 0xE1,
    0xF8, 0x01, 0xF0, 0x7E, 0x00, 0x7C, 0x0F, 0x80, 0x78, 0x07, 0x9F, 0x03, 0xE3, 0xE1, 0xF0, 0xFC,
    0x7C, 0x1F, 0x3E, 0x03, 0xEF, 0x00, 0xFF, 0xC0, 0x1F, 0xE0, 0x03, 0xF0, 0x00, 0xFC, 0x00, 0x3F,
    0x00, 0x1F, 0xE0, 0x07, 0xFC, 0x03, 0xFF, 0x01, 0xF3, 0xE0, 0x7C, 0x7C, 0x3E, 0x1F, 0x1F, 0x03,
    0xEF, 0xC0, 0x7C, 0x78, 0x07, 0xBF, 0x03, 0xF7, 0xC0, 0xF8, 0xF8, 0x7C, 0x3E, 0x1F, 0x07, 0xCF,
    0x81, 0xF3, 0xE0, 0x3F, 0xF0, 0x07, 0xF8, 0x01, 0xFE, 0x00, 0x3F, 0x00, 0x0F, 0xC0, 0x01, 0xE0,
    0x00, 0x78, 0x00, 0x1E, 0x00, 0x07, 0x80, 0x01, 0xE0, 0x00, 0x78, 0x00, 0x1E, 0x00, 0xFF, 0xFD,
    0xFF, 0xFF, 0xFF, 0xFF, 0xFF, 0xE0, 0x07, 0xC0, 0x1F, 0x00, 0x7C, 0x01, 0xF0, 0x03, 0xE0, 0x0F,
    0x80, 0x3E, 0x00, 0x7C, 0x01, 0xF0, 0x07, 0xC0, 0x1F, 0x00, 0x3E, 0xFE, 0xFF, 0xFF, 0xFF, 0xFF,
    0xFF, 0xF8, 0xFD, 0xFB, 0xF7, 0xEF, 0x1E, 0x3C, 0x78, 0xF1, 0xE3, 0xC7, 0x8F, 0x1E, 0x3C, 0x78,
    0xF1, 0xE3, 0xC7, 0x8F, 0xDF, 0xBF, 0x7E, 0x00, 0x3C, 0x0F, 0x01, 0xC0, 0x78, 0x1E, 0x07, 0x80,
    0xF0, 0x3C, 0x0F, 0x03, 0xC0, 0x78, 0x1E, 0x07, 0x80, 0xE0, 0x3C, 0x0F, 0x03, 0xC0, 0x78, 0x1E,
    0x07, 0x81, 0xE0, 0x3C, 0xFD, 0xFB, 0xF7, 0xE3, 0xC7, 0x8F, 0x1E, 0x3C, 0x78, 0xF1, 0xE3, 0xC7,
    0x8F, 0x1E, 0x3C, 0x78, 0xF1, 0xEF, 0xDF, 0xBF, 0x7E, 0x0F, 0x00, 0xF8, 0x1F, 0x81, 0xF8, 0x3F,
    0xC3, 0x9C, 0x79, 0xE7, 0x0E, 0x00, 0x00, 0xFF, 0xFF, 0xFF, 0xFF, 0xF0, 0x79, 0xE3, 0xC7, 0x0F,
    0xC1, 0xFF, 0x8F, 0xFE, 0xF9, 0xF7, 0x87, 0x80, 0x7C, 0x7F, 0xEF, 0xFF, 0x7F, 0x7F, 0xC3, 0xFE,
    0x3E, 0xFF, 0xF7, 0xFF, 0x9F, 0xFC, 0x38, 0x00, 0x70, 0x03, 0xE0, 0x0F, 0x80, 0x3E, 0x00, 0xF8,
    0x03, 0xEF, 0x0F, 0xFF, 0x3F, 0xFE, 0xFF, 0xFB, 0xE1, 0xFF, 0x87, 0xFC, 0x1F, 0xF0, 0x3F, 0xE1,
    0xFF, 0x87, 0xFF, 0x3F, 0xFF, 0xFB, 0xFF, 0xCF, 0x7E, 0x00, 0x60, 0x07, 0xC0, 0x7F, 0xC3, 0xFF,
    0x9F, 0xFF, 0x7C, 0x7D, 0xE0, 0xE7, 0x80, 0x1E, 0x00, 0x78, 0x01, 0xE0, 0xF7, 0xC7, 0xCF, 0xFE,
    0x3F, 0xF8, 0x3F, 0xC0, 0x38, 0x00, 0x00, 0x1C, 0x00, 0x78, 0x00, 0xF0, 0x01, 0xE0, 0x03, 0xC1,
    0xF7, 0x87, 0xFF, 0x1F, 0xFE, 0x7F, 0xFC, 0xF8, 0xF9, 0xE0, 0xF3, 0xC1, 0xE7, 0x83, 0xCF, 0x07,
    0x9E, 0x0F, 0x3E, 0x3E, 0x7F, 0xFC, 0x7F, 0xF8, 0x7F, 0xF0, 0x38, 0x00, 0x07, 0xC0, 0x7F, 0xC3,
    0xFF, 0x9F, 0xBE, 0x78, 0x3D, 0xE0, 0xF7, 0xFF, 0xDF, 0xFF, 0x7F, 0xFD, 0xE0, 0x07, 0xC3, 0xCF,
    0xFF, 0x3F, 0xF8, 0x3F, 0xC0, 0x38, 0x00, 0x0F, 0xC7, 0xF1, 0xF8, 0xFA, 0x3E, 0x3F, 0xEF, 0xFB,
    0xFE, 0xFF, 0x8F, 0x83, 0xE0, 0xF8, 0x3E, 0x0F, 0x83, 0xE0, 0xF8, 0x3E, 0x0F, 0x83, 0xE0, 0x0F,
    0xBC, 0x3F, 0xF8, 0xFF, 0xF3, 0xFF, 0xE7, 0xC7, 0xCF, 0x07, 0x9E, 0x0F, 0x3C, 0x1E, 0x78, 0x3C,
    0xF8, 0x79, 0xF9, 0xF1, 0xFF, 0xE3, 0xFF, 0xC1, 0xF7, 0x80, 0x0F, 0x1C, 0x1E, 0x7F, 0xFC, 0x7F,
    0xF0, 0x7F, 0xC0, 0x3E, 0x00, 0x70, 0x07, 0x80, 0x3C, 0x01, 0xE0, 0x0F, 0x00, 0x79, 0xF3, 0xFF,
    0xDF, 0xFF, 0xFF, 0xFF, 0xC7, 0xFE, 0x1F, 0xF0, 0xFF, 0x87, 0xFC, 0x3F, 0xE1, 0xFF, 0x0F, 0xF8,
    0x7F, 0xC3, 0xFE, 0x1E, 0xF7, 0xFE, 0xE0, 0x7B, 0xFF, 0xFF, 0xFF, 0xFF, 0xFF, 0xFF, 0xFF, 0xFE,
    0x3C, 0x7C, 0xF8, 0xE0, 0x07, 0x8F, 0x9F, 0x3E, 0x7C, 0xF9, 0xF3, 0xE7, 0xCF, 0x9F, 0x3E, 0x7C,
    0xF9, 0xF3, 0xDF, 0xBF, 0x7C, 0x00, 0x70, 0x03, 0xE0, 0x0F, 0x80, 0x3E, 0x00, 0xF8, 0x03, 0xE3,
    0xEF, 0x9F, 0xBE, 0x7C, 0xFB, 0xE3, 0xFF, 0x0F, 0xF8, 0x3F, 0xE0, 0xFF, 0x83, 0xFF, 0x0F, 0xFE,
    0x3E, 0xF8, 0xF9, 0xF3, 0xE3, 0xEF, 0x8F, 0x80, 0x77, 0xFF, 0xFF, 0xFF, 0xFF, 0xFF, 0xFF, 0xFF,
    0xFF, 0xFF, 0xFF, 0xFE, 0xF3, 0xC7, 0xC7, 0xBF, 0x7F, 0x3F, 0xFF, 0xFD, 0xFF, 0xFF, 0xEF, 0x8F,
    0x8F, 0xFC, 0x78, 0x7F, 0xE3, 0xC3, 0xFF, 0x1E, 0x1F, 0xF8, 0xF0, 0xFF, 0xC7, 0x87, 0xFE, 0x3C,
    0x3F, 0xF1, 0xE1, 0xFF, 0x8F, 0x0F, 0xFC, 0x78, 0x7C, 0xF3, 0xE7, 0xBF, 0xBF, 0xFF, 0xFF, 0xFF,
    0x8F, 0xFC, 0x3F, 0xE1, 0xFF, 0x0F, 0xF8, 0x7F, 0xC3, 0xFE, 0x1F, 0xF0, 0xFF, 0x87, 0xFC, 0x3C,
    0x07, 0xC0, 0x3F, 0xE0, 0xFF, 0xE3, 0xFF, 0xE7, 0xC7, 0xCF, 0x07, 0x9E, 0x0F, 0xBC, 0x1F, 0x78,
    0x3E, 0xF0, 0x79, 0xF1, 0xF1, 0xFF, 0xC3, 0xFF, 0x81, 0xFE, 0x00, 0xE0, 0x00, 0xF3, 0xC3, 0xFF,
    0xCF, 0xFF, 0xBF, 0xFE, 0xF8, 0x7F, 0xE1, 0xFF, 0x07, 0xFC, 0x0F, 0xF8, 0x7F, 0xE1, 0xFF, 0xCF,
    0xFF, 0xFE, 0xFF, 0xF3, 0xFF, 0x8F, 0x98, 0x3E, 0x00, 0xF8, 0x03, 0xE0, 0x0F, 0x80, 0x00, 0x00,
    0x0F, 0xBC, 0x3F, 0xF8, 0xFF, 0xF3, 0xFF, 0xE7, 0xC7, 0xCF, 0x07, 0x9E, 0x0F, 0x3C, 0x1E, 0x78,
    0x3C, 0xF0, 0x79, 0xF1, 0xF3, 0xFF, 0xE3, 0xFF, 0xC3, 0xFF, 0x81, 0xCF, 0x00, 0x1E, 0x00, 0x3C,
    0x00, 0x78, 0x00, 0xF0, 0x00, 0x00, 0xF3, 0xFF, 0xFF, 0xFF, 0xFF, 0x87, 0xC3, 0xE1, 0xF0, 0xF8,
    0x7C, 0x3E, 0x1F, 0x0F, 0x87, 0xC0, 0x0F, 0xC1, 0xFF, 0x9F, 0xFC, 0xF9, 0xF7, 0x87, 0x3F, 0x01,
    0xFF, 0x87, 0xFE, 0x0F, 0xF8, 0x87, 0xDE, 0x1E, 0xFF, 0xF3, 0xFF, 0x0F, 0xF0, 0x1E, 0x00, 0x3C,
    0x1E, 0x0F, 0x1F, 0xFF, 0xFF, 0xFF, 0xFE, 0x78, 0x3C, 0x1E, 0x0F, 0x07, 0x83, 0xC1, 0xE0, 0xFE,
    0x7F, 0x1F, 0x81, 0x00, 0xF0, 0x7F, 0xC3, 0xFE, 0x1F, 0xF0, 0xFF, 0x87, 0xFC, 0x3F, 0xE1, 0xFF,
    0x0F, 0xF8, 0x7F, 0xC3, 0xFF, 0x3E, 0xFF, 0xF7, 0xFF, 0x9F, 0xBC, 0x30, 0x00, 0xF8, 0x3F, 0xF0,
    0x79, 0xE0, 0xF3, 0xE3, 0xE7, 0xC7, 0x87, 0x8F, 0x0F, 0xBE, 0x0F, 0x78, 0x1E, 0xF0, 0x3F, 0xC0,
    0x3F, 0x80, 0x7F, 0x00, 0xFC, 0x00, 0xF8, 0x00, 0xF0, 0x78, 0x7F, 0xC7, 0xC7, 0xDE, 0x3E, 0x3E,
    0xF1, 0xF1, 0xE7, 0x9F, 0xCF, 0x3E, 0xFE, 0xF8, 0xF7, 0xF7, 0x87, 0xBB, 0xBC, 0x3F, 0xDF, 0xE0,
    0xFE, 0xFE, 0x07, 0xE3, 0xF0, 0x3F, 0x1F, 0x80, 0xF8, 0xFC, 0x07, 0xC7, 0xC0, 0x78, 0x7D, 0xF1,
    0xE3, 0xCF, 0x8F, 0xBC, 0x1F, 0xE0, 0x7F, 0x80, 0xFC, 0x03, 0xF0, 0x0F, 0xE0, 0x7F, 0x83, 0xFF,
    0x0F, 0x3E, 0x7C, 0x7B, 0xE1, 0xF0, 0xF8, 0x3F, 0xF0, 0x79, 0xE0, 0xF3, 0xE3, 0xE7, 0xC7, 0x87,
    0x8F, 0x0F, 0xBE, 0x0F, 0x78, 0x1E, 0xF0, 0x3F, 0xC0, 0x3F, 0x80, 0x7F, 0x00, 0xFC, 0x00, 0xF8,
    0x01, 0xF0, 0x03, 0xC0, 0x3F, 0x80, 0xFE, 0x01, 0xF8, 0x00, 0xC0, 0x00, 0xFF, 0xFF, 0xFF, 0xFF,
    0xFF, 0xFE, 0x03, 0xE0, 0x7C, 0x0F, 0x81, 0xF0, 0x1F, 0x03, 0xE0, 0x7C, 0x0F, 0xFF, 0xFF, 0xFF,
    0xFF, 0x01, 0x81, 0xF0, 0xFC, 0x7F, 0x1E, 0x07, 0x81, 0xE0, 0x78, 0x1E, 0x07, 0x8F, 0xE3, 0xF0,
    0xFC, 0x3F, 0x83, 0xE0, 0x78, 0x1E, 0x07, 0x81, 0xE0, 0x78, 0x1F, 0xC3, 0xF0, 0xFC, 0x0F, 0x07,
    0xFF, 0xFF, 0xFF, 0xFF, 0xFF, 0xFF, 0xFF, 0xFF, 0xFF, 0xFF, 0xFF, 0xFF, 0xFF, 0xFF, 0xFF, 0xFF,
    0xFF, 0xFF, 0xE0, 0xC0, 0x7C, 0x3F, 0x1F, 0x83, 0xC1, 0xF0, 0xF8, 0x7C, 0x3E, 0x0F, 0x07, 0xE1,
    0xF0, 0xF8, 0xFC, 0x78, 0x7C, 0x3E, 0x1F, 0x0F, 0x87, 0xCF, 0xC7, 0xE3, 0xE1, 0xC0, 0x00, 0x00,
    0x7C, 0x39, 0xFE, 0x73, 0xFF, 0xE7, 0xBF, 0xDE, 0x3F, 0x00, 0x1C, 0x00, 0x79, 0xEF, 0x9E, 0x30,
    0x07, 0x9E, 0x79, 0xE7, 0x9E, 0x79, 0xE7, 0x9E, 0x79, 0xE7, 0x80, 0x01, 0x00, 0x0E, 0x00, 0x38,
    0x03, 0xF8, 0x1F, 0xF8, 0xFF, 0xE7, 0xFF, 0xDF, 0xEF, 0x7B, 0x81, 0xEE, 0x07, 0xB8, 0x1E, 0xEC,
    0x7F, 0xBD, 0xFF, 0xF3, 0xFF, 0x87, 0xFC, 0x0F, 0xE0, 0x0E, 0x00, 0x38, 0x00, 0x03, 0xC0, 0x3F,
    0xC1, 0xFF, 0x8F, 0xFE, 0x3C, 0x7D, 0xF0, 0xF7, 0xC0, 0x1F, 0x00, 0xFF, 0xC3, 0xFF, 0x0F, 0xFC,
    0x3F, 0xF0, 0x3C, 0x00, 0xF0, 0x03, 0xC3, 0xFE, 0x0F, 0xFF, 0xFF, 0xFF, 0xFF, 0xFF, 0x80, 0x20,
    0x02, 0x3B, 0xFB, 0xBF, 0xFF, 0xEF, 0xFF, 0xE3, 0xC1, 0xE3, 0xC0, 0x79, 0xC0, 0x1C, 0xE0, 0x0E,
    0x70, 0x07, 0x38, 0x03, 0x9C, 0x01, 0xCE, 0x01, 0xE3, 0x81, 0xE3, 0xFB, 0xFB, 0xFF, 0xFE, 0xFF,
    0xEE, 0x01, 0xC0, 0x00, 0x70, 0x3F, 0xE1, 0xF7, 0x87, 0x9F, 0x1E, 0x3C, 0xF8, 0xF3, 0xC1, 0xFF,
    0x07, 0xF8, 0x1F, 0xE1, 0xFF, 0xE7, 0xFF, 0x9F, 0xFE, 0x07, 0x81, 0xFF, 0xE7, 0xFF, 0x9F, 0xFE,
    0x07, 0x80, 0x1E, 0x00, 0x78, 0x00, 0x7F, 0xFF, 0xFF, 0xFF, 0xF7, 0x00, 0x00, 0xFF, 0xFF, 0xFF,
    0xFF, 0xF0, 0x0F, 0x03, 0xFC, 0x7F, 0xE7, 0xFE, 0xF9, 0xE7, 0x88, 0x7C, 0x07, 0xF0, 0x3F, 0xCF,
    0xFF, 0xE3, 0xFE, 0x0F, 0xF8, 0x7F, 0xEF, 0x7F, 0xE1, 0xFE, 0x07, 0xE0, 0x1E, 0xF0, 0xFF, 0xFE,
    0x7F, 0xE3, 0xFC, 0x1F, 0x80, 0xF3, 0xBD, 0xFF, 0x7D, 0x8E, 0x00, 0xF8, 0x00, 0x7F, 0xE0, 0x0F,
    0xFF, 0x81, 0xFF, 0xFC, 0x3E, 0x07, 0xC3, 0xDF, 0x9E, 0x7B, 0xFF, 0xE7, 0xBF, 0xEF, 0x77, 0x8E,
    0xF7, 0x70, 0x0F, 0x77, 0x00, 0xF7, 0x78, 0xEF, 0x7B, 0xFE, 0xF7, 0xBF, 0xDE, 0x3C, 0xFB, 0xE3,
    0xF0, 0x7C, 0x1F, 0xFF, 0xC0, 0xFF, 0xF0, 0x03, 0xFE, 0x00, 0x07, 0x00, 0x1F, 0x07, 0xF9, 0xFF,
    0x38, 0xF0, 0x7E, 0x7F, 0xDF, 0xFF, 0x8F, 0xF3, 0xEF, 0xFD, 0xFF, 0x80, 0x00, 0x00, 0x00, 0x1F,
    0x78, 0x7D, 0xF1, 0xF7, 0xC7, 0xDF, 0x1F, 0x7C, 0x3E, 0xF0, 0x7D, 0xF0, 0x7D, 0xF0, 0x7D, 0xF0,
    0x7D, 0xE0, 0x7F, 0xE0, 0x7B, 0xC0, 0xFF, 0xFF, 0xFF, 0xFF, 0xFF, 0xFF, 0x00, 0xF0, 0x0F, 0x00,
    0xF0, 0x07, 0x80, 0x3F, 0xC0, 0xFF, 0xE3, 0xC1, 0xCF, 0xF9, 0xDD, 0xF9, 0xB3, 0xB3, 0xE7, 0xE7,
    0xCF, 0xCF, 0xDF, 0x9B, 0xBB, 0x73, 0x81, 0xE3, 0xEF, 0x83, 0xFE, 0x03, 0xF0, 0x00, 0x7F, 0xFF,
    0xFF, 0x00, 0x1C, 0x0F, 0xC7, 0xFB, 0xFE, 0xE3, 0xB8, 0xEF, 0xF9, 0xFE, 0x3F, 0x07, 0x00, 0x00,
    0x00, 0x78, 0x03, 0xC0, 0x1E, 0x0F, 0xFF, 0xFF, 0xFF, 0xFF, 0xE1, 0xE0, 0x0F, 0x00, 0x78, 0x00,
    0x01, 0xFF, 0xFF, 0xFF, 0xFF, 0xFF, 0xFF, 0xE0, 0x00, 0x3F, 0xBF, 0xFF, 0xFE, 0x38, 0x3C, 0x7C,
    0x7C, 0x78, 0x7F, 0xFF, 0xFF, 0xF0, 0x00, 0x1F, 0xCF, 0xFB, 0xFE, 0x03, 0x87, 0xE1, 0xF8, 0x0F,
    0xF3, 0xFF, 0xE7, 0xF8, 0x70, 0x3C, 0x71, 0xE3, 0x80, 0xF0, 0x79, 0xF0, 0xF3, 0xE1, 0xE7, 0xC3,
    0xCF, 0x87, 0x9F, 0x0F, 0x3E, 0x1E, 0x7C, 0x3C, 0xF8, 0x79, 0xF0, 0xF3, 0xE3, 0xE7, 0xFF, 0xFF,
    0xFF, 0xFF, 0xF7, 0xFE, 0x00, 0x7C, 0x00, 0xF8, 0x01, 0xF0, 0x03, 0xE0, 0x00, 0x00, 0x00, 0x03,
    0xF8, 0x7F, 0xF3, 0xFF, 0xDF, 0xFF, 0x7F, 0x3D, 0xFC, 0xF7, 0xF3, 0xDF, 0xCF, 0x7F, 0x3D, 0xFC,
    0xF3, 0xF3, 0xC7, 0xCF, 0x07, 0x3C, 0x00, 0xF0, 0x03, 0xC0, 0x0F, 0x00, 0x3C, 0x00, 0xF0, 0x03,
    0xC0, 0x79, 0xEF, 0x9E, 0x30, 0x61, 0x87, 0x8F, 0x7F, 0xE0, 0x00, 0x7F, 0xFF, 0xFF, 0x3C, 0xF3,
    0xCF, 0x3C, 0xF1, 0xC0, 0x0F, 0x03, 0xFC, 0x7F, 0xE7, 0x9E, 0x70, 0xFF, 0x0F, 0xF0, 0xF7, 0x0F,
    0x7F, 0xE3, 0xFC, 0x1F, 0x80, 0x00, 0x00, 0x00, 0x7D, 0xE0, 0x3F, 0xF0, 0x1E, 0xF8, 0x1F, 0x7C,
    0x0F, 0xBE, 0x07, 0xDE, 0x0F, 0xBE, 0x1F, 0x7C, 0x1F, 0xF8, 0x3E, 0xF0, 0x7D, 0xF0, 0x79, 0xE0,
    0x00, 0x01, 0x81, 0xE0, 0x1C, 0x1F, 0x01, 0xE1, 0xF8, 0x0E, 0x05, 0xC0, 0xE0, 0x0E, 0x0F, 0x00,
    0x70, 0x70, 0x03, 0x87, 0x00, 0x1C, 0x78, 0xC0, 0xE7, 0x8F, 0x07, 0x38, 0xF8, 0x03, 0xC7, 0xC0,
    0x3C, 0x7E, 0x01, 0xC3, 0xF0, 0x1C, 0x3B, 0x81, 0xE3, 0xFE, 0x0E, 0x1F, 0xF0, 0xE0, 0x7F, 0x8F,
    0x00, 0x38, 0x00, 0x01, 0x81, 0xE0, 0x1C, 0x1F, 0x01, 0xE1, 0xF8, 0x0E, 0x05, 0xC0, 0xE0, 0x0E,
    0x0F, 0x00, 0x70, 0x70, 0x03, 0x87, 0x00, 0x1C, 0x78, 0xC0, 0xE7, 0x9F, 0x87, 0x39, 0xFE, 0x03,
    0xCE, 0x70, 0x3C, 0x03, 0x81, 0xC0, 0x3C, 0x1C, 0x03, 0xC1, 0xE0, 0x3C, 0x0E, 0x03, 0xC0, 0xE0,
    0x3F, 0xCF, 0x01, 0xFE, 0x0C, 0x00, 0x60, 0xFC, 0x03, 0x87, 0xF8, 0x1E, 0x1C, 0xE0, 0xF0, 0x07,
    0x83, 0x80, 0x7C, 0x1E, 0x01, 0xF8, 0xF0, 0x00, 0xE3, 0x80, 0x73, 0x9C, 0x31, 0xFE, 0xF1, 0xE3,
    0xF3, 0x8F, 0x80, 0x1C, 0x3E, 0x00, 0xF1, 0xF8, 0x03, 0x87, 0xE0, 0x1C, 0x3B, 0x80, 0xF1, 0xFF,
    0x03, 0x87, 0xFC, 0x1C, 0x1F, 0xF0, 0xF0, 0x03, 0x80, 0x07, 0x00, 0x7C, 0x03, 0xE0, 0x1F, 0x00,
    0x70, 0x00, 0x00, 0x1E, 0x01, 0xF0, 0x0F, 0x01, 0xF8, 0x1F, 0x81, 0xF8, 0x0F, 0x80, 0x78, 0x7B,
    0xC3, 0xDF, 0x3E, 0xFF, 0xF3, 0xFF, 0x07, 0xF0, 0x07, 0x80, 0x00, 0xF0, 0x00, 0x1C, 0x00, 0x07,
    0x80, 0x00, 0x00, 0x00, 0x78, 0x00, 0x3F, 0x00, 0x0F, 0xE0, 0x07, 0xF8, 0x01, 0xFE, 0x00, 0x7F,
    0xC0, 0x3F, 0xF0, 0x0F, 0xBC, 0x03, 0xCF, 0x81, 0xF3, 0xE0, 0x7C, 0x78, 0x1F, 0x1F, 0x0F, 0xFF,
    0xC3, 0xFF, 0xF0, 0xFF, 0xFE, 0x7C, 0x0F, 0x9F, 0x01, 0xF7, 0x80, 0x7F, 0xE0, 0x1F, 0x00, 0x78,
    0x00, 0x1C, 0x00, 0x0F, 0x00, 0x03, 0x80, 0x00, 0x00, 0x00, 0x78, 0x00, 0x3F, 0x00, 0x0F, 0xE0,
    0x07, 0xF8, 0x01, 0xFE, 0x00, 0x7F, 0xC0, 0x3F, 0xF0, 0x0F, 0xBC, 0x03, 0xCF, 0x81, 0xF3, 0xE0,
    0x7C, 0x78, 0x1F, 0x1F, 0x0F, 0xFF, 0xC3, 0xFF, 0xF0, 0xFF, 0xFE, 0x7C, 0x0F, 0x9F, 0x01, 0xF7,
    0x80, 0x7F, 0xE0, 0x1F, 0x01, 0xF0, 0x00, 0xFC, 0x00, 0x7F, 0x80, 0x3C, 0xF0, 0x00, 0x00, 0x00,
    0x78, 0x00, 0x3F, 0x00, 0x0F, 0xE0, 0x07, 0xF8, 0x01, 0xFE, 0x00, 0x7F, 0xC0, 0x3F, 0xF0, 0x0F,
    0xBC, 0x03, 0xCF, 0x81, 0xF3, 0xE0, 0x7C, 0x78, 0x1F, 0x1F, 0x0F, 0xFF, 0xC3, 0xFF, 0xF0, 0xFF,
    0xFE, 0x7C, 0x0F, 0x9F, 0x01, 0xF7, 0x80, 0x7F, 0xE0, 0x1F, 0x03, 0x9C, 0x01, 0xFF, 0x00, 0x7F,
    0x80, 0x19, 0xC0, 0x00, 0x00, 0x00, 0x78, 0x00, 0x3F, 0x00, 0x0F, 0xE0, 0x07, 0xF8, 0x01, 0xFE,
    0x00, 0x7F, 0xC0, 0x3F, 0xF0, 0x0F, 0xBC, 0x03, 0xCF, 0x81, 0xF3, 0xE0, 0x7C, 0x78, 0x1F, 0x1F,
    0x0F, 0xFF, 0xC3, 0xFF, 0xF0, 0xFF, 0xFE, 0x7C, 0x0F, 0x9F, 0x01, 0xF7, 0x80, 0x7F, 0xE0, 0x1F,
    0x07, 0x3C, 0x03, 0xEF, 0x00, 0xFB, 0xC0, 0x1C, 0xE0, 0x00, 0x00, 0x00, 0x78, 0x00, 0x3F, 0x00,
    0x0F, 0xE0, 0x07, 0xF8, 0x01, 0xFE, 0x00, 0x7F, 0xC0, 0x3F, 0xF0, 0x0F, 0xBC, 0x03, 0xCF, 0x81,
    0xF3, 0xE0, 0x7C, 0x78, 0x1F, 0x1F, 0x0F, 0xFF, 0xC3, 0xFF, 0xF0, 0xFF, 0xFE, 0x7C, 0x0F, 0x9F,
    0x01, 0xF7, 0x80, 0x7F, 0xE0, 0x1F, 0x01, 0xF0, 0x00, 0xFC, 0x00, 0x33, 0x80, 0x0C, 0xE0, 0x03,
    0xF8, 0x00, 0x7C, 0x00, 0x1E, 0x00, 0x0F, 0xC0, 0x03, 0xF8, 0x01, 0xFE, 0x00, 0x7F, 0x80, 0x1F,
    0xF0, 0x0F, 0xFC, 0x03, 0xEF, 0x00, 0xF3, 0xE0, 0x7C, 0xF8, 0x1F, 0x1E, 0x07, 0xC7, 0xC3, 0xFF,
    0xF0, 0xFF, 0xFC, 0x3F, 0xFF, 0x9F, 0x03, 0xE7, 0xC0, 0x7D, 0xE0, 0x1F, 0xF8, 0x07, 0xC0, 0x00,
    0xFF, 0xFF, 0x00, 0x7F, 0xFF, 0xC0, 0x7F, 0xFF, 0xE0, 0x3F, 0xFF, 0xF0, 0x3E, 0xF0, 0x00, 0x1F,
    0x78, 0x00, 0x1F, 0x3C, 0x00, 0x0F, 0x9E, 0x00, 0x07, 0x8F, 0xFF, 0x07, 0xC7, 0xFF, 0x83, 0xC3,
    0xFF, 0xC3, 0xE1, 0xFF, 0xE1, 0xFF, 0xF0, 0x01, 0xFF, 0xF8, 0x00, 0xFF, 0xFC, 0x00, 0x78, 0x1F,
    0xFE, 0x7C, 0x0F, 0xFF, 0xBE, 0x07, 0xFF, 0xFE, 0x03, 0xFF, 0xE0, 0x03, 0xE0, 0x07, 0xFC, 0x07,
    0xFF, 0x87, 0xFF, 0xC7, 0xE3, 0xF7, 0xE0, 0x7B, 0xE0, 0x3F, 0xF0, 0x00, 0xF0, 0x00, 0x78, 0x00,
    0x3C, 0x00, 0x1E, 0x00, 0x0F, 0x80, 0x77, 0xC0, 0x7D, 0xF0, 0x7C, 0xFE, 0xFE, 0x3F, 0xFE, 0x0F,
    0xFE, 0x03, 0xFE, 0x00, 0x38, 0x00, 0x1E, 0x00, 0x07, 0x80, 0x07, 0xC0, 0x03, 0xC0, 0x00, 0x00,
    0x00, 0x1E, 0x00, 0x70, 0x03, 0xC0, 0x0E, 0x00, 0x00, 0x3F, 0xFF, 0xFF, 0xFF, 0xFF, 0xFF, 0xFF,
    0xC0, 0x3E, 0x01, 0xF0, 0x0F, 0x80, 0x7F, 0xFF, 0xFF, 0xFF, 0xFF, 0xFF, 0xF7, 0xC0, 0x3E, 0x01,
    0xF0, 0x0F, 0xFF, 0x7F, 0xFF, 0xFF, 0xFF, 0xFF, 0x01, 0xE0, 0x1E, 0x00, 0xE0, 0x0F, 0x00, 0x00,
    0x3F, 0xFF, 0xFF, 0xFF, 0xFF, 0xFF, 0xFF, 0xC0, 0x3E, 0x01, 0xF0, 0x0F, 0x80, 0x7F, 0xFF, 0xFF,
    0xFF, 0xFF, 0xFF, 0xF7, 0xC0, 0x3E, 0x01, 0xF0, 0x0F, 0xFF, 0x7F, 0xFF, 0xFF, 0xFF, 0xFF, 0x0F,
    0x80, 0xFE, 0x07, 0xF8, 0x79, 0xE0, 0x00, 0x3F, 0xFF, 0xFF, 0xFF, 0xFF, 0xFF, 0xFF, 0xC0, 0x3E,
    0x01, 0xF0, 0x0F, 0x80, 0x7F, 0xFF, 0xFF, 0xFF, 0xFF, 0xFF, 0xF7, 0xC0, 0x3E, 0x01, 0xF0, 0x0F,
    0xFF, 0x7F, 0xFF, 0xFF, 0xFF, 0xFF, 0x3C, 0xE1, 0xEF, 0x8F, 0x7C, 0x39, 0xC0, 0x00, 0x3F, 0xFF,
    0xFF, 0xFF, 0xFF, 0xFF, 0xFF, 0xC0, 0x3E, 0x01, 0xF0, 0x0F, 0x80, 0x7F, 0xFF, 0xFF, 0xFF, 0xFF,
    0xFF, 0xF7, 0xC0, 0x3E, 0x01, 0xF0, 0x0F, 0xFF, 0x7F, 0xFF, 0xFF, 0xFF, 0xFF, 0xF8, 0xF0, 0xF0,
    0xE0, 0x03, 0x8F, 0x9F, 0x3E, 0x7C, 0xF9, 0xF3, 0xE7, 0xCF, 0x9F, 0x3E, 0x7C, 0xF9, 0xF3, 0xE7,
    0xCF, 0x9F, 0x3C, 0x79, 0xE3, 0x80, 0x0E, 0x3E, 0x7C, 0xF9, 0xF3, 0xE7, 0xCF, 0x9F, 0x3E, 0x7C,
    0xF9, 0xF3, 0xE7, 0xCF, 0x9F, 0x3E, 0x7C, 0x1F, 0x07, 0xF1, 0xEF, 0x38, 0xE0, 0x00, 0x1C, 0x07,
    0xC0, 0xF8, 0x1F, 0x03, 0xE0, 0x7C, 0x0F, 0x81, 0xF0, 0x3E, 0x07, 0xC0, 0xF8, 0x1F, 0x03, 0xE0,
    0x7C, 0x0F, 0x81, 0xF0, 0x3E, 0x07, 0xC0, 0xF8, 0x73, 0xCF, 0x79, 0xEF, 0x38, 0xE0, 0x00, 0x1C,
    0x07, 0xC0, 0xF8, 0x1F, 0x03, 0xE0, 0x7C, 0x0F, 0x81, 0xF0, 0x3E, 0x07, 0xC0, 0xF8, 0x1F, 0x03,
    0xE0, 0x7C, 0x0F, 0x81, 0xF0, 0x3E, 0x07, 0xC0, 0xF8, 0x1F, 0xC0, 0x0F, 0xFF, 0x03, 0xFF, 0xE0,
    0xFF, 0xFC, 0x3E, 0x3F, 0x8F, 0x83, 0xE3, 0xE0, 0x7C, 0xF8, 0x1F, 0xFF, 0xC3, 0xFF, 0xF8, 0xFF,
    0xFE, 0x3D, 0xFF, 0x0F, 0x3E, 0x07, 0xCF, 0x81, 0xF3, 0xE0, 0xF8, 0xFF, 0xFE, 0x3F, 0xFF, 0x0F,
    0xFF, 0x83, 0xFF, 0x80, 0x07, 0xB8, 0x07, 0xFC, 0x03, 0xFC, 0x01, 0x8C, 0x00, 0x00, 0x03, 0xC0,
    0x3B, 0xF0, 0x3F, 0xF8, 0x1F, 0xFE, 0x0F, 0xFF, 0x07, 0xFF, 0xC3, 0xFF, 0xF1, 0xFF, 0xF8, 0xFF,
    0xFE, 0x7F, 0xEF, 0xBF, 0xF7, 0xDF, 0xF9, 0xFF, 0xFC, 0x7F, 0xFE, 0x3F, 0xFF, 0x0F, 0xFF, 0x83,
    0xFF, 0xC1, 0xFF, 0xE0, 0x7F, 0xF0, 0x3F, 0x07, 0x80, 0x01, 0xE0, 0x00, 0x3C, 0x00, 0x07, 0x00,
    0x00, 0x00, 0x00, 0xF8, 0x00, 0xFF, 0x80, 0x7F, 0xF8, 0x3F, 0xFE, 0x1F, 0x8F, 0xCF, 0xC0, 0xFB,
    0xE0, 0x3E, 0xF8, 0x07, 0xBC, 0x01, 0xEF, 0x00, 0x7B, 0xC0, 0x1E, 0xF0, 0x07, 0xBE, 0x01, 0xEF,
    0x80, 0xF9, 0xF0, 0x7E, 0x7F, 0x7F, 0x0F, 0xFF, 0x81, 0xFF, 0xC0, 0x3F, 0xE0, 0x01, 0xC0, 0x00,
    0x00, 0xF8, 0x00, 0x3C, 0x00, 0x1E, 0x00, 0x07, 0x00, 0x00, 0x00, 0x00, 0xF8, 0x00, 0xFF, 0x80,
    0x7F, 0xF8, 0x3F, 0xFE, 0x1F, 0x8F, 0xCF, 0xC0, 0xFB, 0xE0, 0x3E, 0xF8, 0x07, 0xBC, 0x01, 0xEF,
    0x00, 0x7B, 0xC0, 0x1E, 0xF0, 0x07, 0xBE, 0x01, 0xEF, 0x80, 0xF9, 0xF0, 0x7E, 0x7F, 0x7F, 0x0F,
    0xFF, 0x81, 0xFF, 0xC0, 0x3F, 0xE0, 0x01, 0xC0, 0x00, 0x03, 0xE0, 0x01, 0xFC, 0x00, 0xF7, 0x80,
    0x38, 0xE0, 0x00, 0x00, 0x00, 0xF8, 0x00, 0xFF, 0x80, 0x7F, 0xF8, 0x3F, 0xFE, 0x1F, 0x8F, 0xCF,
    0xC0, 0xFB, 0xE0, 0x3E, 0xF8, 0x07, 0xBC, 0x01, 0xEF, 0x00, 0x7B, 0xC0, 0x1E, 0xF0, 0x07, 0xBE,
    0x01, 0xEF, 0x80, 0xF9, 0xF0, 0x7E, 0x7F, 0x7F, 0x0F, 0xFF, 0x81, 0xFF, 0xC0, 0x3F, 0xE0, 0x01,
    0xC0, 0x00, 0x07, 0xB8, 0x03, 0xFE, 0x00, 0xFF, 0x80, 0x39, 0xC0, 0x00, 0x00, 0x00, 0xF8, 0x00,
    0xFF, 0x80, 0x7F, 0xF8, 0x3F, 0xFE, 0x1F, 0x8F, 0xCF, 0xC0, 0xFB, 0xE0, 0x3E, 0xF8, 0x07, 0xBC,
    0x01, 0xEF, 0x00, 0x7B, 0xC0, 0x1E, 0xF0, 0x07, 0xBE, 0x01, 0xEF, 0x80, 0xF9, 0xF0, 0x7E, 0x7F,
    0x7F, 0x0F, 0xFF, 0x81, 0xFF, 0xC0, 0x3F, 0xE0, 0x01, 0xC0, 0x00, 0x0F, 0x38, 0x03, 0xDE, 0x00,
    0xF7, 0x80, 0x38, 0xE0, 0x00, 0x00, 0x00, 0xF8, 0x00, 0xFF, 0x80, 0x7F, 0xF8, 0x3F, 0xFE, 0x1F,
    0x8F, 0xCF, 0xC0, 0xFB, 0xE0, 0x3E, 0xF8, 0x07, 0xBC, 0x01, 0xEF, 0x00, 0x7B, 0xC0, 0x1E, 0xF0,
    0x07, 0xBE, 0x01, 0xEF, 0x80, 0xF9, 0xF0, 0x7E, 0x7F, 0x7F, 0x0F, 0xFF, 0x81, 0xFF, 0xC0, 0x3F,
    0xE0, 0x01, 0xC0, 0x00, 0x20, 0x23, 0x83, 0xBE, 0x3F, 0xFB, 0xE7, 0xFE, 0x1F, 0xE0, 0x7E, 0x03,
    0xF8, 0x3F, 0xE3, 0xFF, 0xBE, 0x7F, 0xE1, 0xF6, 0x07, 0x00, 0x00, 0x03, 0xE3, 0x03, 0xFF, 0xC1,
    0xFF, 0xF0, 0xFF, 0xF8, 0x7E, 0x3F, 0x3F, 0x0F, 0xEF, 0x87, 0xFB, 0xE3, 0xDE, 0xF0, 0xE7, 0xBC,
    0x79, 0xEF, 0x3C, 0x7B, 0xCE, 0x1E, 0xFF, 0x87, 0xBF, 0xC3, 0xE7, 0xE1, 0xF9, 0xFD, 0xFC, 0x3F,
    0xFE, 0x1F, 0xFF, 0x07, 0xFF, 0x80, 0x87, 0x00, 0x0F, 0x00, 0x07, 0x80, 0x07, 0x80, 0x03, 0xC0,
    0x00, 0x00, 0x70, 0x0E, 0xF8, 0x1F, 0xF8, 0x1F, 0xF8, 0x1F, 0xF8, 0x1F, 0xF8, 0x1F, 0xF8, 0x1F,
    0xF8, 0x1F, 0xF8, 0x1F, 0xF8, 0x1F, 0xF8, 0x1F, 0xF8, 0x1F, 0xF8, 0x1F, 0xF8, 0x1F, 0xF8, 0x1F,
    0x7E, 0x7E, 0x7F, 0xFE, 0x3F, 0xFC, 0x0F, 0xF8, 0x03, 0xC0, 0x00, 0xF0, 0x01, 0xE0, 0x01, 0xE0,
    0x01, 0xC0, 0x00, 0x00, 0x70, 0x0E, 0xF8, 0x1F, 0xF8, 0x1F, 0xF8, 0x1F, 0xF8, 0x1F, 0xF8, 0x1F,
    0xF8, 0x1F, 0xF8, 0x1F, 0xF8, 0x1F, 0xF8, 0x1F, 0xF8, 0x1F, 0xF8, 0x1F, 0xF8, 0x1F, 0xF8, 0x1F,
    0xF8, 0x1F, 0x7E, 0x7E, 0x7F, 0xFE, 0x3F, 0xFC, 0x0F, 0xF8, 0x03, 0xC0, 0x03, 0xC0, 0x07, 0xE0,
    0x0F, 0xF0, 0x1E, 0x78, 0x00, 0x00, 0x70, 0x0E, 0xF8, 0x1F, 0xF8, 0x1F, 0xF8, 0x1F, 0xF8, 0x1F,
    0xF8, 0x1F, 0xF8, 0x1F, 0xF8, 0x1F, 0xF8, 0x1F, 0xF8, 0x1F, 0xF8, 0x1F, 0xF8, 0x1F, 0xF8, 0x1F,
    0xF8, 0x1F, 0xF8, 0x1F, 0x7E, 0x7E, 0x7F, 0xFE, 0x3F, 0xFC, 0x0F, 0xF8, 0x03, 0xC0, 0x0E, 0x70,
    0x1F, 0x78, 0x1E, 0x78, 0x0E, 0x70, 0x00, 0x00, 0x70, 0x0E, 0xF8, 0x1F, 0xF8, 0x1F, 0xF8, 0x1F,
    0xF8, 0x1F, 0xF8, 0x1F, 0xF8, 0x1F, 0xF8, 0x1F, 0xF8, 0x1F, 0xF8, 0x1F, 0xF8, 0x1F, 0xF8, 0x1F,
    0xF8, 0x1F, 0xF8, 0x1F, 0xF8, 0x1F, 0x7E, 0x7E, 0x7F, 0xFE, 0x3F, 0xFC, 0x0F, 0xF8, 0x03, 0xC0,
    0x00, 0x78, 0x00, 0x3C, 0x00, 0x0F, 0x00, 0x03, 0x80, 0x00, 0x00, 0x1E, 0x01, 0xEF, 0xC0, 0xFD,
    0xF0, 0x3E, 0x3E, 0x1F, 0x0F, 0x87, 0xC1, 0xF3, 0xE0, 0x7C, 0xF8, 0x0F, 0xFC, 0x01, 0xFE, 0x00,
    0x7F, 0x80, 0x0F, 0xC0, 0x03, 0xF0, 0x00, 0x78, 0x00, 0x1E, 0x00, 0x07, 0x80, 0x01, 0xE0, 0x00,
    0x78, 0x00, 0x1E, 0x00, 0x07, 0x80, 0x70, 0x03, 0xE0, 0x0F, 0x80, 0x3E, 0x00, 0xFF, 0xE3, 0xFF,
    0xCF, 0xFF, 0xBE, 0x3F, 0xF8, 0x7F, 0xE0, 0xFF, 0x83, 0xFE, 0x1F, 0xFF, 0xFB, 0xFF, 0xEF, 0xFE,
    0x3F, 0xE0, 0xF8, 0x03, 0xE0, 0x0F, 0x80, 0x00, 0x0F, 0x80, 0x7F, 0xC1, 0xFF, 0xE3, 0xFF, 0xCF,
    0x8F, 0x9F, 0x0F, 0xBE, 0x1E, 0x7C, 0x7C, 0xFB, 0xF1, 0xF7, 0xE3, 0xEF, 0xF7, 0xDF, 0xEF, 0x83,
    0xFF, 0x07, 0xFE, 0x0F, 0xFC, 0x3F, 0xFB, 0xFD, 0xF7, 0xF3, 0xEF, 0xC0, 0x1E, 0x00, 0x78, 0x01,
    0xC0, 0x0F, 0x00, 0x00, 0x07, 0xE0, 0xFF, 0xC7, 0xFF, 0x7C, 0xFB, 0xC3, 0xC0, 0x3E, 0x3F, 0xF7,
    0xFF, 0xBF, 0xBF, 0xE1, 0xFF, 0x1F, 0x7F, 0xFB, 0xFF, 0xCF, 0xFE, 0x1C, 0x00, 0x01, 0xE0, 0x1E,
    0x00, 0xF0, 0x07, 0x00, 0x00, 0x07, 0xE0, 0xFF, 0xC7, 0xFF, 0x7C, 0xFB, 0xC3, 0xC0, 0x3E, 0x3F,
    0xF7, 0xFF, 0xBF, 0xBF, 0xE1, 0xFF, 0x1F, 0x7F, 0xFB, 0xFF, 0xCF, 0xFE, 0x1C, 0x00, 0x07, 0x80,
    0x7E, 0x07, 0xF8, 0x79, 0xE0, 0x00, 0x07, 0xE0, 0xFF, 0xC7, 0xFF, 0x7C, 0xFB, 0xC3, 0xC0, 0x3E,
    0x3F, 0xF7, 0xFF, 0xBF, 0xBF, 0xE1, 0xFF, 0x1F, 0x7F, 0xFB, 0xFF, 0xCF, 0xFE, 0x1C, 0x00, 0x0E,
    0x70, 0xFF, 0x87, 0xF8, 0x33, 0x80, 0x00, 0x07, 0xE0, 0xFF, 0xC7, 0xFF, 0x7C, 0xFB, 0xC3, 0xC0,
    0x3E, 0x3F, 0xF7, 0xFF, 0xBF, 0xBF, 0xE1, 0xFF, 0x1F, 0x7F, 0xFB, 0xFF, 0xCF, 0xFE, 0x1C, 0x00,
    0x1C, 0xF1, 0xF7, 0x8F, 0xBC, 0x39, 0xC0, 0x00, 0x07, 0xE0, 0xFF, 0xC7, 0xFF, 0x7C, 0xFB, 0xC3,
    0xC0, 0x3E, 0x3F, 0xF7, 0xFF, 0xBF, 0xBF, 0xE1, 0xFF, 0x1F, 0x7F, 0xFB, 0xFF, 0xCF, 0xFE, 0x1C,
    0x00, 0x07, 0x80, 0x7E, 0x03, 0xF8, 0x39, 0xC0, 0xFE, 0x07, 0xE0, 0x1E, 0x01, 0xF8, 0x3F, 0xF1,
    0xFF, 0xDF, 0x3E, 0xF0, 0xF0, 0x0F, 0x8F, 0xFD, 0xFF, 0xEF, 0xEF, 0xF8, 0x7F, 0xC7, 0xDF, 0xFE,
    0xFF, 0xF3, 0xFF, 0x87, 0x00, 0x0F, 0xC7, 0xC0, 0xFF, 0xFF, 0xC3, 0xFF, 0xFF, 0x9F, 0x3F, 0xBE,
    0x78, 0x78, 0x7C, 0x01, 0xE0, 0xF1, 0xFF, 0xFF, 0xDF, 0xFF, 0xFF, 0x7F, 0xFF, 0xFD, 0xE1, 0xE0,
    0x0F, 0x8F, 0xC7, 0xDF, 0xFF, 0xFE, 0x7F, 0xFF, 0xF8, 0xFF, 0x3F, 0xC0, 0xE0, 0x38, 0x00, 0x07,
    0xC0, 0x7F, 0xC3, 0xFF, 0x9F, 0xFF, 0x7C, 0x7D, 0xE0, 0xE7, 0x80, 0x1E, 0x00, 0x78, 0x01, 0xE0,
    0xF7, 0xC7, 0xCF, 0xFE, 0x3F, 0xF8, 0x3F, 0xC0, 0x38, 0x00, 0xF0, 0x01, 0xE0, 0x0F, 0x80, 0x3C,
    0x00, 0x00, 0x1F, 0x00, 0x3C, 0x00, 0x78, 0x00, 0xE0, 0x00, 0x00, 0x1F, 0x01, 0xFF, 0x0F, 0xFE,
    0x7E, 0xF9, 0xE0, 0xF7, 0x83, 0xDF, 0xFF, 0x7F, 0xFD, 0xFF, 0xF7, 0x80, 0x1F, 0x0F, 0x3F, 0xFC,
    0xFF, 0xE0, 0xFF, 0x00, 0xE0, 0x01, 0xE0, 0x07, 0x80, 0x3C, 0x00, 0xE0, 0x00, 0x00, 0x1F, 0x01,
    0xFF, 0x0F, 0xFE, 0x7E, 0xF9, 0xE0, 0xF7, 0x83, 0xDF, 0xFF, 0x7F, 0xFD, 0xFF, 0xF7, 0x80, 0x1F,
    0x0F, 0x3F, 0xFC, 0xFF, 0xE0, 0xFF, 0x00, 0xE0, 0x07, 0xC0, 0x3F, 0x81, 0xEF, 0x0F, 0x3C, 0x00,
    0x00, 0x1F, 0x01, 0xFF, 0x0F, 0xFE, 0x7E, 0xF9, 0xE0, 0xF7, 0x83, 0xDF, 0xFF, 0x7F, 0xFD, 0xFF,
    0xF7, 0x80, 0x1F, 0x0F, 0x3F, 0xFC, 0xFF, 0xE0, 0xFF, 0x00, 0xE0, 0x1C, 0xF0, 0x7B, 0xC1, 0xEF,
    0x07, 0x1C, 0x00, 0x00, 0x1F, 0x01, 0xFF, 0x0F, 0xFE, 0x7E, 0xF9, 0xE0, 0xF7, 0x83, 0xDF, 0xFF,
    0x7F, 0xFD, 0xFF, 0xF7, 0x80, 0x1F, 0x0F, 0x3F, 0xFC, 0xFF, 0xE0, 0xFF, 0x00, 0xE0, 0xF0, 0xF0,
    0xE1, 0xE0, 0x07, 0x8F, 0x9F, 0x3E, 0x7C, 0xF9, 0xF3, 0xE7, 0xCF, 0x9F, 0x3E, 0x7C, 0xF8, 0x3C,
    0x79, 0xE3, 0x80, 0x1E, 0x3E, 0x7C, 0xF9, 0xF3, 0xE7, 0xCF, 0x9F, 0x3E, 0x7C, 0xF9, 0xF3, 0xE0,
    0x1F, 0x07, 0xF1, 0xEF, 0x79, 0xE0, 0x00, 0x3C, 0x07, 0xC0, 0xF8, 0x1F, 0x03, 0xE0, 0x7C, 0x0F,
    0x81, 0xF0, 0x3E, 0x07, 0xC0, 0xF8, 0x1F, 0x03, 0xE0, 0x7C, 0x00, 0x73, 0xFE, 0xF7, 0xBD, 0xC6,
    0x00, 0x07, 0x81, 0xF0, 0x7C, 0x1F, 0x07, 0xC1, 0xF0, 0x7C, 0x1F, 0x07, 0xC1, 0xF0, 0x7C, 0x1F,
    0x07, 0xC1, 0xF0, 0x00, 0x00, 0x70, 0xC1, 0xFF, 0x03, 0xF8, 0x0F, 0xE0, 0x7F, 0xC1, 0x8F, 0x03,
    0xFE, 0x1F, 0xF8, 0xFF, 0xF7, 0xC7, 0xDE, 0x0F, 0x78, 0x3D, 0xE0, 0xF7, 0x83, 0xDE, 0x0F, 0x7C,
    0x7C, 0xFF, 0xE3, 0xFF, 0x07, 0xF8, 0x03, 0x80, 0x1E, 0x61, 0xFF, 0x0F, 0xF8, 0x73, 0x80, 0x00,
    0x79, 0xF3, 0xDF, 0xDF, 0xFF, 0xFF, 0xFF, 0xC7, 0xFE, 0x1F, 0xF0, 0xFF, 0x87, 0xFC, 0x3F, 0xE1,
    0xFF, 0x0F, 0xF8, 0x7F, 0xC3, 0xFE, 0x1E, 0x0F, 0x00, 0x1E, 0x00, 0x1E, 0x00, 0x1C, 0x00, 0x00,
    0x00, 0xF8, 0x07, 0xFC, 0x1F, 0xFC, 0x7F, 0xFC, 0xF8, 0xF9, 0xE0, 0xF3, 0xC1, 0xF7, 0x83, 0xEF,
    0x07, 0xDE, 0x0F, 0x3E, 0x3E, 0x3F, 0xF8, 0x7F, 0xF0, 0x3F, 0xC0, 0x1C, 0x00, 0x01, 0xF0, 0x03,
    0xC0, 0x0F, 0x00, 0x1C, 0x00, 0x00, 0x00, 0xF8, 0x07, 0xFC, 0x1F, 0xFC, 0x7F, 0xFC, 0xF8, 0xF9,
    0xE0, 0xF3, 0xC1, 0xF7, 0x83, 0xEF, 0x07, 0xDE, 0x0F, 0x3E, 0x3E, 0x3F, 0xF8, 0x7F, 0xF0, 0x3F,
    0xC0, 0x1C, 0x00, 0x07, 0xC0, 0x1F, 0xC0, 0x7B, 0xC0, 0xE3, 0x80, 0x00, 0x00, 0xF8, 0x07, 0xFC,
    0x1F, 0xFC, 0x7F, 0xFC, 0xF8, 0xF9, 0xE0, 0xF3, 0xC1, 0xF7, 0x83, 0xEF, 0x07, 0xDE, 0x0F, 0x3E,
    0x3E, 0x3F, 0xF8, 0x7F, 0xF0, 0x3F, 0xC0, 0x1C, 0x00, 0x0F, 0x70, 0x3F, 0xE0, 0x7F, 0xC0, 0xE7,
    0x00, 0x00, 0x00, 0xF8, 0x07, 0xFC, 0x1F, 0xFC, 0x7F, 0xFC, 0xF8, 0xF9, 0xE0, 0xF3, 0xC1, 0xF7,
    0x83, 0xEF, 0x07, 0xDE, 0x0F, 0x3E, 0x3E, 0x3F, 0xF8, 0x7F, 0xF0, 0x3F, 0xC0, 0x1C, 0x00, 0x1E,
    0x70, 0x3D, 0xE0, 0x7B, 0xC0, 0xE3, 0x80, 0x00, 0x00, 0xF8, 0x07, 0xFC, 0x1F, 0xFC, 0x7F, 0xFC,
    0xF8, 0xF9, 0xE0, 0xF3, 0xC1, 0xF7, 0x83, 0xEF, 0x07, 0xDE, 0x0F, 0x3E, 0x3E, 0x3F, 0xF8, 0x7F,
    0xF0, 0x3F, 0xC0, 0x1C, 0x00, 0x02, 0x00, 0x78, 0x03, 0xE0, 0x1F, 0x00, 0x70, 0x00, 0x03, 0xFF,
    0xFF, 0xFF, 0xFF, 0xFF, 0xFF, 0xC1, 0xC0, 0x1F, 0x00, 0xF8, 0x07, 0xC0, 0x1C, 0x00, 0x00, 0x00,
    0x0F, 0x98, 0x7F, 0xF1, 0xFF, 0xC7, 0xFF, 0xCF, 0x9F, 0x9E, 0x3F, 0x3C, 0xFF, 0x7B, 0xBE, 0xFE,
    0x7D, 0xF8, 0xF3, 0xE3, 0xE3, 0xFF, 0x8F, 0xFF, 0x1F, 0xFC, 0x11, 0xC0, 0x1E, 0x00, 0xF0, 0x03,
    0xC0, 0x0E, 0x00, 0x00, 0x78, 0x3F, 0xE1, 0xFF, 0x0F, 0xF8, 0x7F, 0xC3, 0xFE, 0x1F, 0xF0, 0xFF,
    0x87, 0xFC, 0x3F, 0xE1, 0xFF, 0x9F, 0x7F, 0xFB, 0xFF, 0xCF, 0xDE, 0x18, 0x00, 0x03, 0xE0, 0x1E,
    0x00, 0xE0, 0x0F, 0x00, 0x00, 0x78, 0x3F, 0xE1, 0xFF, 0x0F, 0xF8, 0x7F, 0xC3, 0xFE, 0x1F, 0xF0,
    0xFF, 0x87, 0xFC, 0x3F, 0xE1, 0xFF, 0x9F, 0x7F, 0xFB, 0xFF, 0xCF, 0xDE, 0x18, 0x00, 0x0F, 0x80,
    0xFE, 0x0F, 0x78, 0x79, 0xE0, 0x00, 0x78, 0x3F, 0xE1, 0xFF, 0x0F, 0xF8, 0x7F, 0xC3, 0xFE, 0x1F,
    0xF0, 0xFF, 0x87, 0xFC, 0x3F, 0xE1, 0xFF, 0x9F, 0x7F, 0xFB, 0xFF, 0xCF, 0xDE, 0x18, 0x00, 0x3C,
    0xE1, 0xEF, 0x8F, 0x7C, 0x31, 0xC0, 0x00, 0x78, 0x3F, 0xE1, 0xFF, 0x0F, 0xF8, 0x7F, 0xC3, 0xFE,
    0x1F, 0xF0, 0xFF, 0x87, 0xFC, 0x3F, 0xE1, 0xFF, 0x9F, 0x7F, 0xFB, 0xFF, 0xCF, 0xDE, 0x18, 0x00,
    0x01, 0xE0, 0x03, 0xC0, 0x0F, 0x00, 0x1C, 0x00, 0x00, 0x1F, 0x07, 0xFE, 0x0F, 0x3C, 0x1E, 0x7C,
    0x7C, 0xF8, 0xF0, 0xF1, 0xE1, 0xF7, 0xC1, 0xEF, 0x03, 0xDE, 0x07, 0xF8, 0x07, 0xF0, 0x0F, 0xE0,
    0x1F, 0x80, 0x1F, 0x00, 0x3E, 0x00, 0x78, 0x07, 0xF0, 0x1F, 0xC0, 0x3F, 0x00, 0x18, 0x00, 0x70,
    0x03, 0xE0, 0x0F, 0x80, 0x3E, 0x00, 0xF8, 0x03, 0xEF, 0x0F, 0xFF, 0x3F, 0xFE, 0xFF, 0xFB, 0xE1,
    0xFF, 0x87, 0xFC, 0x1F, 0xF0, 0x3F, 0xE1, 0xFF, 0x87, 0xFF, 0x3F, 0xFF, 0xFB, 0xFF, 0xCF, 0xFE,
    0x3E, 0x60, 0xF8, 0x03, 0xE0, 0x0F, 0x80, 0x3E, 0x00, 0x00, 0x00, 0x1C, 0xF0, 0x7D, 0xE0, 0x7B,
    0xC0, 0xE3, 0x80, 0x00, 0x1F, 0x07, 0xFE, 0x0F, 0x3C, 0x1E, 0x7C, 0x7C, 0xF8, 0xF0, 0xF1, 0xE1,
    0xF7, 0xC1, 0xEF, 0x03, 0xDE, 0x07, 0xF8, 0x07, 0xF0, 0x0F, 0xE0, 0x1F, 0x80, 0x1F, 0x00, 0x3E,
    0x00, 0x78, 0x07, 0xF0, 0x1F, 0xC0, 0x3F, 0x00, 0x18, 0x00, 0x03, 0xF8, 0x01, 0xFE, 0x00, 0x7F,
    0x80, 0x00, 0x00, 0x00, 0x00, 0x00, 0x78, 0x00, 0x3F, 0x00, 0x0F, 0xE0, 0x07, 0xF8, 0x01, 0xFE,
    0x00, 0x7F, 0xC0, 0x3F, 0xF0, 0x0F, 0xBC, 0x03, 0xCF, 0x81, 0xF3, 0xE0, 0x7C, 0x78, 0x1F, 0x1F,
    0x0F, 0xFF, 0xC3, 0xFF, 0xF0, 0xFF, 0xFE, 0x7C, 0x0F, 0x9F, 0x01, 0xF7, 0x80, 0x7F, 0xE0, 0x1F,
    0x0F, 0xE0, 0xFF, 0x07, 0xF8, 0x00, 0x00, 0x00, 0x07, 0xE0, 0xFF, 0xC7, 0xFF, 0x7C, 0xFB, 0xC3,
    0xC0, 0x3E, 0x3F, 0xF7, 0xFF, 0xBF, 0xBF, 0xE1, 0xFF, 0x1F, 0x7F, 0xFB, 0xFF, 0xCF, 0xFE, 0x1C,
    0x00, 0x07, 0x1C, 0x01, 0xFF, 0x00, 0x3F, 0x80, 0x07, 0xC0, 0x00, 0x00, 0x00, 0x78, 0x00, 0x3F,
    0x00, 0x0F, 0xE0, 0x07, 0xF8, 0x01, 0xFE, 0x00, 0x7F, 0xC0, 0x3F, 0xF0, 0x0F, 0xBC, 0x03, 0xCF,
    0x81, 0xF3, 0xE0, 0x7C, 0x78, 0x1F, 0x1F, 0x0F, 0xFF, 0xC3, 0xFF, 0xF0, 0xFF, 0xFE, 0x7C, 0x0F,
    0x9F, 0x01, 0xF7, 0x80, 0x7F, 0xE0, 0x1F, 0x1C, 0x70, 0xFF, 0x07, 0xF8, 0x0F, 0x80, 0x00, 0x07,
    0xE0, 0xFF, 0xC7, 0xFF, 0x7C, 0xFB, 0xC3, 0xC0, 0x3E, 0x3F, 0xF7, 0xFF, 0xBF, 0xBF, 0xE1, 0xFF,
    0x1F, 0x7F, 0xFB, 0xFF, 0xCF, 0xFE, 0x1C, 0x00, 0x01, 0xE0, 0x00, 0x7E, 0x00, 0x0F, 0xE0, 0x03,
    0xFC, 0x00, 0x7F, 0x80, 0x0F, 0xF8, 0x03, 0xFF, 0x00, 0x7D, 0xE0, 0x0F, 0x3E, 0x03, 0xE7, 0xC0,
    0x7C, 0x78, 0x0F, 0x8F, 0x83, 0xFF, 0xF0, 0x7F, 0xFE, 0x0F, 0xFF, 0xE3, 0xE0, 0x7C, 0x7C, 0x07,
    0xCF, 0x00, 0xFB, 0xE0, 0x1F, 0x00, 0x03, 0xE0, 0x00, 0xF8, 0x00, 0x1F, 0x00, 0x03, 0xF0, 0x00,
    0x3F, 0x00, 0x01, 0x80, 0x0F, 0xC0, 0xFF, 0xC3, 0xFF, 0x9F, 0x3E, 0x78, 0x78, 0x03, 0xE1, 0xFF,
    0x9F, 0xFE, 0x7F, 0x7B, 0xE1, 0xEF, 0x8F, 0x9F, 0xFE, 0x7F, 0xF8, 0xFF, 0xE0, 0xEF, 0x80, 0x38,
    0x01, 0xF8, 0x07, 0xE0, 0x0F, 0xC0, 0x0C, 0x00, 0xF0, 0x00, 0x78, 0x00, 0x78, 0x00, 0x38, 0x00,
    0x00, 0x00, 0x1F, 0x00, 0x3F, 0xE0, 0x3F, 0xFC, 0x3F, 0xFE, 0x3F, 0x1F, 0xBF, 0x03, 0xDF, 0x01,
    0xFF, 0x80, 0x07, 0x80, 0x03, 0xC0, 0x01, 0xE0, 0x00, 0xF0, 0x00, 0x7C, 0x03, 0xBE, 0x03, 0xEF,
    0x83, 0xE7, 0xF7, 0xF1, 0xFF, 0xF0, 0x7F, 0xF0, 0x1F, 0xF0, 0x01, 0xC0, 0x00, 0x01, 0xE0, 0x07,
    0x80, 0x3C, 0x00, 0xE0, 0x00, 0x00, 0x1F, 0x01, 0xFF, 0x0F, 0xFE, 0x7F, 0xFD, 0xF1, 0xF7, 0x83,
    0x9E, 0x00, 0x78, 0x01, 0xE0, 0x07, 0x83, 0xDF, 0x1F, 0x3F, 0xF8, 0xFF, 0xE0, 0xFF, 0x00, 0xE0,
    0x03, 0xE0, 0x03, 0xF8, 0x03, 0xDE, 0x01, 0xC7, 0x00, 0x00, 0x00, 0x1F, 0x00, 0x3F, 0xE0, 0x3F,
    0xFC, 0x3F, 0xFE, 0x3F, 0x1F, 0xBF, 0x03, 0xDF, 0x01, 0xFF, 0x80, 0x07, 0x80, 0x03, 0xC0, 0x01,
    0xE0, 0x00, 0xF0, 0x00, 0x7C, 0x03, 0xBE, 0x03, 0xEF, 0x83, 0xE7, 0xF7, 0xF1, 0xFF, 0xF0, 0x7F,
    0xF0, 0x1F, 0xF0, 0x01, 0xC0, 0x00, 0x07, 0xC0, 0x3F, 0x81, 0xEF, 0x07, 0x1C, 0x00, 0x00, 0x1F,
    0x01, 0xFF, 0x0F, 0xFE, 0x7F, 0xFD, 0xF1, 0xF7, 0x83, 0x9E, 0x00, 0x78, 0x01, 0xE0, 0x07, 0x83,
    0xDF, 0x1F, 0x3F, 0xF8, 0xFF, 0xE0, 0xFF, 0x00, 0xE0, 0x01, 0xC0, 0x01, 0xF0, 0x00, 0xF8, 0x00,
    0x38, 0x00, 0x00, 0x00, 0x1F, 0x00, 0x3F, 0xE0, 0x3F, 0xFC, 0x3F, 0xFE, 0x3F, 0x1F, 0xBF, 0x03,
    0xDF, 0x01, 0xFF, 0x80, 0x07, 0x80, 0x03, 0xC0, 0x01, 0xE0, 0x00, 0xF0, 0x00, 0x7C, 0x03, 0xBE,
    0x03, 0xEF, 0x83, 0xE7, 0xF7, 0xF1, 0xFF, 0xF0, 0x7F, 0xF0, 0x1F, 0xF0, 0x01, 0xC0, 0x00, 0x03,
    0x80, 0x1F, 0x00, 0x7C, 0x00, 0xE0, 0x00, 0x00, 0x1F, 0x01, 0xFF, 0x0F, 0xFE, 0x7F, 0xFD, 0xF1,
    0xF7, 0x83, 0x9E, 0x00, 0x78, 0x01, 0xE0, 0x07, 0x83, 0xDF, 0x1F, 0x3F, 0xF8, 0xFF, 0xE0, 0xFF,
    0x00, 0xE0, 0x0F, 0x78, 0x03, 0xF8, 0x01, 0xFC, 0x00, 0x7C, 0x00, 0x00, 0x00, 0x1F, 0x00, 0x3F,
    0xE0, 0x3F, 0xFC, 0x3F, 0xFE, 0x3F, 0x1F, 0xBF, 0x03, 0xDF, 0x01, 0xFF, 0x80, 0x07, 0x80, 0x03,
    0xC0, 0x01, 0xE0, 0x00, 0xF0, 0x00, 0x7C, 0x03, 0xBE, 0x03, 0xEF, 0x83, 0xE7, 0xF7, 0xF1, 0xFF,
    0xF0, 0x7F, 0xF0, 0x1F, 0xF0, 0x01, 0xC0, 0x00, 0x1E, 0xF0, 0x3F, 0xC0, 0x7E, 0x01, 0xF0, 0x00,
    0x00, 0x1F, 0x01, 0xFF, 0x0F, 0xFE, 0x7F, 0xFD, 0xF1, 0xF7, 0x83, 0x9E, 0x00, 0x78, 0x01, 0xE0,
    0x07, 0x83, 0xDF, 0x1F, 0x3F, 0xF8, 0xFF, 0xE0, 0xFF, 0x00, 0xE0, 0x79, 0xE0, 0x3F, 0xC0, 0x1F,
    0x80, 0x0F, 0x00, 0x00, 0x00, 0x7F, 0x00, 0xFF, 0xF0, 0xFF, 0xF8, 0xFF, 0xFC, 0xF8, 0xFE, 0xF8,
    0x3E, 0xF8, 0x1F, 0xF8, 0x1F, 0xF8, 0x0F, 0xF8, 0x0F, 0xF8, 0x0F, 0xF8, 0x0F, 0xF8, 0x1F, 0xF8,
    0x1F, 0xF8, 0x3E, 0xFF, 0xFE, 0xFF, 0xFC, 0xFF, 0xF8, 0xFF, 0xE0, 0x00, 0x00, 0x00, 0x03, 0xBC,
    0x00, 0xF7, 0x80, 0x1E, 0xE0, 0x03, 0xDC, 0x00, 0x7B, 0x83, 0xEF, 0x00, 0xFF, 0xE0, 0x3F, 0xFC,
    0x0F, 0xFF, 0x81, 0xF1, 0xF0, 0x3C, 0x1E, 0x07, 0x83, 0xC0, 0xF0, 0x78, 0x1E, 0x0F, 0x03, 0xC1,
    0xE0, 0x7C, 0x7C, 0x0F, 0xFF, 0x80, 0xFF, 0xF0, 0x0F, 0xFE, 0x00, 0x70, 0x00, 0x1F, 0xC0, 0x0F,
    0xFF, 0x03, 0xFF, 0xE0, 0xFF, 0xFC, 0x3E, 0x3F, 0x8F, 0x83, 0xE3, 0xE0, 0x7C, 0xF8, 0x1F, 0xFF,
    0xC3, 0xFF, 0xF8, 0xFF, 0xFE, 0x3D, 0xFF, 0x0F, 0x3E, 0x07, 0xCF, 0x81, 0xF3, 0xE0, 0xF8, 0xFF,
    0xFE, 0x3F, 0xFF, 0x0F, 0xFF, 0x83, 0xFF, 0x80, 0x00, 0x1C, 0x01, 0xFF, 0x03, 0xFF, 0x03, 0xFF,
    0x00, 0x3C, 0x0F, 0xBC, 0x1F, 0xFC, 0x3F, 0xFC, 0x7F, 0xFC, 0x7C, 0x7C, 0x78, 0x3C, 0x78, 0x3C,
    0x78, 0x3C, 0x78, 0x3C, 0x78, 0x3C, 0x7C, 0x7C, 0x7F, 0xFC, 0x3F, 0xFC, 0x1F, 0xFC, 0x07, 0x00,
    0x1F, 0xC0, 0xFF, 0x07, 0xF8, 0x00, 0x00, 0x00, 0x3F, 0xFF, 0xFF, 0xFF, 0xFF, 0xFF, 0xFF, 0xC0,
    0x3E, 0x01, 0xF0, 0x0F, 0x80, 0x7F, 0xFF, 0xFF, 0xFF, 0xFF, 0xFF, 0xF7, 0xC0, 0x3E, 0x01, 0xF0,
    0x0F, 0xFF, 0x7F, 0xFF, 0xFF, 0xFF, 0xFF, 0x0F, 0xE0, 0x7F, 0x81, 0xFE, 0x00, 0x00, 0x00, 0x00,
    0x1F, 0x01, 0xFF, 0x0F, 0xFE, 0x7E, 0xF9, 0xE0, 0xF7, 0x83, 0xDF, 0xFF, 0x7F, 0xFD, 0xFF, 0xF7,
    0x80, 0x1F, 0x0F, 0x3F, 0xFC, 0xFF, 0xE0, 0xFF, 0x00, 0xE0, 0x38, 0xE1, 0xFF, 0x07, 0xF0, 0x1F,
    0x00, 0x00, 0x3F, 0xFF, 0xFF, 0xFF, 0xFF, 0xFF, 0xFF, 0xC0, 0x3E, 0x01, 0xF0, 0x0F, 0x80, 0x7F,
    0xFF, 0xFF, 0xFF, 0xFF, 0xFF, 0xF7, 0xC0, 0x3E, 0x01, 0xF0, 0x0F, 0xFF, 0x7F, 0xFF, 0xFF, 0xFF,
    0xFF, 0x1C, 0x70, 0x7F, 0xC0, 0xFE, 0x01, 0xF0, 0x00, 0x00, 0x1F, 0x01, 0xFF, 0x0F, 0xFE, 0x7E,
    0xF9, 0xE0, 0xF7, 0x83, 0xDF, 0xFF, 0x7F, 0xFD, 0xFF, 0xF7, 0x80, 0x1F, 0x0F, 0x3F, 0xFC, 0xFF,
    0xE0, 0xFF, 0x00, 0xE0, 0x07, 0x80, 0x7C, 0x01, 0xE0, 0x0E, 0x00, 0x00, 0x3F, 0xFF, 0xFF, 0xFF,
    0xFF, 0xFF, 0xFF, 0xC0, 0x3E, 0x01, 0xF0, 0x0F, 0x80, 0x7F, 0xFF, 0xFF, 0xFF, 0xFF, 0xFF, 0xF7,
    0xC0, 0x3E, 0x01, 0xF0, 0x0F, 0xFF, 0x7F, 0xFF, 0xFF, 0xFF, 0xFF, 0x03, 0x80, 0x1F, 0x00, 0x7C,
    0x00, 0xE0, 0x00, 0x00, 0x1F, 0x01, 0xFF, 0x0F, 0xFE, 0x7E, 0xF9, 0xE0, 0xF7, 0x83, 0xDF, 0xFF,
    0x7F, 0xFD, 0xFF, 0xF7, 0x80, 0x1F, 0x0F, 0x3F, 0xFC, 0xFF, 0xE0, 0xFF, 0x00, 0xE0, 0x7F, 0xFB,
    0xFF, 0xEF, 0xFF, 0xBF, 0xFE, 0xF8, 0x03, 0xE0, 0x0F, 0x80, 0x3E, 0x00, 0xFF, 0xFB, 0xFF, 0xEF,
    0xFF, 0xBF, 0xFC, 0xF8, 0x03, 0xE0, 0x0F, 0x80, 0x3F, 0xFC, 0xFF, 0xFB, 0xFF, 0xEF, 0xFF, 0x80,
    0x3E, 0x00, 0xF0, 0x07, 0xC0, 0x0F, 0x80, 0x3F, 0x00, 0x30, 0x07, 0xC0, 0x7F, 0xC3, 0xFF, 0x9F,
    0xBE, 0x78, 0x3D, 0xE0, 0xF7, 0xFF, 0xDF, 0xFF, 0x7F, 0xFD, 0xE0, 0x07, 0xC3, 0xCF, 0xFF, 0x3F,
    0xF8, 0x3F, 0xE0, 0x3F, 0x00, 0x38, 0x01, 0xF0, 0x07, 0xE0, 0x0F, 0xC0, 0x0C, 0x3C, 0xF0, 0xFF,
    0x03, 0xF0, 0x0F, 0x00, 0x00, 0x3F, 0xFF, 0xFF, 0xFF, 0xFF, 0xFF, 0xFF, 0xC0, 0x3E, 0x01, 0xF0,
    0x0F, 0x80, 0x7F, 0xFF, 0xFF, 0xFF, 0xFF, 0xFF, 0xF7, 0xC0, 0x3E, 0x01, 0xF0, 0x0F, 0xFF, 0x7F,
    0xFF, 0xFF, 0xFF, 0xFF, 0x3E, 0xF0, 0x7F, 0x80, 0xFC, 0x01, 0xE0, 0x00, 0x00, 0x1F, 0x01, 0xFF,
    0x0F, 0xFE, 0x7E, 0xF9, 0xE0, 0xF7, 0x83, 0xDF, 0xFF, 0x7F, 0xFD, 0xFF, 0xF7, 0x80, 0x1F, 0x0F,
    0x3F, 0xFC, 0xFF, 0xE0, 0xFF, 0x00, 0xE0, 0x03, 0xE0, 0x03, 0xF8, 0x03, 0xDE, 0x01, 0xC7, 0x00,
    0x00, 0x00, 0x1F, 0x00, 0x3F, 0xE0, 0x3F, 0xFC, 0x3F, 0xFE, 0x3F, 0x1F, 0x9F, 0x03, 0xDF, 0x01,
    0xFF, 0x80, 0x07, 0x80, 0x03, 0xC1, 0xFF, 0xE0, 0xFF, 0xF0, 0x7F, 0xFC, 0x3F, 0xFE, 0x03, 0xEF,
    0x81, 0xE7, 0xF3, 0xF1, 0xFF, 0xF0, 0x7F, 0xF0, 0x1F, 0xF0, 0x01, 0xC0, 0x00, 0x07, 0xC0, 0x1F,
    0xC0, 0x7B, 0xC0, 0xF3, 0x80, 0x00, 0x01, 0xF7, 0x87, 0xFF, 0x1F, 0xFE, 0x7F, 0xFC, 0xF8, 0xF9,
    0xE0, 0xF3, 0xC1, 0xE7, 0x83, 0xCF, 0x07, 0x9F, 0x0F, 0x3F, 0x3E, 0x3F, 0xFC, 0x7F, 0xF8, 0x3E,
    0xF0, 0x01, 0xE3, 0x83, 0xCF, 0xFF, 0x8F, 0xFE, 0x0F, 0xF8, 0x07, 0xC0, 0x0E, 0x38, 0x07, 0xFC,
    0x01, 0xFC, 0x00, 0x7C, 0x00, 0x00, 0x00, 0x1F, 0x00, 0x3F, 0xE0, 0x3F, 0xFC, 0x3F, 0xFE, 0x3F,
    0x1F, 0x9F, 0x03, 0xDF, 0x01, 0xFF, 0x80, 0x07, 0x80, 0x03, 0xC1, 0xFF, 0xE0, 0xFF, 0xF0, 0x7F,
    0xFC, 0x3F, 0xFE, 0x03, 0xEF, 0x81, 0xE7, 0xF3, 0xF1, 0xFF, 0xF0, 0x7F, 0xF0, 0x1F, 0xF0, 0x01,
    0xC0, 0x00, 0x1C, 0x70, 0x3F, 0xE0, 0x3F, 0x80, 0x3E, 0x00, 0x00, 0x01, 0xF7, 0x87, 0xFF, 0x1F,
    0xFE, 0x7F, 0xFC, 0xF8, 0xF9, 0xE0, 0xF3, 0xC1, 0xE7, 0x83, 0xCF, 0x07, 0x9F, 0x0F, 0x3F, 0x3E,
    0x3F, 0xFC, 0x7F, 0xF8, 0x3E, 0xF0, 0x01, 0xE3, 0x83, 0xCF, 0xFF, 0x8F, 0xFE, 0x0F, 0xF8, 0x07,
    0xC0, 0x01, 0xC0, 0x01, 0xF0, 0x00, 0xF8, 0x00, 0x38, 0x00, 0x00, 0x00, 0x1F, 0x00, 0x3F, 0xE0,
    0x3F, 0xFC, 0x3F, 0xFE, 0x3F, 0x1F, 0x9F, 0x03, 0xDF, 0x01, 0xFF, 0x80, 0x07, 0x80, 0x03, 0xC1,
    0xFF, 0xE0, 0xFF, 0xF0, 0x7F, 0xFC, 0x3F, 0xFE, 0x03, 0xEF, 0x81, 0xE7, 0xF3, 0xF1, 0xFF, 0xF0,
    0x7F, 0xF0, 0x1F, 0xF0, 0x01, 0xC0, 0x00, 0x03, 0x80, 0x0F, 0x80, 0x1F, 0x00, 0x1C, 0x00, 0x00,
    0x01, 0xF7, 0x87, 0xFF, 0x1F, 0xFE, 0x7F, 0xFC, 0xF8, 0xF9, 0xE0, 0xF3, 0xC1, 0xE7, 0x83, 0xCF,
    0x07, 0x9F, 0x0F, 0x3F, 0x3E, 0x3F, 0xFC, 0x7F, 0xF8, 0x3E, 0xF0, 0x01, 0xE3, 0x83, 0xCF, 0xFF,
    0x8F, 0xFE, 0x0F, 0xF8, 0x07, 0xC0, 0x03, 0xE0, 0x07, 0xFC, 0x07, 0xFF, 0x87, 0xFF, 0xC7, 0xE3,
    0xF3, 0xE0, 0x7B, 0xE0, 0x3F, 0xF0, 0x00, 0xF0, 0x00, 0x78, 0x3F, 0xFC, 0x1F, 0xFE, 0x0F, 0xFF,
    0x87, 0xFF, 0xC0, 0x7D, 0xF0, 0x3C, 0xFE, 0x7E, 0x3F, 0xFE, 0x0F, 0xFE, 0x03, 0xFE, 0x00, 0x38,
    0x00, 0x3C, 0x00, 0x1E, 0x00, 0x0F, 0x00, 0x07, 0x00, 0x07, 0x80, 0x00, 0x01, 0x80, 0x03, 0x80,
    0x0F, 0x00, 0x1C, 0x00, 0x38, 0x00, 0x70, 0x00, 0x00, 0x07, 0xDE, 0x1F, 0xFC, 0x7F, 0xF9, 0xFF,
    0xF3, 0xE3, 0xE7, 0x83, 0xCF, 0x07, 0x9E, 0x0F, 0x3C, 0x1E, 0x7C, 0x3C, 0xFC, 0xF8, 0xFF, 0xF1,
    0xFF, 0xE0, 0xFB, 0xC0, 0x07, 0x8E, 0x0F, 0x3F, 0xFE, 0x3F, 0xF8, 0x3F, 0xE0, 0x1F, 0x00, 0x03,
    0xE0, 0x07, 0xF0, 0x0F, 0x70, 0x1E, 0x78, 0x00, 0x00, 0x70, 0x0F, 0xF8, 0x0F, 0xF8, 0x0F, 0xF8,
    0x0F, 0xF8, 0x0F, 0xF8, 0x0F, 0xF8, 0x0F, 0xF8, 0x0F, 0xFF, 0xFF, 0xFF, 0xFF, 0xFF, 0xFF, 0xFF,
    0xFF, 0xF8, 0x0F, 0xF8, 0x0F, 0xF8, 0x0F, 0xF8, 0x0F, 0xF8, 0x0F, 0xF8, 0x0F, 0xF8, 0x0F, 0x1F,
    0x00, 0x3F, 0x80, 0x7B, 0xC0, 0xF3, 0xC0, 0x00, 0x00, 0x0E, 0x00, 0x1E, 0x00, 0x1E, 0x00, 0x1E,
    0x00, 0x1E, 0x00, 0x1E, 0x7C, 0x1F, 0xFE, 0x1F, 0xFF, 0x1F, 0xFF, 0x1F, 0x1F, 0x1F, 0x0F, 0x1F,
    0x0F, 0x1F, 0x0F, 0x1F, 0x0F, 0x1F, 0x0F, 0x1F, 0x0F, 0x1F, 0x0F, 0x1F, 0x0F, 0x1F, 0x0F, 0x3C,
    0x03, 0xC3, 0xC0, 0x3C, 0x3C, 0x03, 0xC3, 0xC0, 0x3C, 0xFF, 0xFF, 0xFF, 0xFF, 0xFF, 0x7F, 0xFF,
    0xE3, 0xC0, 0x3C, 0x3F, 0xFF, 0xC3, 0xFF, 0xFC, 0x3F, 0xFF, 0xC3, 0xFF, 0xFC, 0x3C, 0x03, 0xC3,
    0xC0, 0x3C, 0x3C, 0x03, 0xC3, 0xC0, 0x3C, 0x3C, 0x03, 0xC3, 0xC0, 0x3C, 0x3C, 0x03, 0xC0, 0x1C,
    0x00, 0xFF, 0x83, 0xFF, 0x07, 0xFE, 0x03, 0xC0, 0x07, 0x9F, 0x0F, 0xFF, 0x1F, 0xFF, 0x3F, 0xFE,
    0x7C, 0x7C, 0xF8, 0x79, 0xF0, 0xF3, 0xE1, 0xE7, 0xC3, 0xCF, 0x87, 0x9F, 0x0F, 0x3E, 0x1E, 0x7C,
    0x3C, 0xF8, 0x78, 0x7B, 0xFF, 0xFF, 0xF8, 0xE0, 0x00, 0xE0, 0xF8, 0x7C, 0x3E, 0x1F, 0x0F, 0x87,
    0xC3, 0xE1, 0xF0, 0xF8, 0x7C, 0x3E, 0x1F, 0x0F, 0x87, 0xC3, 0xE1, 0xF0, 0xF8, 0x7C, 0x7B, 0xFF,
    0xFF, 0xD8, 0xC0, 0x01, 0xE0, 0xF8, 0x7C, 0x3E, 0x1F, 0x0F, 0x87, 0xC3, 0xE1, 0xF0, 0xF8, 0x7C,
    0x3E, 0x1F, 0x0F, 0x80, 0x7F, 0x7F, 0x7F, 0x00, 0x00, 0x1C, 0x3E, 0x3E, 0x3E, 0x3E, 0x3E, 0x3E,
    0x3E, 0x3E, 0x3E, 0x3E, 0x3E, 0x3E, 0x3E, 0x3E, 0x3E, 0x3E, 0x3E, 0x3E, 0x7F, 0xFF, 0xFF, 0x00,
    0x00, 0x3C, 0x3E, 0x3E, 0x3E, 0x3E, 0x3E, 0x3E, 0x3E, 0x3E, 0x3E, 0x3E, 0x3E, 0x3E, 0x3E, 0xE3,
    0xFF, 0xDF, 0xC7, 0xC0, 0x00, 0xE0, 0xF8, 0x7C, 0x3E, 0x1F, 0x0F, 0x87, 0xC3, 0xE1, 0xF0, 0xF8,
    0x7C, 0x3E, 0x1F, 0x0F, 0x87, 0xC3, 0xE1, 0xF0, 0xF8, 0x7C, 0xE3, 0xFF, 0xDF, 0xC7, 0xC0, 0x01,
    0xE0, 0xF8, 0x7C, 0x3E, 0x1F, 0x0F, 0x87, 0xC3, 0xE1, 0xF0, 0xF8, 0x7C, 0x3E, 0x1F, 0x0F, 0x80,
    0x39, 0xF7, 0xDF, 0x7D, 0xF7, 0xDF, 0x7D, 0xF7, 0xDF, 0x7D, 0xF7, 0xDF, 0x7D, 0xF7, 0xDE, 0xF3,
    0xCF, 0xFF, 0x30, 0x3C, 0x7C, 0xF8, 0xE0, 0x07, 0x8F, 0x9F, 0x3E, 0x7C, 0xF9, 0xF3, 0xE7, 0xCF,
    0x9F, 0x3E, 0x7C, 0xFB, 0xE7, 0x8F, 0x1F, 0xBF, 0x18, 0x77, 0xFE, 0xE0, 0x3B, 0xFF, 0xFF, 0xFF,
    0xFF, 0xFF, 0xFF, 0xFF, 0xFF, 0xFF, 0xFF, 0xFF, 0xF7, 0xFF, 0xFF, 0xFF, 0xFF, 0xFF, 0xFF, 0xFF,
    0xFC, 0x70, 0x01, 0xFF, 0x00, 0x3F, 0xE0, 0x07, 0xFC, 0x00, 0xFF, 0x80, 0x1F, 0xF0, 0x03, 0xFE,
    0x00, 0x7F, 0xC0, 0x0F, 0xF8, 0x01, 0xFF, 0x00, 0x3F, 0xE0, 0x07, 0xFC, 0x00, 0xFF, 0xBE, 0x1F,
    0xF7, 0xC3, 0xFE, 0xF8, 0x7F, 0xCF, 0x9F, 0xF9, 0xFF, 0xFF, 0x1F, 0xFB, 0xE1, 0xFE, 0x00, 0x0E,
    0x00, 0xF1, 0xFF, 0x3F, 0xE7, 0xB8, 0xF0, 0x01, 0xE3, 0xFE, 0x7F, 0xCF, 0xF9, 0xFF, 0x3F, 0xE7,
    0xFC, 0xFF, 0x9F, 0xF3, 0xFE, 0x7F, 0xCF, 0xF9, 0xFF, 0x3F, 0xE7, 0x80, 0xF0, 0x1E, 0x0F, 0xC1,
    0xF0, 0x3C, 0x00, 0x00, 0x00, 0x78, 0x00, 0xFC, 0x01, 0xFE, 0x03, 0xCF, 0x00, 0x00, 0x00, 0x78,
    0x00, 0x78, 0x00, 0x78, 0x00, 0x78, 0x00, 0x78, 0x00, 0x78, 0x00, 0x78, 0x00, 0x78, 0x00, 0x78,
    0x00, 0x78, 0x00, 0x78, 0x00, 0x78, 0x78, 0x78, 0xF8, 0x78, 0xF8, 0x78, 0x7C, 0xF8, 0x7F, 0xF8,
    0x3F, 0xF0, 0x1F, 0xE0, 0x07, 0x00, 0x1F, 0x07, 0xF1, 0xEF, 0x79, 0xE0, 0x00, 0x3C, 0x07, 0xC0,
    0xF8, 0x1F, 0x03, 0xE0, 0x7C, 0x0F, 0x81, 0xF0, 0x3E, 0x07, 0xC0, 0xF8, 0x1F, 0x03, 0xE0, 0x7C,
    0x0F, 0x81, 0xE0, 0xFC, 0x1F, 0x83, 0xE0, 0x00, 0x00, 0x70, 0x0F, 0x7C, 0x1F, 0xBE, 0x0F, 0x9F,
    0x0F, 0x8F, 0x8F, 0x87, 0xCF, 0xC3, 0xEF, 0xC1, 0xFF, 0xC0, 0xFF, 0xC0, 0x7F, 0xE0, 0x3F, 0xF8,
    0x1F, 0xFE, 0x0F, 0xDF, 0x07, 0xC7, 0xC3, 0xE1, 0xF1, 0xF0, 0xF8, 0xF8, 0x3E, 0x7C, 0x1F, 0xBE,
    0x07, 0xC0, 0x00, 0x00, 0x3C, 0x00, 0x3C, 0x00, 0x1E, 0x00, 0x0F, 0x00, 0x07, 0x00, 0x00, 0x70,
    0x03, 0xE0, 0x0F, 0x80, 0x3E, 0x00, 0xF8, 0x03, 0xE3, 0xEF, 0x9F, 0xBE, 0x7C, 0xFB, 0xE3, 0xFF,
    0x0F, 0xF8, 0x3F, 0xE0, 0xFF, 0x83, 0xFF, 0x0F, 0xFE, 0x3E, 0xF8, 0xF9, 0xF3, 0xE3, 0xEF, 0x8F,
    0x80, 0x00, 0x0F, 0x00, 0x3C, 0x00, 0xF0, 0x03, 0x80, 0x1E, 0x00, 0xF0, 0x7F, 0xE3, 0xEF, 0x9F,
    0x3E, 0x7C, 0xFB, 0xE3, 0xFF, 0x0F, 0xF8, 0x3F, 0xE0, 0xFF, 0xC3, 0xFF, 0x0F, 0xBE, 0x3E, 0x7C,
    0xF9, 0xFB, 0xE3, 0xE0, 0x3C, 0x01, 0xE0, 0x1E, 0x00, 0xE0, 0x00, 0x00, 0x38, 0x03, 0xE0, 0x1F,
    0x00, 0xF8, 0x07, 0xC0, 0x3E, 0x01, 0xF0, 0x0F, 0x80, 0x7C, 0x03, 0xE0, 0x1F, 0x00, 0xF8, 0x07,
    0xC0, 0x3E, 0x01, 0xF0, 0x0F, 0xFF, 0x7F, 0xFF, 0xFF, 0xFF, 0xFF, 0x3C, 0x79, 0xE3, 0x80, 0x0E,
    0x3E, 0x7C, 0xF9, 0xF3, 0xE7, 0xCF, 0x9F, 0x3E, 0x7C, 0xF9, 0xF3, 0xE7, 0xCF, 0x9F, 0x3E, 0x7C,
    0x70, 0x07, 0xC0, 0x3E, 0x01, 0xF0, 0x0F, 0x80, 0x7C, 0x03, 0xE0, 0x1F, 0x00, 0xF8, 0x07, 0xC0,
    0x3E, 0x01, 0xF0, 0x0F, 0x80, 0x7C, 0x03, 0xE0, 0x1F, 0xFE, 0xFF, 0xFF, 0xFF, 0xFF, 0xFE, 0x00,
    0x00, 0xF0, 0x07, 0x80, 0x3C, 0x01, 0xC0, 0x1E, 0x00, 0x39, 0xF7, 0xDF, 0x7D, 0xF7, 0xDF, 0x7D,
    0xF7, 0xDF, 0x7D, 0xF7, 0xDF, 0x7D, 0xF7, 0xC0, 0x79, 0xE7, 0x3C, 0xF0, 0x00, 0x03, 0x8E, 0x3E,
    0x71, 0xF3, 0x8F, 0x9C, 0x7C, 0xE3, 0xE0, 0x1F, 0x00, 0xF8, 0x07, 0xC0, 0x3E, 0x01, 0xF0, 0x0F,
    0x80, 0x7C, 0x03, 0xE0, 0x1F, 0x00, 0xFF, 0xF7, 0xFF, 0xFF, 0xFF, 0xFF, 0xF0, 0x00, 0x3B, 0xFF,
    0xFF, 0xFF, 0xF7, 0xFB, 0xE1, 0xF0, 0xF8, 0x7C, 0x3E, 0x1F, 0x0F, 0x87, 0xC3, 0xE1, 0xF0, 0xF8,
    0x7C, 0x3E, 0x1F, 0x00, 0x70, 0x07, 0xC0, 0x3E, 0x01, 0xF0, 0x0F, 0x80, 0x7C, 0x03, 0xEF, 0x1F,
    0x78, 0xFB, 0xC7, 0xDE, 0x3E, 0x01, 0xF0, 0x0F, 0x80, 0x7C, 0x03, 0xE0, 0x1F, 0xFE, 0xFF, 0xFF,
    0xFF, 0xFF, 0xFE, 0x70, 0x3E, 0x0F, 0x83, 0xE0, 0xF8, 0x3E, 0x0F, 0x83, 0xE0, 0xFB, 0xFF, 0xFF,
    0xFF, 0xEF, 0xF9, 0x3E, 0x0F, 0x83, 0xE0, 0xF8, 0x3E, 0x0F, 0x80, 0x1C, 0x00, 0x7C, 0x00, 0xF8,
    0x01, 0xF0, 0x03, 0xE2, 0x07, 0xDC, 0x0F, 0xF8, 0x1F, 0xF0, 0x3F, 0xC0, 0xFE, 0x03, 0xF8, 0x07,
    0xF0, 0x0F, 0xE0, 0x17, 0xC0, 0x0F, 0x80, 0x1F, 0xFE, 0x3F, 0xFE, 0x7F, 0xFC, 0xFF, 0xF8, 0x1C,
    0x3E, 0x3E, 0x3E, 0x3E, 0x3F, 0x3F, 0x3F, 0x3F, 0xFE, 0xFE, 0xFE, 0x3E, 0x3E, 0x3E, 0x3E, 0x3E,
    0x3E, 0x3E, 0x00, 0xF0, 0x00, 0x78, 0x00, 0x78, 0x00, 0x38, 0x00, 0x00, 0x03, 0xC0, 0x3B, 0xF0,
    0x3F, 0xF8, 0x1F, 0xFE, 0x0F, 0xFF, 0x07, 0xFF, 0xC3, 0xFF, 0xF1, 0xFF, 0xF8, 0xFF, 0xFE, 0x7F,
    0xEF, 0xBF, 0xF7, 0xDF, 0xF9, 0xFF, 0xFC, 0x7F, 0xFE, 0x3F, 0xFF, 0x0F, 0xFF, 0x83, 0xFF, 0xC1,
    0xFF, 0xE0, 0x7F, 0xF0, 0x3F, 0x03, 0xE0, 0x1E, 0x00, 0xE0, 0x0F, 0x00, 0x00, 0x79, 0xF3, 0xDF,
    0xDF, 0xFF, 0xFF, 0xFF, 0xC7, 0xFE, 0x1F, 0xF0, 0xFF, 0x87, 0xFC, 0x3F, 0xE1, 0xFF, 0x0F, 0xF8,
    0x7F, 0xC3, 0xFE, 0x1E, 0x78, 0x07, 0x7E, 0x07, 0xFF, 0x03, 0xFF, 0xC1, 0xFF, 0xE0, 0xFF, 0xF8,
    0x7F, 0xFE, 0x3F, 0xFF, 0x1F, 0xFF, 0xCF, 0xFD, 0xF7, 0xFE, 0xFB, 0xFF, 0x3F, 0xFF, 0x8F, 0xFF,
    0xC7, 0xFF, 0xE1, 0xFF, 0xF0, 0x7F, 0xF8, 0x3F, 0xFC, 0x0F, 0xFE, 0x07, 0xE0, 0x00, 0x00, 0x3C,
    0x00, 0x1E, 0x00, 0x0F, 0x00, 0x07, 0x00, 0x07, 0x80, 0x00, 0xF3, 0xE7, 0xBF, 0xBF, 0xFF, 0xFF,
    0xFF, 0x8F, 0xFC, 0x3F, 0xE1, 0xFF, 0x0F, 0xF8, 0x7F, 0xC3, 0xFE, 0x1F, 0xF0, 0xFF, 0x87, 0xFC,
    0x3C, 0x00, 0x00, 0xF0, 0x0F, 0x00, 0x78, 0x03, 0x80, 0x1C, 0x00, 0x0F, 0x78, 0x07, 0xF8, 0x01,
    0xF8, 0x00, 0x7C, 0x00, 0x00, 0x03, 0xC0, 0x3B, 0xF0, 0x3F, 0xF8, 0x1F, 0xFE, 0x0F, 0xFF, 0x07,
    0xFF, 0xC3, 0xFF, 0xF1, 0xFF, 0xF8, 0xFF, 0xFE, 0x7F, 0xEF, 0xBF, 0xF7, 0xDF, 0xF9, 0xFF, 0xFC,
    0x7F, 0xFE, 0x3F, 0xFF, 0x0F, 0xFF, 0x83, 0xFF, 0xC1, 0xFF, 0xE0, 0x7F, 0xF0, 0x3F, 0x3C, 0xF0,
    0xFF, 0x03, 0xF0, 0x0F, 0x00, 0x00, 0x79, 0xF3, 0xDF, 0xDF, 0xFF, 0xFF, 0xFF, 0xC7, 0xFE, 0x1F,
    0xF0, 0xFF, 0x87, 0xFC, 0x3F, 0xE1, 0xFF, 0x0F, 0xF8, 0x7F, 0xC3, 0xFE, 0x1E, 0x78, 0x07, 0x7E,
    0x07, 0xFF, 0x03, 0xFF, 0xC1, 0xFF, 0xE0, 0xFF, 0xF8, 0x7F, 0xFE, 0x3F, 0xFF, 0x1F, 0xFF, 0xCF,
    0xFD, 0xF7, 0xFE, 0xFB, 0xFF, 0x3F, 0xFF, 0x8F, 0xFF, 0xC7, 0xFF, 0xE1, 0xFF, 0xF0, 0x7F, 0xF8,
    0x3F, 0xFC, 0x0F, 0xFE, 0x07, 0xE0, 0x01, 0xF0, 0x00, 0xF8, 0x01, 0xFC, 0x00, 0xFC, 0x00, 0x7C,
    0x00, 0x38, 0x00, 0xF3, 0xE7, 0xBF, 0xBF, 0xFF, 0xFF, 0xFF, 0x8F, 0xFC, 0x3F, 0xE1, 0xFF, 0x0F,
    0xF8, 0x7F, 0xC3, 0xFE, 0x1F, 0xF0, 0xFF, 0x87, 0xFC, 0x3C, 0x01, 0xE0, 0x0F, 0x03, 0xF8, 0x1F,
    0xC0, 0xFC, 0x03, 0x80, 0x07, 0xF0, 0x01, 0xFC, 0x00, 0x7F, 0x00, 0x00, 0x00, 0x00, 0x00, 0x00,
    0xF8, 0x00, 0xFF, 0x80, 0x7F, 0xF8, 0x3F, 0xFE, 0x1F, 0x8F, 0xCF, 0xC0, 0xFB, 0xE0, 0x3E, 0xF8,
    0x07, 0xBC, 0x01, 0xEF, 0x00, 0x7B, 0xC0, 0x1E, 0xF0, 0x07, 0xBE, 0x01, 0xEF, 0x80, 0xF9, 0xF0,
    0x7E, 0x7F, 0x7F, 0x0F, 0xFF, 0x81, 0xFF, 0xC0, 0x3F, 0xE0, 0x01, 0xC0, 0x00, 0x0F, 0xE0, 0x1F,
    0xC0, 0x3F, 0x80, 0x00, 0x00, 0x00, 0x00, 0xF8, 0x07, 0xFC, 0x1F, 0xFC, 0x7F, 0xFC, 0xF8, 0xF9,
    0xE0, 0xF3, 0xC1, 0xF7, 0x83, 0xEF, 0x07, 0xDE, 0x0F, 0x3E, 0x3E, 0x3F, 0xF8, 0x7F, 0xF0, 0x3F,
    0xC0, 0x1C, 0x00, 0x0E, 0x38, 0x03, 0xFE, 0x00, 0x7F, 0x00, 0x0F, 0x80, 0x00, 0x00, 0x00, 0xF8,
    0x00, 0xFF, 0x80, 0x7F, 0xF8, 0x3F, 0xFE, 0x1F, 0x8F, 0xCF, 0xC0, 0xFB, 0xE0, 0x3E, 0xF8, 0x07,
    0xBC, 0x01, 0xEF, 0x00, 0x7B, 0xC0, 0x1E, 0xF0, 0x07, 0xBE, 0x01, 0xEF, 0x80, 0xF9, 0xF0, 0x7E,
    0x7F, 0x7F, 0x0F, 0xFF, 0x81, 0xFF, 0xC0, 0x3F, 0xE0, 0x01, 0xC0, 0x00, 0x1C, 0x70, 0x3F, 0xE0,
    0x3F, 0x80, 0x3E, 0x00, 0x00, 0x00, 0xF8, 0x07, 0xFC, 0x1F, 0xFC, 0x7F, 0xFC, 0xF8, 0xF9, 0xE0,
    0xF3, 0xC1, 0xF7, 0x83, 0xEF, 0x07, 0xDE, 0x0F, 0x3E, 0x3E, 0x3F, 0xF8, 0x7F, 0xF0, 0x3F, 0xC0,
    0x1C, 0x00, 0x07, 0xBC, 0x01, 0xFE, 0x00, 0xF7, 0x80, 0x3B, 0xC0, 0x00, 0x00, 0x00, 0xF8, 0x00,
    0xFF, 0x80, 0x7F, 0xF8, 0x3F, 0xFE, 0x1F, 0x8F, 0xCF, 0xC0, 0xFB, 0xE0, 0x3E, 0xF8, 0x07, 0xBC,
    0x01, 0xEF, 0x00, 0x7B, 0xC0, 0x1E, 0xF0, 0x07, 0xBE, 0x01, 0xEF, 0x80, 0xF9, 0xF0, 0x7E, 0x7F,
    0x7F, 0x0F, 0xFF, 0x81, 0xFF, 0xC0, 0x3F, 0xE0, 0x01, 0xC0, 0x00, 0x0F, 0x78, 0x1F, 0xE0, 0x7B,
    0xC0, 0xEF, 0x00, 0x00, 0x00, 0xF8, 0x07, 0xFC, 0x1F, 0xFC, 0x7F, 0xFC, 0xF8, 0xF9, 0xE0, 0xF3,
    0xC1, 0xF7, 0x83, 0xEF, 0x07, 0xDE, 0x0F, 0x3E, 0x3E, 0x3F, 0xF8, 0x7F, 0xF0, 0x3F, 0xC0, 0x1C,
    0x00, 0x00, 0xFF, 0xFE, 0x0F, 0xFF, 0xFF, 0x1F, 0xFF, 0xFF, 0x3F, 0xFF, 0xFF, 0x7F, 0x3E, 0x00,
    0x7C, 0x1E, 0x00, 0xF8, 0x1E, 0x00, 0xF0, 0x1E, 0x00, 0xF0, 0x1F, 0xFE, 0xF0, 0x1F, 0xFE, 0xF0,
    0x1F, 0xFE, 0xF0, 0x1F, 0xFE, 0xF8, 0x1E, 0x00, 0xF8, 0x1E, 0x00, 0x7C, 0x1E, 0x00, 0x7F, 0xFF,
    0xFE, 0x3F, 0xFF, 0xFF, 0x1F, 0xFF, 0xFF, 0x07, 0xFF, 0xFF, 0x07, 0xC3, 0xF0, 0x1F, 0xF7, 0xFC,
    0x3F, 0xFF, 0xFE, 0x7F, 0xFF, 0xBE, 0x7C, 0x7E, 0x1F, 0x78, 0x3E, 0x0F, 0x78, 0x3F, 0xFF, 0x78,
    0x3F, 0xFF, 0x78, 0x3F, 0xFE, 0x78, 0x3E, 0x00, 0x7C, 0x7F, 0x1F, 0x3F, 0xFF, 0xFE, 0x3F, 0xFF,
    0xFE, 0x0F, 0xF7, 0xF8, 0x03, 0x80, 0xE0, 0x01, 0xE0, 0x07, 0x80, 0x0F, 0x00, 0x1C, 0x00, 0x00,
    0x0F, 0xF0, 0x3F, 0xFC, 0x7F, 0xFC, 0xFF, 0xFD, 0xF0, 0xFB, 0xE0, 0xFF, 0xC1, 0xFF, 0x83, 0xFF,
    0x0F, 0xBF, 0xFF, 0x7F, 0xFC, 0xFF, 0xF1, 0xFF, 0xE3, 0xE7, 0xC7, 0xC7, 0xCF, 0x8F, 0x9F, 0x0F,
    0xBE, 0x0F, 0x7C, 0x1F, 0x0F, 0x07, 0x87, 0x83, 0x80, 0x07, 0x9F, 0xFF, 0xFF, 0xFF, 0xFC, 0x3E,
    0x1F, 0x0F, 0x87, 0xC3, 0xE1, 0xF0, 0xF8, 0x7C, 0x3E, 0x00, 0x7F, 0x81, 0xFF, 0xE3, 0xFF, 0xE7,
    0xFF, 0xEF, 0x87, 0xDF, 0x07, 0xFE, 0x0F, 0xFC, 0x1F, 0xF8, 0x7D, 0xFF, 0xFB, 0xFF, 0xE7, 0xFF,
    0x8F, 0xFF, 0x1F, 0x3E, 0x3E, 0x3E, 0x7C, 0x7C, 0xF8, 0x7D, 0xF0, 0x7B, 0xE0, 0xF8, 0x00, 0x00,
    0x78, 0x00, 0xF0, 0x01, 0xE0, 0x03, 0x80, 0x0F, 0x00, 0x79, 0xDF, 0xF7, 0xFD, 0xFF, 0x7C, 0x1F,
    0x07, 0xC1, 0xF0, 0x7C, 0x1F, 0x07, 0xC1, 0xF0, 0x7C, 0x1F, 0x00, 0x01, 0xE0, 0x78, 0x1E, 0x07,
    0x03, 0xC0, 0x3C, 0xF0, 0x3F, 0xC0, 0x3F, 0x00, 0x3C, 0x00, 0x00, 0x0F, 0xF0, 0x3F, 0xFC, 0x7F,
    0xFC, 0xFF, 0xFD, 0xF0, 0xFB, 0xE0, 0xFF, 0xC1, 0xFF, 0x83, 0xFF, 0x0F, 0xBF, 0xFF, 0x7F, 0xFC,
    0xFF, 0xF1, 0xFF, 0xE3, 0xE7, 0xC7, 0xC7, 0xCF, 0x8F, 0x9F, 0x0F, 0xBE, 0x0F, 0x7C, 0x1F, 0x7B,
    0xCF, 0xF0, 0xFE, 0x0F, 0x80, 0x00, 0xF3, 0x9F, 0xF3, 0xFE, 0x7F, 0xCF, 0x81, 0xF0, 0x3E, 0x07,
    0xC0, 0xF8, 0x1F, 0x03, 0xE0, 0x7C, 0x0F, 0x81, 0xF0, 0x00, 0x01, 0xE0, 0x03, 0x80, 0x0F, 0x00,
    0x1C, 0x00, 0x00, 0x00, 0xF8, 0x07, 0xFC, 0x3F, 0xFC, 0x7F, 0xFD, 0xF0, 0xFB, 0xE0, 0xF7, 0xC0,
    0x0F, 0xC0, 0x0F, 0xF8, 0x0F, 0xFC, 0x0F, 0xFE, 0x03, 0xFC, 0x00, 0xFF, 0xC0, 0xFF, 0x81, 0xFF,
    0xC7, 0xDF, 0xFF, 0x9F, 0xFE, 0x0F, 0xF8, 0x07, 0x80, 0x01, 0xE0, 0x1E, 0x00, 0xE0, 0x0F, 0x00,
    0x00, 0x07, 0xE0, 0xFF, 0xCF, 0xFE, 0x7C, 0xFB, 0xC3, 0x9F, 0x80, 0xFF, 0xC3, 0xFF, 0x07, 0xFC,
    0x43, 0xEF, 0x0F, 0x7F, 0xF9, 0xFF, 0x87, 0xF8, 0x0F, 0x00, 0x07, 0xC0, 0x1F, 0x80, 0x7F, 0x81,
    0xE7, 0x80, 0x00, 0x00, 0xF8, 0x07, 0xFC, 0x3F, 0xFC, 0x7F, 0xFD, 0xF0, 0xFB, 0xE0, 0xF7, 0xC0,
    0x0F, 0xC0, 0x0F, 0xF8, 0x0F, 0xFC, 0x0F, 0xFE, 0x03, 0xFC, 0x00, 0xFF, 0xC0, 0xFF, 0x81, 0xFF,
    0xC7, 0xDF, 0xFF, 0x9F, 0xFE, 0x0F, 0xF8, 0x07, 0x80, 0x07, 0x80, 0x7E, 0x07, 0xF8, 0x79, 0xE0,
    0x00, 0x07, 0xE0, 0xFF, 0xCF, 0xFE, 0x7C, 0xFB, 0xC3, 0x9F, 0x80, 0xFF, 0xC3, 0xFF, 0x07, 0xFC,
    0x43, 0xEF, 0x0F, 0x7F, 0xF9, 0xFF, 0x87, 0xF8, 0x0F, 0x00, 0x07, 0xC0, 0x3F, 0xE1, 0xFF, 0xE3,
    0xFF, 0xEF, 0x87, 0xDF, 0x07, 0xBE, 0x00, 0x7E, 0x00, 0x7F, 0xC0, 0x7F, 0xE0, 0x7F, 0xF0, 0x1F,
    0xE0, 0x07, 0xFE, 0x07, 0xFC, 0x0F, 0xFE, 0x3E, 0xFF, 0xFC, 0xFF, 0xF0, 0x7F, 0xC0, 0x3C, 0x00,
    0x3C, 0x00, 0x7C, 0x01, 0xF8, 0x03, 0xE0, 0x00, 0x00, 0x0F, 0xC1, 0xFF, 0x9F, 0xFC, 0xF9, 0xF7,
    0x87, 0x3F, 0x01, 0xFF, 0x87, 0xFE, 0x0F, 0xF8, 0x87, 0xDE, 0x1E, 0xFF, 0xF3, 0xFF, 0x0F, 0xF0,
    0x1E, 0x00, 0x78, 0x03, 0xC0, 0x3E, 0x01, 0xF0, 0x00, 0x00, 0x3C, 0xF0, 0x3F, 0xC0, 0x3F, 0x00,
    0x3C, 0x00, 0x00, 0x00, 0xF8, 0x07, 0xFC, 0x3F, 0xFC, 0x7F, 0xFD, 0xF0, 0xFB, 0xE0, 0xF7, 0xC0,
    0x0F, 0xC0, 0x0F, 0xF8, 0x0F, 0xFC, 0x0F, 0xFE, 0x03, 0xFC, 0x00, 0xFF, 0xC0, 0xFF, 0x81, 0xFF,
    0xC7, 0xDF, 0xFF, 0x9F, 0xFE, 0x0F, 0xF8, 0x07, 0x80, 0x3C, 0xF0, 0xFF, 0x03, 0xF0, 0x0F, 0x00,
    0x00, 0x07, 0xE0, 0xFF, 0xCF, 0xFE, 0x7C, 0xFB, 0xC3, 0x9F, 0x80, 0xFF, 0xC3, 0xFF, 0x07, 0xFC,
    0x43, 0xEF, 0x0F, 0x7F, 0xF9, 0xFF, 0x87, 0xF8, 0x0F, 0x00, 0x7F, 0xFF, 0xFF, 0xFF, 0xFF, 0xFF,
    0xFF, 0xFF, 0x03, 0xE0, 0x03, 0xE0, 0x03, 0xE0, 0x03, 0xE0, 0x03, 0xE0, 0x03, 0xE0, 0x03, 0xE0,
    0x03, 0xE0, 0x03, 0xE0, 0x03, 0xE0, 0x03, 0xE0, 0x03, 0xE0, 0x03, 0xE0, 0x03, 0xE0, 0x03, 0xE0,
    0x01, 0x80, 0x01, 0xE0, 0x01, 0xF0, 0x01, 0xF0, 0x03, 0xE0, 0x00, 0x00, 0x3C, 0x1E, 0x0F, 0x1F,
    0xFF, 0xFF, 0xFF, 0xFE, 0x78, 0x3C, 0x1E, 0x0F, 0x07, 0x83, 0xC1, 0xE0, 0xFE, 0x7F, 0x1F, 0x87,
    0x03, 0xE0, 0xF0, 0xF8, 0x7C, 0x00, 0x1E, 0x78, 0x0F, 0xF0, 0x07, 0xE0, 0x03, 0xC0, 0x00, 0x00,
    0x7F, 0xFF, 0xFF, 0xFF, 0xFF, 0xFF, 0xFF, 0xFF, 0x03, 0xE0, 0x03, 0xE0, 0x03, 0xE0, 0x03, 0xE0,
    0x03, 0xE0, 0x03, 0xE0, 0x03, 0xE0, 0x03, 0xE0, 0x03, 0xE0, 0x03, 0xE0, 0x03, 0xE0, 0x03, 0xE0,
    0x03, 0xE0, 0x03, 0xE0, 0x03, 0xE0, 0x00, 0x00, 0x38, 0x07, 0x00, 0xE3, 0xDC, 0x7B, 0x8F, 0x07,
    0xFC, 0xFF, 0x9F, 0xF3, 0xFE, 0x1E, 0x03, 0xC0, 0x78, 0x0F, 0x01, 0xE0, 0x3C, 0x07, 0x80, 0xFE,
    0x1F, 0xC1, 0xF8, 0x04, 0x00, 0x7F, 0xFF, 0xFF, 0xFF, 0xFF, 0xFF, 0xFF, 0xFF, 0x03, 0xE0, 0x03,
    0xE0, 0x03, 0xE0, 0x03, 0xE0, 0x1F, 0xFC, 0x1F, 0xFC, 0x1F, 0xFC, 0x1F, 0xF8, 0x03, 0xE0, 0x03,
    0xE0, 0x03, 0xE0, 0x03, 0xE0, 0x03, 0xE0, 0x03, 0xE0, 0x03, 0xE0, 0x3C, 0x1E, 0x0F, 0x1F, 0xFF,
    0xFF, 0xFF, 0xFE, 0x78, 0xFF, 0xFF, 0xFF, 0xE7, 0x83, 0xC1, 0xE0, 0xFE, 0x7F, 0x1F, 0x81, 0x00,
    0x07, 0x38, 0x0F, 0xF8, 0x0F, 0xF0, 0x0C, 0xE0, 0x00, 0x00, 0x70, 0x0E, 0xF8, 0x1F, 0xF8, 0x1F,
    0xF8, 0x1F, 0xF8, 0x1F, 0xF8, 0x1F, 0xF8, 0x1F, 0xF8, 0x1F, 0xF8, 0x1F, 0xF8, 0x1F, 0xF8, 0x1F,
    0xF8, 0x1F, 0xF8, 0x1F, 0xF8, 0x1F, 0xF8, 0x1F, 0x7E, 0x7E, 0x7F, 0xFE, 0x3F, 0xFC, 0x0F, 0xF8,
    0x03, 0xC0, 0x1E, 0x61, 0xFF, 0x0F, 0xF8, 0x73, 0x80, 0x00, 0x78, 0x3F, 0xE1, 0xFF, 0x0F, 0xF8,
    0x7F, 0xC3, 0xFE, 0x1F, 0xF0, 0xFF, 0x87, 0xFC, 0x3F, 0xE1, 0xFF, 0x9F, 0x7F, 0xFB, 0xFF, 0xCF,
    0xDE, 0x18, 0x00, 0x07, 0xF0, 0x0F, 0xF0, 0x0F, 0xF0, 0x00, 0x00, 0x00, 0x00, 0x70, 0x0E, 0xF8,
    0x1F, 0xF8, 0x1F, 0xF8, 0x1F, 0xF8, 0x1F, 0xF8, 0x1F, 0xF8, 0x1F, 0xF8, 0x1F, 0xF8, 0x1F, 0xF8,
    0x1F, 0xF8, 0x1F, 0xF8, 0x1F, 0xF8, 0x1F, 0xF8, 0x1F, 0xF8, 0x1F, 0x7E, 0x7E, 0x7F, 0xFE, 0x3F,
    0xFC, 0x0F, 0xF8, 0x03, 0xC0, 0x1F, 0xC0, 0xFF, 0x07, 0xF8, 0x00, 0x00, 0x00, 0x78, 0x3F, 0xE1,
    0xFF, 0x0F, 0xF8, 0x7F, 0xC3, 0xFE, 0x1F, 0xF0, 0xFF, 0x87, 0xFC, 0x3F, 0xE1, 0xFF, 0x9F, 0x7F,
    0xFB, 0xFF, 0xCF, 0xDE, 0x18, 0x00, 0x0C, 0x38, 0x0F, 0xF0, 0x0F, 0xF0, 0x03, 0xE0, 0x00, 0x00,
    0x70, 0x0E, 0xF8, 0x1F, 0xF8, 0x1F, 0xF8, 0x1F, 0xF8, 0x1F, 0xF8, 0x1F, 0xF8, 0x1F, 0xF8, 0x1F,
    0xF8, 0x1F, 0xF8, 0x1F, 0xF8, 0x1F, 0xF8, 0x1F, 0xF8, 0x1F, 0xF8, 0x1F, 0xF8, 0x1F, 0x7E, 0x7E,
    0x7F, 0xFE, 0x3F, 0xFC, 0x0F, 0xF8, 0x03, 0xC0, 0x38, 0xE1, 0xFF, 0x07, 0xF0, 0x1F, 0x00, 0x00,
    0x78, 0x3F, 0xE1, 0xFF, 0x0F, 0xF8, 0x7F, 0xC3, 0xFE, 0x1F, 0xF0, 0xFF, 0x87, 0xFC, 0x3F, 0xE1,
    0xFF, 0x9F, 0x7F, 0xFB, 0xFF, 0xCF, 0xDE, 0x18, 0x00, 0x03, 0xC0, 0x07, 0xE0, 0x0E, 0x70, 0x0E,
    0x70, 0x07, 0xE0, 0x03, 0xE0, 0x70, 0x0E, 0xF8, 0x1F, 0xF8, 0x1F, 0xF8, 0x1F, 0xF8, 0x1F, 0xF8,
    0x1F, 0xF8, 0x1F, 0xF8, 0x1F, 0xF8, 0x1F, 0xF8, 0x1F, 0xF8, 0x1F, 0xF8, 0x1F, 0xF8, 0x1F, 0xF8,
    0x1F, 0xF8, 0x1F, 0x7E, 0x7E, 0x7F, 0xFE, 0x3F, 0xFC, 0x0F, 0xF8, 0x03, 0xC0, 0x07, 0x80, 0x7E,
    0x07, 0x70, 0x39, 0x81, 0xFC, 0x07, 0xE0, 0x1C, 0x1E, 0x0F, 0xF8, 0x7F, 0xC3, 0xFE, 0x1F, 0xF0,
    0xFF, 0x87, 0xFC, 0x3F, 0xE1, 0xFF, 0x0F, 0xF8, 0x7F, 0xE7, 0xDF, 0xFE, 0xFF, 0xF3, 0xF7, 0x86,
    0x00, 0x07, 0xFC, 0x0F, 0x78, 0x0E, 0xF0, 0x0E, 0xE0, 0x00, 0x00, 0x70, 0x0E, 0xF8, 0x1F, 0xF8,
    0x1F, 0xF8, 0x1F, 0xF8, 0x1F, 0xF8, 0x1F, 0xF8, 0x1F, 0xF8, 0x1F, 0xF8, 0x1F, 0xF8, 0x1F, 0xF8,
    0x1F, 0xF8, 0x1F, 0xF8, 0x1F, 0xF8, 0x1F, 0xF8, 0x1F, 0x7E, 0x7E, 0x7F, 0xFE, 0x3F, 0xFC, 0x0F,
    0xF8, 0x03, 0xC0, 0x1E, 0xF0, 0xFF, 0x0F, 0x78, 0x7F, 0x80, 0x00, 0x78, 0x3F, 0xE1, 0xFF, 0x0F,
    0xF8, 0x7F, 0xC3, 0xFE, 0x1F, 0xF0, 0xFF, 0x87, 0xFC, 0x3F, 0xE1, 0xFF, 0x9F, 0x7F, 0xFB, 0xFF,
    0xCF, 0xDE, 0x18, 0x00, 0x70, 0x0E, 0xF8, 0x1F, 0xF8, 0x1F, 0xF8, 0x1F, 0xF8, 0x1F, 0xF8, 0x1F,
    0xF8, 0x1F, 0xF8, 0x1F, 0xF8, 0x1F, 0xF8, 0x1F, 0xF8, 0x1F, 0xF8, 0x1F, 0xF8, 0x1F, 0xF8, 0x1F,
    0xF8, 0x1F, 0x7E, 0x7E, 0x7F, 0xFE, 0x3F, 0xFC, 0x0F, 0xF8, 0x03, 0xE0, 0x03, 0xC0, 0x07, 0xC0,
    0x07, 0xE0, 0x03, 0xF0, 0x00, 0xC0, 0xF0, 0x7B, 0xE1, 0xEF, 0x87, 0xBE, 0x1E, 0xF8, 0x7B, 0xE1,
    0xEF, 0x87, 0xBE, 0x1E, 0xF8, 0x7B, 0xE1, 0xEF, 0xCF, 0x9F, 0xFE, 0x7F, 0xF8, 0xFD, 0xE0, 0xCF,
    0x80, 0x38, 0x01, 0xF0, 0x07, 0xE0, 0x0F, 0xC0, 0x0C, 0x00, 0x3E, 0x00, 0x00, 0x0F, 0xC0, 0x00,
    0x07, 0xF8, 0x00, 0x03, 0xCF, 0x00, 0x00, 0x00, 0x00, 0x1C, 0x07, 0x81, 0xEF, 0x83, 0xE0, 0x79,
    0xE0, 0xFC, 0x3E, 0x7C, 0x3F, 0x0F, 0x9F, 0x0F, 0xC3, 0xE7, 0xC7, 0xF0, 0xF0, 0xF1, 0xFE, 0x7C,
    0x3C, 0x7F, 0x9F, 0x0F, 0x9F, 0xE7, 0xC3, 0xEF, 0x79, 0xE0, 0x7B, 0xCF, 0x78, 0x1E, 0xF3, 0xFE,
    0x07, 0xFC, 0xFF, 0x00, 0xFE, 0x3F, 0xC0, 0x3F, 0x87, 0xF0, 0x0F, 0xE1, 0xFC, 0x03, 0xF8, 0x7E,
    0x00, 0x7C, 0x1F, 0x80, 0x1F, 0x03, 0xE0, 0x00, 0xF8, 0x00, 0x0F, 0xE0, 0x00, 0xF7, 0x80, 0x07,
    0x1C, 0x00, 0x00, 0x00, 0x78, 0x3C, 0x3F, 0xE3, 0xE3, 0xEF, 0x1F, 0x1F, 0x78, 0xF8, 0xF3, 0xCF,
    0xE7, 0x9F, 0x7F, 0x7C, 0x7B, 0xFB, 0xC3, 0xDD, 0xDE, 0x1F, 0xEF, 0xF0, 0x7F, 0x7F, 0x03, 0xF1,
    0xF8, 0x1F, 0x8F, 0xC0, 0x7C, 0x7E, 0x03, 0xE3, 0xE0, 0x01, 0xE0, 0x00, 0xFC, 0x00, 0x7F, 0x80,
    0x3C, 0xF0, 0x00, 0x00, 0x1E, 0x01, 0xEF, 0xC0, 0xFD, 0xF0, 0x3E, 0x3E, 0x1F, 0x0F, 0x87, 0xC1,
    0xF3, 0xE0, 0x7C, 0xF8, 0x0F, 0xFC, 0x01, 0xFE, 0x00, 0x7F, 0x80, 0x0F, 0xC0, 0x03, 0xF0, 0x00,
    0x78, 0x00, 0x1E, 0x00, 0x07, 0x80, 0x01, 0xE0, 0x00, 0x78, 0x00, 0x1E, 0x00, 0x07, 0x80, 0x07,
    0xC0, 0x1F, 0xC0, 0x7B, 0xC1, 0xE7, 0x80, 0x00, 0x1F, 0x07, 0xFE, 0x0F, 0x3C, 0x1E, 0x7C, 0x7C,
    0xF8, 0xF0, 0xF1, 0xE1, 0xF7, 0xC1, 0xEF, 0x03, 0xDE, 0x07, 0xF8, 0x07, 0xF0, 0x0F, 0xE0, 0x1F,
    0x80, 0x1F, 0x00, 0x3E, 0x00, 0x78, 0x07, 0xF0, 0x1F, 0xC0, 0x3F, 0x00, 0x18, 0x00, 0x07, 0x38,
    0x03, 0xCF, 0x00, 0xF3, 0xC0, 0x1C, 0xE0, 0x00, 0x00, 0x1E, 0x01, 0xEF, 0xC0, 0xFD, 0xF0, 0x3E,
    0x3E, 0x1F, 0x0F, 0x87, 0xC1, 0xF3, 0xE0, 0x7C, 0xF8, 0x0F, 0xFC, 0x01, 0xFE, 0x00, 0x7F, 0x80,
    0x0F, 0xC0, 0x03, 0xF0, 0x00, 0x78, 0x00, 0x1E, 0x00, 0x07, 0x80, 0x01, 0xE0, 0x00, 0x78, 0x00,
    0x1E, 0x00, 0x07, 0x80, 0x01, 0xE0, 0x03, 0xC0, 0x0F, 0x00, 0x1C, 0x00, 0x00, 0x1F, 0xFF, 0xBF,
    0xFF, 0xFF, 0xFF, 0xFF, 0xFC, 0x00, 0xF8, 0x03, 0xE0, 0x0F, 0x80, 0x3E, 0x00, 0x7C, 0x01, 0xF0,
    0x07, 0xC0, 0x0F, 0x80, 0x3E, 0x00, 0xF8, 0x03, 0xE0, 0x07, 0xDF, 0xDF, 0xFF, 0xFF, 0xFF, 0xFF,
    0xFF, 0x03, 0xC0, 0x78, 0x07, 0x80, 0xF0, 0x00, 0x0F, 0xFF, 0xFF, 0xFF, 0xFF, 0xFF, 0xE0, 0x3E,
    0x07, 0xC0, 0xF8, 0x1F, 0x01, 0xF0, 0x3E, 0x07, 0xC0, 0xFF, 0xFF, 0xFF, 0xFF, 0xF0, 0x07, 0x80,
    0x0F, 0x80, 0x1F, 0x00, 0x1C, 0x00, 0x00, 0x1F, 0xFF, 0xBF, 0xFF, 0xFF, 0xFF, 0xFF, 0xFC, 0x00,
    0xF8, 0x03, 0xE0, 0x0F, 0x80, 0x3E, 0x00, 0x7C, 0x01, 0xF0, 0x07, 0xC0, 0x0F, 0x80, 0x3E, 0x00,
    0xF8, 0x03, 0xE0, 0x07, 0xDF, 0xDF, 0xFF, 0xFF, 0xFF, 0xFF, 0xFF, 0x0F, 0x00, 0xF0, 0x0F, 0x00,
    0xF0, 0x00, 0x0F, 0xFF, 0xFF, 0xFF, 0xFF, 0xFF, 0xE0, 0x3E, 0x07, 0xC0, 0xF8, 0x1F, 0x01, 0xF0,
    0x3E, 0x07, 0xC0, 0xFF, 0xFF, 0xFF, 0xFF, 0xF0, 0x3C, 0xF0, 0x3F, 0xC0, 0x3F, 0x00, 0x3C, 0x00,
    0x00, 0x1F, 0xFF, 0xBF, 0xFF, 0xFF, 0xFF, 0xFF, 0xFC, 0x00, 0xF8, 0x03, 0xE0, 0x0F, 0x80, 0x3E,
    0x00, 0x7C, 0x01, 0xF0, 0x07, 0xC0, 0x0F, 0x80, 0x3E, 0x00, 0xF8, 0x03, 0xE0, 0x07, 0xDF, 0xDF,
    0xFF, 0xFF, 0xFF, 0xFF, 0xFF, 0x79, 0xE3, 0xFC, 0x1F, 0x80, 0xF0, 0x00, 0x0F, 0xFF, 0xFF, 0xFF,
    0xFF, 0xFF, 0xE0, 0x3E, 0x07, 0xC0, 0xF8, 0x1F, 0x01, 0xF0, 0x3E, 0x07, 0xC0, 0xFF, 0xFF, 0xFF,
    0xFF, 0xF0, 0x3F, 0x7F, 0xFE, 0xFA, 0xF8, 0xF8, 0xF8, 0xF8, 0xF8, 0xF8, 0xF8, 0xF8, 0xF8, 0xF8,
    0xF8, 0xF8, 0xF8, 0xF8, 0xF8, 0x00, 0x03, 0xC0, 0x00, 0xF0, 0x3F, 0xFC, 0x3F, 0xFE, 0x1F, 0xFF,
    0x8F, 0xFF, 0xC7, 0xE3, 0xF3, 0xF0, 0x3E, 0xF8, 0x0F, 0xBE, 0x01, 0xEF, 0x00, 0x7B, 0xC0, 0x1E,
    0xF0, 0x07, 0xBC, 0x01, 0xEF, 0x80, 0x7B, 0xE0, 0x3E, 0x7C, 0x1F, 0x9F, 0xDF, 0xC3, 0xFF, 0xE0,
    0x7F, 0xF0, 0x0F, 0xF8, 0x00, 0x70, 0x00, 0x00, 0x0E, 0x00, 0x1C, 0x00, 0x38, 0x3F, 0xF1, 0xFF,
    0xE7, 0xFF, 0x1F, 0xFF, 0x3E, 0x3E, 0x78, 0x3C, 0xF0, 0x7D, 0xE0, 0xFB, 0xC1, 0xF7, 0x83, 0xCF,
    0x8F, 0x8F, 0xFE, 0x1F, 0xFC, 0x0F, 0xF0, 0x07, 0x00, 0x00, 0x03, 0xC0, 0x00, 0xF7, 0x00, 0xFF,
    0xE0, 0x7F, 0xF8, 0x1F, 0xBE, 0x07, 0xCF, 0x81, 0xF3, 0xE0, 0x7C, 0xF8, 0x1F, 0x3E, 0x07, 0xCF,
    0x81, 0xF3, 0xE0, 0x7C, 0xF8, 0x1F, 0x3E, 0x07, 0xCF, 0x81, 0xF3, 0xE0, 0x7C, 0xF8, 0x1F, 0x1F,
    0x9F, 0x87, 0xFF, 0xE0, 0xFF, 0xF0, 0x0F, 0xF8, 0x00, 0xF0, 0x00, 0x00, 0x0E, 0x00, 0x1C, 0x00,
    0x3F, 0x83, 0xFF, 0x87, 0xFF, 0x0F, 0xBE, 0x1E, 0x7C, 0x3C, 0xF8, 0x79, 0xF0, 0xF3, 0xE1, 0xE7,
    0xC3, 0xCF, 0x87, 0x9F, 0x9F, 0x1F, 0xFE, 0x3F, 0xFC, 0x3F, 0x78, 0x18, 0x00, 0x7F, 0x00, 0x1E,
    0x7B, 0xFF, 0xC0, 0x3F, 0xCF, 0xFF, 0x80, 0x7E, 0x3F, 0xFF, 0x00, 0xF0, 0xF8, 0xFE, 0x00, 0x03,
    0xE0, 0xF8, 0xFF, 0xFF, 0x81, 0xF3, 0xFF, 0xFE, 0x07, 0xCF, 0xFF, 0xF8, 0x0F, 0x3F, 0xFB, 0xE0,
    0x3C, 0x03, 0xEF, 0x80, 0xF0, 0x1F, 0x3E, 0x03, 0xC0, 0xF8, 0xF8, 0x1F, 0x07, 0xC3, 0xE0, 0x7C,
    0x1E, 0x0F, 0x83, 0xE0, 0xF8, 0x3F, 0xFF, 0x87, 0xC0, 0xFF, 0xFC, 0x3F, 0xFF, 0xFF, 0xE0, 0xFF,
    0xFF, 0xFE, 0x03, 0xFF, 0xC0, 0x00, 0x1C, 0x3D, 0xE0, 0x01, 0xE0, 0xFF, 0x00, 0x0F, 0x07, 0xF0,
    0x00, 0x78, 0x1F, 0x00, 0x03, 0xC0, 0x00, 0x07, 0xDE, 0x3F, 0xF8, 0x7F, 0xF1, 0xFF, 0xC7, 0xFF,
    0x8F, 0xFE, 0x7F, 0xFC, 0x7F, 0xF3, 0xE3, 0xE0, 0x1F, 0x1E, 0x0F, 0x00, 0xF0, 0xF0, 0x78, 0x0F,
    0x87, 0x83, 0xC0, 0xF8, 0x3C, 0x1E, 0x0F, 0x81, 0xE0, 0xF0, 0xF8, 0x0F, 0x8F, 0x87, 0xC0, 0x7F,
    0xFC, 0x7F, 0xF9, 0xFF, 0xE3, 0xFF, 0xC7, 0xFF, 0x1F, 0xFE, 0x0E, 0x00, 0x00, 0x00, 0x70, 0x00,
    0x03, 0xDF, 0x00, 0x00, 0x7B, 0xE0, 0x00, 0x0F, 0x7C, 0x00, 0x01, 0xEF, 0x80, 0x00, 0x3D, 0xF0,
    0x00, 0x07, 0xBE, 0x00, 0x00, 0xF7, 0xC0, 0x00, 0x1E, 0xF8, 0x00, 0x03, 0xDF, 0x00, 0x00, 0x7B,
    0xE0, 0x00, 0x0F, 0x7C, 0x00, 0x01, 0xEF, 0x80, 0x3C, 0x3D, 0xF0, 0x07, 0x87, 0xBE, 0x00, 0xF0,
    0xF7, 0xFF, 0x9F, 0x3E, 0xFF, 0xFB, 0xFF, 0xDF, 0xFF, 0x3F, 0xF3, 0xFF, 0xE3, 0xFC, 0x00, 0x00,
    0x1C, 0x00, 0x70, 0x01, 0xDF, 0x00, 0x7F, 0xE0, 0x0F, 0xFC, 0x00, 0xEF, 0x80, 0x01, 0xF0, 0x07,
    0xBE, 0x00, 0xFF, 0xC0, 0x1F, 0xF8, 0x03, 0xFF, 0x00, 0x7F, 0xE0, 0x0F, 0xFC, 0x01, 0xFF, 0x80,
    0x3F, 0xF0, 0x07, 0xFE, 0x00, 0xFF, 0xFF, 0x9F, 0xFF, 0xFB, 0xFF, 0xFF, 0x7F, 0xFF, 0xEF, 0x80,
    0x01, 0xF0, 0x00, 0x3E, 0x00, 0x1F, 0x80, 0x03, 0xF0, 0x00, 0x7C, 0x00, 0x00, 0x00, 0x71, 0xFF,
    0x3F, 0xE7, 0xFC, 0xFF, 0x81, 0xF3, 0xFE, 0x7F, 0xCF, 0xF9, 0xFF, 0x3F, 0xE7, 0xFC, 0xFF, 0x9F,
    0xF3, 0xFE, 0x7F, 0xCF, 0xF9, 0xFF, 0x3F, 0xE7, 0x80, 0xF0, 0x1E, 0x0F, 0xC1, 0xF0, 0x3C, 0x00,
    0x00, 0x78, 0x07, 0x00, 0x1F, 0xF8, 0x1F, 0x00, 0x3F, 0xF0, 0x3E, 0x00, 0x7F, 0xF0, 0x7C, 0x00,
    0xFF, 0xE0, 0xF8, 0x01, 0xFF, 0xE1, 0xF0, 0x03, 0xFF, 0xE3, 0xE0, 0x07, 0xFF, 0xC7, 0xC0, 0x0F,
    0xFF, 0xCF, 0x80, 0x1F, 0xF7, 0xDF, 0x00, 0x3F, 0xEF, 0xBE, 0x00, 0x7F, 0xCF, 0xFC, 0x00, 0xFF,
    0x8F, 0xFB, 0xE1, 0xFF, 0x1F, 0xF7, 0xC3, 0xFE, 0x1F, 0xEF, 0x87, 0xFC, 0x1F, 0xCF, 0x9F, 0xF8,
    0x3F, 0x9F, 0xFF, 0xF0, 0x3F, 0x1F, 0xFB, 0xE0, 0x7E, 0x1F, 0xE0, 0x00, 0x00, 0x0E, 0x00, 0x78,
    0x07, 0x1E, 0xFC, 0x0F, 0x9E, 0xFC, 0x0F, 0x9E, 0xFE, 0x0F, 0x8E, 0xFE, 0x0F, 0x80, 0xFF, 0x0F,
    0x9E, 0xFF, 0x8F, 0x9E, 0xFF, 0x8F, 0x9E, 0xFF, 0xCF, 0x9E, 0xFB, 0xEF, 0x9E, 0xFB, 0xEF, 0x9E,
    0xF9, 0xFF, 0x9E, 0xF8, 0xFF, 0x9E, 0xF8, 0xFF, 0x9E, 0xF8, 0x7F, 0x9E, 0xF8, 0x3F, 0x9E, 0xF8,
    0x3F, 0x9E, 0xF8, 0x1F, 0x9E, 0xF8, 0x1F, 0x9E, 0x00, 0x00, 0x1E, 0x00, 0x00, 0x1E, 0x00, 0x00,
    0x7E, 0x00, 0x00, 0x7E, 0x00, 0x00, 0x7C, 0x00, 0x00, 0x00, 0x00, 0x00, 0xF0, 0x00, 0x1F, 0x00,
    0x01, 0xF0, 0x00, 0x0E, 0x00, 0x00, 0x0F, 0x3E, 0x0F, 0xF7, 0xF1, 0xFF, 0xFF, 0x9F, 0xFF, 0xF9,
    0xFF, 0x8F, 0x9F, 0xF8, 0x79, 0xFF, 0x87, 0x9F, 0xF8, 0x79, 0xFF, 0x87, 0x9F, 0xF8, 0x79, 0xFF,
    0x87, 0x9F, 0xF8, 0x79, 0xFF, 0x87, 0x9F, 0xF8, 0x79, 0xF0, 0x00, 0x1F, 0x00, 0x01, 0xF0, 0x00,
    0x7F, 0x00, 0x07, 0xE0, 0x00, 0x7C, 0x00, 0x00, 0x00, 0x0F, 0x3C, 0x01, 0xFE, 0x00, 0x3F, 0x00,
    0x07, 0x80, 0x00, 0x00, 0x00, 0x78, 0x00, 0x3F, 0x00, 0x0F, 0xE0, 0x07, 0xF8, 0x01, 0xFE, 0x00,
    0x7F, 0xC0, 0x3F, 0xF0, 0x0F, 0xBC, 0x03, 0xCF, 0x81, 0xF3, 0xE0, 0x7C, 0x78, 0x1F, 0x1F, 0x0F,
    0xFF, 0xC3, 0xFF, 0xF0, 0xFF, 0xFE, 0x7C, 0x0F, 0x9F, 0x01, 0xF7, 0x80, 0x7F, 0xE0, 0x1F, 0x3C,
    0xF0, 0xFF, 0x03, 0xF0, 0x0F, 0x00, 0x00, 0x07, 0xE0, 0xFF, 0xC7, 0xFF, 0x7C, 0xFB, 0xC3, 0xC0,
    0x3E, 0x3F, 0xF7, 0xFF, 0xBF, 0xBF, 0xE1, 0xFF, 0x1F, 0x7F, 0xFB, 0xFF, 0xCF, 0xFE, 0x1C, 0x00,
    0x7B, 0xCF, 0xF0, 0xFC, 0x0F, 0x80, 0x00, 0x1C, 0x07, 0xC0, 0xF8, 0x1F, 0x03, 0xE0, 0x7C, 0x0F,
    0x81, 0xF0, 0x3E, 0x07, 0xC0, 0xF8, 0x1F, 0x03, 0xE0, 0x7C, 0x0F, 0x81, 0xF0, 0x3E, 0x07, 0xC0,
    0xF8, 0xF3, 0xCF, 0xF0, 0xFC, 0x0F, 0x00, 0x00, 0x3C, 0x07, 0xC0, 0xF8, 0x1F, 0x03, 0xE0, 0x7C,
    0x0F, 0x81, 0xF0, 0x3E, 0x07, 0xC0, 0xF8, 0x1F, 0x03, 0xE0, 0x7C, 0x00, 0x0F, 0x78, 0x01, 0xFE,
    0x00, 0x3F, 0x00, 0x0F, 0x80, 0x00, 0x00, 0x00, 0xF8, 0x00, 0xFF, 0x80, 0x7F, 0xF8, 0x3F, 0xFE,
    0x1F, 0x8F, 0xCF, 0xC0, 0xFB, 0xE0, 0x3E, 0xF8, 0x07, 0xBC, 0x01, 0xEF, 0x00, 0x7B, 0xC0, 0x1E,
    0xF0, 0x07, 0xBE, 0x01, 0xEF, 0x80, 0xF9, 0xF0, 0x7E, 0x7F, 0x7F, 0x0F, 0xFF, 0x81, 0xFF, 0xC0,
    0x3F, 0xE0, 0x01, 0xC0, 0x00, 0x1E, 0xF0, 0x1F, 0xE0, 0x1F, 0x80, 0x3E, 0x00, 0x00, 0x00, 0xF8,
    0x07, 0xFC, 0x1F, 0xFC, 0x7F, 0xFC, 0xF8, 0xF9, 0xE0, 0xF3, 0xC1, 0xF7, 0x83, 0xEF, 0x07, 0xDE,
    0x0F, 0x3E, 0x3E, 0x3F, 0xF8, 0x7F, 0xF0, 0x3F, 0xC0, 0x1C, 0x00, 0x1E, 0x78, 0x0F, 0xF0, 0x07,
    0xE0, 0x03, 0xC0, 0x00, 0x00, 0x70, 0x0E, 0xF8, 0x1F, 0xF8, 0x1F, 0xF8, 0x1F, 0xF8, 0x1F, 0xF8,
    0x1F, 0xF8, 0x1F, 0xF8, 0x1F, 0xF8, 0x1F, 0xF8, 0x1F, 0xF8, 0x1F, 0xF8, 0x1F, 0xF8, 0x1F, 0xF8,
    0x1F, 0xF8, 0x1F, 0x7E, 0x7E, 0x7F, 0xFE, 0x3F, 0xFC, 0x0F, 0xF8, 0x03, 0xC0, 0x3C, 0xF0, 0xFF,
    0x03, 0xF0, 0x0F, 0x00, 0x00, 0x78, 0x3F, 0xE1, 0xFF, 0x0F, 0xF8, 0x7F, 0xC3, 0xFE, 0x1F, 0xF0,
    0xFF, 0x87, 0xFC, 0x3F, 0xE1, 0xFF, 0x9F, 0x7F, 0xFB, 0xFF, 0xCF, 0xDE, 0x18, 0x00, 0x00, 0x00,
    0x0F, 0xF0, 0x0F, 0xF0, 0x00, 0x00, 0x0E, 0x70, 0x1E, 0x78, 0x1F, 0x78, 0x0E, 0x78, 0x00, 0x00,
    0x70, 0x0E, 0xF8, 0x1F, 0xF8, 0x1F, 0xF8, 0x1F, 0xF8, 0x1F, 0xF8, 0x1F, 0xF8, 0x1F, 0xF8, 0x1F,
    0xF8, 0x1F, 0xF8, 0x1F, 0xF8, 0x1F, 0xF8, 0x1F, 0xF8, 0x1F, 0xF8, 0x1F, 0xF8, 0x1F, 0x7E, 0x7E,
    0x7F, 0xFE, 0x3F, 0xFC, 0x0F, 0xF8, 0x03, 0xC0, 0x00, 0x00, 0xFF, 0x07, 0xF8, 0x00, 0x01, 0x8E,
    0x1E, 0xF0, 0xF7, 0xC7, 0x9C, 0x00, 0x07, 0x83, 0xFE, 0x1F, 0xF0, 0xFF, 0x87, 0xFC, 0x3F, 0xE1,
    0xFF, 0x0F, 0xF8, 0x7F, 0xC3, 0xFE, 0x1F, 0xF9, 0xF7, 0xFF, 0xBF, 0xFC, 0xFD, 0xE1, 0x80, 0x00,
    0xF0, 0x01, 0xE0, 0x01, 0xC0, 0x01, 0x80, 0x0E, 0x70, 0x1E, 0x78, 0x1F, 0x78, 0x0E, 0x78, 0x00,
    0x00, 0x70, 0x0E, 0xF8, 0x1F, 0xF8, 0x1F, 0xF8, 0x1F, 0xF8, 0x1F, 0xF8, 0x1F, 0xF8, 0x1F, 0xF8,
    0x1F, 0xF8, 0x1F, 0xF8, 0x1F, 0xF8, 0x1F, 0xF8, 0x1F, 0xF8, 0x1F, 0xF8, 0x1F, 0xF8, 0x1F, 0x7E,
    0x7E, 0x7F, 0xFE, 0x3F, 0xFC, 0x0F, 0xF8, 0x03, 0xC0, 0x01, 0xC0, 0x1E, 0x00, 0xE0, 0x0E, 0x01,
    0x8E, 0x1E, 0xF0, 0xF7, 0xC7, 0x9C, 0x00, 0x07, 0x83, 0xFE, 0x1F, 0xF0, 0xFF, 0x87, 0xFC, 0x3F,
    0xE1, 0xFF, 0x0F, 0xF8, 0x7F, 0xC3, 0xFE, 0x1F, 0xF9, 0xF7, 0xFF, 0xBF, 0xFC, 0xFD, 0xE1, 0x80,
    0x0E, 0x70, 0x0F, 0xF0, 0x07, 0xE0, 0x03, 0xC0, 0x0E, 0x70, 0x1E, 0x78, 0x1F, 0x78, 0x0E, 0x78,
    0x00, 0x00, 0x70, 0x0E, 0xF8, 0x1F, 0xF8, 0x1F, 0xF8, 0x1F, 0xF8, 0x1F, 0xF8, 0x1F, 0xF8, 0x1F,
    0xF8, 0x1F, 0xF8, 0x1F, 0xF8, 0x1F, 0xF8, 0x1F, 0xF8, 0x1F, 0xF8, 0x1F, 0xF8, 0x1F, 0xF8, 0x1F,
    0x7E, 0x7E, 0x7F, 0xFE, 0x3F, 0xFC, 0x0F, 0xF8, 0x03, 0xC0, 0x3D, 0xE0, 0xFE, 0x03, 0xE0, 0x0E,
    0x01, 0x8E, 0x1E, 0xF0, 0xF7, 0xC7, 0x9C, 0x00, 0x07, 0x83, 0xFE, 0x1F, 0xF0, 0xFF, 0x87, 0xFC,
    0x3F, 0xE1, 0xFF, 0x0F, 0xF8, 0x7F, 0xC3, 0xFE, 0x1F, 0xF9, 0xF7, 0xFF, 0xBF, 0xFC, 0xFD, 0xE1,
    0x80, 0x0F, 0x00, 0x07, 0x80, 0x03, 0x80, 0x01, 0x80, 0x0E, 0x70, 0x1E, 0x78, 0x1F, 0x78, 0x0E,
    0x78, 0x00, 0x00, 0x70, 0x0E, 0xF8, 0x1F, 0xF8, 0x1F, 0xF8, 0x1F, 0xF8, 0x1F, 0xF8, 0x1F, 0xF8,
    0x1F, 0xF8, 0x1F, 0xF8, 0x1F, 0xF8, 0x1F, 0xF8, 0x1F, 0xF8, 0x1F, 0xF8, 0x1F, 0xF8, 0x1F, 0xF8,
    0x1F, 0x7E, 0x7E, 0x7F, 0xFE, 0x3F, 0xFC, 0x0F, 0xF8, 0x03, 0xC0, 0x1E, 0x00, 0x70, 0x03, 0xC0,
    0x0E, 0x01, 0x8E, 0x1E, 0xF0, 0xF7, 0xC7, 0x9C, 0x00, 0x07, 0x83, 0xFE, 0x1F, 0xF0, 0xFF, 0x87,
    0xFC, 0x3F, 0xE1, 0xFF, 0x0F, 0xF8, 0x7F, 0xC3, 0xFE, 0x1F, 0xF9, 0xF7, 0xFF, 0xBF, 0xFC, 0xFD,
    0xE1, 0x80, 0x0F, 0xC0, 0xFF, 0xC7, 0xFF, 0x9F, 0x3E, 0x78, 0x7C, 0x00, 0xF7, 0xFF, 0xDF, 0xFF,
    0x7F, 0xFD, 0xE0, 0xF7, 0xC7, 0xCF, 0xFE, 0x3F, 0xF0, 0x7F, 0x80, 0x30, 0x00, 0x00, 0x00, 0x01,
    0xFE, 0x00, 0x7F, 0x80, 0x00, 0x00, 0x07, 0x18, 0x03, 0xEF, 0x00, 0xFB, 0xC0, 0x1C, 0xF0, 0x00,
    0x00, 0x00, 0x78, 0x00, 0x3F, 0x00, 0x0F, 0xE0, 0x07, 0xF8, 0x01, 0xFE, 0x00, 0x7F, 0xC0, 0x3F,
    0xF0, 0x0F, 0xBC, 0x03, 0xCF, 0x81, 0xF3, 0xE0, 0x7C, 0x78, 0x1F, 0x1F, 0x0F, 0xFF, 0xC3, 0xFF,
    0xF0, 0xFF, 0xFE, 0x7C, 0x0F, 0x9F, 0x01, 0xF7, 0x80, 0x7F, 0xE0, 0x1F, 0x00, 0x00, 0xFF, 0x07,
    0xF8, 0x00, 0x01, 0xCE, 0x1E, 0x78, 0xFB, 0xC3, 0x9E, 0x00, 0x00, 0x7E, 0x0F, 0xFC, 0x7F, 0xF7,
    0xCF, 0xBC, 0x3C, 0x03, 0xE3, 0xFF, 0x7F, 0xFB, 0xFB, 0xFE, 0x1F, 0xF1, 0xF7, 0xFF, 0xBF, 0xFC,
    0xFF, 0xE1, 0xC0, 0x00, 0x00, 0x01, 0xFE, 0x00, 0x7F, 0x80, 0x00, 0x00, 0x00, 0xE0, 0x00, 0x78,
    0x00, 0x1F, 0x00, 0x07, 0x80, 0x00, 0x00, 0x00, 0x78, 0x00, 0x3F, 0x00, 0x0F, 0xE0, 0x07, 0xF8,
    0x01, 0xFE, 0x00, 0x7F, 0xC0, 0x3F, 0xF0, 0x0F, 0xBC, 0x03, 0xCF, 0x81, 0xF3, 0xE0, 0x7C, 0x78,
    0x1F, 0x1F, 0x0F, 0xFF, 0xC3, 0xFF, 0xF0, 0xFF, 0xFE, 0x7C, 0x0F, 0x9F, 0x01, 0xF7, 0x80, 0x7F,
    0xE0, 0x1F, 0x00, 0x00, 0xFF, 0x07, 0xF8, 0x00, 0x00, 0x38, 0x03, 0xC0, 0x1E, 0x00, 0xF0, 0x00,
    0x00, 0x7E, 0x0F, 0xFC, 0x7F, 0xF7, 0xCF, 0xBC, 0x3C, 0x03, 0xE3, 0xFF, 0x7F, 0xFB, 0xFB, 0xFE,
    0x1F, 0xF1, 0xF7, 0xFF, 0xBF, 0xFC, 0xFF, 0xE1, 0xC0, 0x00, 0x07, 0xF0, 0x00, 0x07, 0xF8, 0x00,
    0x03, 0xFC, 0x00, 0x00, 0x00, 0x00, 0x00, 0x00, 0x00, 0x07, 0xFF, 0xF8, 0x03, 0xFF, 0xFE, 0x03,
    0xFF, 0xFF, 0x01, 0xFF, 0xFF, 0x81, 0xF7, 0x80, 0x00, 0xFB, 0xC0, 0x00, 0xF9, 0xE0, 0x00, 0x7C,
    0xF0, 0x00, 0x3C, 0x7F, 0xF8, 0x3E, 0x3F, 0xFC, 0x1E, 0x1F, 0xFE, 0x1F, 0x0F, 0xFF, 0x0F, 0xFF,
    0x80, 0x0F, 0xFF, 0xC0, 0x07, 0xFF, 0xE0, 0x03, 0xC0, 0xFF, 0xF3, 0xE0, 0x7F, 0xFD, 0xF0, 0x3F,
    0xFF, 0xF0, 0x1F, 0xFF, 0x00, 0xFE, 0x00, 0x07, 0xF8, 0x00, 0x1F, 0xE0, 0x00, 0x00, 0x00, 0x00,
    0x00, 0x00, 0x3F, 0x1F, 0x03, 0xFF, 0xFF, 0x0F, 0xFF, 0xFE, 0x7C, 0xFE, 0xF9, 0xE1, 0xE1, 0xF0,
    0x07, 0x83, 0xC7, 0xFF, 0xFF, 0x7F, 0xFF, 0xFD, 0xFF, 0xFF, 0xF7, 0x87, 0x80, 0x3E, 0x3F, 0x1F,
    0x7F, 0xFF, 0xF9, 0xFF, 0xFF, 0xE3, 0xFC, 0xFF, 0x03, 0x80, 0xE0, 0x03, 0xE0, 0x03, 0xFE, 0x01,
    0xFF, 0xE0, 0xFF, 0xF8, 0x7E, 0x3F, 0x1F, 0x03, 0xCF, 0x80, 0xFB, 0xE0, 0x00, 0xF0, 0x00, 0x3C,
    0x1F, 0xEF, 0x07, 0xFB, 0xC1, 0xFE, 0xF8, 0x7F, 0xBE, 0x1F, 0xF7, 0xC7, 0xFD, 0xFC, 0xFC, 0x3F,
    0xFE, 0x07, 0xFF, 0x00, 0xFF, 0x80, 0x07, 0x00, 0x0F, 0xBC, 0x0F, 0xFE, 0x0F, 0xFF, 0x0F, 0xFF,
    0x87, 0xC7, 0xC3, 0xC1, 0xE1, 0xE3, 0xFE, 0xF1, 0xFF, 0x78, 0x3C, 0x3E, 0x1E, 0x1F, 0x9F, 0x07,
    0xFF, 0x83, 0xFF, 0xC0, 0x7D, 0xE0, 0x00, 0xF0, 0x70, 0x78, 0x7F, 0xFC, 0x1F, 0xFC, 0x07, 0xFC,
    0x00, 0xF8, 0x00, 0x0F, 0x78, 0x07, 0xF8, 0x01, 0xFC, 0x00, 0x7C, 0x00, 0x00, 0x00, 0x1F, 0x00,
    0x3F, 0xE0, 0x3F, 0xFC, 0x3F, 0xFE, 0x3F, 0x1F, 0x9F, 0x03, 0xDF, 0x01, 0xFF, 0x80, 0x07, 0x80,
    0x03, 0xC1, 0xFF, 0xE0, 0xFF, 0xF0, 0x7F, 0xFC, 0x3F, 0xFE, 0x03, 0xEF, 0x81, 0xE7, 0xF3, 0xF1,
    0xFF, 0xF0, 0x7F, 0xF0, 0x1F, 0xF0, 0x01, 0xC0, 0x00, 0x1E, 0xF0, 0x1F, 0xE0, 0x1F, 0x80, 0x3E,
    0x00, 0x00, 0x01, 0xF7, 0x87, 0xFF, 0x1F, 0xFE, 0x7F, 0xFC, 0xF8, 0xF9, 0xE0, 0xF3, 0xC1, 0xE7,
    0x83, 0xCF, 0x07, 0x9F, 0x0F, 0x3F, 0x3E, 0x3F, 0xFC, 0x7F, 0xF8, 0x3E, 0xF0, 0x01, 0xE3, 0x83,
    0xCF, 0xFF, 0x8F, 0xFE, 0x0F, 0xF8, 0x07, 0xC0, 0x1E, 0x78, 0x07, 0xF8, 0x01, 0xF8, 0x00, 0x78,
    0x00, 0x00, 0x03, 0x80, 0x7B, 0xE0, 0xFD, 0xF0, 0x7C, 0xF8, 0x7C, 0x7C, 0x7C, 0x3E, 0x7E, 0x1F,
    0x7E, 0x0F, 0xFE, 0x07, 0xFE, 0x03, 0xFF, 0x01, 0xFF, 0xC0, 0xFF, 0xF0, 0x7E, 0xF8, 0x3E, 0x3E,
    0x1F, 0x0F, 0x8F, 0x87, 0xC7, 0xC1, 0xF3, 0xE0, 0xFD, 0xF0, 0x3E, 0xF3, 0xC0, 0x3F, 0xC0, 0x0F,
    0xC0, 0x03, 0xC0, 0x00, 0x00, 0x00, 0x70, 0x00, 0x7C, 0x00, 0x3E, 0x00, 0x1F, 0x00, 0x0F, 0x80,
    0x07, 0xC7, 0xC3, 0xE7, 0xE1, 0xF3, 0xE0, 0xFB, 0xE0, 0x7F, 0xE0, 0x3F, 0xE0, 0x1F, 0xF0, 0x0F,
    0xF8, 0x07, 0xFE, 0x03, 0xFF, 0x81, 0xF7, 0xC0, 0xF9, 0xF0, 0x7C, 0x7C, 0x3E, 0x3E, 0x03, 0xE0,
    0x03, 0xFE, 0x01, 0xFF, 0xE0, 0xFF, 0xF8, 0x7E, 0x3F, 0x3F, 0x03, 0xEF, 0x80, 0xFB, 0xE0, 0x1E,
    0xF0, 0x07, 0xBC, 0x01, 0xEF, 0x00, 0x7B, 0xC0, 0x1E, 0xF8, 0x07, 0xBE, 0x03, 0xE7, 0xC1, 0xF9,
    0xFD, 0xFC, 0x3F, 0xFE, 0x07, 0xFF, 0x00, 0xFF, 0x80, 0x07, 0x80, 0x03, 0xC0, 0x00, 0xF0, 0x00,
    0x3F, 0x00, 0x0F, 0xC0, 0x00, 0xC0, 0x00, 0x07, 0xC0, 0x3F, 0xE0, 0xFF, 0xE3, 0xFF, 0xE7, 0xC7,
    0xCF, 0x07, 0x9E, 0x0F, 0xBC, 0x1F, 0x78, 0x3E, 0xF0, 0x79, 0xF1, 0xF1, 0xFF, 0xE3, 0xFF, 0x81,
    0xFE, 0x00, 0xF0, 0x03, 0xC0, 0x07, 0x80, 0x0F, 0xC0, 0x1F, 0x80, 0x0C, 0x00, 0x07, 0xF0, 0x01,
    0xFC, 0x00, 0x7F, 0x00, 0x00, 0x00, 0x00, 0x00, 0x00, 0xF8, 0x00, 0xFF, 0x80, 0x7F, 0xF8, 0x3F,
    0xFE, 0x1F, 0x8F, 0xCF, 0xC0, 0xFB, 0xE0, 0x3E, 0xF8, 0x07, 0xBC, 0x01, 0xEF, 0x00, 0x7B, 0xC0,
    0x1E, 0xF0, 0x07, 0xBE, 0x01, 0xEF, 0x80, 0xF9, 0xF0, 0x7E, 0x7F, 0x7F, 0x0F, 0xFF, 0x81, 0xFF,
    0xC0, 0x3F, 0xE0, 0x01, 0xE0, 0x00, 0xF0, 0x00, 0x3C, 0x00, 0x0F, 0xC0, 0x03, 0xF0, 0x00, 0x30,
    0x00, 0x0F, 0xE0, 0x1F, 0xC0, 0x3F, 0x80, 0x00, 0x00, 0x00, 0x00, 0xF8, 0x07, 0xFC, 0x1F, 0xFC,
    0x7F, 0xFC, 0xF8, 0xF9, 0xE0, 0xF3, 0xC1, 0xF7, 0x83, 0xEF, 0x07, 0xDE, 0x0F, 0x3E, 0x3E, 0x3F,
    0xFC, 0x7F, 0xF0, 0x3F, 0xC0, 0x1E, 0x00, 0x78, 0x00, 0xF0, 0x01, 0xF8, 0x03, 0xF0, 0x01, 0x80,
    0x0F, 0x78, 0x03, 0xF8, 0x01, 0xFC, 0x00, 0x7C, 0x00, 0x00, 0x01, 0xFF, 0xF9, 0xFF, 0xFC, 0xFF,
    0xFE, 0x7F, 0xFF, 0x00, 0x1F, 0x00, 0x1F, 0x00, 0x1F, 0x00, 0x1F, 0x00, 0x1F, 0x00, 0x1F, 0xC0,
    0x0F, 0xF8, 0x03, 0xFE, 0x00, 0x1F, 0x00, 0x07, 0xC0, 0x01, 0xE0, 0x00, 0xF0, 0x00, 0x79, 0xE0,
    0x3C, 0xF0, 0x1E, 0x7C, 0x1F, 0x3F, 0x1F, 0x8F, 0xFF, 0x83, 0xFF, 0x80, 0xFF, 0x80, 0x1F, 0x00,
    0x3C, 0xF0, 0x7F, 0x80, 0xFC, 0x01, 0xE0, 0x00, 0x01, 0xFF, 0xE7, 0xFF, 0xDF, 0xFF, 0x7F, 0xF8,
    0x03, 0xE0, 0x1F, 0x00, 0xF8, 0x07, 0xC0, 0x3F, 0x80, 0xFF, 0x03, 0xFE, 0x00, 0x7C, 0x00, 0xFF,
    0x03, 0xFC, 0x1F, 0xF8, 0xFD, 0xFF, 0xE7, 0xFF, 0x87, 0xF8, 0x07, 0x80, 0xF3, 0xCF, 0xF0, 0xFC,
    0x0F, 0x00, 0x00, 0x3C, 0x07, 0xC0, 0xF8, 0x1F, 0x03, 0xE0, 0x7C, 0x0F, 0x81, 0xF0, 0x3E, 0x07,
    0xC0, 0xF8, 0x1F, 0x03, 0xE0, 0x7C, 0x0F, 0x81, 0xE0, 0xFC, 0x1F, 0x83, 0xE0, 0x00, 0x00, 0x7F,
    0x00, 0x3F, 0xFF, 0x7F, 0xF8, 0x1F, 0xFF, 0xFF, 0xFE, 0x0F, 0xFF, 0xFF, 0xFF, 0x87, 0xFF, 0xEF,
    0x8F, 0xE0, 0x01, 0xF7, 0xC1, 0xF0, 0x01, 0xF3, 0xE0, 0x7C, 0x01, 0xF1, 0xF0, 0x3E, 0x01, 0xF0,
    0xF8, 0x0F, 0x00, 0xF8, 0x7C, 0x07, 0x80, 0xF8, 0x3E, 0x03, 0xC0, 0xF8, 0x1F, 0x01, 0xE0, 0xFC,
    0x0F, 0x81, 0xF0, 0x7C, 0x07, 0xC0, 0xF8, 0x7C, 0x03, 0xE0, 0xF8, 0x7C, 0x01, 0xFF, 0xFC, 0x3E,
    0xFE, 0xFF, 0xFC, 0x3F, 0xFF, 0xFF, 0xFC, 0x1F, 0xFF, 0xFF, 0xF8, 0x0F, 0xFF, 0xE0, 0x7F, 0x00,
    0x00, 0x03, 0xFF, 0xC0, 0x00, 0x0F, 0xFF, 0x80, 0x00, 0x3F, 0xFF, 0x00, 0x00, 0xF8, 0xFE, 0x00,
    0x03, 0xE0, 0xF8, 0xFF, 0xFF, 0x81, 0xF3, 0xFF, 0xFE, 0x07, 0xCF, 0xFF, 0xF8, 0x0F, 0x3F, 0xFB,
    0xE0, 0x3C, 0x03, 0xEF, 0x80, 0xF0, 0x1F, 0x3E, 0x03, 0xC0, 0xF8, 0xF8, 0x1F, 0x07, 0xC3, 0xE0,
    0x7C, 0x1E, 0x0F, 0x83, 0xE0, 0xF8, 0x3F, 0xFF, 0x87, 0xC0, 0xFF, 0xFC, 0x3F, 0xFF, 0xFF, 0xE0,
    0xFF, 0xFF, 0xFE, 0x03, 0xFF, 0xC0, 0x00, 0x1C, 0x00, 0x00, 0x01, 0xE0, 0x00, 0x00, 0x0F, 0x00,
    0x00, 0x00, 0x78, 0x00, 0x00, 0x03, 0xC0, 0x00, 0x07, 0xDE, 0x3F, 0xF8, 0x7F, 0xF1, 0xFF, 0xC7,
    0xFF, 0x8F, 0xFE, 0x7F, 0xFC, 0x7F, 0xF3, 0xE3, 0xE0, 0x1F, 0x1E, 0x0F, 0x00, 0xF0, 0xF0, 0x78,
    0x0F, 0x87, 0x83, 0xC0, 0xF8, 0x3C, 0x1E, 0x0F, 0x81, 0xE0, 0xF0, 0xF8, 0x0F, 0x8F, 0x87, 0xC0,
    0x7F, 0xFC, 0x7F, 0xF9, 0xFF, 0xE3, 0xFF, 0xC7, 0xFF, 0x1F, 0xFE, 0x0E, 0x00, 0x00, 0x00, 0x00,
    0xF0, 0x00, 0x78, 0x00, 0x78, 0x00, 0x38, 0x00, 0x00, 0x00, 0x1F, 0x00, 0x3F, 0xE0, 0x3F, 0xFC,
    0x3F, 0xFE, 0x3F, 0x1F, 0x9F, 0x03, 0xDF, 0x01, 0xFF, 0x80, 0x07, 0x80, 0x03, 0xC1, 0xFF, 0xE0,
    0xFF, 0xF0, 0x7F, 0xFC, 0x3F, 0xFE, 0x03, 0xEF, 0x81, 0xE7, 0xF3, 0xF1, 0xFF, 0xF0, 0x7F, 0xF0,
    0x1F, 0xF0, 0x01, 0xC0, 0x00, 0x01, 0xF0, 0x03, 0xC0, 0x0F, 0x00, 0x1C, 0x00, 0x00, 0x01, 0xF7,
    0x87, 0xFF, 0x1F, 0xFE, 0x7F, 0xFC, 0xF8, 0xF9, 0xE0, 0xF3, 0xC1, 0xE7, 0x83, 0xCF, 0x07, 0x9F,
    0x0F, 0x3F, 0x3E, 0x3F, 0xFC, 0x7F, 0xF8, 0x3E, 0xF0, 0x01, 0xE3, 0x83, 0xCF, 0xFF, 0x8F, 0xFE,
    0x0F, 0xF8, 0x07, 0xC0, 0x70, 0x0F, 0x00, 0x3E, 0x03, 0xC0, 0x0F, 0x80, 0xF0, 0x03, 0xE0, 0x3C,
    0x00, 0xF8, 0x0F, 0x00, 0x3E, 0x03, 0xC0, 0xEF, 0x80, 0xF0, 0x7F, 0xE0, 0x3C, 0x1F, 0xFF, 0xFF,
    0x07, 0xFF, 0xFF, 0xC1, 0xFF, 0xFF, 0xF0, 0x7F, 0xFF, 0xFC, 0x1F, 0xF8, 0x0F, 0x07, 0xFE, 0x03,
    0xC1, 0xFF, 0x80, 0xF8, 0x7F, 0xE0, 0x3F, 0x3E, 0xF8, 0x07, 0xFF, 0xBE, 0x01, 0xFF, 0xCF, 0x80,
    0x1F, 0xE0, 0x00, 0x01, 0xC0, 0x7B, 0xC0, 0x7F, 0xF0, 0x7F, 0xFC, 0x7F, 0xFC, 0x7C, 0x3E, 0x78,
    0x1E, 0x78, 0x1F, 0x78, 0x1F, 0x78, 0x1F, 0x78, 0x1F, 0x78, 0x1F, 0x78, 0x1F, 0x78, 0x3E, 0x78,
    0x3E, 0x78, 0x7C, 0x78, 0xFC, 0x7B, 0xF8, 0x7F, 0xF0, 0x7F, 0xC0, 0x7F, 0x80, 0x7E, 0x00, 0x78,
    0x00, 0x78, 0x00, 0x78, 0x00, 0x00, 0x00, 0x0F, 0x80, 0x03, 0xC0, 0x00, 0xF0, 0x00, 0x38, 0x00,
    0x00, 0x03, 0xC0, 0x3B, 0xF0, 0x3F, 0xF8, 0x1F, 0xFE, 0x0F, 0xFF, 0x07, 0xFF, 0xC3, 0xFF, 0xF1,
    0xFF, 0xF8, 0xFF, 0xFE, 0x7F, 0xEF, 0xBF, 0xF7, 0xDF, 0xF9, 0xFF, 0xFC, 0x7F, 0xFE, 0x3F, 0xFF,
    0x0F, 0xFF, 0x83, 0xFF, 0xC1, 0xFF, 0xE0, 0x7F, 0xF0, 0x3F, 0x1E, 0x00, 0xF0, 0x03, 0xC0, 0x0E,
    0x00, 0x00, 0x79, 0xF3, 0xDF, 0xDF, 0xFF, 0xFF, 0xFF, 0xC7, 0xFE, 0x1F, 0xF0, 0xFF, 0x87, 0xFC,
    0x3F, 0xE1, 0xFF, 0x0F, 0xF8, 0x7F, 0xC3, 0xFE, 0x1E, 0x00, 0x78, 0x00, 0x1C, 0x00, 0x0E, 0x00,
    0x03, 0x80, 0x03, 0xF0, 0x00, 0xFE, 0x00, 0x33, 0x80, 0x0F, 0xE0, 0x03, 0xF0, 0x00, 0x78, 0x00,
    0x3F, 0x00, 0x0F, 0xE0, 0x07, 0xF8, 0x01, 0xFE, 0x00, 0x7F, 0xC0, 0x3F, 0xF0, 0x0F, 0xBC, 0x03,
    0xCF, 0x81, 0xF3, 0xE0, 0x7C, 0x78, 0x1F, 0x1F, 0x0F, 0xFF, 0xC3, 0xFF, 0xF0, 0xFF, 0xFE, 0x7C,
    0x0F, 0x9F, 0x01, 0xF7, 0x80, 0x7F, 0xE0, 0x1F, 0x01, 0xE0, 0x1E, 0x00, 0xE0, 0x0F, 0x00, 0xFC,
    0x07, 0xF0, 0x73, 0x81, 0xFC, 0x0F, 0xC0, 0x3C, 0x03, 0xF0, 0x7F, 0xE3, 0xFF, 0xBE, 0x7D, 0xE1,
    0xE0, 0x1F, 0x1F, 0xFB, 0xFF, 0xDF, 0xDF, 0xF0, 0xFF, 0x8F, 0xBF, 0xFD, 0xFF, 0xE7, 0xFF, 0x0E,
    0x00, 0x00, 0x00, 0xF0, 0x00, 0x00, 0x78, 0x00, 0x00, 0x78, 0x00, 0x00, 0x38, 0x00, 0x00, 0x00,
    0x00, 0x07, 0xFF, 0xF8, 0x03, 0xFF, 0xFE, 0x03, 0xFF, 0xFF, 0x01, 0xFF, 0xFF, 0x81, 0xF7, 0x80,
    0x00, 0xFB, 0xC0, 0x00, 0xF9, 0xE0, 0x00, 0x7C, 0xF0, 0x00, 0x3C, 0x7F, 0xF8, 0x3E, 0x3F, 0xFC,
    0x1E, 0x1F, 0xFE, 0x1F, 0x0F, 0xFF, 0x0F, 0xFF, 0x80, 0x0F, 0xFF, 0xC0, 0x07, 0xFF, 0xE0, 0x03,
    0xC0, 0xFF, 0xF3, 0xE0, 0x7F, 0xFD, 0xF0, 0x3F, 0xFF, 0xF0, 0x1F, 0xFF, 0x00, 0x1E, 0x00, 0x00,
    0xF0, 0x00, 0x03, 0xC0, 0x00, 0x0E, 0x00, 0x00, 0x00, 0x00, 0x3F, 0x1F, 0x03, 0xFF, 0xFF, 0x0F,
    0xFF, 0xFE, 0x7C, 0xFE, 0xF9, 0xE1, 0xE1, 0xF0, 0x07, 0x83, 0xC7, 0xFF, 0xFF, 0x7F, 0xFF, 0xFD,
    0xFF, 0xFF, 0xF7, 0x87, 0x80, 0x3E, 0x3F, 0x1F, 0x7F, 0xFF, 0xF9, 0xFF, 0xFF, 0xE3, 0xFC, 0xFF,
    0x03, 0x80, 0xE0, 0x00, 0xF8, 0x00, 0x3C, 0x00, 0x1E, 0x00, 0x07, 0x00, 0x00, 0x00, 0x00, 0xF8,
    0xC0, 0xFF, 0xF0, 0x7F, 0xFC, 0x3F, 0xFE, 0x1F, 0x8F, 0xCF, 0xC3, 0xFB, 0xE1, 0xFE, 0xF8, 0xF7,
    0xBC, 0x39, 0xEF, 0x1E, 0x7B, 0xCF, 0x1E, 0xF3, 0x87, 0xBF, 0xE1, 0xEF, 0xF0, 0xF9, 0xF8, 0x7E,
    0x7F, 0x7F, 0x0F, 0xFF, 0x87, 0xFF, 0xC1, 0xFF, 0xE0, 0x21, 0xC0, 0x00, 0x01, 0xF0, 0x03, 0xC0,
    0x0F, 0x00, 0x1C, 0x00, 0x00, 0x00, 0xF9, 0x87, 0xFF, 0x1F, 0xFC, 0x7F, 0xFC, 0xF9, 0xF9, 0xE3,
    0xF3, 0xCF, 0xF7, 0xBB, 0xEF, 0xE7, 0xDF, 0x8F, 0x3E, 0x3E, 0x3F, 0xF8, 0xFF, 0xF1, 0xFF, 0xC1,
    0x1C, 0x00, 0x1E, 0xF0, 0x03, 0xFC, 0x00, 0xF7, 0x80, 0x1E, 0xE0, 0x00, 0x00, 0x00, 0x78, 0x00,
    0x3F, 0x00, 0x0F, 0xE0, 0x07, 0xF8, 0x01, 0xFE, 0x00, 0x7F, 0xC0, 0x3F, 0xF0, 0x0F, 0xBC, 0x03,
    0xCF, 0x81, 0xF3, 0xE0, 0x7C, 0x78, 0x1F, 0x1F, 0x0F, 0xFF, 0xC3, 0xFF, 0xF0, 0xFF, 0xFE, 0x7C,
    0x0F, 0x9F, 0x01, 0xF7, 0x80, 0x7F, 0xE0, 0x1F, 0x7B, 0xC3, 0xDE, 0x0F, 0x70, 0x3F, 0xC0, 0x00,
    0x07, 0xE0, 0xFF, 0xC7, 0xFF, 0x7C, 0xFB, 0xC3, 0xC0, 0x3E, 0x3F, 0xF7, 0xFF, 0xBF, 0xBF, 0xE1,
    0xFF, 0x1F, 0x7F, 0xFB, 0xFF, 0xCF, 0xFE, 0x1C, 0x00, 0x00, 0x00, 0x00, 0xFC, 0x00, 0x7F, 0x80,
    0x1C, 0xF0, 0x06, 0x1C, 0x00, 0x00, 0x00, 0x1E, 0x00, 0x0F, 0xC0, 0x03, 0xF8, 0x01, 0xFE, 0x00,
    0x7F, 0x80, 0x1F, 0xF0, 0x0F, 0xFC, 0x03, 0xEF, 0x00, 0xF3, 0xE0, 0x7C, 0xF8, 0x1F, 0x1E, 0x07,
    0xC7, 0xC3, 0xFF, 0xF0, 0xFF, 0xFC, 0x3F, 0xFF, 0x9F, 0x03, 0xE7, 0xC0, 0x7D, 0xE0, 0x1F, 0xF8,
    0x07, 0xC0, 0x00, 0x00, 0x7E, 0x07, 0xF8, 0x39, 0xE1, 0x87, 0x00, 0x00, 0x3F, 0x07, 0xFE, 0x3F,
    0xFB, 0xE7, 0xDE, 0x1E, 0x01, 0xF1, 0xFF, 0xBF, 0xFD, 0xFD, 0xFF, 0x0F, 0xF8, 0xFB, 0xFF, 0xDF,
    0xFE, 0x7F, 0xF0, 0xE0, 0x00, 0xFF, 0x83, 0xDE, 0x0F, 0x70, 0x3B, 0x80, 0x00, 0x3F, 0xFF, 0xFF,
    0xFF, 0xFF, 0xFF, 0xFF, 0xC0, 0x3E, 0x01, 0xF0, 0x0F, 0x80, 0x7F, 0xFF, 0xFF, 0xFF, 0xFF, 0xFF,
    0xF7, 0xC0, 0x3E, 0x01, 0xF0, 0x0F, 0xFF, 0x7F, 0xFF, 0xFF, 0xFF, 0xFF, 0x7B, 0xC0, 0xF7, 0x01,
    0xDE, 0x07, 0xB8, 0x00, 0x00, 0x1F, 0x01, 0xFF, 0x0F, 0xFE, 0x7E, 0xF9, 0xE0, 0xF7, 0x83, 0xDF,
    0xFF, 0x7F, 0xFD, 0xFF, 0xF7, 0x80, 0x1F, 0x0F, 0x3F, 0xFC, 0xFF, 0xE0, 0xFF, 0x00, 0xE0, 0x00,
    0x00, 0x7E, 0x07, 0xF8, 0x79, 0xC3, 0x86, 0x00, 0x01, 0xFF, 0xFF, 0xFF, 0xFF, 0xFF, 0xFF, 0xFE,
    0x01, 0xF0, 0x0F, 0x80, 0x7C, 0x03, 0xFF, 0xFF, 0xFF, 0xFF, 0xFF, 0xFF, 0xBE, 0x01, 0xF0, 0x0F,
    0x80, 0x7F, 0xFB, 0xFF, 0xFF, 0xFF, 0xFF, 0xF8, 0x01, 0x00, 0x3F, 0x01, 0xFE, 0x07, 0x3C, 0x1C,
    0x70, 0x00, 0x00, 0x7C, 0x07, 0xFC, 0x3F, 0xF9, 0xFB, 0xE7, 0x83, 0xDE, 0x0F, 0x7F, 0xFD, 0xFF,
    0xF7, 0xFF, 0xDE, 0x00, 0x7C, 0x3C, 0xFF, 0xF3, 0xFF, 0x83, 0xFC, 0x03, 0x80, 0xF7, 0x9E, 0xE3,
    0xBC, 0xF7, 0x00, 0x01, 0xC0, 0xF8, 0x3E, 0x0F, 0x83, 0xE0, 0xF8, 0x3E, 0x0F, 0x83, 0xE0, 0xF8,
    0x3E, 0x0F, 0x83, 0xE0, 0xF8, 0x3E, 0x0F, 0x83, 0xE0, 0xF8, 0x3E, 0x7B, 0xC7, 0xB8, 0xF7, 0x8F,
    0x70, 0x00, 0x0F, 0x01, 0xF0, 0x3E, 0x07, 0xC0, 0xF8, 0x1F, 0x03, 0xE0, 0x7C, 0x0F, 0x81, 0xF0,
    0x3E, 0x07, 0xC0, 0xF8, 0x1F, 0x00, 0x08, 0x3F, 0x3F, 0xDC, 0xFE, 0x38, 0x00, 0x70, 0x7C, 0x3E,
    0x1F, 0x0F, 0x87, 0xC3, 0xE1, 0xF0, 0xF8, 0x7C, 0x3E, 0x1F, 0x0F, 0x87, 0xC3, 0xE1, 0xF0, 0xF8,
    0x7C, 0x3E, 0x00, 0x08, 0x3F, 0x3F, 0xDC, 0xFE, 0x38, 0x00, 0xF0, 0x7C, 0x3E, 0x1F, 0x0F, 0x87,
    0xC3, 0xE1, 0xF0, 0xF8, 0x7C, 0x3E, 0x1F, 0x0F, 0x87, 0xC0, 0x3D, 0xE0, 0x07, 0xBC, 0x00, 0xEF,
    0x00, 0x3D, 0xC0, 0x00, 0x00, 0x00, 0xF8, 0x00, 0xFF, 0x80, 0x7F, 0xF8, 0x3F, 0xFE, 0x1F, 0x8F,
    0xCF, 0xC0, 0xFB, 0xE0, 0x3E, 0xF8, 0x07, 0xBC, 0x01, 0xEF, 0x00, 0x7B, 0xC0, 0x1E, 0xF0, 0x07,
    0xBE, 0x01, 0xEF, 0x80, 0xF9, 0xF0, 0x7E, 0x7F, 0x7F, 0x0F, 0xFF, 0x81, 0xFF, 0xC0, 0x3F, 0xE0,
    0x01, 0xC0, 0x00, 0x7B, 0xC0, 0x7B, 0xC0, 0x7F, 0x80, 0x77, 0x00, 0x00, 0x00, 0xF8, 0x07, 0xFC,
    0x1F, 0xFC, 0x7F, 0xFC, 0xF8, 0xF9, 0xE0, 0xF3, 0xC1, 0xF7, 0x83, 0xEF, 0x07, 0xDE, 0x0F, 0x3E,
    0x3E, 0x3F, 0xF8, 0x7F, 0xF0, 0x3F, 0xC0, 0x1C, 0x00, 0x00, 0x80, 0x00, 0xFC, 0x00, 0x7F, 0x80,
    0x3C, 0xE0, 0x0E, 0x38, 0x00, 0x00, 0x00, 0x3E, 0x00, 0x3F, 0xE0, 0x1F, 0xFE, 0x0F, 0xFF, 0x87,
    0xE3, 0xF3, 0xF0, 0x3E, 0xF8, 0x0F, 0xBE, 0x01, 0xEF, 0x00, 0x7B, 0xC0, 0x1E, 0xF0, 0x07, 0xBC,
    0x01, 0xEF, 0x80, 0x7B, 0xE0, 0x3E, 0x7C, 0x1F, 0x9F, 0xDF, 0xC3, 0xFF, 0xE0, 0x7F, 0xF0, 0x0F,
    0xF8, 0x00, 0x70, 0x00, 0x01, 0x00, 0x0F, 0xC0, 0x3F, 0xC0, 0xF3, 0x81, 0xC7, 0x00, 0x00, 0x01,
    0xF0, 0x0F, 0xF8, 0x3F, 0xF8, 0xFF, 0xF9, 0xF1, 0xF3, 0xC1, 0xE7, 0x83, 0xEF, 0x07, 0xDE, 0x0F,
    0xBC, 0x1E, 0x7C, 0x7C, 0x7F, 0xF0, 0xFF, 0xE0, 0x7F, 0x80, 0x38, 0x00, 0x7B, 0xC0, 0xF7, 0x80,
    0xF7, 0x00, 0xFF, 0x00, 0x00, 0x0F, 0xF0, 0x3F, 0xFC, 0x7F, 0xFC, 0xFF, 0xFD, 0xF0, 0xFB, 0xE0,
    0xFF, 0xC1, 0xFF, 0x83, 0xFF, 0x0F, 0xBF, 0xFF, 0x7F, 0xFC, 0xFF, 0xF1, 0xFF, 0xE3, 0xE7, 0xC7,
    0xC7, 0xCF, 0x8F, 0x9F, 0x0F, 0xBE, 0x0F, 0x7C, 0x1F, 0xF7, 0x8F, 0x70, 0xEF, 0x1E, 0xE0, 0x00,
    0x79, 0xCF, 0xF9, 0xFF, 0x3F, 0xE7, 0xC0, 0xF8, 0x1F, 0x03, 0xE0, 0x7C, 0x0F, 0x81, 0xF0, 0x3E,
    0x07, 0xC0, 0xF8, 0x00, 0x00, 0x00, 0x1F, 0x80, 0x7F, 0x80, 0xE7, 0x81, 0x87, 0x00, 0x00, 0x1F,
    0xE0, 0x7F, 0xF8, 0xFF, 0xF9, 0xFF, 0xFB, 0xE1, 0xF7, 0xC1, 0xFF, 0x83, 0xFF, 0x07, 0xFE, 0x1F,
    0x7F, 0xFE, 0xFF, 0xF9, 0xFF, 0xE3, 0xFF, 0xC7, 0xCF, 0x8F, 0x8F, 0x9F, 0x1F, 0x3E, 0x1F, 0x7C,
    0x1E, 0xF8, 0x3E, 0x08, 0x3F, 0x1F, 0xDC, 0xFE, 0x38, 0x03, 0xCF, 0xFF, 0xFF, 0xFF, 0xFE, 0x1F,
    0x0F, 0x87, 0xC3, 0xE1, 0xF0, 0xF8, 0x7C, 0x3E, 0x1F, 0x00, 0x3D, 0xE0, 0x3D, 0xE0, 0x1E, 0xE0,
    0x0E, 0xF0, 0x00, 0x00, 0x70, 0x0E, 0xF8, 0x1F, 0xF8, 0x1F, 0xF8, 0x1F, 0xF8, 0x1F, 0xF8, 0x1F,
    0xF8, 0x1F, 0xF8, 0x1F, 0xF8, 0x1F, 0xF8, 0x1F, 0xF8, 0x1F, 0xF8, 0x1F, 0xF8, 0x1F, 0xF8, 0x1F,
    0xF8, 0x1F, 0x7E, 0x7E, 0x7F, 0xFE, 0x3F, 0xFC, 0x0F, 0xF8, 0x03, 0xC0, 0xF7, 0x83, 0xDE, 0x0F,
    0xF0, 0x3B, 0x80, 0x00, 0x78, 0x3F, 0xE1, 0xFF, 0x0F, 0xF8, 0x7F, 0xC3, 0xFE, 0x1F, 0xF0, 0xFF,
    0x87, 0xFC, 0x3F, 0xE1, 0xFF, 0x9F, 0x7F, 0xFB, 0xFF, 0xCF, 0xDE, 0x18, 0x00, 0x00, 0x00, 0x07,
    0xE0, 0x0F, 0xF0, 0x0E, 0x78, 0x1C, 0x38, 0x00, 0x00, 0x70, 0x0E, 0xF8, 0x1F, 0xF8, 0x1F, 0xF8,
    0x1F, 0xF8, 0x1F, 0xF8, 0x1F, 0xF8, 0x1F, 0xF8, 0x1F, 0xF8, 0x1F, 0xF8, 0x1F, 0xF8, 0x1F, 0xF8,
    0x1F, 0xF8, 0x1F, 0xF8, 0x1F, 0xF8, 0x1F, 0x7E, 0x7E, 0x7F, 0xFE, 0x3F, 0xFC, 0x0F, 0xF8, 0x03,
    0xC0, 0x02, 0x00, 0x7E, 0x07, 0xF8, 0x79, 0xC3, 0x8E, 0x00, 0x03, 0xC1, 0xFF, 0x0F, 0xF8, 0x7F,
    0xC3, 0xFE, 0x1F, 0xF0, 0xFF, 0x87, 0xFC, 0x3F, 0xE1, 0xFF, 0x0F, 0xFC, 0xFB, 0xFF, 0xDF, 0xFE,
    0x7E, 0xF0, 0xC0, 0x00, 0x07, 0xC0, 0x3F, 0xE1, 0xFF, 0xE3, 0xFF, 0xEF, 0x87, 0xDF, 0x07, 0xBE,
    0x00, 0x7E, 0x00, 0x7F, 0xC0, 0x7F, 0xE0, 0x7F, 0xF0, 0x1F, 0xE0, 0x07, 0xFE, 0x07, 0xFC, 0x0F,
    0xFE, 0x3E, 0xFF, 0xFC, 0xFF, 0xF0, 0x7F, 0xC0, 0x3C, 0x00, 0x78, 0x00, 0xF0, 0x01, 0xC0, 0x07,
    0x80, 0x0F, 0x00, 0x0F, 0xC1, 0xFF, 0x9F, 0xFC, 0xF9, 0xF7, 0x87, 0x3F, 0x01, 0xFF, 0x87, 0xFE,
    0x0F, 0xF8, 0x87, 0xDE, 0x1E, 0xFF, 0xF3, 0xFF, 0x0F, 0xF0, 0x1E, 0x00, 0xF0, 0x07, 0x80, 0x78,
    0x03, 0xC0, 0x1C, 0x00, 0x7F, 0xFF, 0xFF, 0xFF, 0xFF, 0xFF, 0xFF, 0xFF, 0x03, 0xE0, 0x03, 0xE0,
    0x03, 0xE0, 0x03, 0xE0, 0x03, 0xE0, 0x03, 0xE0, 0x03, 0xE0, 0x03, 0xE0, 0x03, 0xE0, 0x03, 0xE0,
    0x03, 0xE0, 0x03, 0xE0, 0x03, 0xE0, 0x03, 0xE0, 0x03, 0xE0, 0x00, 0x00, 0x03, 0xC0, 0x03, 0xC0,
    0x03, 0x80, 0x07, 0x80, 0x07, 0x80, 0x3C, 0x1E, 0x0F, 0x1F, 0xFF, 0xFF, 0xFF, 0xFE, 0x78, 0x3C,
    0x1E, 0x0F, 0x07, 0x83, 0xC1, 0xE0, 0xFE, 0x7F, 0x1F, 0x81, 0x07, 0x83, 0xC1, 0xC1, 0xE0, 0xE0,
    0x07, 0xC0, 0x7F, 0xE1, 0xFF, 0xE3, 0xFF, 0xEF, 0x87, 0xDF, 0x07, 0x80, 0x0F, 0x00, 0x1E, 0x00,
    0x7C, 0x01, 0xF0, 0x0F, 0xC0, 0xFF, 0xC7, 0xFF, 0xCF, 0xE7, 0x9E, 0x0F, 0x00, 0x1E, 0x00, 0x3C,
    0x00, 0xF8, 0x03, 0xF0, 0x1F, 0xC0, 0xFF, 0x0F, 0xFC, 0x1F, 0xE0, 0x3F, 0x00, 0x20, 0x00, 0x1F,
    0xC7, 0xFE, 0x7F, 0xFF, 0x9F, 0xF1, 0xF0, 0x1F, 0x01, 0xE0, 0x3E, 0x0F, 0xE3, 0xFF, 0x3E, 0xF3,
    0x8F, 0x00, 0xF0, 0x1F, 0x03, 0xE0, 0xFE, 0x3F, 0xC3, 0xF0, 0x3C, 0x02, 0x00, 0x1E, 0x78, 0x0F,
    0xF0, 0x07, 0xE0, 0x03, 0xC0, 0x00, 0x00, 0x70, 0x0F, 0xF8, 0x0F, 0xF8, 0x0F, 0xF8, 0x0F, 0xF8,
    0x0F, 0xF8, 0x0F, 0xF8, 0x0F, 0xF8, 0x0F, 0xFF, 0xFF, 0xFF, 0xFF, 0xFF, 0xFF, 0xFF, 0xFF, 0xF8,
    0x0F, 0xF8, 0x0F, 0xF8, 0x0F, 0xF8, 0x0F, 0xF8, 0x0F, 0xF8, 0x0F, 0xF8, 0x0F, 0xF3, 0xC0, 0x7F,
    0x80, 0x3F, 0x00, 0x1E, 0x00, 0x00, 0x00, 0x0E, 0x00, 0x1E, 0x00, 0x1E, 0x00, 0x1E, 0x00, 0x1E,
    0x00, 0x1E, 0x7C, 0x1F, 0xFE, 0x1F, 0xFF, 0x1F, 0xFF, 0x1F, 0x1F, 0x1F, 0x0F, 0x1F, 0x0F, 0x1F,
    0x0F, 0x1F, 0x0F, 0x1F, 0x0F, 0x1F, 0x0F, 0x1F, 0x0F, 0x1F, 0x0F, 0x1F, 0x0F, 0x79, 0xE3, 0xC7,
    0x3C, 0x71, 0xE3, 0x80, 0x1F, 0x07, 0xF1, 0xEF, 0x3C, 0xF0, 0x39, 0xDF, 0xF7, 0xF9, 0x9C, 0x7F,
    0xFF, 0xFF, 0x00, 0xE3, 0xFF, 0xDF, 0xC7, 0xC0, 0x77, 0xFE, 0xE0, 0xF3, 0xBD, 0xFF, 0x7D, 0x8E,
    0xFF, 0xCE, 0xE0, 0x38, 0xFF, 0xBF, 0x3F, 0xEF, 0x8E, 0x00, 0x18, 0xC3, 0xDE, 0x3D, 0xE7, 0xBC,
    0x73, 0x87, 0x38, 0x7B, 0xE7, 0xF8, 0x7E, 0x0F, 0x80, 0x7B, 0xCF, 0x78, 0xF7, 0x0E, 0xF0, 0x3C,
    0xE7, 0x9E, 0x7B, 0xE7, 0x00, 0x03, 0xDE, 0xF7, 0xBD, 0xDC, 0x00, 0x03, 0xDE, 0xF7, 0xBD, 0xDC,
    0x00, 0x7B, 0xDC, 0xEF, 0x71, 0x80, 0x77, 0xFE, 0xE0, 0x77, 0x7F, 0xE6, 0x61, 0x87, 0x8F, 0x7F,
    0xE0, 0x00, 0x38, 0xF9, 0xE7, 0xC7, 0xCF, 0xC6, 0x00, 0x7B, 0xE7, 0xF8, 0x7E, 0x0F, 0x80, 0x00,
    0x60, 0x0E, 0x00, 0xC0, 0x1C, 0x01, 0x80, 0x38, 0x03, 0x00, 0x70, 0x06, 0x00, 0xE0, 0x0C, 0x01,
    0xC0, 0x18, 0x03, 0x80, 0x30, 0x07, 0x00, 0x60, 0x00, 0x00, 0x0C, 0x00, 0x38, 0x00, 0x60, 0x01,
    0xC0, 0x07, 0x00, 0x0C, 0x00, 0x38, 0x00, 0xE0, 0x01, 0xC0, 0x07, 0x00, 0x0C, 0x00, 0x38, 0x00,
    0xE0, 0x01, 0x80, 0x07, 0x00, 0x0C, 0x00, 0x38, 0x00, 0xE0, 0x01, 0x80, 0x07, 0x00, 0x00, 0x39,
    0xDF, 0xF7, 0xF9, 0x9C, 0x7B, 0xDD, 0xEF, 0x00, 0xFF, 0xFF, 0xFF, 0xFF, 0x87, 0xE1, 0xF8, 0x70,
    0xFF, 0xFF, 0xFF, 0xE0, 0x0F, 0xFF, 0xFF, 0xFE, 0xE7, 0xDF, 0xBF, 0x7E, 0xFD, 0xC0, 0x00, 0xFF,
    0xFF, 0xCF, 0x3C, 0x60, 0x02, 0x07, 0xFD, 0xFF, 0xBF, 0xE6, 0xF8, 0x18, 0x00, 0x1E, 0x0F, 0x81,
    0xE0, 0x76, 0x7F, 0xFF, 0xFE, 0xFB, 0x78, 0x1E, 0x0F, 0x81, 0xE0, 0x00, 0x1F, 0xFF, 0xFF, 0x9E,
    0x7F, 0xFF, 0xFE, 0x78, 0x19, 0x87, 0x1C, 0xFF, 0xEF, 0xFF, 0x70, 0xE3, 0x9C, 0x00, 0xC7, 0xBF,
    0xF4, 0xC3, 0x00, 0x80, 0x3C, 0x0F, 0xC3, 0xFE, 0x1F, 0xC3, 0xF7, 0xFF, 0xFC, 0xF8, 0x30, 0x00,
    0x37, 0x66, 0x70, 0x1F, 0x1F, 0xE7, 0xFB, 0xCF, 0x1E, 0x07, 0x81, 0xE0, 0x78, 0x01, 0xDB, 0xF3,
    0xC7, 0xDF, 0x90, 0x00, 0x00, 0x1D, 0xFF, 0xCF, 0xC7, 0xC1, 0x80, 0x01, 0xE3, 0xF9, 0xF7, 0xFF,
    0x30, 0x00, 0x00, 0x31, 0xE0, 0x71, 0xF9, 0xE0, 0xFB, 0xC7, 0xFF, 0xDF, 0x99, 0x98, 0x33, 0x00,
    0xEF, 0x73, 0x7F, 0xC0, 0x77, 0xFE, 0xE0, 0x00, 0xCF, 0xFF, 0x39, 0xE4, 0x80, 0x00, 0x0F, 0xFB,
    0xFF, 0x66, 0x6F, 0xFC, 0xFF, 0x80, 0x31, 0xC7, 0xFF, 0xFC, 0x63, 0x80, 0x70, 0x00, 0xE7, 0x80,
    0x1E, 0x3F, 0xFF, 0xC1, 0xFF, 0xF8, 0x07, 0xFE, 0x00, 0xE0, 0x01, 0xFF, 0x00, 0x79, 0xFF, 0xFF,
    0x1F, 0xFF, 0x80, 0x7F, 0xC0, 0x7F, 0xFF, 0xFF, 0xFF, 0xFF, 0xF8, 0x7F, 0xFF, 0xFF, 0xFF, 0xFF,
    0xF8, 0x1F, 0xC0, 0x01, 0xDF, 0xFF, 0xFF, 0xF7, 0xFF, 0xFF, 0xFF, 0x80, 0x3F, 0xFC, 0x00, 0x00,
    0x00, 0x00, 0x00, 0x40, 0x01, 0xFF, 0xC0, 0xFF, 0xFE, 0x3F, 0x07, 0xEF, 0x00, 0x1F, 0xC0, 0x01,
    0xC0, 0x00, 0x00, 0xE0, 0x00, 0x03, 0xCF, 0xFF, 0xFF, 0xFF, 0xFF, 0xFF, 0x00, 0x00, 0x78, 0x00,
    0x03, 0x80, 0x79, 0xFB, 0xB3, 0xEF, 0xDB, 0xBF, 0x3E, 0x39, 0xFB, 0xBF, 0xFF, 0xFD, 0xBF, 0x1C,
    0x1F, 0xEF, 0xFF, 0xFF, 0x00, 0x1C, 0x7E, 0x7F, 0x67, 0x67, 0x77, 0x7E, 0x3C, 0xCD, 0x9F, 0x3E,
    0x7C, 0xFF, 0xFF, 0xBE, 0x39, 0xFB, 0xB6, 0x2C, 0x1D, 0xBF, 0x1C, 0x06, 0x07, 0x07, 0x3F, 0x7F,
    0x77, 0x67, 0x67, 0x7F, 0x7F, 0x3E, 0xC1, 0x83, 0x07, 0xCF, 0xDF, 0xB3, 0xE7, 0xCF, 0x9F, 0x30,
    0x7D, 0xC7, 0xFE, 0x7F, 0xE6, 0x67, 0x66, 0x76, 0x67, 0x66, 0x76, 0x66, 0x7F, 0xFF, 0xCE, 0x73,
    0x8C, 0x23, 0xBF, 0xF7, 0x39, 0xCE, 0x79, 0xC0, 0x67, 0x76, 0x7E, 0x3E, 0x3C, 0x3C, 0x1C, 0x18,
    0xEF, 0xF9, 0xF3, 0xC7, 0x8F, 0xBB, 0xE7, 0x77, 0xFC, 0xE7, 0x39, 0xCE, 0x70, 0x39, 0xDF, 0xEF,
    0x00, 0x70, 0x0F, 0x7C, 0x0F, 0xFE, 0x07, 0xFF, 0x07, 0xFF, 0x87, 0xFF, 0xC3, 0xFF, 0xE3, 0xFF,
    0xF1, 0xFF, 0xF9, 0xFF, 0xFD, 0xF7, 0xFE, 0xF3, 0xFF, 0xF9, 0xFF, 0xF8, 0xFF, 0xFC, 0x7F, 0xFC,
    0x3F, 0xFC, 0x1F, 0xFE, 0x0F, 0xFE, 0x07, 0xFE, 0x03, 0xE0, 0x73, 0x9C, 0xF7, 0x80, 0x0F, 0xC0,
    0xFF, 0xC3, 0xFF, 0x1F, 0xFE, 0x78, 0x7C, 0xE1, 0xF0, 0x07, 0xC0, 0x0F, 0x00, 0x7D, 0xE1, 0xF7,
    0x8F, 0x9F, 0xFE, 0x3F, 0xF0, 0x7F, 0x80, 0x70, 0x00, 0x07, 0xC0, 0x7F, 0xC3, 0xFF, 0x9F, 0xFF,
    0x7C, 0x7D, 0xE4, 0xE7, 0xB8, 0x1E, 0xE0, 0x7B, 0x81, 0xE0, 0xF7, 0xC7, 0xCF, 0xFE, 0x3F, 0xF8,
    0x3F, 0xC0, 0x38, 0x00, 0x0F, 0xC0, 0xFF, 0xC3, 0xFF, 0x1F, 0xFE, 0x78, 0x7C, 0xE9, 0xF0, 0x7F,
    0xC1, 0xEF, 0x07, 0x7D, 0xE1, 0xF7, 0x8F, 0x9F, 0xFE, 0x3F, 0xF0, 0x7F, 0x80, 0x70, 0x00, 0x79,
    0xE7, 0xDE, 0x30, 0x00, 0x00, 0x01, 0xE7, 0x9E, 0x7B, 0xCF, 0x3C, 0xE3, 0x80, 0x00, 0x78, 0x03,
    0xC0, 0x1E, 0x00, 0xF0, 0x07, 0x80, 0x3C, 0x01, 0xE0, 0x0F, 0x00, 0x78, 0x03, 0xC0, 0x1E, 0x00,
    0xF7, 0x87, 0xFC, 0x3F, 0xE1, 0xEF, 0x9F, 0x7F, 0xF9, 0xFF, 0x87, 0xF8, 0x0E, 0x00, 0x77, 0xBD,
    0xC0, 0x07, 0x80, 0x70, 0x0F, 0x0F, 0xFE, 0xF6, 0xFF, 0x0F, 0x60, 0xE0, 0x01, 0xE0, 0x1C, 0xFC,
    0x0F, 0x3F, 0x83, 0xDF, 0xE0, 0xE7, 0xF8, 0x01, 0xFF, 0x00, 0xFF, 0xC0, 0x3E, 0xF0, 0x0F, 0x3E,
    0x07, 0xCF, 0x81, 0xF1, 0xE0, 0x7C, 0x7C, 0x3F, 0xFF, 0x0F, 0xFF, 0xC3, 0xFF, 0xF9, 0xF0, 0x3E,
    0x7C, 0x07, 0xDE, 0x01, 0xFF, 0x80, 0x7C, 0x79, 0xEF, 0x9E, 0x30, 0x03, 0xFF, 0xCF, 0x7F, 0xFD,
    0xCF, 0xFF, 0xB9, 0xFF, 0xF7, 0x3C, 0x00, 0x07, 0x80, 0x00, 0xF0, 0x00, 0x1E, 0x00, 0x03, 0xFF,
    0xC0, 0x7F, 0xF8, 0x0F, 0xFF, 0x01, 0xFF, 0xE0, 0x3C, 0x00, 0x07, 0x80, 0x00, 0xF0, 0x00, 0x1F,
    0xFE, 0x03, 0xFF, 0xE0, 0x7F, 0xFC, 0x0F, 0xFF, 0x80, 0x03, 0xC0, 0x39, 0xEF, 0x01, 0xF7, 0x3C,
    0x07, 0xDC, 0xF0, 0x1F, 0x73, 0xC0, 0x7C, 0x0F, 0x01, 0xF0, 0x3C, 0x07, 0xC0, 0xF0, 0x1F, 0x03,
    0xFF, 0xFC, 0x0F, 0xFF, 0xF0, 0x3F, 0xFF, 0xC0, 0xFF, 0xFF, 0x03, 0xC0, 0x7C, 0x0F, 0x01, 0xF0,
    0x3C, 0x07, 0xC0, 0xF0, 0x1F, 0x03, 0xC0, 0x7C, 0x0F, 0x01, 0xF0, 0x3C, 0x07, 0xC0, 0x03, 0xDE,
    0xF7, 0x3D, 0xCF, 0x73, 0xC0, 0xF0, 0x3C, 0x0F, 0x03, 0xC0, 0xF0, 0x3C, 0x0F, 0x03, 0xC0, 0xF0,
    0x3C, 0x0F, 0x03, 0xC0, 0xF0, 0x3C, 0x00, 0x3E, 0x01, 0xE3, 0xFF, 0x07, 0x1F, 0xFE, 0x1C, 0xFF,
    0xFC, 0x77, 0xE3, 0xF0, 0x1F, 0x03, 0xE0, 0xF8, 0x07, 0x83, 0xE0, 0x1E, 0x0F, 0x80, 0x7C, 0x3E,
    0x01, 0xF0, 0xF8, 0x07, 0xC3, 0xE0, 0x1F, 0x0F, 0x80, 0x78, 0x3E, 0x03, 0xE0, 0x7C, 0x0F, 0x81,
    0xFC, 0xFC, 0x03, 0xFF, 0xF0, 0x07, 0xFF, 0x80, 0x0F, 0xF8, 0x00, 0x07, 0x00, 0x03, 0xC0, 0x1E,
    0x7B, 0xE0, 0x3E, 0x71, 0xF0, 0x3E, 0x71, 0xF0, 0x7C, 0x70, 0xF8, 0xF8, 0x00, 0xF8, 0xF8, 0x00,
    0x7D, 0xF0, 0x00, 0x3D, 0xF0, 0x00, 0x3F, 0xE0, 0x00, 0x1F, 0xC0, 0x00, 0x1F, 0xC0, 0x00, 0x0F,
    0x80, 0x00, 0x0F, 0x80, 0x00, 0x0F, 0x80, 0x00, 0x0F, 0x80, 0x00, 0x0F, 0x80, 0x00, 0x0F, 0x80,
    0x00, 0x0F, 0x80, 0x00, 0x0F, 0x80, 0x00, 0x3E, 0x01, 0xE3, 0xFF, 0x07, 0x1F, 0xFE, 0x1C, 0xFF,
    0xFC, 0x77, 0xE3, 0xF8, 0x3F, 0x03, 0xE0, 0xF8, 0x07, 0xC3, 0xE0, 0x1F, 0x0F, 0x00, 0x7C, 0x3C,
    0x01, 0xF0, 0xF8, 0x07, 0xC3, 0xE0, 0x1E, 0x07, 0x80, 0xF8, 0x1F, 0x87, 0xC0, 0x3F, 0x3E, 0x00,
    0x3C, 0xF0, 0x0F, 0xF3, 0xFC, 0x3F, 0xCF, 0xF0, 0xFF, 0x3F, 0xC0, 0x1E, 0x0E, 0x07, 0x03, 0x8E,
    0x77, 0xBF, 0xDF, 0xCE, 0x00, 0x1E, 0x0F, 0x87, 0xC3, 0xE1, 0xF0, 0xF8, 0x7C, 0x3E, 0x1F, 0x0F,
    0x87, 0xC3, 0xF0, 0xF8, 0x7E, 0x00, 0x01, 0xE0, 0x00, 0xFC, 0x00, 0x3F, 0x80, 0x1F, 0xE0, 0x07,
    0xF8, 0x01, 0xFF, 0x00, 0xFF, 0xC0, 0x3E, 0xF0, 0x0F, 0x3E, 0x07, 0xCF, 0x81, 0xF1, 0xE0, 0x7C,
    0x7C, 0x3F, 0xFF, 0x0F, 0xFF, 0xC3, 0xFF, 0xF9, 0xF0, 0x3E, 0x7C, 0x07, 0xDE, 0x01, 0xFF, 0x80,
    0x7C, 0x7F, 0x81, 0xFF, 0xE3, 0xFF, 0xE7, 0xFF, 0xEF, 0x87, 0xDF, 0x07, 0xBE, 0x0F, 0x7C, 0x3E,
    0xFF, 0xF9, 0xFF, 0xE3, 0xFF, 0xF7, 0xC7, 0xEF, 0x83, 0xFF, 0x07, 0xFE, 0x0F, 0xFC, 0x7F, 0xFF,
    0xFD, 0xFF, 0xFB, 0xFF, 0xC0, 0x7F, 0xF7, 0xFF, 0xFF, 0xFF, 0xFF, 0xFF, 0x80, 0x7C, 0x03, 0xE0,
    0x1F, 0x00, 0xF8, 0x07, 0xC0, 0x3E, 0x01, 0xF0, 0x0F, 0x80, 0x7C, 0x03, 0xE0, 0x1F, 0x00, 0xF8,
    0x07, 0xC0, 0x3E, 0x00, 0x01, 0xE0, 0x00, 0xFC, 0x00, 0x3F, 0x80, 0x1F, 0xE0, 0x07, 0xF8, 0x01,
    0xFF, 0x00, 0xFF, 0xC0, 0x3E, 0xF0, 0x0F, 0x3E, 0x07, 0xCF, 0x81, 0xF1, 0xE0, 0x78, 0x7C, 0x3E,
    0x1F, 0x0F, 0x83, 0xC3, 0xC0, 0xF9, 0xF0, 0x3E, 0x7F, 0xFF, 0x9F, 0xFF, 0xFF, 0xFF, 0xFC, 0x7F,
    0xFF, 0xFF, 0xFF, 0xFF, 0xFF, 0xFF, 0x80, 0x7C, 0x03, 0xE0, 0x1F, 0x00, 0xFF, 0xFF, 0xFF, 0xFF,
    0xFF, 0xFF, 0xEF, 0x80, 0x7C, 0x03, 0xE0, 0x1F, 0xFE, 0xFF, 0xFF, 0xFF, 0xFF, 0xFE, 0xFF, 0xFD,
    0xFF, 0xFF, 0xFF, 0xFF, 0xFF, 0xE0, 0x07, 0xC0, 0x1F, 0x00, 0x7C, 0x01, 0xF0, 0x03, 0xE0, 0x0F,
    0x80, 0x3E, 0x00, 0x7C, 0x01, 0xF0, 0x07, 0xC0, 0x1F, 0x00, 0x3E, 0xFE, 0xFF, 0xFF, 0xFF, 0xFF,
    0xFF, 0xF8, 0x70, 0x0F, 0xF8, 0x0F, 0xF8, 0x0F, 0xF8, 0x0F, 0xF8, 0x0F, 0xF8, 0x0F, 0xF8, 0x0F,
    0xF8, 0x0F, 0xFF, 0xFF, 0xFF, 0xFF, 0xFF, 0xFF, 0xFF, 0xFF, 0xF8, 0x0F, 0xF8, 0x0F, 0xF8, 0x0F,
    0xF8, 0x0F, 0xF8, 0x0F, 0xF8, 0x0F, 0xF8, 0x0F, 0x03, 0xE0, 0x03, 0xFE, 0x01, 0xFF, 0xE0, 0xFF,
    0xF8, 0x7E, 0x3F, 0x3F, 0x03, 0xEF, 0x80, 0xFB, 0xE0, 0x1E, 0xF7, 0xF7, 0xBD, 0xFD, 0xEF, 0x7F,
    0x7B, 0xCF, 0x9E, 0xF8, 0x07, 0xBE, 0x03, 0xE7, 0xC1, 0xF9, 0xFD, 0xFC, 0x3F, 0xFE, 0x07, 0xFF,
    0x00, 0xFF, 0x80, 0x07, 0x00, 0x77, 0xFF, 0xFF, 0xFF, 0xFF, 0xFF, 0xFF, 0xFF, 0xFF, 0xFF, 0xFF,
    0xFE, 0x70, 0x0F, 0x7C, 0x1F, 0xBE, 0x0F, 0x9F, 0x0F, 0x8F, 0x8F, 0x87, 0xCF, 0xC3, 0xEF, 0xC1,
    0xFF, 0xC0, 0xFF, 0xC0, 0x7F, 0xE0, 0x3F, 0xF8, 0x1F, 0xFE, 0x0F, 0xDF, 0x07, 0xC7, 0xC3, 0xE1,
    0xF1, 0xF0, 0xF8, 0xF8, 0x3E, 0x7C, 0x1F, 0xBE, 0x07, 0xC0, 0x01, 0xE0, 0x00, 0xFC, 0x00, 0x3F,
    0x80, 0x1F, 0xE0, 0x07, 0xF8, 0x01, 0xFF, 0x00, 0xFF, 0xC0, 0x3E, 0xF0, 0x0F, 0x3E, 0x07, 0xCF,
    0x81, 0xF1, 0xE0, 0x78, 0x7C, 0x3E, 0x1F, 0x0F, 0x83, 0xC3, 0xC0, 0xF9, 0xF0, 0x3E, 0x7C, 0x07,
    0xDE, 0x01, 0xFF, 0x80, 0x7C, 0x7C, 0x01, 0xF7, 0xF0, 0x1F, 0xFF, 0x80, 0xFF, 0xFE, 0x07, 0xFF,
    0xF0, 0x7F, 0xFF, 0x83, 0xFF, 0xFE, 0x3F, 0xFF, 0xF1, 0xFF, 0xFF, 0x8F, 0xFF, 0xFE, 0xFF, 0xFE,
    0xF7, 0xBF, 0xF7, 0xBD, 0xFF, 0xBD, 0xEF, 0xFC, 0xFE, 0x7F, 0xE7, 0xF3, 0xFF, 0x3F, 0x9F, 0xF8,
    0xF8, 0xFF, 0xC7, 0xC7, 0xFE, 0x3E, 0x3E, 0x78, 0x07, 0x7E, 0x07, 0xFF, 0x03, 0xFF, 0xC1, 0xFF,
    0xE0, 0xFF, 0xF8, 0x7F, 0xFE, 0x3F, 0xFF, 0x1F, 0xFF, 0xCF, 0xFD, 0xF7, 0xFE, 0xFB, 0xFF, 0x3F,
    0xFF, 0x8F, 0xFF, 0xC7, 0xFF, 0xE1, 0xFF, 0xF0, 0x7F, 0xF8, 0x3F, 0xFC, 0x0F, 0xFE, 0x07, 0xE0,
    0x7F, 0xFD, 0xFF, 0xFF, 0xFF, 0xFF, 0xFF, 0xF0, 0x00, 0x00, 0x00, 0x00, 0x00, 0x00, 0x00, 0x7F,
    0xFC, 0xFF, 0xF9, 0xFF, 0xF3, 0xFF, 0xE0, 0x00, 0x00, 0x00, 0x00, 0x00, 0x00, 0x00, 0xFF, 0xFF,
    0xFF, 0xFF, 0xFF, 0xF8, 0x03, 0xE0, 0x03, 0xFE, 0x01, 0xFF, 0xE0, 0xFF, 0xF8, 0x7E, 0x3F, 0x3F,
    0x03, 0xEF, 0x80, 0xFB, 0xE0, 0x1E, 0xF0, 0x07, 0xBC, 0x01, 0xEF, 0x00, 0x7B, 0xC0, 0x1E, 0xF8,
    0x07, 0xBE, 0x03, 0xE7, 0xC1, 0xF9, 0xFD, 0xFC, 0x3F, 0xFE, 0x07, 0xFF, 0x00, 0xFF, 0x80, 0x07,
    0x00, 0x7F, 0xFF, 0xFF, 0xFF, 0xFF, 0xFF, 0xFF, 0xFF, 0xF8, 0x0F, 0xF8, 0x0F, 0xF8, 0x0F, 0xF8,
    0x0F, 0xF8, 0x0F, 0xF8, 0x0F, 0xF8, 0x0F, 0xF8, 0x0F, 0xF8, 0x0F, 0xF8, 0x0F, 0xF8, 0x0F, 0xF8,
    0x0F, 0xF8, 0x0F, 0xF8, 0x0F, 0xF8, 0x0F, 0x7F, 0x81, 0xFF, 0xE3, 0xFF, 0xE7, 0xFF, 0xEF, 0x87,
    0xDF, 0x07, 0xBE, 0x0F, 0xFC, 0x1F, 0xF8, 0x3D, 0xF1, 0xFB, 0xFF, 0xF7, 0xFF, 0xCF, 0xFE, 0x1F,
    0x00, 0x3E, 0x00, 0x7C, 0x00, 0xF8, 0x01, 0xF0, 0x03, 0xE0, 0x00, 0x7F, 0xFF, 0xFF, 0xFF, 0xFF,
    0xFF, 0xFF, 0xF7, 0xC0, 0x07, 0xE0, 0x07, 0xE0, 0x07, 0xE0, 0x07, 0xE0, 0x07, 0xC0, 0x1F, 0x80,
    0x7E, 0x01, 0xF8, 0x07, 0xE0, 0x1F, 0x80, 0x7E, 0x00, 0xFF, 0xFF, 0xFF, 0xFF, 0xFF, 0xF8, 0x7F,
    0xFF, 0xFF, 0xFF, 0xFF, 0xFF, 0xFF, 0xFF, 0x03, 0xE0, 0x03, 0xE0, 0x03, 0xE0, 0x03, 0xE0, 0x03,
    0xE0, 0x03, 0xE0, 0x03, 0xE0, 0x03, 0xE0, 0x03, 0xE0, 0x03, 0xE0, 0x03, 0xE0, 0x03, 0xE0, 0x03,
    0xE0, 0x03, 0xE0, 0x03, 0xE0, 0x78, 0x07, 0xBF, 0x03, 0xF7, 0xC0, 0xF8, 0xF8, 0x7C, 0x3E, 0x1F,
    0x07, 0xCF, 0x81, 0xF3, 0xE0, 0x3F, 0xF0, 0x07, 0xF8, 0x01, 0xFE, 0x00, 0x3F, 0x00, 0x0F, 0xC0,
    0x01, 0xE0, 0x00, 0x78, 0x00, 0x1E, 0x00, 0x07, 0x80, 0x01, 0xE0, 0x00, 0x78, 0x00, 0x1E, 0x00,
    0x00, 0x00, 0x00, 0x07, 0x80, 0x00, 0xFF, 0x00, 0x1F, 0xFE, 0x03, 0xFF, 0xFC, 0x1F, 0xFF, 0xF1,
    0xFB, 0xCF, 0x9F, 0x1E, 0x3E, 0xF8, 0xF0, 0xF7, 0x87, 0x87, 0xBC, 0x3C, 0x3D, 0xE1, 0xE1, 0xEF,
    0x0F, 0x0F, 0x7C, 0x78, 0xFB, 0xE3, 0xC7, 0xCF, 0xDE, 0xFC, 0x3F, 0xFF, 0xE0, 0xFF, 0xFC, 0x03,
    0xFF, 0xC0, 0x03, 0xF0, 0x00, 0x0F, 0x00, 0x00, 0x78, 0x07, 0x9F, 0x03, 0xE3, 0xE1, 0xF0, 0xFC,
    0x7C, 0x1F, 0x3E, 0x03, 0xEF, 0x00, 0xFF, 0xC0, 0x1F, 0xE0, 0x03, 0xF0, 0x00, 0xFC, 0x00, 0x3F,
    0x00, 0x1F, 0xE0, 0x07, 0xFC, 0x03, 0xFF, 0x01, 0xF3, 0xE0, 0x7C, 0x7C, 0x3E, 0x1F, 0x1F, 0x03,
    0xEF, 0xC0, 0x7C, 0x70, 0xF0, 0xEF, 0x8F, 0x0F, 0xF8, 0xF0, 0xFF, 0x8F, 0x0F, 0xF8, 0xF0, 0xFF,
    0x8F, 0x0F, 0xF8, 0xF0, 0xFF, 0x8F, 0x0F, 0xF8, 0xF1, 0xF7, 0x8F, 0x1E, 0x7C, 0xF3, 0xE3, 0xFF,
    0xFE, 0x1F, 0xFF, 0xC0, 0xFF, 0xF0, 0x03, 0xFC, 0x00, 0x0F, 0x00, 0x00, 0xF0, 0x00, 0x0F, 0x00,
    0x00, 0xF0, 0x00, 0x03, 0xE0, 0x03, 0xFF, 0x03, 0xFF, 0xE1, 0xFF, 0xFC, 0x7E, 0x3F, 0xBF, 0x03,
    0xEF, 0x80, 0x7B, 0xC0, 0x1F, 0xF0, 0x07, 0xFC, 0x01, 0xFF, 0x00, 0x7F, 0xE0, 0x1E, 0xF8, 0x0F,
    0x9F, 0x87, 0xC3, 0xF3, 0xE0, 0x3C, 0xE0, 0xFF, 0x3F, 0xFF, 0xCF, 0xFF, 0xF3, 0xFC, 0x73, 0xCF,
    0x79, 0xEF, 0x38, 0xE0, 0x00, 0x1C, 0x07, 0xC0, 0xF8, 0x1F, 0x03, 0xE0, 0x7C, 0x0F, 0x81, 0xF0,
    0x3E, 0x07, 0xC0, 0xF8, 0x1F, 0x03, 0xE0, 0x7C, 0x0F, 0x81, 0xF0, 0x3E, 0x07, 0xC0, 0xF8, 0x07,
    0x38, 0x03, 0xCF, 0x00, 0xF3, 0xC0, 0x1C, 0xE0, 0x00, 0x00, 0x1E, 0x01, 0xEF, 0xC0, 0xFD, 0xF0,
    0x3E, 0x3E, 0x1F, 0x0F, 0x87, 0xC1, 0xF3, 0xE0, 0x7C, 0xF8, 0x0F, 0xFC, 0x01, 0xFE, 0x00, 0x7F,
    0x80, 0x0F, 0xC0, 0x03, 0xF0, 0x00, 0x78, 0x00, 0x1E, 0x00, 0x07, 0x80, 0x01, 0xE0, 0x00, 0x78,
    0x00, 0x1E, 0x00, 0x07, 0x80, 0x01, 0xC0, 0x01, 0xE0, 0x00, 0xF0, 0x00, 0x70, 0x00, 0x00, 0x00,
    0x3E, 0x38, 0x7F, 0xBC, 0x7F, 0xFE, 0x7F, 0xFF, 0x3E, 0x1F, 0x9E, 0x0F, 0x8F, 0x03, 0xC7, 0x81,
    0xE3, 0xC0, 0xF1, 0xE0, 0xFC, 0xF8, 0xFE, 0x3F, 0xFF, 0x1F, 0xFF, 0x87, 0xF9, 0xE0, 0x70, 0x00,
    0x03, 0xC0, 0x1C, 0x00, 0xE0, 0x07, 0x00, 0x00, 0x07, 0xE0, 0xFF, 0xCF, 0xFE, 0x7C, 0xFB, 0xC3,
    0x9F, 0x00, 0x7F, 0x03, 0xF8, 0x3F, 0xC1, 0xE0, 0x8F, 0x0F, 0x7F, 0xFB, 0xFF, 0x8F, 0xF8, 0x0F,
    0x00, 0x03, 0xC0, 0x1C, 0x01, 0xE0, 0x0E, 0x00, 0x00, 0x79, 0xF3, 0xDF, 0xDF, 0xFF, 0xFF, 0xFF,
    0xC7, 0xFE, 0x1F, 0xF0, 0xFF, 0x87, 0xFC, 0x3F, 0xE1, 0xFF, 0x0F, 0xF8, 0x7F, 0xC3, 0xFE, 0x1E,
    0x00, 0xF0, 0x07, 0x80, 0x3C, 0x01, 0xE0, 0x0F, 0x00, 0x00, 0x78, 0xF1, 0xC3, 0x80, 0x1E, 0x3E,
    0x7C, 0xF9, 0xF3, 0xE7, 0xCF, 0x9F, 0x3E, 0x7C, 0xFC, 0xF9, 0xF8, 0x00, 0x03, 0x80, 0x3C, 0x01,
    0xE0, 0xEE, 0xE7, 0xBF, 0xBC, 0x3D, 0xC1, 0xC0, 0x00, 0xF0, 0x7F, 0xC3, 0xFE, 0x1F, 0xF0, 0xFF,
    0x87, 0xFC, 0x3F, 0xE1, 0xFF, 0x0F, 0xF8, 0x7F, 0xC3, 0xFE, 0x3E, 0xFF, 0xF7, 0xFF, 0x0F, 0xF0,
    0x1C, 0x00, 0x07, 0xC7, 0x0F, 0xF7, 0x8F, 0xFF, 0xCF, 0xFF, 0xE7, 0xC3, 0xF3, 0xC1, 0xF1, 0xE0,
    0x78, 0xF0, 0x3C, 0x78, 0x1E, 0x3C, 0x1F, 0x9F, 0x1F, 0xC7, 0xFF, 0xE3, 0xFF, 0xF0, 0xFF, 0x3C,
    0x0E, 0x00, 0x0F, 0x80, 0xFF, 0x87, 0xFF, 0x1F, 0xFC, 0xF8, 0xFB, 0xC1, 0xEF, 0x07, 0xBC, 0x3E,
    0xF7, 0xF3, 0xDF, 0x8F, 0x7F, 0x3C, 0x3E, 0xF0, 0x7B, 0xC1, 0xFF, 0x87, 0xFF, 0x3E, 0xFF, 0xFB,
    0xFF, 0xCF, 0x7E, 0x3C, 0x60, 0xF0, 0x03, 0xC0, 0x0F, 0x00, 0x3C, 0x00, 0x00, 0x00, 0xF8, 0x3F,
    0xF0, 0x79, 0xE0, 0xF3, 0xE3, 0xE7, 0xC7, 0x87, 0x8F, 0x0F, 0xBE, 0x0F, 0x78, 0x1E, 0xF0, 0x3F,
    0xC0, 0x3F, 0x80, 0x7F, 0x00, 0xFC, 0x00, 0xF8, 0x01, 0xF0, 0x03, 0xE0, 0x07, 0xC0, 0x0F, 0x80,
    0x1F, 0x00, 0x00, 0x00, 0x00, 0xE0, 0x1F, 0xE0, 0x7F, 0xC1, 0xFF, 0x83, 0xE0, 0x07, 0xC0, 0x07,
    0xF0, 0x0F, 0xF8, 0x3F, 0xF8, 0xFF, 0xF9, 0xF1, 0xF3, 0xC1, 0xE7, 0x83, 0xCF, 0x07, 0x9E, 0x0F,
    0x3E, 0x3E, 0x7F, 0xFC, 0x7F, 0xF0, 0x7F, 0xC0, 0x1C, 0x00, 0x0F, 0xC1, 0xFF, 0x9F, 0xFC, 0xF9,
    0xF7, 0x87, 0x3E, 0x00, 0xFE, 0x07, 0xF0, 0x7F, 0x83, 0xC1, 0x1E, 0x1E, 0xFF, 0xF7, 0xFF, 0x1F,
    0xF0, 0x1E, 0x00, 0x3F, 0xF3, 0xFF, 0x9F, 0xFC, 0xFF, 0xE0, 0x1E, 0x01, 0xF0, 0x1F, 0x01, 0xF0,
    0x1F, 0x01, 0xF0, 0x0F, 0x00, 0xF8, 0x07, 0x80, 0x3C, 0x01, 0xE0, 0x0F, 0x80, 0x7F, 0xE1, 0xFF,
    0x87, 0xFE, 0x00, 0xF0, 0x07, 0x80, 0x3C, 0x01, 0xE0, 0xF3, 0xE7, 0xBF, 0xBF, 0xFF, 0xFF, 0xFF,
    0x8F, 0xFC, 0x3F, 0xE1, 0xFF, 0x0F, 0xF8, 0x7F, 0xC3, 0xFE, 0x1F, 0xF0, 0xFF, 0x87, 0xFC, 0x3C,
    0x01, 0xE0, 0x0F, 0x00, 0x78, 0x03, 0xC0, 0x1E, 0x00, 0x00, 0x07, 0x80, 0x7F, 0x83, 0xFF, 0x1F,
    0xFC, 0x78, 0xFB, 0xC1, 0xEF, 0x07, 0xFC, 0x1F, 0xFF, 0xFF, 0xFF, 0xFF, 0xFF, 0xFF, 0xFF, 0xF0,
    0x7F, 0xC1, 0xFF, 0x87, 0x9E, 0x3E, 0x7F, 0xF0, 0xFF, 0xC1, 0xFE, 0x01, 0xC0, 0xF1, 0xF3, 0xE7,
    0xCF, 0x9F, 0x3E, 0x7C, 0xF9, 0xF3, 0xE7, 0xE7, 0xCF, 0xC0, 0x00, 0xF0, 0x7F, 0xE3, 0xEF, 0x9F,
    0x3E, 0x7C, 0xFB, 0xE3, 0xFF, 0x0F, 0xF8, 0x3F, 0xE0, 0xFF, 0xC3, 0xFF, 0x0F, 0xBE, 0x3E, 0x7C,
    0xF9, 0xFB, 0xE3, 0xE0, 0x3C, 0x00, 0x3F, 0x80, 0x0F, 0xC0, 0x07, 0xF0, 0x00, 0x78, 0x00, 0x3E,
    0x00, 0x1F, 0x00, 0x1F, 0x80, 0x0F, 0xE0, 0x07, 0xF0, 0x07, 0xFC, 0x03, 0xDE, 0x03, 0xEF, 0x01,
    0xE7, 0xC0, 0xF1, 0xE0, 0xF8, 0xF8, 0x78, 0x3F, 0x3C, 0x1F, 0xBE, 0x07, 0xE0, 0x00, 0xE0, 0xF0,
    0x79, 0xF0, 0xF3, 0xE1, 0xE7, 0xC3, 0xCF, 0x87, 0x9F, 0x0F, 0x3E, 0x1E, 0x7C, 0x3C, 0xF8, 0x79,
    0xF0, 0xF3, 0xE3, 0xE7, 0xFF, 0xFF, 0xFF, 0xFF, 0xF7, 0xFE, 0x00, 0x7C, 0x00, 0xF8, 0x01, 0xF0,
    0x03, 0xE0, 0x00, 0x00, 0x00, 0xE0, 0x1F, 0xF0, 0x7F, 0xE0, 0xF7, 0xE1, 0xE3, 0xC7, 0xC7, 0xCF,
    0x07, 0x9E, 0x0F, 0x7C, 0x1F, 0xF0, 0x1F, 0xE0, 0x3F, 0x80, 0x7F, 0x00, 0x7E, 0x00, 0xF8, 0x00,
    0x3F, 0xF3, 0xFF, 0xDF, 0xFE, 0xFF, 0xE3, 0xE0, 0x3E, 0x01, 0xF0, 0x0F, 0x80, 0x3F, 0xF0, 0xFF,
    0x8F, 0xFC, 0xFF, 0xC7, 0x80, 0x3C, 0x01, 0xE0, 0x0F, 0x80, 0x7F, 0xE1, 0xFF, 0x87, 0xFE, 0x00,
    0xF0, 0x07, 0x80, 0x3C, 0x01, 0xE0, 0x07, 0xC0, 0x3F, 0xE0, 0xFF, 0xE3, 0xFF, 0xE7, 0xC7, 0xCF,
    0x07, 0x9E, 0x0F, 0xBC, 0x1F, 0x78, 0x3E, 0xF0, 0x79, 0xF1, 0xF1, 0xFF, 0xC3, 0xFF, 0x81, 0xFE,
    0x00, 0xE0, 0x00, 0xFF, 0xFF, 0xFF, 0xFF, 0xFF, 0xFF, 0xFF, 0xFF, 0x3C, 0x7C, 0x3C, 0x7C, 0x3C,
    0x7C, 0x3C, 0x7C, 0x3C, 0x7C, 0x3C, 0x7C, 0x3C, 0x7C, 0x3C, 0x7E, 0x3C, 0x3F, 0x3C, 0x3F, 0x00,
    0x00, 0x0F, 0xC0, 0x7F, 0xC3, 0xFF, 0x9F, 0xFE, 0x78, 0x7F, 0xE1, 0xFF, 0x07, 0xFC, 0x0F, 0xF8,
    0x7F, 0xE1, 0xFF, 0xCF, 0xFF, 0xFE, 0xFF, 0xF3, 0xFF, 0x8F, 0x98, 0x3E, 0x00, 0xF8, 0x03, 0xE0,
    0x0F, 0x80, 0x00, 0x00, 0x07, 0xC0, 0x7F, 0xC3, 0xFF, 0x9F, 0xFF, 0x7C, 0x7D, 0xE0, 0xE7, 0x80,
    0x1E, 0x00, 0x78, 0x01, 0xE0, 0x07, 0xC0, 0x0F, 0xF8, 0x1F, 0xF8, 0x3F, 0xE0, 0x07, 0x80, 0x0E,
    0x00, 0x38, 0x00, 0xE0, 0x07, 0xFF, 0x1F, 0xFF, 0x3F, 0xFF, 0x7F, 0xFF, 0x7C, 0x7C, 0x78, 0x3C,
    0x78, 0x3C, 0x78, 0x3E, 0x78, 0x3E, 0x78, 0x3C, 0x7C, 0x7C, 0x3F, 0xFC, 0x3F, 0xF8, 0x0F, 0xF0,
    0x03, 0x80, 0xFF, 0xFF, 0xFF, 0xFF, 0xFF, 0xFF, 0xF0, 0xF8, 0x07, 0xC0, 0x3E, 0x01, 0xF0, 0x0F,
    0x80, 0x7C, 0x03, 0xE0, 0x1F, 0xC0, 0x7E, 0x03, 0xF0, 0x02, 0x00, 0xF0, 0x7F, 0xC3, 0xFE, 0x1F,
    0xF0, 0xFF, 0x87, 0xFC, 0x3F, 0xE1, 0xFF, 0x0F, 0xF8, 0x7F, 0xC3, 0xFE, 0x3E, 0xFF, 0xF7, 0xFF,
    0x0F, 0xF0, 0x1C, 0x00, 0x0C, 0x3F, 0x03, 0xCF, 0xF0, 0xFB, 0xFF, 0x3F, 0x7F, 0xF7, 0xCF, 0x3E,
    0xF1, 0xE3, 0xDE, 0x3C, 0x7B, 0xC7, 0x8F, 0x78, 0xF1, 0xEF, 0x1E, 0x7D, 0xFB, 0xDF, 0x9F, 0xFF,
    0xE1, 0xFF, 0xF8, 0x1F, 0xFE, 0x00, 0x7E, 0x00, 0x07, 0x80, 0x00, 0xF0, 0x00, 0x1E, 0x00, 0x03,
    0xC0, 0x00, 0x00, 0x00, 0xF0, 0x3D, 0xF0, 0x7B, 0xF1, 0xF7, 0xE3, 0xC3, 0xEF, 0x83, 0xFE, 0x03,
    0xF8, 0x07, 0xF0, 0x07, 0xC0, 0x0F, 0x80, 0x1F, 0x00, 0x7F, 0x00, 0xFE, 0x03, 0xFE, 0x07, 0xBC,
    0x1F, 0x7C, 0x3C, 0x7E, 0xF0, 0xFF, 0xE0, 0xF8, 0x00, 0x00, 0x01, 0xE0, 0x00, 0x3E, 0x00, 0x07,
    0xC0, 0x78, 0xF9, 0xEF, 0x1F, 0x3F, 0xE3, 0xE7, 0xFC, 0x7C, 0xFF, 0x8F, 0x9F, 0xF1, 0xF3, 0xFE,
    0x3E, 0x7F, 0xC7, 0xCF, 0xFC, 0xF9, 0xEF, 0x9F, 0x3C, 0xFB, 0xEF, 0x9F, 0xFF, 0xF1, 0xFF, 0xFC,
    0x1F, 0xFF, 0x00, 0x7F, 0x00, 0x07, 0xC0, 0x00, 0xF8, 0x00, 0x1F, 0x00, 0x03, 0xE0, 0x00, 0x00,
    0x00, 0x1F, 0x07, 0x81, 0xE0, 0x7C, 0x3E, 0x03, 0xE7, 0xC0, 0x1E, 0x7C, 0x01, 0xF7, 0x8F, 0x1F,
    0x78, 0xF0, 0xF7, 0x8F, 0x0F, 0x78, 0xF0, 0xF7, 0x8F, 0x8F, 0x7C, 0xF9, 0xF7, 0xFF, 0xFE, 0x3F,
    0xDF, 0xE1, 0xF9, 0xFC, 0x06, 0x06, 0x00, 0x73, 0xFE, 0xF7, 0xBD, 0xC6, 0x00, 0x07, 0x81, 0xF0,
    0x7C, 0x1F, 0x07, 0xC1, 0xF0, 0x7C, 0x1F, 0x07, 0xC1, 0xF0, 0x7C, 0x1F, 0x83, 0xE0, 0xFC, 0x00,
    0x3C, 0xE1, 0xEF, 0x8F, 0x7C, 0x31, 0xC0, 0x00, 0x78, 0x3F, 0xE1, 0xFF, 0x0F, 0xF8, 0x7F, 0xC3,
    0xFE, 0x1F, 0xF0, 0xFF, 0x87, 0xFC, 0x3F, 0xE1, 0xFF, 0x1F, 0x7F, 0xFB, 0xFF, 0x87, 0xF8, 0x0E,
    0x00, 0x03, 0xC0, 0x07, 0x80, 0x0F, 0x00, 0x1C, 0x00, 0x00, 0x00, 0xF8, 0x07, 0xFC, 0x1F, 0xFC,
    0x7F, 0xFC, 0xF8, 0xF9, 0xE0, 0xF3, 0xC1, 0xF7, 0x83, 0xEF, 0x07, 0xDE, 0x0F, 0x3E, 0x3E, 0x3F,
    0xF8, 0x7F, 0xF0, 0x3F, 0xC0, 0x1C, 0x00, 0x03, 0x80, 0x3C, 0x01, 0xE0, 0x0E, 0x00, 0x00, 0x78,
    0x3F, 0xE1, 0xFF, 0x0F, 0xF8, 0x7F, 0xC3, 0xFE, 0x1F, 0xF0, 0xFF, 0x87, 0xFC, 0x3F, 0xE1, 0xFF,
    0x1F, 0x7F, 0xFB, 0xFF, 0x87, 0xF8, 0x0E, 0x00, 0x00, 0x78, 0x00, 0x07, 0x80, 0x00, 0x70, 0x00,
    0x07, 0x00, 0x00, 0x00, 0x01, 0xF0, 0x78, 0x1E, 0x07, 0xC3, 0xE0, 0x3E, 0x7C, 0x01, 0xE7, 0xC0,
    0x1F, 0x78, 0xF1, 0xF7, 0x8F, 0x0F, 0x78, 0xF0, 0xF7, 0x8F, 0x0F, 0x78, 0xF8, 0xF7, 0xCF, 0x9F,
    0x7F, 0xFF, 0xE3, 0xFD, 0xFE, 0x1F, 0x9F, 0xC0, 0x60, 0x60, 0x70, 0x0F, 0x7C, 0x1F, 0xBE, 0x0F,
    0x9F, 0x0F, 0x8F, 0x8F, 0x87, 0xCF, 0xC3, 0xEF, 0xC1, 0xFF, 0xC0, 0xFF, 0xC0, 0x7F, 0xE0, 0x3F,
    0xF8, 0x1F, 0xFE, 0x0F, 0xDF, 0x07, 0xC7, 0xC3, 0xE1, 0xF1, 0xF0, 0xF8, 0xF8, 0x3E, 0x7C, 0x0F,
    0xBE, 0x07, 0xC0, 0x03, 0xE0, 0x01, 0xF0, 0x01, 0xF0, 0x00, 0xF0, 0x00, 0x38, 0x00, 0x00, 0x00,
    0x07, 0xE0, 0x3F, 0xC1, 0xFF, 0x8F, 0x1E, 0x3F, 0xF9, 0xFF, 0xC7, 0xFE, 0x1C, 0x70, 0x7F, 0xF1,
    0xFF, 0xE7, 0xFF, 0x9F, 0x1F, 0x78, 0x3D, 0xE0, 0xF7, 0x83, 0xDF, 0x1F, 0x3F, 0xF8, 0xFF, 0xE0,
    0xFE, 0x00, 0xE0, 0x03, 0xC0, 0x0F, 0xE0, 0x3F, 0xC0, 0xFF, 0xC1, 0xEF, 0x83, 0xCF, 0x07, 0x9E,
    0x0F, 0xBC, 0x1F, 0xF8, 0x1F, 0xFB, 0xDF, 0xF7, 0x9F, 0xEF, 0x0F, 0xDE, 0x0F, 0x3C, 0x3E, 0x7C,
    0x7C, 0x7F, 0xF0, 0x7F, 0xE0, 0x7F, 0x00, 0x38, 0x00, 0x70, 0x07, 0xBE, 0x07, 0xDF, 0x07, 0xEF,
    0xC3, 0xF1, 0xE3, 0xE0, 0xF9, 0xE0, 0x3C, 0xF0, 0x1E, 0xF0, 0x07, 0xF8, 0x03, 0xF8, 0x01, 0xFC,
    0x00, 0x7E, 0x00, 0x3E, 0x00, 0x0F, 0x00, 0x07, 0x80, 0x03, 0xC0, 0x01, 0xE0, 0x00, 0xF0, 0x00,
    0x78, 0x00, 0x03, 0xC0, 0x1D, 0xEF, 0x81, 0xF7, 0x3F, 0x0F, 0xDC, 0xFC, 0x3F, 0x70, 0xF0, 0xF0,
    0x01, 0xE7, 0x80, 0x07, 0x9E, 0x00, 0x1F, 0xF8, 0x00, 0x3F, 0xC0, 0x00, 0xFF, 0x00, 0x01, 0xF8,
    0x00, 0x07, 0xE0, 0x00, 0x0F, 0x00, 0x00, 0x3C, 0x00, 0x00, 0xF0, 0x00, 0x03, 0xC0, 0x00, 0x0F,
    0x00, 0x00, 0x3C, 0x00, 0x00, 0xF0, 0x00, 0x0F, 0x38, 0x07, 0xBE, 0x03, 0xDF, 0x00, 0xE7, 0x00,
    0x00, 0x03, 0x80, 0x3D, 0xF0, 0x3E, 0xF8, 0x3F, 0x7E, 0x1F, 0x8F, 0x1F, 0x07, 0xCF, 0x01, 0xE7,
    0x80, 0xF7, 0x80, 0x3F, 0xC0, 0x1F, 0xC0, 0x0F, 0xE0, 0x03, 0xF0, 0x01, 0xF0, 0x00, 0x78, 0x00,
    0x3C, 0x00, 0x1E, 0x00, 0x0F, 0x00, 0x07, 0x80, 0x03, 0xC0, 0x01, 0xE0, 0x00, 0x78, 0x00, 0x1E,
    0x00, 0x07, 0x80, 0x01, 0xE0, 0x01, 0xFF, 0x01, 0xFF, 0xF0, 0xFF, 0xFE, 0x7F, 0xFF, 0x9F, 0x79,
    0xF7, 0x9E, 0x7D, 0xE7, 0x8F, 0x79, 0xE3, 0xDE, 0x79, 0xF7, 0x9E, 0x7D, 0xF7, 0xBE, 0x3F, 0xFF,
    0x8F, 0xFF, 0xC0, 0xFF, 0xE0, 0x0F, 0xC0, 0x01, 0xE0, 0x00, 0x78, 0x00, 0x1E, 0x00, 0x07, 0x80,
    0x00, 0x00, 0x00, 0xFF, 0xFF, 0xFF, 0xFF, 0xFF, 0xFF, 0xFF, 0xFE, 0xF8, 0x01, 0xE7, 0x80, 0x0F,
    0x3C, 0x7C, 0x79, 0xE3, 0xE3, 0xCF, 0x1F, 0x1E, 0x78, 0xF8, 0xF3, 0xC7, 0xC7, 0x9F, 0x3E, 0x7C,
    0xFF, 0xFF, 0xE3, 0xFF, 0xFE, 0x0F, 0xEF, 0xE0, 0x18, 0x0C, 0x00, 0xF0, 0x7F, 0xE3, 0xEF, 0x9F,
    0x3E, 0x7C, 0xFB, 0xE3, 0xFF, 0x0F, 0xF8, 0x3F, 0xE0, 0xFF, 0xC3, 0xFF, 0x0F, 0xBE, 0x3E, 0x7C,
    0xF8, 0xFB, 0xE3, 0xE0, 0x0F, 0x80, 0x3E, 0x01, 0xF0, 0x07, 0x80, 0x1C, 0x00, 0x00, 0x7F, 0xFF,
    0xFF, 0xFF, 0xFF, 0xFF, 0xFF, 0x80, 0x7C, 0x03, 0xE0, 0x1F, 0x00, 0xFF, 0xF7, 0xFF, 0xFF, 0xFF,
    0xFF, 0xFF, 0x80, 0x7C, 0x03, 0xE0, 0x1F, 0x00, 0xF8, 0x07, 0xC0, 0x3E, 0x00, 0xFF, 0xEF, 0xFE,
    0xFF, 0xEF, 0xFE, 0xF8, 0x0F, 0x80, 0xF8, 0x0F, 0xFE, 0xFF, 0xEF, 0xFE, 0xFF, 0xEF, 0x80, 0xF8,
    0x0F, 0x80, 0xF8, 0x0F, 0x80, 0xF8, 0x0F, 0x80, 0xF8, 0x00, 0x00, 0xF8, 0x0E, 0x7E, 0x0F, 0x3F,
    0x0F, 0x07, 0xC7, 0x81, 0xE7, 0xC0, 0xF7, 0xE0, 0x7F, 0xF0, 0x3F, 0xF8, 0x1F, 0xFC, 0x0F, 0xDE,
    0x07, 0xCF, 0x03, 0xC7, 0xF1, 0xC1, 0xF9, 0xE0, 0xFC, 0x00, 0x1C, 0x0F, 0xE0, 0x7F, 0xC3, 0xFF,
    0x9F, 0xBE, 0x78, 0x7D, 0xE0, 0xF7, 0x83, 0xDE, 0x0F, 0x78, 0x7D, 0xF1, 0xF7, 0xFF, 0x9F, 0xFE,
    0x7F, 0xF1, 0xE6, 0x03, 0xC0, 0x0F, 0xE0, 0x1F, 0xE0, 0x3F, 0xC0, 0x1F, 0x80, 0x1E, 0x07, 0xC0,
    0x7F, 0xC3, 0xFF, 0x9F, 0xFF, 0x7C, 0x7D, 0xE0, 0xE7, 0x80, 0x1E, 0x00, 0x78, 0x01, 0xE0, 0xF7,
    0xC7, 0xCF, 0xFE, 0x3F, 0xF8, 0x3F, 0xC0, 0x38, 0x00, 0x3C, 0x7C, 0xF8, 0xE0, 0x07, 0x8F, 0x9F,
    0x3E, 0x7C, 0xF9, 0xF3, 0xE7, 0xCF, 0x9F, 0x3E, 0x7C, 0xF9, 0xF3, 0xDF, 0xBF, 0x7C, 0x00, 0x03,
    0xE0, 0x03, 0xFE, 0x01, 0xFF, 0xE0, 0xFF, 0xF8, 0x7E, 0x3F, 0x3F, 0x03, 0xEF, 0x80, 0xFB, 0xE0,
    0x1E, 0xFF, 0xFF, 0xBF, 0xFF, 0xEF, 0xFF, 0xFB, 0xFF, 0xFE, 0xF8, 0x07, 0xBE, 0x03, 0xE7, 0xC1,
    0xF9, 0xFD, 0xFC, 0x3F, 0xFE, 0x07, 0xFF, 0x00, 0xFF, 0x80, 0x07, 0x00, 0x0F, 0xE3, 0xFC, 0xFF,
    0xBF, 0xF7, 0x80, 0xF0, 0x1F, 0xF3, 0xFE, 0x7F, 0x8F, 0x01, 0xF0, 0x1F, 0xF3, 0xFE, 0x3F, 0xC0,
    0xF8, 0x7E, 0x0F, 0xF1, 0xFF, 0x3F, 0xE0, 0x3E, 0x03, 0xCF, 0xF9, 0xFF, 0x3F, 0xE0, 0x3C, 0x0F,
    0xBF, 0xE7, 0xFC, 0xFF, 0x1F, 0x00, 0x03, 0xE0, 0x07, 0xFC, 0x07, 0xFF, 0x87, 0xFF, 0xC7, 0xE3,
    0xF7, 0xE0, 0x7B, 0xE0, 0x3F, 0xF0, 0x00, 0xF0, 0x00, 0x78, 0x00, 0x3C, 0x00, 0x1E, 0x00, 0x0F,
    0x80, 0x77, 0xC0, 0x7D, 0xF0, 0x7C, 0xFE, 0xFE, 0x3F, 0xFE, 0x0F, 0xFE, 0x03, 0xFE, 0x00, 0x38,
    0x00, 0x7C, 0x01, 0xF7, 0xF0, 0x1F, 0xFF, 0x80, 0xFF, 0xFE, 0x07, 0xFF, 0xF0, 0x7F, 0xFF, 0x83,
    0xFF, 0xFE, 0x3F, 0xFF, 0xF1, 0xFF, 0xFF, 0x8F, 0xFF, 0xFE, 0xFF, 0xFE, 0xF7, 0xBF, 0xF7, 0xBD,
    0xFF, 0xBD, 0xEF, 0xFC, 0xFE, 0x7F, 0xE7, 0xF3, 0xFF, 0x3F, 0x9F, 0xF8, 0xF8, 0xFF, 0xC7, 0xC7,
    0xFE, 0x3E, 0x3E, 0x03, 0xF0, 0x07, 0xFC, 0x0F, 0xFE, 0x1F, 0xFE, 0x1E, 0x1F, 0x3E, 0x1F, 0x3C,
    0x1F, 0x3C, 0x0F, 0x3E, 0x1F, 0x3E, 0x1F, 0x3F, 0x3F, 0x3F, 0xFE, 0x3F, 0xFC, 0x3F, 0xF8, 0xFF,
    0xE0, 0xFF, 0xC0, 0xFF, 0xC0, 0x3E, 0x00, 0x3E, 0x00, 0x00, 0x00, 0x03, 0xE0, 0x03, 0xFF, 0x01,
    0xFF, 0xE0, 0xFF, 0xFC, 0x7E, 0x3F, 0x1F, 0x03, 0xE7, 0x80, 0x78, 0x00, 0x1F, 0x00, 0x07, 0xC0,
    0x01, 0xF0, 0x00, 0x7C, 0x00, 0x1F, 0x78, 0x07, 0x9E, 0x03, 0xE7, 0xC0, 0xF8, 0xFC, 0xFC, 0x3F,
    0xFF, 0x07, 0xFF, 0x80, 0xFF, 0x80, 0x07, 0x00, 0x03, 0xE0, 0x07, 0xFC, 0x07, 0xFF, 0x87, 0xFF,
    0xC7, 0xE3, 0xF7, 0xE0, 0x7B, 0xE0, 0x3F, 0xF0, 0x00, 0xF1, 0xC0, 0x79, 0xF0, 0x3C, 0xF8, 0x1E,
    0x3C, 0x0F, 0x88, 0x77, 0xC0, 0x7D, 0xF0, 0x7C, 0xFE, 0xFE, 0x3F, 0xFE, 0x0F, 0xFE, 0x03, 0xFE,
    0x00, 0x38, 0x00, 0x03, 0xE0, 0x03, 0xFF, 0x01, 0xFF, 0xE0, 0xFF, 0xFC, 0x7E, 0x3F, 0x1F, 0x03,
    0xE7, 0x80, 0x78, 0x00, 0x1F, 0x01, 0xE7, 0xC0, 0xF9, 0xF0, 0x3E, 0x7C, 0x07, 0x9F, 0x78, 0x87,
    0x9E, 0x03, 0xE7, 0xC0, 0xF8, 0xFC, 0xFC, 0x3F, 0xFF, 0x07, 0xFF, 0x80, 0xFF, 0x80, 0x07, 0x00,
    0x1E, 0x00, 0x70, 0x03, 0xC0, 0x0E, 0x00, 0x00, 0x3F, 0xFF, 0xFF, 0xFF, 0xFF, 0xFF, 0xFF, 0xC0,
    0x3E, 0x01, 0xF0, 0x0F, 0x80, 0x7F, 0xFF, 0xFF, 0xFF, 0xFF, 0xFF, 0xF7, 0xC0, 0x3E, 0x01, 0xF0,
    0x0F, 0xFF, 0x7F, 0xFF, 0xFF, 0xFF, 0xFF, 0x3C, 0xE1, 0xEF, 0x8F, 0x7C, 0x39, 0xC0, 0x00, 0x3F,
    0xFF, 0xFF, 0xFF, 0xFF, 0xFF, 0xFF, 0xC0, 0x3E, 0x01, 0xF0, 0x0F, 0x80, 0x7F, 0xFF, 0xFF, 0xFF,
    0xFF, 0xFF, 0xF7, 0xC0, 0x3E, 0x01, 0xF0, 0x0F, 0xFF, 0x7F, 0xFF, 0xFF, 0xFF, 0xFF, 0x7F, 0xFF,
    0x07, 0xFF, 0xF8, 0x3F, 0xFF, 0xC1, 0xFF, 0xFE, 0x00, 0x3E, 0x00, 0x01, 0xF0, 0x00, 0x0F, 0x80,
    0x00, 0x7C, 0xC0, 0x03, 0xFF, 0xC0, 0x1F, 0xFF, 0x00, 0xFF, 0xFC, 0x07, 0xFF, 0xE0, 0x3E, 0x0F,
    0x81, 0xF0, 0x7C, 0x0F, 0x83, 0xE0, 0x7C, 0x1F, 0x03, 0xE1, 0xF0, 0x1F, 0x7F, 0x80, 0xFB, 0xF8,
    0x00, 0x1F, 0x80, 0x00, 0xF0, 0x00, 0x01, 0xE0, 0x1E, 0x00, 0xE0, 0x0F, 0x00, 0x00, 0x3F, 0xFB,
    0xFF, 0xFF, 0xFF, 0xFF, 0xFF, 0xC0, 0x3E, 0x01, 0xF0, 0x0F, 0x80, 0x7C, 0x03, 0xE0, 0x1F, 0x00,
    0xF8, 0x07, 0xC0, 0x3E, 0x01, 0xF0, 0x0F, 0x80, 0x7C, 0x03, 0xE0, 0x1F, 0x00, 0x03, 0xE0, 0x07,
    0xFC, 0x07, 0xFF, 0x87, 0xFF, 0xC7, 0xE3, 0xF7, 0xE0, 0x7B, 0xE0, 0x3F, 0xF0, 0x00, 0xFF, 0xE0,
    0x7F, 0xF0, 0x3F, 0xF8, 0x1F, 0xF8, 0x0F, 0x80, 0x77, 0xC0, 0x7D, 0xF0, 0x7C, 0xFE, 0xFE, 0x3F,
    0xFE, 0x0F, 0xFE, 0x03, 0xFE, 0x00, 0x38, 0x00, 0x07, 0xC0, 0x3F, 0xE1, 0xFF, 0xE3, 0xFF, 0xEF,
    0x87, 0xDF, 0x07, 0xBE, 0x00, 0x7E, 0x00, 0x7F, 0xC0, 0x7F, 0xE0, 0x7F, 0xF0, 0x1F, 0xE0, 0x07,
    0xFE, 0x07, 0xFC, 0x0F, 0xFE, 0x3E, 0xFF, 0xFC, 0xFF, 0xF0, 0x7F, 0xC0, 0x3C, 0x00, 0x77, 0xFF,
    0xFF, 0xFF, 0xFF, 0xFF, 0xFF, 0xFF, 0xFF, 0xFF, 0xFF, 0xFE, 0x73, 0xCF, 0x79, 0xEF, 0x38, 0xE0,
    0x00, 0x1C, 0x07, 0xC0, 0xF8, 0x1F, 0x03, 0xE0, 0x7C, 0x0F, 0x81, 0xF0, 0x3E, 0x07, 0xC0, 0xF8,
    0x1F, 0x03, 0xE0, 0x7C, 0x0F, 0x81, 0xF0, 0x3E, 0x07, 0xC0, 0xF8, 0x00, 0x78, 0x03, 0xC0, 0x1E,
    0x00, 0xF0, 0x07, 0x80, 0x3C, 0x01, 0xE0, 0x0F, 0x00, 0x78, 0x03, 0xC0, 0x1E, 0x00, 0xF7, 0x87,
    0xFC, 0x3F, 0xE1, 0xEF, 0x9F, 0x7F, 0xF9, 0xFF, 0x87, 0xF8, 0x0E, 0x00, 0x07, 0xFF, 0x80, 0x01,
    0xFF, 0xF0, 0x00, 0x3F, 0xFE, 0x00, 0x07, 0xFF, 0xC0, 0x00, 0xF0, 0x78, 0x00, 0x1E, 0x0F, 0x00,
    0x03, 0xC1, 0xE0, 0x00, 0x78, 0x3F, 0xF0, 0x0F, 0x07, 0xFF, 0x81, 0xE0, 0xFF, 0xF8, 0x3C, 0x1F,
    0xFF, 0x8F, 0x83, 0xC1, 0xF1, 0xF0, 0x78, 0x1E, 0x3E, 0x0F, 0x03, 0xC7, 0x81, 0xE0, 0xF9, 0xF0,
    0x3C, 0x3F, 0xFE, 0x07, 0xFF, 0xDF, 0x80, 0xFF, 0xF3, 0xE0, 0x1F, 0xFC, 0x00, 0x70, 0x0F, 0x00,
    0x1F, 0x01, 0xE0, 0x03, 0xE0, 0x3C, 0x00, 0x7C, 0x07, 0x80, 0x0F, 0x80, 0xF0, 0x01, 0xF0, 0x1E,
    0x00, 0x3E, 0x03, 0xC0, 0x07, 0xFF, 0xFF, 0xF0, 0xFF, 0xFF, 0xFF, 0x1F, 0xFF, 0xFF, 0xF3, 0xFF,
    0xFF, 0xFF, 0x7C, 0x07, 0x81, 0xEF, 0x80, 0xF0, 0x3D, 0xF0, 0x1E, 0x07, 0xBE, 0x03, 0xC0, 0xF7,
    0xC0, 0x78, 0x7E, 0xF8, 0x0F, 0xFF, 0x9F, 0x01, 0xFF, 0xF3, 0xE0, 0x3F, 0xF8, 0x00, 0x7F, 0xFF,
    0x07, 0xFF, 0xFC, 0x3F, 0xFF, 0xE1, 0xFF, 0xFF, 0x00, 0x3E, 0x00, 0x01, 0xF0, 0x00, 0x0F, 0x80,
    0x00, 0x7C, 0xE0, 0x03, 0xFF, 0xE0, 0x1F, 0xFF, 0x80, 0xFF, 0xFC, 0x07, 0xC3, 0xF0, 0x3E, 0x0F,
    0x81, 0xF0, 0x3C, 0x0F, 0x81, 0xE0, 0x7C, 0x0F, 0x03, 0xE0, 0x78, 0x1F, 0x03, 0xC0, 0xF8, 0x1E,
    0x01, 0xE0, 0x00, 0xF0, 0x00, 0xF0, 0x00, 0x70, 0x00, 0x00, 0x03, 0x80, 0x7B, 0xE0, 0x7D, 0xF0,
    0x7C, 0xF8, 0x7C, 0x7C, 0x3E, 0x3E, 0x3E, 0x1F, 0x3E, 0x0F, 0xBE, 0x07, 0xFF, 0x03, 0xFF, 0x01,
    0xFF, 0x80, 0xFF, 0xE0, 0x7C, 0xF8, 0x3E, 0x3E, 0x1F, 0x1F, 0x0F, 0x87, 0xC7, 0xC1, 0xF3, 0xE0,
    0xFD, 0xF0, 0x3E, 0x0F, 0x00, 0x03, 0xC0, 0x00, 0xE0, 0x00, 0x78, 0x00, 0x00, 0x03, 0x80, 0x7B,
    0xE0, 0x7F, 0xF0, 0x3F, 0xF8, 0x3F, 0xFC, 0x3F, 0xFE, 0x1F, 0xFF, 0x1F, 0xFF, 0x8F, 0xFF, 0xCF,
    0xFF, 0xEF, 0xBF, 0xF7, 0x9F, 0xFF, 0xCF, 0xFF, 0xC7, 0xFF, 0xE3, 0xFF, 0xE1, 0xFF, 0xE0, 0xFF,
    0xF0, 0x7F, 0xF0, 0x3F, 0xF0, 0x1F, 0x0E, 0x38, 0x07, 0xFC, 0x01, 0xFC, 0x00, 0x7C, 0x00, 0x00,
    0x03, 0xC0, 0x3B, 0xF0, 0x3E, 0xF8, 0x3E, 0x7C, 0x1F, 0x1F, 0x0F, 0x0F, 0x8F, 0x83, 0xE7, 0xC1,
    0xF7, 0xC0, 0x7B, 0xE0, 0x3F, 0xE0, 0x0F, 0xF0, 0x07, 0xF0, 0x01, 0xF8, 0x00, 0xF8, 0x00, 0x7C,
    0x01, 0xFE, 0x00, 0xFE, 0x00, 0x7E, 0x00, 0x3E, 0x00, 0x70, 0x0E, 0xF8, 0x1F, 0xF8, 0x1F, 0xF8,
    0x1F, 0xF8, 0x1F, 0xF8, 0x1F, 0xF8, 0x1F, 0xF8, 0x1F, 0xF8, 0x1F, 0xF8, 0x1F, 0xF8, 0x1F, 0xF8,
    0x1F, 0xF8, 0x1F, 0xF8, 0x1F, 0xF8, 0x1F, 0xF8, 0x1F, 0xFF, 0xFF, 0xFF, 0xFF, 0xFF, 0xFF, 0x03,
    0xC0, 0x03, 0xC0, 0x03, 0xC0, 0x03, 0xC0, 0x01, 0xE0, 0x00, 0xFC, 0x00, 0x3F, 0x80, 0x1F, 0xE0,
    0x07, 0xF8, 0x01, 0xFF, 0x00, 0xFF, 0xC0, 0x3E, 0xF0, 0x0F, 0x3E, 0x07, 0xCF, 0x81, 0xF1, 0xE0,
    0x7C, 0x7C, 0x3F, 0xFF, 0x0F, 0xFF, 0xC3, 0xFF, 0xF9, 0xF0, 0x3E, 0x7C, 0x07, 0xDE, 0x01, 0xFF,
    0x80, 0x7C, 0x7F, 0xF1, 0xFF, 0xF3, 0xFF, 0xE7, 0xFF, 0xCF, 0x80, 0x1F, 0x00, 0x3E, 0x00, 0x7C,
    0x00, 0xFF, 0xE1, 0xFF, 0xF3, 0xFF, 0xF7, 0xC3, 0xEF, 0x83, 0xDF, 0x07, 0xFE, 0x0F, 0x7C, 0x3E,
    0xFF, 0xFD, 0xFF, 0xF3, 0xFF, 0xC0, 0x7F, 0x81, 0xFF, 0xE3, 0xFF, 0xE7, 0xFF, 0xEF, 0x87, 0xDF,
    0x07, 0xBE, 0x0F, 0x7C, 0x3E, 0xFF, 0xF9, 0xFF, 0xE3, 0xFF, 0xF7, 0xC7, 0xEF, 0x83, 0xFF, 0x07,
    0xFE, 0x0F, 0xFC, 0x7F, 0xFF, 0xFD, 0xFF, 0xFB, 0xFF, 0xC0, 0x7F, 0xF7, 0xFF, 0xFF, 0xFF, 0xFF,
    0xFF, 0x80, 0x7C, 0x03, 0xE0, 0x1F, 0x00, 0xF8, 0x07, 0xC0, 0x3E, 0x01, 0xF0, 0x0F, 0x80, 0x7C,
    0x03, 0xE0, 0x1F, 0x00, 0xF8, 0x07, 0xC0, 0x3E, 0x00, 0x03, 0xFF, 0xC0, 0x3F, 0xFF, 0x01, 0xFF,
    0xF8, 0x0F, 0xFF, 0xC0, 0x78, 0x3E, 0x03, 0xC1, 0xF0, 0x1E, 0x0F, 0x80, 0xF0, 0x7C, 0x07, 0x83,
    0xE0, 0x3C, 0x1F, 0x03, 0xE0, 0xF8, 0x1F, 0x07, 0xC0, 0xF0, 0x3E, 0x07, 0x81, 0xF0, 0x7C, 0x0F,
    0x87, 0xE0, 0x7C, 0xFF, 0xFF, 0xFF, 0xFF, 0xFF, 0xFF, 0xFF, 0xFF, 0xF0, 0x00, 0xFF, 0x80, 0x07,
    0xFC, 0x00, 0x3F, 0xE0, 0x01, 0xE0, 0x7F, 0xFF, 0xFF, 0xFF, 0xFF, 0xFF, 0xFF, 0x80, 0x7C, 0x03,
    0xE0, 0x1F, 0x00, 0xFF, 0xFF, 0xFF, 0xFF, 0xFF, 0xFF, 0xEF, 0x80, 0x7C, 0x03, 0xE0, 0x1F, 0xFE,
    0xFF, 0xFF, 0xFF, 0xFF, 0xFE, 0x78, 0x1E, 0x07, 0x9F, 0x07, 0x83, 0xF7, 0xE1, 0xE0, 0xF8, 0xF8,
    0x78, 0x7C, 0x1F, 0x1E, 0x1F, 0x07, 0xC7, 0x8F, 0x80, 0xF9, 0xE3, 0xE0, 0x1E, 0x79, 0xF0, 0x07,
    0xFF, 0xF8, 0x00, 0xFF, 0xFE, 0x00, 0x7F, 0xFF, 0x80, 0x1F, 0xFF, 0xF0, 0x0F, 0x9E, 0x3C, 0x07,
    0xC7, 0x8F, 0x81, 0xF1, 0xE1, 0xF0, 0xF8, 0x78, 0x7C, 0x3E, 0x1E, 0x0F, 0x9F, 0x07, 0x83, 0xEF,
    0xC1, 0xE0, 0x7C, 0x07, 0x80, 0x7F, 0x87, 0xFF, 0x9F, 0xFE, 0xF8, 0x7F, 0xE1, 0xF0, 0x07, 0xC0,
    0x3E, 0x07, 0xF8, 0x1F, 0x80, 0x7F, 0x80, 0x7F, 0x00, 0x7F, 0xC0, 0xFF, 0x03, 0xFE, 0x1F, 0x7F,
    0xFD, 0xFF, 0xE1, 0xFE, 0x01, 0xE0, 0x70, 0x0F, 0x7C, 0x0F, 0xFE, 0x07, 0xFF, 0x07, 0xFF, 0x87,
    0xFF, 0xC3, 0xFF, 0xE3, 0xFF, 0xF1, 0xFF, 0xF9, 0xFF, 0xFD, 0xF7, 0xFE, 0xF3, 0xFF, 0xF9, 0xFF,
    0xF8, 0xFF, 0xFC, 0x7F, 0xFC, 0x3F, 0xFC, 0x1F, 0xFE, 0x0F, 0xFE, 0x07, 0xFE, 0x03, 0xE0, 0x0E,
    0x38, 0x07, 0xF8, 0x03, 0xFC, 0x00, 0x7C, 0x00, 0x00, 0x03, 0x80, 0x7B, 0xE0, 0x7F, 0xF0, 0x3F,
    0xF8, 0x3F, 0xFC, 0x3F, 0xFE, 0x1F, 0xFF, 0x1F, 0xFF, 0x8F, 0xFF, 0xCF, 0xFF, 0xEF, 0xBF, 0xF7,
    0x9F, 0xFF, 0xCF, 0xFF, 0xC7, 0xFF, 0xE3, 0xFF, 0xE1, 0xFF, 0xE0, 0xFF, 0xF0, 0x7F, 0xF0, 0x3F,
    0xF0, 0x1F, 0x70, 0x0F, 0x7C, 0x0F, 0xBE, 0x0F, 0x9F, 0x0F, 0x8F, 0x87, 0xC7, 0xC7, 0xC3, 0xE7,
    0xC1, 0xF7, 0xC0, 0xFF, 0xE0, 0x7F, 0xE0, 0x3F, 0xF0, 0x1F, 0xFC, 0x0F, 0x9F, 0x07, 0xC7, 0xC3,
    0xE3, 0xE1, 0xF0, 0xF8, 0xF8, 0x3E, 0x7C, 0x1F, 0xBE, 0x07, 0xC0, 0x07, 0xFF, 0x83, 0xFF, 0xE0,
    0xFF, 0xF8, 0x3F, 0xFE, 0x0F, 0x07, 0x83, 0xC1, 0xE0, 0xF0, 0x78, 0x3C, 0x1E, 0x0F, 0x07, 0x83,
    0xC1, 0xE0, 0xF0, 0x78, 0x7C, 0x1E, 0x1F, 0x07, 0x87, 0xC1, 0xE1, 0xE0, 0x79, 0xF8, 0x1E, 0xFE,
    0x07, 0xBF, 0x01, 0xEF, 0x80, 0x78, 0x7C, 0x01, 0xF7, 0xF0, 0x1F, 0xFF, 0x80, 0xFF, 0xFE, 0x07,
    0xFF, 0xF0, 0x7F, 0xFF, 0x83, 0xFF, 0xFE, 0x3F, 0xFF, 0xF1, 0xFF, 0xFF, 0x8F, 0xFF, 0xFE, 0xFF,
    0xFE, 0xF7, 0xBF, 0xF7, 0xBD, 0xFF, 0xBD, 0xEF, 0xFC, 0xFE, 0x7F, 0xE7, 0xF3, 0xFF, 0x3F, 0x9F,
    0xF8, 0xF8, 0xFF, 0xC7, 0xC7, 0xFE, 0x3E, 0x3E, 0x70, 0x0F, 0xF8, 0x0F, 0xF8, 0x0F, 0xF8, 0x0F,
    0xF8, 0x0F, 0xF8, 0x0F, 0xF8, 0x0F, 0xF8, 0x0F, 0xFF, 0xFF, 0xFF, 0xFF, 0xFF, 0xFF, 0xFF, 0xFF,
    0xF8, 0x0F, 0xF8, 0x0F, 0xF8, 0x0F, 0xF8, 0x0F, 0xF8, 0x0F, 0xF8, 0x0F, 0xF8, 0x0F, 0x03, 0xE0,
    0x03, 0xFE, 0x01, 0xFF, 0xE0, 0xFF, 0xF8, 0x7E, 0x3F, 0x3F, 0x03, 0xEF, 0x80, 0xFB, 0xE0, 0x1E,
    0xF0, 0x07, 0xBC, 0x01, 0xEF, 0x00, 0x7B, 0xC0, 0x1E, 0xF8, 0x07, 0xBE, 0x03, 0xE7, 0xC1, 0xF9,
    0xFD, 0xFC, 0x3F, 0xFE, 0x07, 0xFF, 0x00, 0xFF, 0x80, 0x07, 0x00, 0x7F, 0xFF, 0xFF, 0xFF, 0xFF,
    0xFF, 0xFF, 0xFF, 0xF8, 0x0F, 0xF8, 0x0F, 0xF8, 0x0F, 0xF8, 0x0F, 0xF8, 0x0F, 0xF8, 0x0F, 0xF8,
    0x0F, 0xF8, 0x0F, 0xF8, 0x0F, 0xF8, 0x0F, 0xF8, 0x0F, 0xF8, 0x0F, 0xF8, 0x0F, 0xF8, 0x0F, 0xF8,
    0x0F, 0x7F, 0x81, 0xFF, 0xE3, 0xFF, 0xE7, 0xFF, 0xEF, 0x87, 0xDF, 0x07, 0xBE, 0x0F, 0xFC, 0x1F,
    0xF8, 0x3D, 0xF1, 0xFB, 0xFF, 0xF7, 0xFF, 0xCF, 0xFE, 0x1F, 0x00, 0x3E, 0x00, 0x7C, 0x00, 0xF8,
    0x01, 0xF0, 0x03, 0xE0, 0x00, 0x03, 0xE0, 0x07, 0xFC, 0x07, 0xFF, 0x87, 0xFF, 0xC7, 0xE3, 0xF7,
    0xE0, 0x7B, 0xE0, 0x3F, 0xF0, 0x00, 0xF0, 0x00, 0x78, 0x00, 0x3C, 0x00, 0x1E, 0x00, 0x0F, 0x80,
    0x77, 0xC0, 0x7D, 0xF0, 0x7C, 0xFE, 0xFE, 0x3F, 0xFE, 0x0F, 0xFE, 0x03, 0xFE, 0x00, 0x38, 0x00,
    0x7F, 0xFF, 0xFF, 0xFF, 0xFF, 0xFF, 0xFF, 0xFF, 0x03, 0xE0, 0x03, 0xE0, 0x03, 0xE0, 0x03, 0xE0,
    0x03, 0xE0, 0x03, 0xE0, 0x03, 0xE0, 0x03, 0xE0, 0x03, 0xE0, 0x03, 0xE0, 0x03, 0xE0, 0x03, 0xE0,
    0x03, 0xE0, 0x03, 0xE0, 0x03, 0xE0, 0x78, 0x07, 0x7E, 0x07, 0xDF, 0x07, 0xCF, 0x83, 0xE3, 0xE1,
    0xE1, 0xF1, 0xF0, 0x7C, 0xF8, 0x3E, 0xF8, 0x0F, 0x7C, 0x07, 0xFC, 0x01, 0xFE, 0x00, 0xFE, 0x00,
    0x3F, 0x00, 0x1F, 0x00, 0x0F, 0x80, 0x3F, 0xC0, 0x1F, 0xC0, 0x0F, 0xC0, 0x07, 0xC0, 0x00, 0x00,
    0xE0, 0x00, 0x3E, 0x00, 0x07, 0xC0, 0x07, 0xFF, 0x01, 0xFF, 0xF0, 0x7F, 0xFF, 0x1F, 0xFF, 0xF7,
    0xCF, 0x9F, 0xF9, 0xF3, 0xFE, 0x3E, 0x3F, 0xC7, 0xC7, 0xF8, 0xF8, 0xFF, 0x1F, 0x1F, 0xF3, 0xE7,
    0xFF, 0x7D, 0xF3, 0xFF, 0xFE, 0x3F, 0xFF, 0x83, 0xFF, 0xE0, 0x1F, 0xF0, 0x00, 0xF8, 0x00, 0x1F,
    0x00, 0x00, 0x00, 0x00, 0x78, 0x07, 0x9F, 0x03, 0xE3, 0xE1, 0xF0, 0xFC, 0x7C, 0x1F, 0x3E, 0x03,
    0xEF, 0x00, 0xFF, 0xC0, 0x1F, 0xE0, 0x03, 0xF0, 0x00, 0xFC, 0x00, 0x3F, 0x00, 0x1F, 0xE0, 0x07,
    0xFC, 0x03, 0xFF, 0x01, 0xF3, 0xE0, 0x7C, 0x7C, 0x3E, 0x1F, 0x1F, 0x03, 0xEF, 0xC0, 0x7C, 0x70,
    0x0E, 0x3E, 0x07, 0xCF, 0x81, 0xF3, 0xE0, 0x7C, 0xF8, 0x1F, 0x3E, 0x07, 0xCF, 0x81, 0xF3, 0xE0,
    0x7C, 0xF8, 0x1F, 0x3E, 0x07, 0xCF, 0x81, 0xF3, 0xE0, 0x7C, 0xF8, 0x1F, 0x3E, 0x07, 0xCF, 0x81,
    0xF3, 0xE0, 0x7C, 0xFF, 0xFF, 0xFF, 0xFF, 0xFF, 0xFF, 0xFC, 0x00, 0x1F, 0x00, 0x07, 0xC0, 0x01,
    0xF0, 0x00, 0x7C, 0x70, 0x1F, 0xF0, 0x3F, 0xE0, 0x7F, 0xC0, 0xFF, 0x81, 0xFF, 0x03, 0xFE, 0x07,
    0xFC, 0x0F, 0xF8, 0x1E, 0xFF, 0xFD, 0xFF, 0xF9, 0xFF, 0xF0, 0xFD, 0xE0, 0x03, 0xC0, 0x07, 0x80,
    0x0F, 0x00, 0x1E, 0x00, 0x3C, 0x00, 0x78, 0x70, 0x38, 0x3F, 0xE1, 0xF0, 0xFF, 0x87, 0xC3, 0xFE,
    0x1F, 0x0F, 0xF8, 0x7C, 0x3F, 0xE1, 0xF0, 0xFF, 0x87, 0xC3, 0xFE, 0x1F, 0x0F, 0xF8, 0x7C, 0x3F,
    0xE1, 0xF0, 0xFF, 0x87, 0xC3, 0xFE, 0x1F, 0x0F, 0xF8, 0x7C, 0x3F, 0xE1, 0xF0, 0xFF, 0x87, 0xC3,
    0xFE, 0x1F, 0x0F, 0xFF, 0xFF, 0xFF, 0xFF, 0xFF, 0xFF, 0xFF, 0xFF, 0xC0, 0x70, 0x38, 0x3C, 0xF8,
    0x7C, 0x3C, 0xF8, 0x7C, 0x3C, 0xF8, 0x7C, 0x3C, 0xF8, 0x7C, 0x3C, 0xF8, 0x7C, 0x3C, 0xF8, 0x7C,
    0x3C, 0xF8, 0x7C, 0x3C, 0xF8, 0x7C, 0x3C, 0xF8, 0x7C, 0x3C, 0xF8, 0x7C, 0x3C, 0xF8, 0x7C, 0x3C,
    0xF8, 0x7C, 0x3C, 0xF8, 0x7C, 0x3C, 0xF8, 0x7C, 0x3C, 0xF8, 0x7C, 0x3C, 0xFF, 0xFF, 0xFF, 0xFF,
    0xFF, 0xFF, 0xFF, 0xFF, 0xFF, 0x00, 0x00, 0x0F, 0x00, 0x00, 0x0F, 0x00, 0x00, 0x0F, 0x00, 0x00,
    0x0F, 0x7F, 0x80, 0x0F, 0xFC, 0x00, 0xFF, 0xC0, 0x0F, 0xFC, 0x00, 0x07, 0xC0, 0x00, 0x7C, 0x00,
    0x07, 0xC0, 0x00, 0x7F, 0xF0, 0x07, 0xFF, 0xC0, 0x7F, 0xFE, 0x07, 0xFF, 0xF0, 0x7C, 0x1F, 0x07,
    0xC0, 0xF0, 0x7C, 0x0F, 0x07, 0xC1, 0xF0, 0x7C, 0x3F, 0x07, 0xFF, 0xE0, 0x7F, 0xFC, 0x07, 0xFF,
    0x80, 0x70, 0x00, 0x77, 0xC0, 0x07, 0xFE, 0x00, 0x3F, 0xF0, 0x01, 0xFF, 0x80, 0x0F, 0xFC, 0x00,
    0x7F, 0xE0, 0x03, 0xFF, 0xFC, 0x1F, 0xFF, 0xF8, 0xFF, 0xFF, 0xE7, 0xFF, 0xFF, 0x3F, 0xF0, 0x7D,
    0xFF, 0x83, 0xEF, 0xFC, 0x1F, 0x7F, 0xE0, 0xFB, 0xFF, 0x1F, 0x9F, 0xFF, 0xFC, 0xFF, 0xFF, 0xC7,
    0xFF, 0xFC, 0x3E, 0x70, 0x01, 0xF0, 0x03, 0xE0, 0x07, 0xC0, 0x0F, 0x80, 0x1F, 0x00, 0x3E, 0x00,
    0x7F, 0xF0, 0xFF, 0xF9, 0xFF, 0xFB, 0xFF, 0xF7, 0xC1, 0xFF, 0x83, 0xFF, 0x07, 0xFE, 0x0F, 0xFC,
    0x7E, 0xFF, 0xFD, 0xFF, 0xF3, 0xFF, 0xC0, 0x03, 0xE0, 0x03, 0xFF, 0x01, 0xFF, 0xE0, 0xFF, 0xFC,
    0x7E, 0x1F, 0x1F, 0x03, 0xE7, 0x80, 0x78, 0x00, 0x1F, 0x01, 0xFF, 0xC0, 0x7F, 0xF0, 0x1F, 0xFC,
    0x07, 0xFF, 0x78, 0x07, 0x9E, 0x03, 0xE7, 0xC0, 0xF8, 0xFC, 0xFC, 0x3F, 0xFF, 0x07, 0xFF, 0x80,
    0xFF, 0x80, 0x07, 0x00, 0x70, 0x07, 0xC0, 0xF8, 0x1F, 0xF0, 0xF8, 0x7F, 0xF8, 0xF8, 0xFF, 0xFC,
    0xF8, 0xFC, 0x7E, 0xF9, 0xF0, 0x3E, 0xF9, 0xF0, 0x1F, 0xF9, 0xE0, 0x1F, 0xFF, 0xE0, 0x0F, 0xFF,
    0xE0, 0x0F, 0xFF, 0xE0, 0x0F, 0xFF, 0xE0, 0x0F, 0xF9, 0xE0, 0x1F, 0xF9, 0xF0, 0x1F, 0xF9, 0xF8,
    0x3E, 0xF8, 0xFE, 0xFE, 0xF8, 0x7F, 0xFC, 0xF8, 0x3F, 0xF8, 0xF8, 0x1F, 0xF0, 0x00, 0x03, 0x80,
    0x01, 0xFE, 0x1F, 0xFC, 0xFF, 0xF9, 0xFF, 0xF7, 0xE1, 0xEF, 0x83, 0xDE, 0x07, 0xBC, 0x0F, 0x7C,
    0x1E, 0xFF, 0xFC, 0xFF, 0xF8, 0xFF, 0xF0, 0xFF, 0xE3, 0xE3, 0xC7, 0x87, 0x9F, 0x0F, 0x7C, 0x1E,
    0xF8, 0x3F, 0xE0, 0x78, 0x0F, 0xC1, 0xFF, 0x8F, 0xFE, 0xF9, 0xF7, 0x87, 0x80, 0x7C, 0x7F, 0xEF,
    0xFF, 0x7F, 0x7F, 0xC3, 0xFE, 0x3E, 0xFF, 0xF7, 0xFF, 0x9F, 0xFC, 0x38, 0x00, 0x00, 0x18, 0x00,
    0x78, 0x1F, 0xF0, 0x7F, 0xC3, 0xFF, 0x07, 0xC0, 0x1E, 0x78, 0x3F, 0xF8, 0x7F, 0xF8, 0xFC, 0xF9,
    0xE0, 0xF3, 0xC1, 0xE7, 0x83, 0xEF, 0x07, 0x9E, 0x0F, 0x3E, 0x3E, 0x3F, 0xF8, 0x7F, 0xF0, 0x3F,
    0xC0, 0x1C, 0x00, 0xFF, 0x87, 0xFF, 0x3F, 0xFD, 0xFF, 0xEF, 0x0F, 0x78, 0xFB, 0xFF, 0x9F, 0xFC,
    0xFF, 0xF7, 0x87, 0xFC, 0x3F, 0xFF, 0xFF, 0xFF, 0x7F, 0xF0, 0xFF, 0xFF, 0xFF, 0xFF, 0xFF, 0xF8,
    0x3E, 0x0F, 0x83, 0xE0, 0xF8, 0x3E, 0x0F, 0x83, 0xE0, 0xF8, 0x3E, 0x00, 0x1F, 0xFC, 0x1F, 0xFC,
    0x1F, 0xFC, 0x1F, 0xFC, 0x1E, 0x3C, 0x1E, 0x3C, 0x1E, 0x3C, 0x1E, 0x3C, 0x3C, 0x3C, 0x3C, 0x3C,
    0x3C, 0x3C, 0xFF, 0xFF, 0xFF, 0xFF, 0xFF, 0xFF, 0xF0, 0x0F, 0xF0, 0x0F, 0xF0, 0x0F, 0xF0, 0x0F,
    0x07, 0xC0, 0x7F, 0xC3, 0xFF, 0x9F, 0xBE, 0x78, 0x3D, 0xE0, 0xF7, 0xFF, 0xDF, 0xFF, 0x7F, 0xFD,
    0xE0, 0x07, 0xC3, 0xCF, 0xFF, 0x3F, 0xF8, 0x3F, 0xC0, 0x38, 0x00, 0xF8, 0x78, 0xFB, 0xE3, 0xC7,
    0xDF, 0x1E, 0x7C, 0x7C, 0xF7, 0xC1, 0xF7, 0xBC, 0x07, 0xFF, 0xE0, 0x3F, 0xFE, 0x00, 0xFF, 0xF0,
    0x0F, 0xFF, 0xC0, 0xFB, 0xFE, 0x0F, 0xDE, 0xF8, 0x7C, 0xF3, 0xE7, 0xC7, 0x9F, 0x7C, 0x3C, 0x7C,
    0x0F, 0x81, 0xFF, 0x1F, 0xF8, 0xFB, 0xE7, 0x8F, 0x00, 0xF8, 0x1F, 0x80, 0xFC, 0x07, 0xF3, 0x87,
    0x9E, 0x3C, 0xFF, 0xE7, 0xFF, 0x0F, 0xE0, 0x18, 0x00, 0xF0, 0x7F, 0xC3, 0xFE, 0x3F, 0xF3, 0xFF,
    0x9F, 0xFD, 0xFF, 0xFF, 0xFF, 0xFF, 0xFF, 0x7F, 0xF3, 0xFF, 0x9F, 0xF8, 0xFF, 0x87, 0xF8, 0x3C,
    0x38, 0xE1, 0xFF, 0x07, 0xF0, 0x1F, 0x00, 0x00, 0x78, 0x3F, 0xE1, 0xFF, 0x1F, 0xF9, 0xFF, 0xCF,
    0xFE, 0xFF, 0xFF, 0xFF, 0xFF, 0xFF, 0xBF, 0xF9, 0xFF, 0xCF, 0xFC, 0x7F, 0xC3, 0xFC, 0x1E, 0xF0,
    0x7B, 0xE3, 0xEF, 0x9F, 0x3E, 0xFC, 0xFB, 0xE3, 0xFF, 0x0F, 0xF8, 0x3F, 0xE0, 0xFF, 0xC3, 0xEF,
    0x8F, 0xBE, 0x3E, 0x7C, 0xF8, 0xFB, 0xE3, 0xE0, 0x1F, 0xFC, 0xFF, 0xF3, 0xFF, 0xCF, 0xFF, 0x3E,
    0x7C, 0xF9, 0xF3, 0xE7, 0xCF, 0x9F, 0x3C, 0x7C, 0xF1, 0xF7, 0xC7, 0xFF, 0x1F, 0xF8, 0x7F, 0xC1,
    0xF0, 0xFC, 0x0F, 0xFF, 0x87, 0xFF, 0xE1, 0xFF, 0xF8, 0x7F, 0xFF, 0x3F, 0xFF, 0xCF, 0xFF, 0xFB,
    0xFF, 0xDF, 0xEF, 0xF7, 0xFB, 0xFD, 0xFE, 0xFF, 0x3F, 0x3F, 0xCF, 0xCF, 0xF1, 0xF3, 0xFC, 0x78,
    0xF0, 0xF0, 0x7F, 0xC3, 0xFE, 0x1F, 0xF0, 0xFF, 0x87, 0xFF, 0xFF, 0xFF, 0xFF, 0xFF, 0xFF, 0xFF,
    0xC3, 0xFE, 0x1F, 0xF0, 0xFF, 0x87, 0xFC, 0x3C, 0x07, 0xC0, 0x3F, 0xE0, 0xFF, 0xE3, 0xFF, 0xE7,
    0xC7, 0xCF, 0x07, 0x9E, 0x0F, 0xBC, 0x1F, 0x78, 0x3E, 0xF0, 0x79, 0xF1, 0xF1, 0xFF, 0xC3, 0xFF,
    0x81, 0xFE, 0x00, 0xE0, 0x00, 0xFF, 0xFF, 0xFF, 0xFF, 0xFF, 0xFF, 0xFF, 0x87, 0xFC, 0x3F, 0xE1,
    0xFF, 0x0F, 0xF8, 0x7F, 0xC3, 0xFE, 0x1F, 0xF0, 0xFF, 0x87, 0xFC, 0x3C, 0xF3, 0xC3, 0xFF, 0xCF,
    0xFF, 0xBF, 0xFE, 0xF8, 0x7F, 0xE1, 0xFF, 0x07, 0xFC, 0x0F, 0xF8, 0x7F, 0xE1, 0xFF, 0xCF, 0xFF,
    0xFE, 0xFF, 0xF3, 0xFF, 0x8F, 0x98, 0x3E, 0x00, 0xF8, 0x03, 0xE0, 0x0F, 0x80, 0x00, 0x00, 0x07,
    0xC0, 0x7F, 0xC3, 0xFF, 0x9F, 0xFF, 0x7C, 0x7D, 0xE0, 0xE7, 0x80, 0x1E, 0x00, 0x78, 0x01, 0xE0,
    0xF7, 0xC7, 0xCF, 0xFE, 0x3F, 0xF8, 0x3F, 0xC0, 0x38, 0x00, 0xFF, 0xFF, 0xFF, 0xFF, 0xFF, 0xFF,
    0xF0, 0xF8, 0x07, 0xC0, 0x3E, 0x01, 0xF0, 0x0F, 0x80, 0x7C, 0x03, 0xE0, 0x1F, 0x00, 0xF8, 0x07,
    0xC0, 0xF8, 0x3F, 0xF0, 0x79, 0xE0, 0xF3, 0xE3, 0xE7, 0xC7, 0x87, 0x8F, 0x0F, 0xBE, 0x0F, 0x78,
    0x1E, 0xF0, 0x3F, 0xC0, 0x3F, 0x80, 0x7F, 0x00, 0xFC, 0x00, 0xF8, 0x01, 0xF0, 0x03, 0xC0, 0x3F,
    0x80, 0xFE, 0x01, 0xF8, 0x00, 0xC0, 0x00, 0x00, 0xE0, 0x00, 0x3E, 0x00, 0x07, 0xC0, 0x00, 0xF8,
    0x00, 0x1F, 0x00, 0x0F, 0xF8, 0x07, 0xFF, 0xC1, 0xFF, 0xFC, 0x7F, 0xFF, 0xCF, 0xBE, 0x79, 0xE7,
    0xCF, 0x3C, 0xF9, 0xF7, 0x9F, 0x3E, 0xF3, 0xE7, 0xDE, 0x7C, 0xF3, 0xEF, 0xBE, 0x3F, 0xFF, 0xC3,
    0xFF, 0xF0, 0x3F, 0xFC, 0x01, 0xFC, 0x00, 0x1F, 0x00, 0x03, 0xE0, 0x00, 0x7C, 0x00, 0x0F, 0x80,
    0x00, 0x00, 0x00, 0x78, 0x7D, 0xF1, 0xE3, 0xCF, 0x8F, 0xBC, 0x1F, 0xE0, 0x7F, 0x80, 0xFC, 0x03,
    0xF0, 0x0F, 0xE0, 0x7F, 0x83, 0xFF, 0x0F, 0x3E, 0x7C, 0x7B, 0xE1, 0xF0, 0xF0, 0x79, 0xF0, 0xF3,
    0xE1, 0xE7, 0xC3, 0xCF, 0x87, 0x9F, 0x0F, 0x3E, 0x1E, 0x7C, 0x3C, 0xF8, 0x79, 0xF0, 0xF3, 0xE1,
    0xE7, 0xFF, 0xFF, 0xFF, 0xFF, 0xFF, 0xC0, 0x07, 0x80, 0x0F, 0x00, 0x1E, 0x00, 0x3C, 0xF0, 0xFF,
    0xC7, 0xFE, 0x3F, 0xF1, 0xFF, 0x8F, 0xFC, 0x7F, 0xE3, 0xEF, 0xFF, 0x7F, 0xF9, 0xFF, 0xC0, 0x3E,
    0x01, 0xF0, 0x0F, 0x80, 0x7C, 0xF0, 0xF1, 0xFF, 0x1E, 0x3F, 0xE3, 0xC7, 0xFC, 0x78, 0xFF, 0x8F,
    0x1F, 0xF1, 0xE3, 0xFE, 0x3C, 0x7F, 0xC7, 0x8F, 0xF8, 0xF1, 0xFF, 0x1E, 0x3F, 0xE3, 0xC7, 0xFF,
    0xFF, 0xFF, 0xFF, 0xFF, 0xFF, 0xFF, 0xC0, 0xF0, 0xF1, 0xE7, 0xC7, 0x8F, 0x3E, 0x3C, 0x79, 0xF1,
    0xE3, 0xCF, 0x8F, 0x1E, 0x7C, 0x78, 0xF3, 0xE3, 0xC7, 0x9F, 0x1E, 0x3C, 0xF8, 0xF1, 0xE7, 0xC7,
    0x8F, 0x3E, 0x3C, 0x79, 0xFF, 0xFF, 0xFF, 0xFF, 0xFF, 0xFF, 0xFF, 0xFC, 0x00, 0x01, 0xE0, 0x00,
    0x0F, 0x00, 0x00, 0x78, 0x00, 0x03, 0xC0, 0xFF, 0x00, 0xFF, 0x00, 0xFF, 0x00, 0xFF, 0x00, 0x1F,
    0xF0, 0x1F, 0xFC, 0x1F, 0xFE, 0x1F, 0xFF, 0x1F, 0x0F, 0x1F, 0x0F, 0x1F, 0x1F, 0x1F, 0xFF, 0x1F,
    0xFE, 0x1F, 0xFC, 0xF0, 0x07, 0xFE, 0x01, 0xFF, 0x80, 0x7F, 0xE0, 0x1F, 0xFF, 0x07, 0xFF, 0xF9,
    0xFF, 0xFF, 0x7F, 0xFF, 0xFF, 0xF8, 0xFF, 0xFE, 0x1F, 0xFF, 0x8F, 0xFF, 0xFF, 0xDF, 0xFF, 0xF7,
    0xFF, 0xF9, 0xF0, 0xF0, 0x07, 0xC0, 0x3E, 0x01, 0xF0, 0x0F, 0xF0, 0x7F, 0xF3, 0xFF, 0xDF, 0xFF,
    0xF8, 0xFF, 0xC3, 0xFE, 0x3F, 0xFF, 0xEF, 0xFF, 0x7F, 0xF0, 0x0F, 0xC0, 0xFF, 0xC3, 0xFF, 0x1F,
    0xFE, 0x78, 0x7C, 0xC1, 0xF0, 0x7F, 0xC1, 0xFF, 0x03, 0xFD, 0xE1, 0xF7, 0x87, 0x9F, 0xFE, 0x3F,
    0xF0, 0x7F, 0x80, 0x70, 0x00, 0xF0, 0x3F, 0x0F, 0x0F, 0xF8, 0xF1, 0xFF, 0xCF, 0x1F, 0xFE, 0xF3,
    0xE1, 0xEF, 0xFE, 0x1F, 0xFF, 0xC1, 0xFF, 0xFC, 0x1F, 0xFF, 0xC1, 0xFF, 0x3E, 0x1F, 0xF3, 0xE3,
    0xEF, 0x1F, 0xFE, 0xF0, 0xFF, 0xCF, 0x07, 0xF8, 0x00, 0x1C, 0x00, 0x0F, 0xF9, 0xFF, 0xDF, 0xFE,
    0xFF, 0xF7, 0x87, 0xBC, 0x3D, 0xFF, 0xEF, 0xFF, 0x3F, 0xF8, 0xFF, 0xCF, 0x9E, 0x78, 0xF7, 0xC7,
    0xFC, 0x3C, 0x1F, 0x00, 0x3C, 0x00, 0x78, 0x00, 0xE0, 0x00, 0x00, 0x1F, 0x01, 0xFF, 0x0F, 0xFE,
    0x7E, 0xF9, 0xE0, 0xF7, 0x83, 0xDF, 0xFF, 0x7F, 0xFD, 0xFF, 0xF7, 0x80, 0x1F, 0x0F, 0x3F, 0xFC,
    0xFF, 0xE0, 0xFF, 0x00, 0xE0, 0x1C, 0xF0, 0x7B, 0xC1, 0xEF, 0x07, 0x1C, 0x00, 0x00, 0x1F, 0x01,
    0xFF, 0x0F, 0xFE, 0x7E, 0xF9, 0xE0, 0xF7, 0x83, 0xDF, 0xFF, 0x7F, 0xFD, 0xFF, 0xF7, 0x80, 0x1F,
    0x0F, 0x3F, 0xFC, 0xFF, 0xE0, 0xFF, 0x00, 0xE0, 0x1C, 0x00, 0x78, 0x03, 0xFF, 0x07, 0xFE, 0x07,
    0xFC, 0x07, 0x9F, 0x0F, 0xFF, 0x1F, 0xFF, 0x3F, 0xFE, 0x7C, 0x7C, 0xF8, 0x79, 0xF0, 0xF3, 0xE1,
    0xE7, 0xC3, 0xCF, 0x87, 0x9F, 0x0F, 0x3E, 0x1E, 0x7C, 0x3C, 0xF8, 0x78, 0x00, 0xF0, 0x01, 0xE0,
    0x1F, 0xC0, 0x3F, 0x80, 0x7E, 0x00, 0x70, 0x07, 0x81, 0xC0, 0xF0, 0x38, 0x00, 0x3F, 0xFF, 0xFF,
    0xFF, 0xFF, 0xFE, 0x0F, 0x83, 0xE0, 0xF8, 0x3E, 0x0F, 0x83, 0xE0, 0xF8, 0x3E, 0x0F, 0x80, 0x07,
    0xC0, 0x7F, 0xC3, 0xFF, 0x9F, 0xFF, 0x7C, 0x3D, 0xE0, 0xE7, 0xF8, 0x1F, 0xE0, 0x7F, 0x81, 0xE0,
    0xF7, 0xC7, 0xCF, 0xFE, 0x3F, 0xF8, 0x3F, 0xC0, 0x38, 0x00, 0x0F, 0xC1, 0xFF, 0x9F, 0xFC, 0xF9,
    0xF7, 0x87, 0x3F, 0x01, 0xFF, 0x87, 0xFE, 0x0F, 0xF8, 0x87, 0xDE, 0x1E, 0xFF, 0xF3, 0xFF, 0x0F,
    0xF0, 0x1E, 0x00, 0xF7, 0xFE, 0xE0, 0x7B, 0xFF, 0xFF, 0xFF, 0xFF, 0xFF, 0xFF, 0xFF, 0xFE, 0x73,
    0xFE, 0xF7, 0xBD, 0xC6, 0x00, 0x07, 0x81, 0xF0, 0x7C, 0x1F, 0x07, 0xC1, 0xF0, 0x7C, 0x1F, 0x07,
    0xC1, 0xF0, 0x7C, 0x1F, 0x07, 0xC1, 0xF0, 0x3C, 0x7C, 0xF8, 0xE0, 0x07, 0x8F, 0x9F, 0x3E, 0x7C,
    0xF9, 0xF3, 0xE7, 0xCF, 0x9F, 0x3E, 0x7C, 0xF9, 0xF3, 0xDF, 0xBF, 0x7C, 0x00, 0x1F, 0xFC, 0x00,
    0x3F, 0xF8, 0x00, 0x7F, 0xF0, 0x00, 0xFF, 0xE0, 0x01, 0xE3, 0xFC, 0x03, 0xC7, 0xFF, 0x07, 0x8F,
    0xFF, 0x1F, 0x1F, 0xFE, 0x3E, 0x3C, 0x3E, 0x7C, 0x78, 0x7C, 0xF0, 0xF0, 0xFF, 0xE1, 0xFF, 0xEF,
    0x83, 0xFF, 0xDF, 0x07, 0xFE, 0x00, 0xF0, 0x78, 0x07, 0xC3, 0xC0, 0x3E, 0x1E, 0x01, 0xF0, 0xF0,
    0x0F, 0x87, 0x80, 0x7F, 0xFF, 0xE3, 0xFF, 0xFF, 0xDF, 0xFF, 0xFF, 0xFF, 0xFF, 0xFF, 0xC3, 0xC3,
    0xFE, 0x1E, 0x1F, 0xF0, 0xFF, 0xFF, 0x87, 0xFF, 0x7C, 0x3F, 0xF0, 0x1C, 0x00, 0xFF, 0x83, 0xFF,
    0x07, 0xFE, 0x03, 0xC0, 0x07, 0x9F, 0x0F, 0xFF, 0x1F, 0xFF, 0x3F, 0xFE, 0x7C, 0x7C, 0xF8, 0x79,
    0xF0, 0xF3, 0xE1, 0xE7, 0xC3, 0xCF, 0x87, 0x9F, 0x0F, 0x3E, 0x1E, 0x7C, 0x3C, 0xF8, 0x78, 0x03,
    0xC0, 0x0E, 0x00, 0x78, 0x01, 0xC0, 0x00, 0x03, 0xC1, 0xEF, 0x8F, 0xBE, 0x7C, 0xFB, 0xF3, 0xEF,
    0x8F, 0xFC, 0x3F, 0xE0, 0xFF, 0x83, 0xFF, 0x0F, 0xBE, 0x3E, 0xF8, 0xF9, 0xF3, 0xE3, 0xEF, 0x8F,
    0x80, 0x1E, 0x00, 0xF0, 0x03, 0xC0, 0x0E, 0x00, 0x00, 0x78, 0x3F, 0xE1, 0xFF, 0x1F, 0xF9, 0xFF,
    0xCF, 0xFE, 0xFF, 0xFF, 0xFF, 0xFF, 0xFF, 0xBF, 0xF9, 0xFF, 0xCF, 0xFC, 0x7F, 0xC3, 0xFC, 0x1E,
    0x1C, 0x70, 0x3F, 0xE0, 0x3F, 0x80, 0x3E, 0x00, 0x00, 0x1F, 0x07, 0xFE, 0x0F, 0x3C, 0x1E, 0x7C,
    0x7C, 0xF8, 0xF0, 0xF1, 0xE1, 0xF7, 0xC1, 0xEF, 0x03, 0xDE, 0x07, 0xF8, 0x07, 0xF0, 0x0F, 0xE0,
    0x1F, 0x80, 0x1F, 0x00, 0x3E, 0x00, 0x78, 0x07, 0xF0, 0x1F, 0xC0, 0x3F, 0x00, 0x18, 0x00, 0xF0,
    0x7F, 0xC3, 0xFE, 0x1F, 0xF0, 0xFF, 0x87, 0xFC, 0x3F, 0xE1, 0xFF, 0x0F, 0xF8, 0x7F, 0xC3, 0xFE,
    0x1F, 0xFF, 0xFF, 0xFF, 0xFF, 0xFC, 0x3E, 0x01, 0xF0, 0x0F, 0x80, 0x7C, 0x00, 0x70, 0x78, 0x3F,
    0xE1, 0xE0, 0xFF, 0x87, 0x83, 0xFE, 0x1E, 0x0F, 0xF8, 0x78, 0x3F, 0xE1, 0xE0, 0xFF, 0x87, 0x83,
    0xFE, 0x1E, 0x0F, 0xF8, 0x78, 0x3F, 0xE1, 0xE0, 0xFF, 0x87, 0x83, 0xFE, 0x1E, 0x0F, 0xF8, 0x78,
    0x3F, 0xE1, 0xE0, 0xFF, 0x87, 0xC7, 0xDF, 0x3F, 0x1F, 0x7F, 0xFF, 0xF8, 0xFF, 0xFF, 0xE1, 0xFC,
    0xFE, 0x01, 0xC0, 0xE0, 0xF0, 0xF1, 0xFF, 0x8F, 0x1F, 0xF8, 0xF1, 0xFF, 0x8F, 0x1F, 0xF8, 0xF1,
    0xFF, 0x8F, 0x1F, 0xF8, 0xF1, 0xFF, 0x8F, 0x1F, 0xF8, 0xF1, 0xFF, 0x8F, 0x1F, 0xF9, 0xF9, 0xF7,
    0xFF, 0xFE, 0x7F, 0xFF, 0xE3, 0xF9, 0xFC, 0x0E, 0x07, 0x00, 0x1C, 0x00, 0x1F, 0x00, 0x3F, 0xF8,
    0x1F, 0xFC, 0x0F, 0xFE, 0x03, 0xFF, 0x00, 0xF8, 0x00, 0x7F, 0xF0, 0x3F, 0xFE, 0x1F, 0xFF, 0x8F,
    0xFF, 0xE7, 0xC1, 0xF3, 0xE0, 0x79, 0xF0, 0x3C, 0xF8, 0x3E, 0x7C, 0x3F, 0x3F, 0xFF, 0x1F, 0xFF,
    0x0F, 0xFF, 0x00, 0x1C, 0x00, 0x3C, 0x00, 0x78, 0x00, 0xF0, 0x01, 0xE0, 0x1F, 0xFC, 0x3F, 0xF8,
    0x7F, 0xF0, 0x1E, 0x00, 0x3F, 0xC0, 0x7F, 0xE0, 0xFF, 0xE1, 0xFF, 0xE3, 0xC3, 0xC7, 0x87, 0x8F,
    0x1F, 0x1F, 0xFE, 0x3F, 0xF8, 0x7F, 0xE0, 0x70, 0x07, 0xC1, 0xF0, 0x3F, 0xE3, 0xE1, 0xFF, 0xE7,
    0xC7, 0xFF, 0xEF, 0x8F, 0xC7, 0xFF, 0x3E, 0x07, 0xFE, 0x7C, 0x07, 0xFC, 0xF0, 0x00, 0xFF, 0xFF,
    0x01, 0xFF, 0xFF, 0x03, 0xFF, 0xFE, 0x07, 0xFF, 0xF8, 0x0F, 0x9E, 0x00, 0x1F, 0x3E, 0x03, 0xFE,
    0x7C, 0x0F, 0xFC, 0x7F, 0x7E, 0xF8, 0x7F, 0xFD, 0xF0, 0x7F, 0xF3, 0xE0, 0x7F, 0xC0, 0x00, 0x1C,
    0x00, 0xF0, 0x3F, 0x1F, 0x1F, 0xF3, 0xE7, 0xFF, 0x7C, 0xFF, 0xFF, 0xBE, 0x3F, 0xF7, 0x83, 0xFF,
    0xFF, 0x07, 0xFF, 0xE0, 0xFF, 0xFC, 0x1F, 0x78, 0x3F, 0xEF, 0x8F, 0xFC, 0xFF, 0xEF, 0x9F, 0xFD,
    0xF0, 0xFF, 0x00, 0x07, 0x00, 0x01, 0xE0, 0x00, 0xFC, 0x00, 0x3F, 0x80, 0x1F, 0xE0, 0x07, 0xF8,
    0x01, 0xFF, 0x00, 0xFF, 0xC0, 0x3E, 0xF0, 0x0F, 0x3E, 0x07, 0xCF, 0x81, 0xF1, 0xE0, 0x7F, 0xFC,
    0x3F, 0xFF, 0x0F, 0xFF, 0xC3, 0xDE, 0xF9, 0xF7, 0xBE, 0x7D, 0xE7, 0xDE, 0x79, 0xFF, 0x9E, 0x7C,
    0x07, 0xC0, 0x0F, 0x80, 0x3F, 0x00, 0x7F, 0x00, 0xFE, 0x03, 0xFC, 0x07, 0xBC, 0x1F, 0x78, 0x3F,
    0xF8, 0x7F, 0xF1, 0xFF, 0xE3, 0xDF, 0xE7, 0xBB, 0xDE, 0x77, 0xC0, 0x70, 0x0F, 0x80, 0xF8, 0x1F,
    0x80, 0xF8, 0x1F, 0xC0, 0xF8, 0x1F, 0xC0, 0xF8, 0x3F, 0xE0, 0xF8, 0x3F, 0xE0, 0xF8, 0x3D, 0xE0,
    0xF8, 0x7D, 0xF0, 0xF8, 0x7D, 0xF0, 0xF8, 0x78, 0xF0, 0xF8, 0xF8, 0xF8, 0xFF, 0xFF, 0xF8, 0xFF,
    0xFF, 0xF8, 0xFF, 0xFF, 0xFC, 0xF9, 0xF7, 0x7C, 0xF9, 0xE7, 0x3C, 0xFB, 0xE7, 0x3E, 0xFB, 0xE7,
    0x3E, 0xFB, 0xC7, 0x1E, 0xF0, 0x3E, 0x0F, 0x83, 0xE0, 0xF8, 0x7E, 0x0F, 0x87, 0xF0, 0xF8, 0x7F,
    0x0F, 0x8F, 0xF8, 0xF8, 0xF7, 0x8F, 0xFF, 0x78, 0xFF, 0xFF, 0xCF, 0xFF, 0xFC, 0xFB, 0xFF, 0xCF,
    0xBD, 0xDE, 0xFB, 0xDD, 0xEF, 0xFD, 0xDF, 0x3F, 0xFF, 0xC3, 0xFF, 0xFC, 0x3F, 0xFF, 0xC1, 0xFF,
    0xF8, 0x0F, 0x0F, 0x00, 0xF0, 0xF0, 0x07, 0x9E, 0x00, 0x7F, 0xE0, 0x03, 0xFC, 0x01, 0xFF, 0xF8,
    0x3F, 0xFF, 0xC7, 0xFF, 0xFE, 0x7C, 0xF3, 0xEF, 0x8F, 0x1F, 0xF8, 0xF1, 0xFF, 0x8F, 0x1F, 0xF8,
    0xF1, 0xFF, 0x8F, 0x1F, 0xF8, 0xF1, 0xF0, 0x7F, 0xFE, 0x1F, 0xFF, 0x0F, 0xFF, 0x83, 0xC7, 0x81,
    0xF7, 0x80, 0x7B, 0xC0, 0x3F, 0xE0, 0x7F, 0xFC, 0x7F, 0xFF, 0x7F, 0xFF, 0xBC, 0xF3, 0xFE, 0x79,
    0xFF, 0x3C, 0xFF, 0x9E, 0x7C, 0x70, 0x7F, 0xFF, 0x9F, 0x0F, 0xFF, 0xFB, 0xE0, 0xFF, 0xFE, 0x7C,
    0x1F, 0xFF, 0x8F, 0x81, 0xE0, 0xF1, 0xF0, 0x1E, 0x3C, 0x3E, 0x03, 0xEF, 0x87, 0xC0, 0x3D, 0xE0,
    0xF8, 0x07, 0xF8, 0x1F, 0xFF, 0xFF, 0xE3, 0xFF, 0xFF, 0xFF, 0x7F, 0xFF, 0xFF, 0xEF, 0x8F, 0x9F,
    0x3F, 0xF1, 0xE3, 0xE3, 0xFE, 0x3C, 0x7C, 0x7F, 0xC7, 0x8F, 0x8F, 0xF8, 0xF1, 0xF1, 0xFF, 0x1E,
    0x3E, 0x3F, 0xE3, 0xC7, 0xC7, 0x80, 0xF0, 0xFF, 0xFC, 0xF8, 0xFF, 0xFC, 0xF8, 0x7F, 0xF8, 0xF8,
    0x3C, 0xF8, 0xF8, 0x3E, 0xF0, 0xF8, 0x1F, 0xE0, 0xFF, 0xFF, 0xF0, 0xFF, 0xFF, 0xFC, 0xFF, 0xFF,
    0xFE, 0xFF, 0xFF, 0xFE, 0xF9, 0xE7, 0x9E, 0xF9, 0xE7, 0x9E, 0xF9, 0xE7, 0x9E, 0xF9, 0xE7, 0x9E,
    0x38, 0x73, 0xFF, 0x1F, 0xC0, 0x78, 0x03, 0x03, 0xC0, 0x7F, 0xC7, 0xFE, 0x7F, 0xE0, 0x1F, 0x01,
    0xF0, 0x1F, 0x01, 0xE1, 0xFE, 0x1F, 0xC1, 0xFE, 0x1F, 0xF0, 0x0F, 0x00, 0xF0, 0x0F, 0x01, 0xF3,
    0xFF, 0x7F, 0xEF, 0xFC, 0xFE, 0x0F, 0x00, 0xF8, 0x07, 0xC0, 0x78, 0x01, 0x80, 0x3D, 0xE1, 0xFE,
    0x1F, 0xC0, 0xF8, 0x00, 0x07, 0xF8, 0x7F, 0xE7, 0xFE, 0x3F, 0xF0, 0x0F, 0x01, 0xF1, 0xFE, 0x1F,
    0xE1, 0xFF, 0x00, 0xF0, 0x0F, 0x1F, 0xF3, 0xFF, 0x7F, 0xEF, 0xF0, 0xF8, 0x07, 0xE0, 0x7E, 0x03,
    0xE0, 0x00, 0x00, 0x70, 0xF0, 0xEF, 0x8F, 0x0F, 0xF8, 0xF0, 0xFF, 0x8F, 0x0F, 0xF8, 0xF0, 0xFF,
    0x8F, 0x0F, 0xF8, 0xF0, 0xFF, 0x8F, 0x0F, 0xF8, 0xF1, 0xF7, 0x8F, 0x1E, 0x7C, 0xF3, 0xE3, 0xFF,
    0xFE, 0x1F, 0xFF, 0xC0, 0xFF, 0xF0, 0x03, 0xFC, 0x00, 0x0F, 0x00, 0x00, 0xF0, 0x00, 0x0F, 0x00,
    0x00, 0xF0, 0x00, 0x01, 0xE0, 0x00, 0x3E, 0x00, 0x07, 0xC0, 0x78, 0xF9, 0xEF, 0x1F, 0x3F, 0xE3,
    0xE7, 0xFC, 0x7C, 0xFF, 0x8F, 0x9F, 0xF1, 0xF3, 0xFE, 0x3E, 0x7F, 0xC7, 0xCF, 0xFC, 0xF9, 0xEF,
    0x9F, 0x3C, 0xFB, 0xEF, 0x9F, 0xFF, 0xF1, 0xFF, 0xFC, 0x1F, 0xFF, 0x00, 0x7F, 0x00, 0x07, 0xC0,
    0x00, 0xF8, 0x00, 0x1F, 0x00, 0x03, 0xE0, 0x00, 0x00, 0x00, 0x03, 0xE0, 0x03, 0xFE, 0x01, 0xFF,
    0xE0, 0xFF, 0xF8, 0x7E, 0x3F, 0x3F, 0x03, 0xEF, 0x80, 0xFB, 0xE0, 0x1E, 0xFF, 0xFF, 0xBF, 0xFF,
    0xEF, 0xFF, 0xFB, 0xFF, 0xFE, 0xF8, 0x07, 0xBE, 0x03, 0xE7, 0xC1, 0xF9, 0xFD, 0xFC, 0x3F, 0xFE,
    0x07, 0xFF, 0x00, 0xFF, 0x80, 0x07, 0x00, 0x07, 0xC0, 0x3F, 0xE0, 0xFF, 0xE3, 0xFF, 0xE7, 0xC7,
    0xCF, 0x07, 0x9F, 0xFF, 0xBF, 0xFF, 0x79, 0xFE, 0xF0, 0x79, 0xF1, 0xF1, 0xFF, 0xC3, 0xFF, 0x81,
    0xFE, 0x00, 0xE0, 0x00, 0x70, 0x00, 0xDF, 0x00, 0x7D, 0xF0, 0x1F, 0xBE, 0x03, 0xF7, 0xC0, 0xF8,
    0x7C, 0x1F, 0x0F, 0x83, 0xC1, 0xF0, 0xF8, 0x1E, 0x1F, 0x03, 0xE3, 0xC0, 0x7C, 0xF8, 0x07, 0x9F,
    0x00, 0xFB, 0xC0, 0x0F, 0xF8, 0x01, 0xFF, 0x00, 0x3F, 0xC0, 0x03, 0xF8, 0x00, 0x7E, 0x00, 0x0F,
    0xC0, 0x00, 0xF8, 0x1F, 0xF0, 0x7D, 0xE1, 0xFB, 0xC3, 0xF7, 0xC7, 0x87, 0x9F, 0x0F, 0x3C, 0x1F,
    0x78, 0x1F, 0xF0, 0x3F, 0xC0, 0x7F, 0x80, 0x7E, 0x00, 0xFC, 0x00, 0xF8, 0x00, 0x1E, 0xF0, 0x01,
    0xEE, 0x00, 0x1D, 0xE0, 0x03, 0xDC, 0x00, 0x00, 0x00, 0xE0, 0x01, 0xBE, 0x00, 0xFB, 0xE0, 0x3F,
    0x7C, 0x07, 0xEF, 0x81, 0xF0, 0xF8, 0x3E, 0x1F, 0x07, 0x83, 0xE1, 0xF0, 0x3C, 0x3E, 0x07, 0xC7,
    0x80, 0xF9, 0xF0, 0x0F, 0x3E, 0x01, 0xF7, 0x80, 0x1F, 0xF0, 0x03, 0xFE, 0x00, 0x7F, 0x80, 0x07,
    0xF0, 0x00, 0xFC, 0x00, 0x1F, 0x80, 0x7B, 0xC0, 0x7F, 0x80, 0xF7, 0x80, 0xFF, 0x00, 0x00, 0x1F,
    0x03, 0xFE, 0x0F, 0xBC, 0x3F, 0x78, 0x7E, 0xF8, 0xF0, 0xF3, 0xE1, 0xE7, 0x83, 0xEF, 0x03, 0xFE,
    0x07, 0xF8, 0x0F, 0xF0, 0x0F, 0xC0, 0x1F, 0x80, 0x1F, 0x00, 0x03, 0xE0, 0x00, 0x00, 0x07, 0xFC,
    0x00, 0x00, 0x07, 0xFF, 0x80, 0x00, 0x07, 0xFF, 0xC0, 0x00, 0x07, 0xE3, 0xF0, 0x00, 0x07, 0xE0,
    0x7D, 0xF0, 0x7F, 0xE0, 0x3E, 0xF8, 0x3F, 0xF0, 0x0F, 0x3C, 0x1E, 0xF0, 0x07, 0x9F, 0x1F, 0x78,
    0x03, 0xC7, 0x8F, 0x3C, 0x01, 0xE3, 0xC7, 0x9E, 0x00, 0xF1, 0xF7, 0xCF, 0x80, 0x78, 0x7B, 0xC7,
    0xC0, 0x7C, 0x3D, 0xE1, 0xF0, 0x7E, 0x1F, 0xF0, 0xFE, 0xFE, 0x07, 0xF0, 0x3F, 0xFE, 0x03, 0xF8,
    0x0F, 0xFE, 0x00, 0xF8, 0x03, 0xFE, 0x00, 0x7C, 0x00, 0x38, 0x00, 0x3E, 0x00, 0x00, 0x00, 0x1E,
    0x00, 0x00, 0x00, 0x7F, 0x00, 0x00, 0x00, 0x3F, 0x00, 0x00, 0x00, 0x3F, 0x00, 0x00, 0x00, 0x06,
    0x00, 0x00, 0x07, 0xC1, 0xE0, 0x78, 0x7F, 0xC7, 0xC1, 0xE3, 0xFF, 0x9F, 0x0F, 0x9F, 0xFF, 0x3C,
    0x3C, 0x7C, 0x7C, 0xF8, 0xF1, 0xE0, 0xF1, 0xE7, 0xC7, 0x83, 0xE7, 0x9E, 0x1E, 0x0F, 0x9F, 0x78,
    0x78, 0x3E, 0x3F, 0xE1, 0xE0, 0xF0, 0xFF, 0x07, 0xC7, 0xC3, 0xFC, 0x0F, 0xFE, 0x07, 0xE0, 0x3F,
    0xF8, 0x1F, 0x80, 0x3F, 0xC0, 0x3E, 0x00, 0x38, 0x00, 0xF0, 0x00, 0x00, 0x07, 0xC0, 0x00, 0x00,
    0xFE, 0x00, 0x00, 0x03, 0xF8, 0x00, 0x00, 0x0F, 0xC0, 0x00, 0x00, 0x08, 0x00, 0x03, 0xE0, 0x1F,
    0xF8, 0x3F, 0xFC, 0x7F, 0xFE, 0x7E, 0x3F, 0xF8, 0x1F, 0xF8, 0x0F, 0xF0, 0x00, 0xF0, 0x00, 0xF0,
    0x00, 0xF0, 0x00, 0xF8, 0x0F, 0xF8, 0x1F, 0x7E, 0x3F, 0x7F, 0xFF, 0x3F, 0xFF, 0x1F, 0xEF, 0x03,
    0x8F, 0x00, 0x0F, 0x07, 0xC0, 0x7F, 0xC3, 0xFF, 0x9F, 0xFF, 0x7C, 0x7D, 0xE0, 0xF7, 0x80, 0x1E,
    0x00, 0x78, 0x01, 0xE0, 0x07, 0xC0, 0x0F, 0xF0, 0x3F, 0xC0, 0x3F, 0x00, 0x3C, 0x00, 0xF0, 0x03,
    0xC0, 0x0F, 0x00, 0x38, 0x00, 0x00, 0x18, 0x00, 0xE0, 0x47, 0x03, 0x9C, 0x0F, 0xE0, 0x0F, 0x80,
    0x1F, 0x80, 0x7F, 0x43, 0x9D, 0xDC, 0x07, 0xF0, 0x0F, 0x80, 0x0F, 0x80, 0x7F, 0x83, 0xCC, 0x0E,
    0x00, 0x70, 0x00, 0x01, 0xDF, 0xF7, 0xFD, 0xC0, 0x60, 0x00, 0x0F, 0xCF, 0xFD, 0xF3, 0x80, 0x00,
    0x0F, 0xF7, 0x30, 0x03, 0x9C, 0xE6, 0x00, 0x3F, 0x07, 0xFE, 0x63, 0xF0, 0x00, 0x00, 0x3C, 0x00,
    0x00, 0x3F, 0x00, 0x00, 0x19, 0x80, 0x01, 0x80, 0x07, 0x01, 0xF0, 0x07, 0xC1, 0x98, 0x03, 0x70,
    0x00, 0x00, 0x00, 0x00, 0x00, 0x00, 0x00, 0x00, 0x00, 0x18, 0x00, 0x03, 0x3E, 0x00, 0x03, 0xF9,
    0x80, 0x03, 0x30, 0x00, 0x00, 0x00, 0x00, 0x00, 0x00, 0x00, 0x00, 0x00, 0x00, 0x00, 0x00, 0x1E,
    0x00, 0x7C, 0x1F, 0x80, 0x3E, 0x0C, 0xC0, 0x19, 0x00, 0x03, 0x80, 0x00, 0x03, 0xE0, 0x00, 0x03,
    0xB0, 0x00, 0x00, 0x00, 0x00, 0x00, 0x18, 0x00, 0x00, 0x18, 0x00, 0x00, 0x18, 0x00, 0x18, 0x38,
    0x00, 0x0C, 0x30, 0x38, 0x0E, 0x00, 0xF0, 0x06, 0x00, 0xE0, 0x04, 0x00, 0x00, 0x00, 0x00, 0x00,
    0x00, 0x00, 0x00, 0xF0, 0x00, 0x18, 0xF8, 0x00, 0x1F, 0x38, 0x00, 0x0F, 0x00, 0x00, 0x00, 0x00,
    0x00, 0x00, 0x00, 0x00, 0x00, 0x02, 0x00, 0x60, 0x0F, 0x00, 0xE0, 0x1E, 0x18, 0x70, 0x18, 0x18,
    0x30, 0x00, 0x18, 0x30, 0x00, 0x38, 0x00, 0x00, 0x30, 0x00, 0x00, 0x00, 0x00, 0x0E, 0x38, 0x01,
    0xFE, 0x00, 0x3F, 0xC0, 0x01, 0xF0, 0x00, 0x00, 0x00, 0xE0, 0x1E, 0x3E, 0x07, 0xE7, 0xC0, 0xFC,
    0xF8, 0x3F, 0x9F, 0x0F, 0xF3, 0xE1, 0xFE, 0x7C, 0x7F, 0xCF, 0x8F, 0xF9, 0xF3, 0xFF, 0x3E, 0xFB,
    0xE7, 0xDE, 0x7C, 0xFF, 0xCF, 0x9F, 0xF1, 0xF3, 0xFE, 0x3E, 0x7F, 0x87, 0xCF, 0xE0, 0xF9, 0xFC,
    0x1F, 0xBF, 0x03, 0xF7, 0xC0, 0x7E, 0x00, 0x07, 0x80, 0x00, 0xF0, 0x00, 0x1E, 0x00, 0x07, 0x80,
    0x38, 0xE0, 0x3F, 0xE0, 0x1F, 0xC0, 0x0F, 0x80, 0x00, 0x00, 0xF0, 0x78, 0xF8, 0x78, 0xF8, 0xF8,
    0xF9, 0xF8, 0xF9, 0xF8, 0xFB, 0xF8, 0xFF, 0xF8, 0xFF, 0xF8, 0xFF, 0x78, 0xFE, 0x78, 0xFE, 0x78,
    0xFC, 0x7E, 0xF8, 0x7E, 0xF0, 0x7E, 0x00, 0x3E, 0x00, 0x3C, 0x00, 0x3C, 0x00, 0x3C, 0x1C, 0x00,
    0x1F, 0x00, 0x3F, 0xF8, 0x1F, 0xFC, 0x0F, 0xFE, 0x03, 0xFF, 0x00, 0xF8, 0x00, 0x7F, 0xF0, 0x3F,
    0xFE, 0x1F, 0xFF, 0x8F, 0xFF, 0xE7, 0xC1, 0xF3, 0xE0, 0x79, 0xF0, 0x3C, 0xF8, 0x3E, 0x7C, 0x3F,
    0x3F, 0xFF, 0x1F, 0xFF, 0x0F, 0xFF, 0x00, 0x1E, 0x00, 0x3C, 0x00, 0x78, 0x07, 0xFF, 0x0F, 0xFE,
    0x1F, 0xFC, 0x07, 0x80, 0x0F, 0xF0, 0x1F, 0xF8, 0x3F, 0xF8, 0x7F, 0xF8, 0xF0, 0xF1, 0xE1, 0xE3,
    0xC7, 0xC7, 0xFF, 0x8F, 0xFE, 0x1F, 0xF8, 0x7F, 0x81, 0xFF, 0xE3, 0xFF, 0xE7, 0xFF, 0xEF, 0x87,
    0xDF, 0x07, 0xFE, 0x0F, 0xFC, 0xDF, 0xF9, 0xFF, 0xF3, 0xFB, 0xFF, 0xF7, 0xFF, 0xCF, 0xFF, 0x1F,
    0x07, 0x3E, 0x0C, 0x7C, 0x00, 0xF8, 0x01, 0xF0, 0x03, 0xE0, 0x00, 0xF3, 0xE3, 0xFF, 0xCF, 0xFF,
    0xBF, 0xFE, 0xF8, 0x7F, 0xE1, 0xFF, 0x83, 0xFE, 0x0F, 0xF8, 0xBF, 0xE7, 0xFF, 0xDF, 0xFF, 0xFE,
    0xFF, 0xFB, 0xFF, 0xEF, 0x9B, 0xBE, 0x00, 0xF8, 0x03, 0xE0, 0x0F, 0x80, 0x00, 0x00, 0x00, 0x78,
    0x03, 0xC0, 0x1E, 0xFF, 0xFF, 0xFF, 0xFF, 0xFF, 0xFF, 0xFF, 0x00, 0xF8, 0x07, 0xC0, 0x3E, 0x01,
    0xF0, 0x0F, 0x80, 0x7C, 0x03, 0xE0, 0x1F, 0x00, 0xF8, 0x07, 0xC0, 0x3E, 0x01, 0xF0, 0x0F, 0x80,
    0x7C, 0x00, 0x03, 0xC0, 0xF0, 0x3F, 0xFF, 0xFF, 0xFF, 0xFF, 0xFF, 0xE0, 0xF8, 0x3E, 0x0F, 0x83,
    0xE0, 0xF8, 0x3E, 0x0F, 0x83, 0xE0, 0xF8, 0x00, 0x1F, 0xFC, 0x7F, 0xFC, 0xFF, 0xF9, 0xFF, 0xF3,
    0xE0, 0x07, 0xC0, 0x0F, 0x80, 0x1F, 0x00, 0xFF, 0xE1, 0xFF, 0xC3, 0xFF, 0x83, 0xFF, 0x03, 0xE0,
    0x07, 0xC0, 0x0F, 0x80, 0x1F, 0x00, 0x3E, 0x00, 0x7C, 0x00, 0xF8, 0x00, 0x3F, 0xF3, 0xFF, 0x3F,
    0xF3, 0xFF, 0x3E, 0x07, 0xFC, 0xFF, 0xCF, 0xFC, 0x3E, 0x03, 0xE0, 0x3E, 0x03, 0xE0, 0x3E, 0x03,
    0xE0, 0x7F, 0xF1, 0xFF, 0xF3, 0xFF, 0xE7, 0xFF, 0xCF, 0x80, 0x1F, 0x00, 0x3E, 0x00, 0x7C, 0xC0,
    0xFF, 0xF1, 0xFF, 0xF3, 0xFF, 0xF7, 0xFF, 0xEF, 0x83, 0xFF, 0x07, 0xFE, 0x0F, 0xFC, 0x1F, 0xF8,
    0x7D, 0xF7, 0xFB, 0xEF, 0xE0, 0x1F, 0x80, 0x3C, 0x00, 0xFF, 0xC7, 0xFE, 0x3F, 0xF1, 0xFF, 0x8F,
    0x80, 0x7C, 0x03, 0xFE, 0x1F, 0xFC, 0xFF, 0xF7, 0xFF, 0xBE, 0x3D, 0xF0, 0xFF, 0x87, 0xFC, 0x78,
    0x03, 0xC0, 0xFE, 0x07, 0xE0, 0x3E, 0x01, 0x80, 0x78, 0x1E, 0x07, 0x87, 0xC1, 0xE0, 0xFC, 0x7E,
    0x1E, 0x0F, 0x83, 0xE1, 0xE1, 0xF0, 0x1F, 0x1E, 0x1F, 0x01, 0xF1, 0xE3, 0xE0, 0x0F, 0x9E, 0x3E,
    0x00, 0x79, 0xE7, 0xC0, 0x07, 0xFF, 0xF8, 0x00, 0x3F, 0xFF, 0x80, 0x07, 0xFF, 0xF8, 0x00, 0x7F,
    0xFF, 0xC0, 0x0F, 0x9E, 0x3C, 0x01, 0xF1, 0xE3, 0xE0, 0x1F, 0x1E, 0x1F, 0x03, 0xE1, 0xE1, 0xF0,
    0x3E, 0x1E, 0x0F, 0xE7, 0xC1, 0xE0, 0xFE, 0xFC, 0x1E, 0x07, 0xE0, 0x00, 0x00, 0x1E, 0x00, 0x00,
    0x01, 0xE0, 0x00, 0x00, 0x1E, 0x00, 0x00, 0x01, 0xE0, 0xF8, 0x78, 0xF8, 0xF8, 0xF1, 0xF1, 0xF1,
    0xE7, 0xC1, 0xF3, 0xDF, 0x01, 0xF7, 0xBC, 0x01, 0xFF, 0xF8, 0x03, 0xFF, 0xE0, 0x03, 0xFF, 0xC0,
    0x0F, 0xFF, 0xC0, 0x3E, 0xFF, 0x80, 0xFD, 0xEF, 0x81, 0xF3, 0xCF, 0xF7, 0xC7, 0x9F, 0xDF, 0x0F,
    0x1F, 0x80, 0x00, 0x0F, 0x00, 0x00, 0x1E, 0x00, 0x00, 0x3C, 0x00, 0x00, 0x78, 0x07, 0x80, 0x7F,
    0x87, 0xFF, 0x9F, 0xFE, 0xF8, 0x7F, 0xE1, 0xF0, 0x07, 0xC0, 0x3E, 0x07, 0xF8, 0x1F, 0x80, 0x7F,
    0x80, 0x7F, 0x00, 0x7F, 0xC0, 0xFF, 0x03, 0xFE, 0x1F, 0x7F, 0xFD, 0xFF, 0xE1, 0xFE, 0x01, 0xE0,
    0x03, 0xC0, 0x0F, 0x80, 0x3E, 0x01, 0xF0, 0x00, 0x00, 0x0F, 0x81, 0xFF, 0x1F, 0xF8, 0xFB, 0xE7,
    0x8F, 0x00, 0xF8, 0x1F, 0x80, 0xFC, 0x07, 0xF3, 0x87, 0x9E, 0x3C, 0xFF, 0xE7, 0xFF, 0x0F, 0xE0,
    0x1C, 0x00, 0xF0, 0x03, 0xC0, 0x3E, 0x01, 0xE0, 0x00, 0x00, 0x70, 0x0F, 0x3E, 0x07, 0xCF, 0x83,
    0xE3, 0xE1, 0xF0, 0xF8, 0x7C, 0x3E, 0x3E, 0x0F, 0x9F, 0x03, 0xEF, 0x80, 0xFF, 0xE0, 0x3F, 0xF0,
    0x0F, 0xFC, 0x03, 0xFF, 0x80, 0xF9, 0xF0, 0x3E, 0x3E, 0x0F, 0x8F, 0x83, 0xE1, 0xF0, 0xF8, 0x3F,
    0xFE, 0x0F, 0xFF, 0x81, 0xFC, 0x00, 0x1F, 0x00, 0x07, 0xC0, 0x01, 0xF0, 0x00, 0x7C, 0xF0, 0x79,
    0xF1, 0xF3, 0xE7, 0xC7, 0xDF, 0x8F, 0xBE, 0x1F, 0xF8, 0x3F, 0xE0, 0x7F, 0xC0, 0xFF, 0xC1, 0xF7,
    0xC3, 0xEF, 0x87, 0xCF, 0xFF, 0x8F, 0xFF, 0x1F, 0xC0, 0x0F, 0x80, 0x1F, 0x00, 0x3E, 0x00, 0x7C,
    0x70, 0x0F, 0x7C, 0x0F, 0xBE, 0x0F, 0x9F, 0x07, 0xCF, 0x87, 0xC7, 0xFB, 0xE3, 0xFF, 0xE1, 0xFF,
    0xF0, 0xFF, 0xF0, 0x7F, 0xF8, 0x3F, 0xFC, 0x1F, 0xFF, 0x0F, 0xFF, 0x87, 0xFB, 0xE3, 0xFD, 0xF1,
    0xF0, 0x7C, 0xF8, 0x3E, 0x7C, 0x0F, 0xBE, 0x07, 0xC0, 0xF0, 0x3F, 0xF0, 0xFB, 0xE1, 0xF7, 0xF7,
    0xCF, 0xEF, 0x9F, 0xFE, 0x3F, 0xFC, 0x7F, 0xF0, 0xFF, 0xF1, 0xFD, 0xF3, 0xFB, 0xE7, 0xF3, 0xEF,
    0x87, 0xDF, 0x07, 0xC0, 0x7F, 0x80, 0x7B, 0xFF, 0x03, 0xEF, 0xFC, 0x1F, 0x3F, 0xF0, 0xFC, 0x07,
    0xC3, 0xE0, 0x1F, 0x1F, 0x00, 0x7C, 0xF8, 0x01, 0xF3, 0xE0, 0x07, 0xFF, 0x00, 0x1F, 0xF8, 0x00,
    0x7F, 0xF0, 0x01, 0xFF, 0xC0, 0x07, 0xCF, 0x80, 0x1F, 0x1F, 0x00, 0x7C, 0x7E, 0x01, 0xF0, 0xF8,
    0x07, 0xC1, 0xF0, 0x1F, 0x03, 0xE0, 0x7C, 0x0F, 0xC0, 0xFF, 0x0F, 0xFF, 0x8F, 0xBF, 0xCF, 0xDF,
    0xE7, 0xC1, 0xF7, 0xC0, 0xFF, 0xC0, 0x7F, 0xE0, 0x3F, 0xE0, 0x1F, 0xF8, 0x0F, 0xBE, 0x07, 0xDF,
    0x83, 0xE7, 0xC1, 0xF1, 0xF0, 0xF8, 0x7C, 0x70, 0x0F, 0x3E, 0x03, 0xCF, 0x80, 0xF3, 0xE0, 0x3C,
    0xF8, 0x0F, 0x3E, 0x03, 0xCF, 0x80, 0xF3, 0xE0, 0x3C, 0xFF, 0xFF, 0x3F, 0xFF, 0xCF, 0xFF, 0xF3,
    0xFF, 0xFC, 0xF8, 0x0F, 0x3E, 0x03, 0xCF, 0x80, 0xF3, 0xE0, 0x3C, 0xF8, 0x0F, 0xFE, 0x03, 0xFF,
    0x80, 0xFC, 0x00, 0x0F, 0x00, 0x03, 0xC0, 0x00, 0xF0, 0x00, 0x3C, 0xF0, 0x79, 0xF0, 0xF3, 0xE1,
    0xE7, 0xC3, 0xCF, 0x87, 0x9F, 0xFF, 0x3F, 0xFE, 0x7F, 0xFC, 0xFF, 0xF9, 0xF0, 0xF3, 0xE1, 0xE7,
    0xC3, 0xFF, 0x87, 0xFF, 0x0F, 0xC0, 0x07, 0x80, 0x0F, 0x00, 0x1E, 0x00, 0x3C, 0x70, 0x0F, 0xFE,
    0xF8, 0x0F, 0xFF, 0xF8, 0x0F, 0xFF, 0xF8, 0x0F, 0xFE, 0xF8, 0x0F, 0x00, 0xF8, 0x0F, 0x00, 0xF8,
    0x0F, 0x00, 0xF8, 0x0F, 0x00, 0xFF, 0xFF, 0x00, 0xFF, 0xFF, 0x00, 0xFF, 0xFF, 0x00, 0xFF, 0xFF,
    0x00, 0xF8, 0x0F, 0x00, 0xF8, 0x0F, 0x00, 0xF8, 0x0F, 0x00, 0xF8, 0x0F, 0x00, 0xF8, 0x0F, 0x00,
    0xF8, 0x0F, 0x00, 0xF8, 0x0F, 0x00, 0xF0, 0x7F, 0xFC, 0x3F, 0xFE, 0x1F, 0xFF, 0x0F, 0xEF, 0x87,
    0x87, 0xFF, 0xC3, 0xFF, 0xE1, 0xFF, 0xF0, 0xFF, 0xF8, 0x7C, 0x3C, 0x3E, 0x1E, 0x1F, 0x0F, 0x0F,
    0x87, 0x87, 0xC3, 0xC0, 0x7F, 0xFF, 0x00, 0x1F, 0xFF, 0xE0, 0x03, 0xFF, 0xFC, 0x00, 0x7F, 0xFF,
    0x80, 0x0F, 0x80, 0xF0, 0x01, 0xF0, 0x1E, 0x00, 0x3E, 0x03, 0xC0, 0x07, 0xC0, 0x79, 0xC0, 0xF8,
    0x0F, 0xFE, 0x1F, 0x01, 0xFF, 0xF3, 0xE0, 0x3F, 0xFE, 0x7C, 0x07, 0xFF, 0xEF, 0x80, 0xF8, 0x7D,
    0xF0, 0x1E, 0x07, 0xBE, 0x03, 0xC0, 0xF7, 0xC0, 0x78, 0x1E, 0xF8, 0x0F, 0x0F, 0xDF, 0x01, 0xEF,
    0xF3, 0xE0, 0x3D, 0xFE, 0x00, 0x00, 0x3F, 0x80, 0x00, 0x03, 0x80, 0xFF, 0xF8, 0x03, 0xFF, 0xE0,
    0x0F, 0xFF, 0x80, 0x3F, 0xFE, 0x00, 0xF8, 0x78, 0x03, 0xE1, 0xF8, 0x0F, 0x87, 0xFE, 0x3E, 0x1F,
    0xFC, 0xF8, 0x7F, 0xFB, 0xE1, 0xE3, 0xEF, 0x87, 0x87, 0xFE, 0x1E, 0x0F, 0xF8, 0x78, 0x3F, 0xE1,
    0xE1, 0xF0, 0x00, 0x0F, 0x80, 0x00, 0x7E, 0x00, 0x01, 0xE0, 0x00, 0x03, 0x00, 0x03, 0x80, 0x00,
    0x07, 0xC0, 0x00, 0x07, 0xE1, 0xF0, 0x07, 0xF3, 0xFE, 0x07, 0xE3, 0xFF, 0x87, 0xE1, 0xFF, 0xE3,
    0xE1, 0xF9, 0xF9, 0xF0, 0xF8, 0x7C, 0xF0, 0x78, 0x1E, 0x78, 0x3C, 0x0F, 0x3C, 0x1E, 0x0F, 0x9E,
    0x0F, 0x87, 0xCF, 0x87, 0xC7, 0xC7, 0xC1, 0xF7, 0xE1, 0xF0, 0xFF, 0xE0, 0xFF, 0x3F, 0xE4, 0x3F,
    0xFF, 0xFF, 0x0F, 0xFF, 0xFF, 0x83, 0xFF, 0xFF, 0xC0, 0x1E, 0x07, 0x80, 0x07, 0x00, 0x00, 0xF8,
    0x00, 0x0F, 0xCF, 0xC0, 0xFE, 0xFF, 0x87, 0xCF, 0xFC, 0x3C, 0x7F, 0xF1, 0xE3, 0xCF, 0x8F, 0x1E,
    0x3C, 0x78, 0xF3, 0xE3, 0xE7, 0xDE, 0x1F, 0xBF, 0xF0, 0x7F, 0xFF, 0xE1, 0xFF, 0xFF, 0x07, 0xFF,
    0xFC, 0x07, 0x87, 0x00, 0x03, 0xE0, 0x07, 0xFC, 0x07, 0xFF, 0x87, 0xFF, 0xC7, 0xE3, 0xF7, 0xE0,
    0x7B, 0xE0, 0x3F, 0xF0, 0x00, 0xF0, 0x00, 0x78, 0x00, 0x3C, 0x00, 0x1E, 0x00, 0x0F, 0x80, 0x77,
    0xC0, 0x7D, 0xF0, 0x7C, 0xFE, 0xFE, 0x3F, 0xFE, 0x0F, 0xFE, 0x03, 0xFE, 0x00, 0x38, 0x00, 0x1E,
    0x00, 0x07, 0x80, 0x07, 0xC0, 0x03, 0xC0, 0x00, 0x00, 0x00, 0x07, 0xC0, 0x7F, 0xC3, 0xFF, 0x9F,
    0xFF, 0x7C, 0x7D, 0xE0, 0xE7, 0x80, 0x1E, 0x00, 0x78, 0x01, 0xE0, 0xF7, 0xC7, 0xCF, 0xFE, 0x3F,
    0xF8, 0x3F, 0xC0, 0x38, 0x00, 0xF0, 0x01, 0xE0, 0x0F, 0x80, 0x3C, 0x00, 0x00, 0x7F, 0xFF, 0xFF,
    0xFF, 0xFF, 0xFF, 0xFF, 0xFF, 0x03, 0xE0, 0x03, 0xE0, 0x03, 0xE0, 0x03, 0xE0, 0x03, 0xE0, 0x03,
    0xE0, 0x03, 0xE0, 0x03, 0xE0, 0x03, 0xE0, 0x03, 0xE0, 0x03, 0xE0, 0x03, 0xE0, 0x03, 0xF0, 0x03,
    0xF0, 0x03, 0xF0, 0x00, 0xF0, 0x00, 0xF0, 0x00, 0xF0, 0x00, 0xF0, 0xFF, 0xFF, 0xFF, 0xFF, 0xFF,
    0xFF, 0xF0, 0xF8, 0x07, 0xC0, 0x3E, 0x01, 0xF0, 0x0F, 0x80, 0x7C, 0x03, 0xE0, 0x1F, 0xC0, 0xFC,
    0x07, 0xE0, 0x0F, 0x00, 0x78, 0x03, 0xC0, 0x1E, 0x00, 0x78, 0x07, 0xBF, 0x03, 0xF7, 0xC0, 0xF8,
    0xF8, 0x7C, 0x3E, 0x1F, 0x07, 0xCF, 0x81, 0xF3, 0xE0, 0x3F, 0xF0, 0x07, 0xF8, 0x01, 0xFE, 0x00,
    0x3F, 0x00, 0x0F, 0xC0, 0x01, 0xE0, 0x00, 0x78, 0x00, 0x1E, 0x00, 0x07, 0x80, 0x01, 0xE0, 0x00,
    0x78, 0x00, 0x1E, 0x00, 0xF8, 0x3F, 0xF0, 0x79, 0xE0, 0xF3, 0xE3, 0xE7, 0xC7, 0x87, 0x8F, 0x0F,
    0xBE, 0x0F, 0x78, 0x1E, 0xF0, 0x3F, 0xC0, 0x3F, 0x80, 0x7F, 0x00, 0xFC, 0x00, 0xF8, 0x01, 0xF0,
    0x03, 0xE0, 0x07, 0xC0, 0x0F, 0x80, 0x1F, 0x00, 0x00, 0x00, 0x78, 0x07, 0xBF, 0x03, 0xF7, 0xC0,
    0xF8, 0xF8, 0x7C, 0x3E, 0x1F, 0x07, 0xCF, 0x81, 0xF3, 0xE0, 0x3F, 0xF0, 0x07, 0xF8, 0x01, 0xFE,
    0x00, 0x3F, 0x00, 0x0F, 0xC0, 0x01, 0xE0, 0x03, 0xFF, 0x81, 0xFF, 0xE0, 0x7F, 0xF8, 0x0F, 0xFC,
    0x00, 0x78, 0x00, 0x1E, 0x00, 0xF8, 0x3F, 0xF0, 0x79, 0xE0, 0xF3, 0xE3, 0xE7, 0xC7, 0x87, 0x8F,
    0x0F, 0xBE, 0x0F, 0x78, 0x1E, 0xF0, 0x3F, 0xC0, 0x3F, 0x80, 0x7F, 0x00, 0xFC, 0x03, 0xFE, 0x07,
    0xFC, 0x0F, 0xF8, 0x07, 0xC0, 0x0F, 0x80, 0x1F, 0x00, 0x00, 0x00, 0x78, 0x07, 0x8F, 0x81, 0xF0,
    0xF8, 0x7C, 0x1F, 0x8F, 0x81, 0xF3, 0xE0, 0x1F, 0x78, 0x03, 0xFF, 0x00, 0x3F, 0xC0, 0x03, 0xF0,
    0x00, 0x7E, 0x00, 0x0F, 0xC0, 0x03, 0xFC, 0x00, 0x7F, 0xC0, 0x1F, 0xF8, 0x07, 0xCF, 0x80, 0xF8,
    0xF8, 0x3E, 0x1F, 0xEF, 0x81, 0xFF, 0xF0, 0x1F, 0x80, 0x00, 0xF0, 0x00, 0x1E, 0x00, 0x03, 0xC0,
    0x00, 0x78, 0x78, 0x7C, 0x7C, 0x78, 0x3C, 0xF8, 0x3E, 0xF0, 0x1F, 0xE0, 0x1F, 0xE0, 0x0F, 0xC0,
    0x0F, 0xC0, 0x0F, 0xE0, 0x1F, 0xE0, 0x3F, 0xF0, 0x3C, 0xFE, 0x7C, 0x7E, 0xF8, 0x7E, 0x00, 0x1E,
    0x00, 0x1E, 0x00, 0x1E, 0x00, 0x1E, 0x7F, 0xFE, 0x38, 0xFF, 0xFF, 0x7C, 0xFF, 0xFF, 0x7C, 0xFF,
    0xFF, 0x7C, 0x03, 0xE0, 0x7C, 0x03, 0xE0, 0x7C, 0x03, 0xE0, 0x7C, 0x03, 0xE0, 0x7C, 0x03, 0xE0,
    0x7C, 0x03, 0xE0, 0x7C, 0x03, 0xE0, 0x7C, 0x03, 0xE0, 0x7C, 0x03, 0xE0, 0x7C, 0x03, 0xE0, 0x7C,
    0x03, 0xE0, 0x7C, 0x03, 0xE0, 0x7C, 0x03, 0xFF, 0xFF, 0x03, 0xFF, 0xFF, 0x03, 0xFF, 0xFF, 0x00,
    0x00, 0x1F, 0x00, 0x00, 0x1F, 0x00, 0x00, 0x1E, 0x00, 0x00, 0x1E, 0xFF, 0x9E, 0x3F, 0xE7, 0x8F,
    0xF9, 0xE3, 0xFE, 0x78, 0x1E, 0x1E, 0x07, 0x87, 0x81, 0xE1, 0xE0, 0x78, 0x78, 0x1E, 0x1E, 0x07,
    0x87, 0x81, 0xE1, 0xE0, 0x7F, 0xFE, 0x1F, 0xFF, 0x87, 0xFF, 0xE0, 0x00, 0x78, 0x00, 0x1E, 0x00,
    0x07, 0x80, 0x01, 0xE0, 0x70, 0x1E, 0x7C, 0x0F, 0x3E, 0x07, 0x9F, 0x03, 0xCF, 0x81, 0xE7, 0xC0,
    0xF3, 0xE0, 0x79, 0xF0, 0x3C, 0xF8, 0x1E, 0x3F, 0xFF, 0x1F, 0xFF, 0x87, 0xFF, 0xC0, 0xFD, 0xE0,
    0x00, 0xF0, 0x00, 0x78, 0x00, 0x3C, 0x00, 0x1F, 0x80, 0x0F, 0xC0, 0x07, 0xE0, 0x00, 0xF0, 0x00,
    0x78, 0x00, 0x3C, 0x00, 0x1E, 0xF0, 0xF9, 0xF1, 0xF3, 0xE3, 0xE7, 0xC7, 0xCF, 0x8F, 0x9F, 0x1F,
    0x3E, 0x3E, 0x3F, 0xFC, 0x7F, 0xF8, 0x7F, 0xF0, 0x03, 0xE0, 0x07, 0xF0, 0x0F, 0xE0, 0x1F, 0xC0,
    0x0F, 0x80, 0x1F, 0x00, 0x3E, 0x00, 0x7C, 0x70, 0x1F, 0xF0, 0x3F, 0xE0, 0x7F, 0xC0, 0xFF, 0x81,
    0xFF, 0x03, 0xFE, 0xE7, 0xFD, 0xCF, 0xFB, 0x9E, 0xFF, 0xFD, 0xFF, 0xF9, 0xFF, 0xF0, 0xFD, 0xE0,
    0x73, 0xC0, 0xE7, 0x80, 0xCF, 0x00, 0x1E, 0x00, 0x3C, 0x00, 0x78, 0xF0, 0xFF, 0xC7, 0xFE, 0x3F,
    0xF1, 0xFF, 0xFF, 0xFF, 0xFF, 0xFF, 0xEF, 0xFF, 0x7F, 0xF9, 0xFF, 0xC1, 0xFE, 0x0F, 0xF0, 0x7F,
    0x83, 0xFC, 0x70, 0x00, 0xF8, 0x00, 0xF8, 0x00, 0xF8, 0x00, 0xF8, 0x00, 0xF8, 0x00, 0xF8, 0x00,
    0xFF, 0xF0, 0xFF, 0xFC, 0xFF, 0xFC, 0xFF, 0xFE, 0xF8, 0x3E, 0xF8, 0x1E, 0xF8, 0x1E, 0xF8, 0x1E,
    0xF8, 0x1E, 0xF8, 0x1E, 0xF8, 0x1E, 0xF8, 0x1E, 0x70, 0x07, 0x80, 0x3C, 0x01, 0xE0, 0x0F, 0x00,
    0x79, 0xF3, 0xFF, 0xDF, 0xFF, 0xFF, 0xFF, 0xC7, 0xFE, 0x1F, 0xF0, 0xFF, 0x87, 0xFC, 0x3F, 0xE1,
    0xFF, 0x0F, 0xF8, 0x7F, 0xC3, 0xFE, 0x1E, 0x00, 0x1F, 0x00, 0x03, 0xFF, 0x00, 0x1F, 0xFE, 0x00,
    0xFF, 0xFC, 0x03, 0xF1, 0xF0, 0x1F, 0x03, 0xEF, 0x78, 0x07, 0xBF, 0xE0, 0x1E, 0xFF, 0xFF, 0xFB,
    0xFF, 0xFF, 0xE7, 0xFF, 0xFF, 0x87, 0xFF, 0xFE, 0x0F, 0x80, 0x00, 0x1F, 0x01, 0xE0, 0x7C, 0x0F,
    0x80, 0xFC, 0xFC, 0x03, 0xFF, 0xF0, 0x07, 0xFF, 0x80, 0x07, 0xFC, 0x00, 0x03, 0x80, 0x00, 0x7C,
    0x00, 0x7F, 0xC0, 0x3F, 0xFB, 0x9F, 0xBE, 0xE7, 0x83, 0xFF, 0xE0, 0xF7, 0xFF, 0xFC, 0xFF, 0xFF,
    0x0F, 0xFF, 0xC1, 0xE0, 0x00, 0x7C, 0x3C, 0x0F, 0xFF, 0x03, 0xFF, 0x80, 0x3F, 0xC0, 0x03, 0x80,
    0x00, 0x1F, 0x00, 0x03, 0xFF, 0x00, 0x1F, 0xFE, 0x00, 0xFF, 0xFC, 0x03, 0xF1, 0xF0, 0x1F, 0x03,
    0xEF, 0x78, 0x07, 0xBF, 0xE0, 0x1E, 0xFF, 0xFF, 0xFB, 0xFF, 0xFF, 0xE7, 0xFF, 0xFF, 0x87, 0xFF,
    0xFE, 0x0F, 0x80, 0x00, 0x1F, 0x01, 0xE0, 0x7C, 0x0F, 0x80, 0xFC, 0xFC, 0x03, 0xFF, 0xF0, 0x07,
    0xFF, 0x80, 0x07, 0xFC, 0x00, 0x07, 0x80, 0x00, 0x1E, 0x00, 0x00, 0x78, 0x00, 0x01, 0xE0, 0x00,
    0x00, 0x7C, 0x00, 0x7F, 0xC0, 0x3F, 0xFB, 0x9F, 0xBE, 0xE7, 0x83, 0xFF, 0xE0, 0xF7, 0xFF, 0xFC,
    0xFF, 0xFF, 0x0F, 0xFF, 0xC1, 0xE0, 0x00, 0x7C, 0x3C, 0x0F, 0xFF, 0x03, 0xFF, 0x80, 0x3F, 0xC0,
    0x03, 0x80, 0x00, 0xF0, 0x00, 0x1E, 0x00, 0x0F, 0x80, 0x03, 0xC0, 0x00, 0x00, 0x77, 0xFF, 0xFF,
    0xFF, 0xFF, 0xFF, 0xFF, 0xFF, 0xFF, 0xFF, 0xFF, 0xFE, 0x00, 0x71, 0xC0, 0x00, 0x1F, 0xE0, 0x00,
    0x07, 0xF8, 0x00, 0x00, 0x7C, 0x00, 0x00, 0x00, 0x00, 0x1E, 0x07, 0x81, 0xE7, 0xC1, 0xE0, 0xFD,
    0xF8, 0x78, 0x3E, 0x3E, 0x1E, 0x1F, 0x07, 0xC7, 0x87, 0xC1, 0xF1, 0xE3, 0xE0, 0x3E, 0x78, 0xF8,
    0x07, 0x9E, 0x7C, 0x01, 0xFF, 0xFE, 0x00, 0x3F, 0xFF, 0x80, 0x1F, 0xFF, 0xE0, 0x07, 0xFF, 0xFC,
    0x03, 0xE7, 0x8F, 0x01, 0xF1, 0xE3, 0xE0, 0x7C, 0x78, 0x7C, 0x3E, 0x1E, 0x1F, 0x0F, 0x87, 0x83,
    0xE7, 0xC1, 0xE0, 0xFB, 0xF0, 0x78, 0x1F, 0x03, 0x8E, 0x00, 0x1F, 0xF0, 0x00, 0x7F, 0x00, 0x01,
    0xF0, 0x00, 0x00, 0x00, 0x7C, 0x3C, 0x7D, 0xF1, 0xE3, 0xEF, 0x8F, 0x3E, 0x3E, 0x7B, 0xE0, 0xFB,
    0xDE, 0x03, 0xFF, 0xF0, 0x1F, 0xFF, 0x00, 0x7F, 0xF8, 0x07, 0xFF, 0xE0, 0x7D, 0xFF, 0x07, 0xEF,
    0x7C, 0x3E, 0x79, 0xF3, 0xE3, 0xCF, 0xBE, 0x1E, 0x3E, 0x70, 0x1E, 0xF8, 0x3E, 0xF8, 0x7C, 0xF8,
    0xFC, 0xF8, 0xF8, 0xF9, 0xF0, 0xFB, 0xE0, 0xFB, 0xE0, 0xFF, 0xC0, 0xFF, 0xF0, 0xFF, 0xF8, 0xFF,
    0xFC, 0xF8, 0x7E, 0xF8, 0x1E, 0xF8, 0x1E, 0xF8, 0x1F, 0xF8, 0x1F, 0xF8, 0x1E, 0xF8, 0x1E, 0x00,
    0x3E, 0x00, 0xFC, 0x00, 0xFC, 0x00, 0xF8, 0x00, 0xC0, 0xF0, 0x7B, 0xE3, 0xEF, 0x9F, 0x3E, 0xFC,
    0xFB, 0xE3, 0xFF, 0x0F, 0xFC, 0x3F, 0xFC, 0xFF, 0xFB, 0xE3, 0xEF, 0x87, 0xFE, 0x0F, 0xF8, 0x3F,
    0xE1, 0xF0, 0x0F, 0x80, 0x7E, 0x00, 0xF0, 0x03, 0x00, 0x07, 0xFF, 0x80, 0xFF, 0xF8, 0x0F, 0xFF,
    0x80, 0xFF, 0xF8, 0x0F, 0x07, 0x80, 0xF0, 0x78, 0x0F, 0x07, 0x80, 0xF0, 0x78, 0x0F, 0x07, 0x80,
    0xF0, 0x78, 0x0F, 0x07, 0x81, 0xF0, 0x78, 0x1F, 0x07, 0x81, 0xF0, 0x78, 0x1E, 0x07, 0x87, 0xE0,
    0x78, 0xFE, 0x07, 0xFF, 0xC0, 0x7E, 0xF8, 0x07, 0xE0, 0x00, 0x3E, 0x00, 0x03, 0xC0, 0x00, 0x3C,
    0x00, 0x03, 0xC0, 0x1F, 0xFC, 0x3F, 0xFC, 0x3F, 0xFC, 0x3F, 0xFC, 0x3E, 0x7C, 0x3E, 0x7C, 0x3E,
    0x7C, 0x3E, 0x7C, 0x3C, 0x7C, 0x3C, 0x7C, 0x7C, 0x7C, 0xFC, 0x7F, 0xF8, 0x7F, 0xF0, 0x7E, 0x00,
    0x1E, 0x00, 0x1E, 0x00, 0x3E, 0x00, 0x3C, 0x70, 0x0F, 0xF8, 0x0F, 0xF8, 0x0F, 0xF8, 0x0F, 0xF8,
    0x0F, 0xF8, 0x0F, 0xF8, 0x0F, 0xF8, 0x0F, 0xFF, 0xFF, 0xFF, 0xFF, 0xFF, 0xFF, 0xFF, 0xFF, 0xF8,
    0x0F, 0xF8, 0x0F, 0xF8, 0x0F, 0xF8, 0x0F, 0xF8, 0x0F, 0xF8, 0x0F, 0xF8, 0x0F, 0x00, 0x0F, 0x00,
    0x0F, 0x00, 0x7F, 0x00, 0x7F, 0x00, 0x7E, 0x00, 0x38, 0xF0, 0x7F, 0xC3, 0xFE, 0x1F, 0xF0, 0xFF,
    0x87, 0xFF, 0xFF, 0xFF, 0xFF, 0xFF, 0xFF, 0xFF, 0xC3, 0xFE, 0x1F, 0xF0, 0xFF, 0x87, 0xFC, 0x3C,
    0x01, 0xE0, 0x0F, 0x03, 0xF8, 0x1F, 0xC0, 0xFC, 0x03, 0x80, 0x70, 0x0F, 0x1F, 0x01, 0xE3, 0xE0,
    0x3C, 0x7C, 0x07, 0x8F, 0x80, 0xF1, 0xF0, 0x1E, 0x3E, 0x03, 0xC7, 0xC0, 0x78, 0xFF, 0xFF, 0x1F,
    0xFF, 0xE3, 0xFF, 0xFC, 0x7F, 0xFF, 0x8F, 0x80, 0xF1, 0xF0, 0x1E, 0x3E, 0x03, 0xC7, 0xC0, 0x78,
    0xF8, 0x0F, 0xDF, 0x01, 0xFB, 0xE0, 0x3F, 0x00, 0x03, 0xE0, 0x00, 0x78, 0x00, 0x0F, 0x00, 0x01,
    0xE0, 0xF0, 0x78, 0xF8, 0x78, 0xF8, 0x78, 0xF8, 0x78, 0xF8, 0x78, 0xFF, 0xF8, 0xFF, 0xF8, 0xFF,
    0xF8, 0xFF, 0xF8, 0xF8, 0x78, 0xF8, 0x78, 0xF8, 0x7E, 0xF8, 0x7E, 0xF8, 0x7E, 0x00, 0x3E, 0x00,
    0x3C, 0x00, 0x3C, 0x00, 0x7C, 0x70, 0x1E, 0x7C, 0x0F, 0x3E, 0x07, 0x9F, 0x03, 0xCF, 0x81, 0xE7,
    0xC0, 0xF3, 0xE0, 0x79, 0xF0, 0x3C, 0xF8, 0x1E, 0x3F, 0xFF, 0x1F, 0xFF, 0x87, 0xFF, 0xC0, 0xFD,
    0xE0, 0x00, 0xF0, 0x00, 0x78, 0x00, 0x3C, 0x00, 0x1F, 0x80, 0x0F, 0xC0, 0x07, 0xE0, 0x00, 0xF0,
    0x00, 0x78, 0x00, 0x3C, 0x00, 0x1E, 0xF0, 0xF9, 0xF1, 0xF3, 0xE3, 0xE7, 0xC7, 0xCF, 0x8F, 0x9F,
    0x1F, 0x3E, 0x3E, 0x3F, 0xFC, 0x7F, 0xF8, 0x7F, 0xF0, 0x03, 0xE0, 0x07, 0xF0, 0x0F, 0xE0, 0x1F,
    0xC0, 0x0F, 0x80, 0x1F, 0x00, 0x3E, 0x00, 0x7C, 0x7C, 0x01, 0xF1, 0xFC, 0x07, 0xF3, 0xF8, 0x0F,
    0xE7, 0xF8, 0x1F, 0xCF, 0xF0, 0x7F, 0x9F, 0xE0, 0xFF, 0x3F, 0xE3, 0xFE, 0x7F, 0xC7, 0xFC, 0xFF,
    0x8F, 0xF9, 0xFF, 0xBF, 0xF3, 0xEF, 0x7B, 0xE7, 0xDE, 0xF7, 0xCF, 0xBD, 0xEF, 0x9F, 0x3F, 0x9F,
    0x3E, 0x7F, 0x3E, 0x7C, 0xFE, 0x7C, 0xF8, 0xF8, 0xFF, 0xF1, 0xF1, 0xFF, 0xE3, 0xE3, 0xF0, 0x00,
    0x01, 0xE0, 0x00, 0x03, 0xC0, 0x00, 0x0F, 0x00, 0x00, 0x1E, 0x00, 0xFC, 0x0F, 0xCF, 0xE1, 0xFC,
    0xFE, 0x1F, 0xCF, 0xE1, 0xFC, 0xFF, 0x3F, 0xCF, 0xF3, 0xFC, 0xFF, 0xBF, 0xCF, 0x7F, 0xBC, 0xF7,
    0xFB, 0xCF, 0x7F, 0xBC, 0xF3, 0xF3, 0xCF, 0x3F, 0x3F, 0xF1, 0xF3, 0xFF, 0x1E, 0x3F, 0x00, 0x01,
    0xE0, 0x00, 0x1E, 0x00, 0x03, 0xE0, 0x00, 0x3C, 0x77, 0xFF, 0xFF, 0xFF, 0xFF, 0xFF, 0xFF, 0xFF,
    0xFF, 0xFF, 0xFF, 0xFE, 0x07, 0x1C, 0x01, 0xFF, 0x00, 0x3F, 0x80, 0x07, 0xC0, 0x00, 0x00, 0x00,
    0x78, 0x00, 0x3F, 0x00, 0x0F, 0xE0, 0x07, 0xF8, 0x01, 0xFE, 0x00, 0x7F, 0xC0, 0x3F, 0xF0, 0x0F,
    0xBC, 0x03, 0xCF, 0x81, 0xF3, 0xE0, 0x7C, 0x78, 0x1F, 0x1F, 0x0F, 0xFF, 0xC3, 0xFF, 0xF0, 0xFF,
    0xFE, 0x7C, 0x0F, 0x9F, 0x01, 0xF7, 0x80, 0x7F, 0xE0, 0x1F, 0x1C, 0x70, 0xFF, 0x07, 0xF8, 0x0F,
    0x80, 0x00, 0x07, 0xE0, 0xFF, 0xC7, 0xFF, 0x7C, 0xFB, 0xC3, 0xC0, 0x3E, 0x3F, 0xF7, 0xFF, 0xBF,
    0xBF, 0xE1, 0xFF, 0x1F, 0x7F, 0xFB, 0xFF, 0xCF, 0xFE, 0x1C, 0x00, 0x07, 0x3C, 0x03, 0xEF, 0x00,
    0xFB, 0xC0, 0x1C, 0xE0, 0x00, 0x00, 0x00, 0x78, 0x00, 0x3F, 0x00, 0x0F, 0xE0, 0x07, 0xF8, 0x01,
    0xFE, 0x00, 0x7F, 0xC0, 0x3F, 0xF0, 0x0F, 0xBC, 0x03, 0xCF, 0x81, 0xF3, 0xE0, 0x7C, 0x78, 0x1F,
    0x1F, 0x0F, 0xFF, 0xC3, 0xFF, 0xF0, 0xFF, 0xFE, 0x7C, 0x0F, 0x9F, 0x01, 0xF7, 0x80, 0x7F, 0xE0,
    0x1F, 0x1C, 0xF1, 0xF7, 0x8F, 0xBC, 0x39, 0xC0, 0x00, 0x07, 0xE0, 0xFF, 0xC7, 0xFF, 0x7C, 0xFB,
    0xC3, 0xC0, 0x3E, 0x3F, 0xF7, 0xFF, 0xBF, 0xBF, 0xE1, 0xFF, 0x1F, 0x7F, 0xFB, 0xFF, 0xCF, 0xFE,
    0x1C, 0x00, 0x00, 0xFF, 0xFF, 0x00, 0x7F, 0xFF, 0xC0, 0x7F, 0xFF, 0xE0, 0x3F, 0xFF, 0xF0, 0x3E,
    0xF0, 0x00, 0x1F, 0x78, 0x00, 0x1F, 0x3C, 0x00, 0x0F, 0x9E, 0x00, 0x07, 0x8F, 0xFF, 0x07, 0xC7,
    0xFF, 0x83, 0xC3, 0xFF, 0xC3, 0xE1, 0xFF, 0xE1, 0xFF, 0xF0, 0x01, 0xFF, 0xF8, 0x00, 0xFF, 0xFC,
    0x00, 0x78, 0x1F, 0xFE, 0x7C, 0x0F, 0xFF, 0xBE, 0x07, 0xFF, 0xFE, 0x03, 0xFF, 0xE0, 0x0F, 0xC7,
    0xC0, 0xFF, 0xFF, 0xC3, 0xFF, 0xFF, 0x9F, 0x3F, 0xBE, 0x78, 0x78, 0x7C, 0x01, 0xE0, 0xF1, 0xFF,
    0xFF, 0xDF, 0xFF, 0xFF, 0x7F, 0xFF, 0xFD, 0xE1, 0xE0, 0x0F, 0x8F, 0xC7, 0xDF, 0xFF, 0xFE, 0x7F,
    0xFF, 0xF8, 0xFF, 0x3F, 0xC0, 0xE0, 0x38, 0x00, 0x38, 0xE1, 0xFF, 0x07, 0xF0, 0x1F, 0x00, 0x00,
    0x3F, 0xFF, 0xFF, 0xFF, 0xFF, 0xFF, 0xFF, 0xC0, 0x3E, 0x01, 0xF0, 0x0F, 0x80, 0x7F, 0xFF, 0xFF,
    0xFF, 0xFF, 0xFF, 0xF7, 0xC0, 0x3E, 0x01, 0xF0, 0x0F, 0xFF, 0x7F, 0xFF, 0xFF, 0xFF, 0xFF, 0x1C,
    0x70, 0x7F, 0xC0, 0xFE, 0x01, 0xF0, 0x00, 0x00, 0x1F, 0x01, 0xFF, 0x0F, 0xFE, 0x7E, 0xF9, 0xE0,
    0xF7, 0x83, 0xDF, 0xFF, 0x7F, 0xFD, 0xFF, 0xF7, 0x80, 0x1F, 0x0F, 0x3F, 0xFC, 0xFF, 0xE0, 0xFF,
    0x00, 0xE0, 0x03, 0xC0, 0x0F, 0xFC, 0x0F, 0xFF, 0x0F, 0xFF, 0xC7, 0xC3, 0xF7, 0xC0, 0xFB, 0xE0,
    0x3C, 0x00, 0x1F, 0xFF, 0xFF, 0xFF, 0xFF, 0xFF, 0xFF, 0xFF, 0xFF, 0xFF, 0x00, 0xFF, 0xC0, 0x7B,
    0xE0, 0x7C, 0xFC, 0xFE, 0x3F, 0xFE, 0x1F, 0xFE, 0x03, 0xFC, 0x00, 0x78, 0x00, 0x0F, 0xC0, 0xFF,
    0xC7, 0xFF, 0x9F, 0x3E, 0x78, 0x7C, 0x00, 0xF7, 0xFF, 0xDF, 0xFF, 0x7F, 0xFD, 0xE0, 0xF7, 0xC7,
    0xCF, 0xFE, 0x3F, 0xF0, 0x7F, 0x80, 0x30, 0x00, 0x0E, 0x70, 0x0F, 0xBC, 0x07, 0x9E, 0x01, 0xCE,
    0x00, 0x00, 0x00, 0x1E, 0x00, 0x7F, 0xE0, 0x7F, 0xF8, 0x7F, 0xFE, 0x3E, 0x1F, 0xBE, 0x07, 0xDF,
    0x01, 0xE0, 0x00, 0xFF, 0xFF, 0xFF, 0xFF, 0xFF, 0xFF, 0xFF, 0xFF, 0xFF, 0xF8, 0x07, 0xFE, 0x03,
    0xDF, 0x03, 0xE7, 0xE7, 0xF1, 0xFF, 0xF0, 0xFF, 0xF0, 0x1F, 0xE0, 0x03, 0xC0, 0x00, 0x1C, 0xF0,
    0x7B, 0xC1, 0xEF, 0x07, 0x1C, 0x00, 0x00, 0x3F, 0x03, 0xFF, 0x1F, 0xFE, 0x7C, 0xF9, 0xE1, 0xF0,
    0x03, 0xDF, 0xFF, 0x7F, 0xFD, 0xFF, 0xF7, 0x83, 0xDF, 0x1F, 0x3F, 0xF8, 0xFF, 0xC1, 0xFE, 0x00,
    0xC0, 0x00, 0x73, 0xC0, 0x00, 0x3E, 0xF0, 0x00, 0x0F, 0xBC, 0x00, 0x01, 0xCE, 0x00, 0x00, 0x00,
    0x00, 0x1E, 0x07, 0x81, 0xE7, 0xC1, 0xE0, 0xFD, 0xF8, 0x78, 0x3E, 0x3E, 0x1E, 0x1F, 0x07, 0xC7,
    0x87, 0xC1, 0xF1, 0xE3, 0xE0, 0x3E, 0x78, 0xF8, 0x07, 0x9E, 0x7C, 0x01, 0xFF, 0xFE, 0x00, 0x3F,
    0xFF, 0x80, 0x1F, 0xFF, 0xE0, 0x07, 0xFF, 0xFC, 0x03, 0xE7, 0x8F, 0x01, 0xF1, 0xE3, 0xE0, 0x7C,
    0x78, 0x7C, 0x3E, 0x1E, 0x1F, 0x0F, 0x87, 0x83, 0xE7, 0xC1, 0xE0, 0xFB, 0xF0, 0x78, 0x1F, 0x03,
    0xCE, 0x00, 0x1E, 0xF8, 0x00, 0xF7, 0xC0, 0x03, 0x1C, 0x00, 0x00, 0x00, 0x7C, 0x3C, 0x7D, 0xF1,
    0xE3, 0xEF, 0x8F, 0x3E, 0x3E, 0x7B, 0xE0, 0xFB, 0xDE, 0x03, 0xFF, 0xF0, 0x1F, 0xFF, 0x00, 0x7F,
    0xF8, 0x07, 0xFF, 0xE0, 0x7D, 0xFF, 0x07, 0xEF, 0x7C, 0x3E, 0x79, 0xF3, 0xE3, 0xCF, 0xBE, 0x1E,
    0x3E, 0x1C, 0xE0, 0xF3, 0xC3, 0xCF, 0x07, 0x38, 0x00, 0x00, 0x1E, 0x01, 0xFE, 0x1F, 0xFE, 0x7F,
    0xFB, 0xE1, 0xFF, 0x87, 0xC0, 0x1F, 0x00, 0xF8, 0x1F, 0xE0, 0x7E, 0x01, 0xFE, 0x01, 0xFC, 0x01,
    0xFF, 0x03, 0xFC, 0x0F, 0xF8, 0x7D, 0xFF, 0xF7, 0xFF, 0x87, 0xF8, 0x07, 0x80, 0x39, 0xE1, 0xEF,
    0x0F, 0x78, 0x71, 0xC0, 0x00, 0x07, 0xC0, 0xFF, 0x8F, 0xFC, 0x7D, 0xF3, 0xC7, 0x80, 0x7C, 0x0F,
    0xC0, 0x7E, 0x03, 0xF9, 0xC3, 0xCF, 0x1E, 0x7F, 0xF3, 0xFF, 0x87, 0xF0, 0x0C, 0x00, 0x7F, 0xF9,
    0xFF, 0xF7, 0xFF, 0xDF, 0xFE, 0x00, 0xF8, 0x07, 0xC0, 0x3E, 0x01, 0xF0, 0x0F, 0xE0, 0x3F, 0xC0,
    0xFF, 0x80, 0x1F, 0x00, 0x3F, 0xC0, 0xFF, 0x07, 0xFE, 0x3F, 0x7F, 0xF9, 0xFF, 0xE1, 0xFE, 0x01,
    0xE0, 0x7F, 0xF9, 0xFF, 0xF7, 0xFF, 0xDF, 0xFE, 0x00, 0xF8, 0x07, 0xC0, 0x3E, 0x01, 0xF0, 0x0F,
    0xE0, 0x3F, 0xC0, 0xFF, 0x80, 0x1F, 0x00, 0x3F, 0xC0, 0xFF, 0x07, 0xFE, 0x3F, 0x7F, 0xF9, 0xFF,
    0xE1, 0xFE, 0x01, 0xE0, 0x07, 0xF0, 0x07, 0xF8, 0x03, 0xFC, 0x00, 0x00, 0x00, 0x00, 0x03, 0x80,
    0x7B, 0xE0, 0x7F, 0xF0, 0x3F, 0xF8, 0x3F, 0xFC, 0x3F, 0xFE, 0x1F, 0xFF, 0x1F, 0xFF, 0x8F, 0xFF,
    0xCF, 0xFF, 0xEF, 0xBF, 0xF7, 0x9F, 0xFF, 0xCF, 0xFF, 0xC7, 0xFF, 0xE3, 0xFF, 0xE1, 0xFF, 0xE0,
    0xFF, 0xF0, 0x7F, 0xF0, 0x3F, 0xF0, 0x1F, 0x1F, 0xC0, 0xFF, 0x07, 0xF8, 0x00, 0x00, 0x00, 0x78,
    0x3F, 0xE1, 0xFF, 0x1F, 0xF9, 0xFF, 0xCF, 0xFE, 0xFF, 0xFF, 0xFF, 0xFF, 0xFF, 0xBF, 0xF9, 0xFF,
    0xCF, 0xFC, 0x7F, 0xC3, 0xFC, 0x1E, 0x0E, 0x78, 0x0F, 0xBC, 0x07, 0xDE, 0x01, 0xCE, 0x00, 0x00,
    0x03, 0x80, 0x7B, 0xE0, 0x7F, 0xF0, 0x3F, 0xF8, 0x3F, 0xFC, 0x3F, 0xFE, 0x1F, 0xFF, 0x1F, 0xFF,
    0x8F, 0xFF, 0xCF, 0xFF, 0xEF, 0xBF, 0xF7, 0x9F, 0xFF, 0xCF, 0xFF, 0xC7, 0xFF, 0xE3, 0xFF, 0xE1,
    0xFF, 0xE0, 0xFF, 0xF0, 0x7F, 0xF0, 0x3F, 0xF0, 0x1F, 0x3C, 0xE1, 0xEF, 0x8F, 0x7C, 0x31, 0xC0,
    0x00, 0x78, 0x3F, 0xE1, 0xFF, 0x1F, 0xF9, 0xFF, 0xCF, 0xFE, 0xFF, 0xFF, 0xFF, 0xFF, 0xFF, 0xBF,
    0xF9, 0xFF, 0xCF, 0xFC, 0x7F, 0xC3, 0xFC, 0x1E, 0x0F, 0x38, 0x03, 0xDE, 0x00, 0xF7, 0x80, 0x38,
    0xE0, 0x00, 0x00, 0x00, 0xF8, 0x00, 0xFF, 0x80, 0x7F, 0xF8, 0x3F, 0xFE, 0x1F, 0x8F, 0xCF, 0xC0,
    0xFB, 0xE0, 0x3E, 0xF8, 0x07, 0xBC, 0x01, 0xEF, 0x00, 0x7B, 0xC0, 0x1E, 0xF0, 0x07, 0xBE, 0x01,
    0xEF, 0x80, 0xF9, 0xF0, 0x7E, 0x7F, 0x7F, 0x0F, 0xFF, 0x81, 0xFF, 0xC0, 0x3F, 0xE0, 0x01, 0xC0,
    0x00, 0x1E, 0x70, 0x3D, 0xE0, 0x7B, 0xC0, 0xE3, 0x80, 0x00, 0x00, 0xF8, 0x07, 0xFC, 0x1F, 0xFC,
    0x7F, 0xFC, 0xF8, 0xF9, 0xE0, 0xF3, 0xC1, 0xF7, 0x83, 0xEF, 0x07, 0xDE, 0x0F, 0x3E, 0x3E, 0x3F,
    0xF8, 0x7F, 0xF0, 0x3F, 0xC0, 0x1C, 0x00, 0x03, 0xE0, 0x03, 0xFE, 0x01, 0xFF, 0xE0, 0xFF, 0xF8,
    0x7E, 0x3F, 0x3F, 0x03, 0xEF, 0x80, 0xFB, 0xE0, 0x1E, 0xFF, 0xFF, 0xBF, 0xFF, 0xEF, 0xFF, 0xFB,
    0xFF, 0xFE, 0xF8, 0x07, 0xBE, 0x03, 0xE7, 0xC1, 0xF9, 0xFD, 0xFC, 0x3F, 0xFE, 0x07, 0xFF, 0x00,
    0xFF, 0x80, 0x07, 0x00, 0x07, 0xC0, 0x3F, 0xE0, 0xFF, 0xE3, 0xFF, 0xE7, 0xC7, 0xCF, 0x07, 0x9F,
    0xFF, 0xBF, 0xFF, 0x79, 0xFE, 0xF0, 0x79, 0xF1, 0xF1, 0xFF, 0xC3, 0xFF, 0x81, 0xFE, 0x00, 0xE0,
    0x00, 0x0F, 0x38, 0x03, 0xDE, 0x00, 0xF7, 0x80, 0x38, 0xE0, 0x00, 0x00, 0x00, 0xF8, 0x00, 0xFF,
    0x80, 0x7F, 0xF8, 0x3F, 0xFE, 0x1F, 0x8F, 0xCF, 0xC0, 0xFB, 0xE0, 0x3E, 0xF8, 0x07, 0xBF, 0xFF,
    0xEF, 0xFF, 0xFB, 0xFF, 0xFE, 0xFF, 0xFF, 0xBE, 0x01, 0xEF, 0x80, 0xF9, 0xF0, 0x7E, 0x7F, 0x7F,
    0x0F, 0xFF, 0x81, 0xFF, 0xC0, 0x3F, 0xE0, 0x01, 0xC0, 0x00, 0x1E, 0x70, 0x3D, 0xE0, 0x7B, 0xC0,
    0xE3, 0x80, 0x00, 0x00, 0xF8, 0x07, 0xFC, 0x1F, 0xFC, 0x7F, 0xFC, 0xF8, 0xF9, 0xE0, 0xF3, 0xFF,
    0xF7, 0xFF, 0xEF, 0x3F, 0xDE, 0x0F, 0x3E, 0x3E, 0x3F, 0xF8, 0x7F, 0xF0, 0x3F, 0xC0, 0x1C, 0x00,
    0x0F, 0x38, 0x03, 0xDF, 0x00, 0xF7, 0xC0, 0x1C, 0xE0, 0x00, 0x00, 0x00, 0xF8, 0x00, 0xFF, 0xC0,
    0x7F, 0xF8, 0x3F, 0xFF, 0x1F, 0x87, 0xC7, 0xC0, 0xF9, 0xE0, 0x1E, 0x00, 0x07, 0xC0, 0x7F, 0xF0,
    0x1F, 0xFC, 0x07, 0xFF, 0x01, 0xFF, 0xDE, 0x01, 0xE7, 0x80, 0xF9, 0xF0, 0x3E, 0x3F, 0x3F, 0x0F,
    0xFF, 0xC1, 0xFF, 0xE0, 0x3F, 0xE0, 0x01, 0xC0, 0x00, 0x1C, 0xE0, 0xF3, 0xC3, 0xCF, 0x07, 0x38,
    0x00, 0x00, 0x3F, 0x03, 0xFF, 0x0F, 0xFC, 0x7F, 0xF9, 0xE1, 0xF3, 0x07, 0xC1, 0xFF, 0x07, 0xFC,
    0x0F, 0xF7, 0x87, 0xDE, 0x1E, 0x7F, 0xF8, 0xFF, 0xC1, 0xFE, 0x01, 0xC0, 0x07, 0xF0, 0x03, 0xF8,
    0x01, 0xFC, 0x00, 0x00, 0x00, 0x00, 0x03, 0xC0, 0x3B, 0xF0, 0x3E, 0xF8, 0x3E, 0x7C, 0x1F, 0x1F,
    0x0F, 0x0F, 0x8F, 0x83, 0xE7, 0xC1, 0xF7, 0xC0, 0x7B, 0xE0, 0x3F, 0xE0, 0x0F, 0xF0, 0x07, 0xF0,
    0x01, 0xF8, 0x00, 0xF8, 0x00, 0x7C, 0x01, 0xFE, 0x00, 0xFE, 0x00, 0x7E, 0x00, 0x3E, 0x00, 0x0F,
    0xE0, 0x3F, 0xC0, 0x7F, 0x80, 0x00, 0x00, 0x00, 0x1F, 0x07, 0xFE, 0x0F, 0x3C, 0x1E, 0x7C, 0x7C,
    0xF8, 0xF0, 0xF1, 0xE1, 0xF7, 0xC1, 0xEF, 0x03, 0xDE, 0x07, 0xF8, 0x07, 0xF0, 0x0F, 0xE0, 0x1F,
    0x80, 0x1F, 0x00, 0x3E, 0x00, 0x78, 0x07, 0xF0, 0x1F, 0xC0, 0x3F, 0x00, 0x18, 0x00, 0x0F, 0x38,
    0x07, 0xBC, 0x03, 0xDE, 0x01, 0xC7, 0x00, 0x00, 0x03, 0xC0, 0x3B, 0xF0, 0x3E, 0xF8, 0x3E, 0x7C,
    0x1F, 0x1F, 0x0F, 0x0F, 0x8F, 0x83, 0xE7, 0xC1, 0xF7, 0xC0, 0x7B, 0xE0, 0x3F, 0xE0, 0x0F, 0xF0,
    0x07, 0xF0, 0x01, 0xF8, 0x00, 0xF8, 0x00, 0x7C, 0x01, 0xFE, 0x00, 0xFE, 0x00, 0x7E, 0x00, 0x3E,
    0x00, 0x1C, 0xF0, 0x7D, 0xE0, 0x7B, 0xC0, 0xE3, 0x80, 0x00, 0x1F, 0x07, 0xFE, 0x0F, 0x3C, 0x1E,
    0x7C, 0x7C, 0xF8, 0xF0, 0xF1, 0xE1, 0xF7, 0xC1, 0xEF, 0x03, 0xDE, 0x07, 0xF8, 0x07, 0xF0, 0x0F,
    0xE0, 0x1F, 0x80, 0x1F, 0x00, 0x3E, 0x00, 0x78, 0x07, 0xF0, 0x1F, 0xC0, 0x3F, 0x00, 0x18, 0x00,
    0x07, 0xBC, 0x03, 0xFC, 0x03, 0xDE, 0x01, 0xDE, 0x00, 0x00, 0x03, 0xC0, 0x3B, 0xF0, 0x3E, 0xF8,
    0x3E, 0x7C, 0x1F, 0x1F, 0x0F, 0x0F, 0x8F, 0x83, 0xE7, 0xC1, 0xF7, 0xC0, 0x7B, 0xE0, 0x3F, 0xE0,
    0x0F, 0xF0, 0x07, 0xF0, 0x01, 0xF8, 0x00, 0xF8, 0x00, 0x7C, 0x01, 0xFE, 0x00, 0xFE, 0x00, 0x7E,
    0x00, 0x3E, 0x00, 0x0F, 0x78, 0x1D, 0xE0, 0x7B, 0x80, 0xEF, 0x00, 0x00, 0x1F, 0x07, 0xFE, 0x0F,
    0x3C, 0x1E, 0x7C, 0x7C, 0xF8, 0xF0, 0xF1, 0xE1, 0xF7, 0xC1, 0xEF, 0x03, 0xDE, 0x07, 0xF8, 0x07,
    0xF0, 0x0F, 0xE0, 0x1F, 0x80, 0x1F, 0x00, 0x3E, 0x00, 0x78, 0x07, 0xF0, 0x1F, 0xC0, 0x3F, 0x00,
    0x18, 0x00, 0x1E, 0x70, 0x3D, 0xF0, 0x7B, 0xE0, 0x63, 0x80, 0x00, 0x0E, 0x03, 0xFE, 0x07, 0xFC,
    0x0F, 0xF8, 0x1F, 0xF0, 0x3F, 0xE0, 0x7F, 0xC0, 0xFF, 0x81, 0xFF, 0x03, 0xDF, 0xFF, 0xBF, 0xFF,
    0x3F, 0xFE, 0x1F, 0xBC, 0x00, 0x78, 0x00, 0xF0, 0x01, 0xE0, 0x03, 0xC0, 0x07, 0x80, 0x0F, 0x39,
    0xE1, 0xEF, 0x0F, 0x78, 0x71, 0xC0, 0x00, 0x78, 0x7F, 0xE3, 0xFF, 0x1F, 0xF8, 0xFF, 0xC7, 0xFE,
    0x3F, 0xF1, 0xF7, 0xFF, 0xBF, 0xFC, 0xFF, 0xE0, 0x1F, 0x00, 0xF8, 0x07, 0xC0, 0x3E, 0x7F, 0xF7,
    0xFF, 0xFF, 0xFF, 0xFF, 0xFF, 0x80, 0x7C, 0x03, 0xE0, 0x1F, 0x00, 0xF8, 0x07, 0xC0, 0x3E, 0x01,
    0xF0, 0x0F, 0x80, 0x7C, 0x03, 0xE0, 0x1F, 0x00, 0xFE, 0x07, 0xF0, 0x3F, 0x80, 0x7C, 0x03, 0xE0,
    0x1E, 0x00, 0xF0, 0x00, 0xFF, 0xFF, 0xFF, 0xFF, 0xFF, 0xF8, 0x3E, 0x0F, 0x83, 0xE0, 0xF8, 0x3E,
    0x0F, 0x83, 0xF0, 0xFC, 0x3F, 0x03, 0xC0, 0xF0, 0x3C, 0x0F, 0x00, 0x07, 0x9C, 0x00, 0x3D, 0xF0,
    0x01, 0xEF, 0x80, 0x07, 0x38, 0x00, 0x00, 0x00, 0x38, 0x00, 0x3B, 0xE0, 0x03, 0xFF, 0x00, 0x1F,
    0xF8, 0x00, 0xFF, 0xC0, 0x07, 0xFE, 0x00, 0x3F, 0xF0, 0x01, 0xFF, 0xFE, 0x0F, 0xFF, 0xFC, 0x7F,
    0xFF, 0xF3, 0xFF, 0xFF, 0x9F, 0xF8, 0x3E, 0xFF, 0xC1, 0xF7, 0xFE, 0x0F, 0xBF, 0xF0, 0x7D, 0xFF,
    0x8F, 0xCF, 0xFF, 0xFE, 0x7F, 0xFF, 0xE3, 0xFF, 0xFE, 0x1F, 0x0F, 0x38, 0x03, 0xDF, 0x00, 0xF7,
    0xC0, 0x1C, 0xE0, 0x00, 0x00, 0x3C, 0x01, 0xFF, 0x80, 0x7F, 0xE0, 0x1F, 0xF8, 0x07, 0xFF, 0xC1,
    0xFF, 0xFE, 0x7F, 0xFF, 0xDF, 0xFF, 0xFF, 0xFE, 0x3F, 0xFF, 0x87, 0xFF, 0xE3, 0xFF, 0xFF, 0xF7,
    0xFF, 0xFD, 0xFF, 0xFE, 0x7C, 0x1F, 0xFC, 0x7F, 0xFC, 0xFF, 0xF9, 0xFF, 0xF3, 0xE0, 0x07, 0xC0,
    0x0F, 0x80, 0x1F, 0x00, 0xFF, 0xE1, 0xFF, 0xC3, 0xFF, 0x83, 0xFF, 0x03, 0xE0, 0x07, 0xC0, 0x0F,
    0x80, 0x1F, 0x00, 0x3F, 0x80, 0x7F, 0x00, 0xFE, 0x00, 0x3C, 0x00, 0xF8, 0x07, 0xE0, 0x0F, 0xC0,
    0x1F, 0x00, 0x38, 0x00, 0x3F, 0xF3, 0xFF, 0x3F, 0xF3, 0xFF, 0x3E, 0x07, 0xFC, 0xFF, 0xCF, 0xFC,
    0x3E, 0x03, 0xE0, 0x3E, 0x03, 0xF0, 0x3F, 0x83, 0xF8, 0x0F, 0x80, 0xF0, 0x3F, 0x07, 0xF0, 0x7E,
    0x03, 0x80, 0x78, 0x07, 0x8F, 0x81, 0xF0, 0xF8, 0x7C, 0x1F, 0x8F, 0x81, 0xF3, 0xE0, 0x1F, 0x78,
    0x03, 0xFF, 0x00, 0x3F, 0xC0, 0x03, 0xF0, 0x00, 0x7E, 0x00, 0x0F, 0xC0, 0x03, 0xFC, 0x00, 0x7F,
    0xC0, 0x1F, 0xF8, 0x07, 0xCF, 0x80, 0xF8, 0xF8, 0x3E, 0x1F, 0xEF, 0x81, 0xFF, 0xF0, 0x1F, 0x80,
    0x00, 0xF0, 0x00, 0x1E, 0x00, 0x1F, 0xC0, 0x03, 0xF8, 0x00, 0x7E, 0x00, 0x06, 0x00, 0xF8, 0x7B,
    0xC7, 0xDF, 0x3C, 0x7B, 0xE3, 0xFE, 0x0F, 0xF0, 0x3F, 0x01, 0xF8, 0x1F, 0xC0, 0xFF, 0x0F, 0xF8,
    0x7B, 0xE7, 0xCF, 0xFC, 0x3C, 0x01, 0xE0, 0x0F, 0x03, 0xF8, 0x1F, 0xC0, 0xFC, 0x03, 0x80, 0x78,
    0x07, 0x9F, 0x03, 0xE3, 0xE1, 0xF0, 0xFC, 0x7C, 0x1F, 0x3E, 0x03, 0xEF, 0x00, 0xFF, 0xC0, 0x1F,
    0xE0, 0x3F, 0xFF, 0x0F, 0xFF, 0xE3, 0xFF, 0xF8, 0x1F, 0xE0, 0x07, 0xFC, 0x03, 0xFF, 0x01, 0xF3,
    0xE0, 0x7C, 0x7C, 0x3E, 0x1F, 0x1F, 0x03, 0xEF, 0xC0, 0x7C, 0x78, 0x7D, 0xF1, 0xE3, 0xCF, 0x8F,
    0xBC, 0x1F, 0xE0, 0x7F, 0x87, 0xFF, 0x9F, 0xFE, 0x0F, 0xE0, 0x7F, 0x83, 0xFF, 0x0F, 0x3E, 0x7C,
    0x7B, 0xE1, 0xF0, 0xFC, 0x3E, 0xF8, 0x7C, 0xF8, 0xF9, 0xF1, 0xF1, 0xF3, 0xE3, 0xF7, 0xCF, 0xEF,
    0x3F, 0xFE, 0x7B, 0xF9, 0xF7, 0xE3, 0xE7, 0xC7, 0xC7, 0xCF, 0x8F, 0x9F, 0x0F, 0xBE, 0x1F, 0x80,
    0xFF, 0xE3, 0xFF, 0x8F, 0xFF, 0x00, 0x7C, 0x01, 0xF0, 0x07, 0xC0, 0x1F, 0x00, 0x7C, 0x01, 0xF0,
    0x07, 0xC0, 0x1F, 0x00, 0x7C, 0xFF, 0xFF, 0xFF, 0xFF, 0xFF, 0xC0, 0x7E, 0x1F, 0xC7, 0xF8, 0x1E,
    0x07, 0x81, 0xE0, 0x78, 0x1E, 0x07, 0xC1, 0xF0, 0x7C, 0x7F, 0xFF, 0xFE, 0xFF, 0x3C, 0xFF, 0xFF,
    0xFF, 0xFF, 0xFF, 0xC0, 0x7C, 0x01, 0xF0, 0x07, 0xC0, 0x1F, 0x00, 0x7C, 0x01, 0xF0, 0x07, 0xC0,
    0x1F, 0x00, 0x7C, 0x01, 0xF0, 0x07, 0xC0, 0x1F, 0x00, 0xFF, 0xF3, 0xFF, 0xEF, 0xFF, 0xC0, 0x1F,
    0x00, 0x3C, 0x00, 0xF0, 0x03, 0xFE, 0x0F, 0xF8, 0x3F, 0xE0, 0xFF, 0x83, 0xFE, 0x0F, 0xF8, 0x3F,
    0xE0, 0xFF, 0x83, 0xC0, 0xFF, 0xFF, 0xFF, 0xFF, 0xFF, 0xFF, 0xFF, 0xFF, 0xFF, 0xE0, 0xFF, 0xFF,
    0xFF, 0xFC, 0x38, 0x1C, 0x07, 0x03, 0xC0, 0xF0, 0x3C, 0x0F, 0x83, 0xE0, 0x78, 0x1E, 0x07, 0x81,
    0xF0, 0xFF, 0xF9, 0xFF, 0xFB, 0xFF, 0xF7, 0xC3, 0xFF, 0x83, 0xFF, 0x07, 0xFE, 0x0F, 0xFC, 0x1F,
    0xF8, 0x3F, 0xF0, 0x7F, 0xE0, 0xFF, 0xC1, 0xFF, 0x83, 0xFF, 0x07, 0xFE, 0x0F, 0x80, 0xF9, 0xF9,
    0xF3, 0xFB, 0xE7, 0xF7, 0xC3, 0xEF, 0x83, 0xFF, 0x07, 0xFE, 0x0F, 0xFC, 0x1F, 0xF8, 0x3D, 0xF0,
    0x7B, 0xE0, 0xF3, 0xE7, 0xE7, 0xFF, 0x87, 0xFF, 0x07, 0xF8, 0x00, 0xFF, 0xFF, 0xFF, 0xFF, 0xFF,
    0xF8, 0xFF, 0x8F, 0xFE, 0xFF, 0xE0, 0x3F, 0x01, 0xF0, 0x0F, 0x00, 0xF0, 0x0F, 0x00, 0xF0, 0x0F,
    0x00, 0xF0, 0x0F, 0x00, 0xF0, 0x0F, 0x00, 0xF0, 0x0F, 0x00, 0xF0, 0x0F, 0x00, 0xF0, 0x0F, 0xFF,
    0x87, 0xFF, 0x3F, 0xFC, 0x07, 0xE0, 0x0F, 0x00, 0x7C, 0x03, 0xE0, 0x1F, 0x00, 0xF8, 0x07, 0xC0,
    0x3C, 0x07, 0xEF, 0xFF, 0x7F, 0xF3, 0xFE, 0x00, 0xF8, 0x07, 0xC0, 0x3E, 0x01, 0xF0, 0x0F, 0xFF,
    0xFF, 0xFF, 0xFF, 0xE0, 0x1F, 0x00, 0xF0, 0x0F, 0x80, 0x7C, 0x07, 0xC0, 0x3E, 0x01, 0xE0, 0x1F,
    0x00, 0xF8, 0x0F, 0x80, 0x7C, 0x03, 0xC0, 0xFF, 0xF9, 0xFF, 0xFB, 0xFF, 0xF7, 0xC3, 0xFF, 0x83,
    0xFF, 0x07, 0xFE, 0x0F, 0xFC, 0x1F, 0xF8, 0x3F, 0xF0, 0x7F, 0xE0, 0xFF, 0xC1, 0xFF, 0xFF, 0xFF,
    0xFF, 0xFF, 0xFF, 0x80, 0x79, 0xF8, 0xF7, 0xF9, 0xFF, 0xF3, 0xFB, 0xF7, 0xC3, 0xEF, 0x87, 0xDF,
    0x0F, 0xBE, 0x1F, 0x78, 0x3E, 0xF0, 0x7D, 0xE0, 0xFF, 0xC1, 0xFF, 0x9F, 0xFF, 0x3F, 0xFC, 0x7F,
    0x80, 0xFF, 0xFF, 0xFF, 0xFF, 0xFF, 0xFF, 0xFF, 0xFF, 0xFF, 0xFF, 0xFF, 0xFF, 0xF0, 0x7E, 0x3F,
    0x9F, 0xC1, 0xF0, 0xF8, 0x7C, 0x3E, 0x1F, 0x0F, 0x87, 0xC3, 0xE1, 0xFF, 0xFF, 0xFF, 0xFE, 0xFF,
    0xE1, 0xFF, 0xF3, 0xFF, 0xF1, 0xC7, 0xE7, 0x83, 0xCF, 0x07, 0xFE, 0x0F, 0xFC, 0x1F, 0xF8, 0x3F,
    0xF0, 0x7F, 0xE0, 0xF3, 0xF7, 0xE7, 0xFF, 0x87, 0xFE, 0x03, 0xF8, 0x00, 0xF8, 0x3C, 0xF0, 0x79,
    0xF0, 0xF3, 0xE1, 0xE3, 0xC3, 0xC7, 0xC7, 0x8F, 0x8F, 0x0F, 0x1E, 0x1E, 0x3C, 0x3E, 0xF8, 0x3D,
    0xF0, 0x7F, 0xC3, 0xFF, 0x1F, 0xFE, 0x3F, 0xF0, 0x7F, 0x00, 0xFF, 0xE3, 0xFF, 0xCF, 0xFF, 0xBC,
    0x3F, 0xF0, 0x7F, 0xC1, 0xFF, 0x07, 0xFF, 0x9F, 0xFE, 0x7D, 0xF9, 0xF0, 0x07, 0xC0, 0x1F, 0x00,
    0x7C, 0x01, 0xF0, 0x07, 0xC0, 0x1F, 0x00, 0x7C, 0x01, 0xF0, 0x07, 0xC0, 0x1F, 0xFF, 0xE1, 0xFF,
    0xF3, 0xFF, 0xE7, 0xC7, 0xEF, 0x83, 0xDF, 0x07, 0x9F, 0x8F, 0xBF, 0x1F, 0x3E, 0x3E, 0x00, 0x78,
    0x00, 0xF0, 0x07, 0xEF, 0xFF, 0x9F, 0xFF, 0x3F, 0xF8, 0x00, 0xF8, 0x7F, 0xE1, 0xF7, 0x87, 0xDF,
    0x1F, 0x7C, 0x7C, 0xF1, 0xF3, 0xE7, 0xCF, 0xBE, 0x1F, 0xF8, 0x7F, 0xC1, 0xFE, 0x03, 0xE0, 0x0F,
    0x80, 0x3E, 0x00, 0x78, 0x01, 0xF0, 0x07, 0xC0, 0x0F, 0x00, 0x3E, 0x00, 0xF8, 0xFC, 0x3D, 0xF0,
    0xF3, 0xE3, 0xCF, 0x8F, 0x1F, 0x3C, 0x3F, 0xF0, 0xFF, 0xC1, 0xFE, 0x03, 0xE0, 0x0F, 0xC0, 0x1F,
    0x00, 0x3E, 0x7F, 0xF9, 0xFF, 0xE7, 0xFF, 0x80, 0xFF, 0xFF, 0xFF, 0xFF, 0xFF, 0xF8, 0x01, 0xF0,
    0x03, 0xC0, 0x0F, 0x80, 0x1F, 0x7C, 0x7C, 0xF8, 0xF9, 0xF1, 0xE3, 0xE7, 0xC7, 0xCF, 0x8F, 0x9E,
    0x1F, 0x7C, 0x3E, 0xF8, 0x7C, 0x00, 0xF8, 0x01, 0xF0, 0x03, 0xE0, 0x07, 0xC0, 0x00, 0xFF, 0xCF,
    0xFE, 0xFF, 0xF0, 0x3F, 0x01, 0xF0, 0x0F, 0x00, 0xF0, 0x0F, 0x00, 0xF0, 0x0F, 0x00, 0xF0, 0x0F,
    0x00, 0xF0, 0x0F, 0x00, 0xF0, 0xF9, 0xE3, 0xFE, 0x78, 0xFF, 0x9E, 0x3F, 0xE7, 0x8F, 0xF9, 0xE3,
    0xFE, 0x78, 0xFF, 0xFE, 0x3F, 0xFF, 0x9F, 0xFF, 0xC7, 0xFE, 0x01, 0xF7, 0xC0, 0xF9, 0xFC, 0xFE,
    0x3F, 0xFF, 0x07, 0xFF, 0x80, 0xFF, 0xC0, 0xFF, 0xF3, 0xFF, 0xEF, 0xFF, 0xC7, 0x1F, 0x3C, 0x3C,
    0xF0, 0xF3, 0xC3, 0xDF, 0x0F, 0x7C, 0x3C, 0xF0, 0xF3, 0xC3, 0xCF, 0x0F, 0xFC, 0x3F, 0xF0, 0xFF,
    0xC3, 0xC0, 0x23, 0xDF, 0xEF, 0xFD, 0xE0, 0x00, 0x7C, 0xF1, 0xE7, 0xCF, 0x9F, 0x7E, 0x00, 0x00,
    0x00, 0x00, 0x06, 0x1F, 0x7E, 0xFC, 0xF8, 0xE0, 0x00, 0x01, 0xFF, 0x1F, 0xFF, 0xFF, 0xFF, 0xFF,
    0x7C, 0x3B, 0xE0, 0x1F, 0xC0, 0x7F, 0x01, 0xFC, 0x07, 0xE0, 0x0F, 0x00, 0x78, 0x00, 0x00, 0x0C,
    0x01, 0xF8, 0x0F, 0xC0, 0x7E, 0x03, 0xE0, 0x06, 0x00, 0x1F, 0x87, 0xF0, 0xFE, 0x3F, 0xC7, 0x80,
    0xF0, 0x1F, 0x71, 0xFF, 0x7F, 0xFF, 0xFF, 0xFE, 0x3E, 0x04, 0x00, 0xFF, 0xBF, 0xEF, 0xFF, 0xFE,
    0xFE, 0x00, 0x00, 0xC7, 0xBF, 0x7C, 0xE0, 0x00, 0x03, 0xCF, 0xBE, 0x79, 0xE7, 0x9F, 0x7D, 0xF7,
    0xCF, 0x3C, 0xF3, 0xCF, 0x3C, 0xF0, 0x00, 0x00, 0x07, 0x83, 0xBC, 0x3D, 0xF1, 0xEF, 0xFF, 0x3F,
    0xF1, 0xFF, 0x8F, 0xF0, 0x7C, 0x03, 0xE0, 0x1F, 0x00, 0x78, 0x03, 0xC0, 0x1E, 0x00, 0xF0, 0x07,
    0x80, 0x3C, 0x01, 0xE0, 0x00, 0x00, 0x00, 0x03, 0xC0, 0xFF, 0xBF, 0xFE, 0xFF, 0x7F, 0xFD, 0xFF,
    0xF7, 0xFF, 0xDF, 0xFE, 0x7C, 0x01, 0xF0, 0x03, 0xC0, 0x0F, 0x00, 0x3C, 0x00, 0xF0, 0x03, 0xC0,
    0x0F, 0x00, 0x3C, 0x00, 0xF0, 0x00, 0x00, 0x00, 0x00, 0x00, 0xF0, 0x1F, 0x03, 0xF0, 0x7E, 0x07,
    0xC0, 0x78, 0x07, 0xF0, 0x7F, 0x03, 0xF0, 0x3F, 0x07, 0xE0, 0x78, 0x0F, 0x80, 0xFF, 0xE7, 0xFE,
    0x7F, 0xF3, 0xFE, 0x03, 0x00, 0x07, 0x01, 0xFC, 0x3F, 0xE7, 0xFE, 0x7F, 0xF7, 0x9F, 0xF8, 0xFF,
    0x0F, 0xF0, 0xFF, 0x8F, 0x7F, 0xF7, 0xFE, 0x3F, 0xE1, 0xFC, 0x00, 0x07, 0xFF, 0x3F, 0xF9, 0xFF,
    0xCF, 0xFE, 0x00, 0xF0, 0x07, 0x80, 0x3C, 0x01, 0xE0, 0x0F, 0x00, 0x7C, 0x03, 0xE0, 0x0F, 0x00,
    0x78, 0x03, 0xC0, 0x1E, 0x00, 0xF0, 0x07, 0xC0, 0x10, 0x10, 0x11, 0xE0, 0x7B, 0xE0, 0xF7, 0xC3,
    0xE7, 0x87, 0xCF, 0x8F, 0x0F, 0x3E, 0x1E, 0x78, 0x3E, 0xF0, 0x7F, 0xE0, 0x7F, 0x80, 0xFF, 0x01,
    0xFE, 0x01, 0xF8, 0x03, 0xF0, 0x07, 0xE0, 0x07, 0x80, 0x0F, 0x00, 0x18, 0x00, 0x00, 0x00, 0x0F,
    0x00, 0x1F, 0x00, 0x3E, 0x00, 0xFC, 0x01, 0xFC, 0x03, 0xF8, 0x0F, 0xF0, 0x1F, 0xE0, 0x3F, 0xE0,
    0xFB, 0xC1, 0xE7, 0x83, 0xCF, 0x8F, 0x8F, 0x1E, 0x1E, 0x7C, 0x3E, 0xF8, 0x3D, 0xE0, 0x78, 0xC0,
    0xC0, 0x00, 0x01, 0xF8, 0x3F, 0xC7, 0xFC, 0xFF, 0xEF, 0x3E, 0xF1, 0xEF, 0xFE, 0xFF, 0xE7, 0xFE,
    0x3F, 0xE0, 0xFF, 0x01, 0xF0, 0x0F, 0x00, 0xF0, 0x0F, 0x00, 0xF0, 0x0F, 0x00, 0x00, 0x00, 0x01,
    0xC0, 0x00, 0xF8, 0x00, 0x3E, 0x78, 0x07, 0x9E, 0x01, 0xE7, 0x80, 0x7F, 0xE0, 0x1F, 0xF8, 0x07,
    0xFE, 0x01, 0xEF, 0x80, 0x79, 0xF0, 0x7E, 0x7F, 0xFF, 0x0F, 0xFF, 0x81, 0xFF, 0xC0, 0x1F, 0xC0,
    0xFF, 0xFF, 0xF8, 0x00, 0xC7, 0xBF, 0x7C, 0xE0, 0x00, 0x03, 0xCF, 0xBE, 0x79, 0xE7, 0x9F, 0x7D,
    0xF7, 0xCF, 0x3C, 0xF3, 0xCF, 0x3C, 0xF0, 0x00, 0x00, 0x07, 0x83, 0xBC, 0x3D, 0xF1, 0xEF, 0xFF,
    0x3F, 0xF1, 0xFF, 0x8F, 0xF0, 0x7C, 0x03, 0xE0, 0x1F, 0x00, 0x78, 0x03, 0xC0, 0x1E, 0x00, 0xF0,
    0x07, 0x80, 0x3C, 0x01, 0xE0, 0x00, 0x00, 0x00, 0x03, 0xC0, 0xFF, 0xBF, 0xFE, 0xFF, 0x7F, 0xFD,
    0xFF, 0xF7, 0xFF, 0xDF, 0xFE, 0x7C, 0x01, 0xF0, 0x03, 0xC0, 0x0F, 0x00, 0x3C, 0x00, 0xF0, 0x03,
    0xC0, 0x0F, 0x00, 0x3C, 0x00, 0xF0, 0x00, 0x00, 0x00, 0x00, 0x07, 0x9F, 0x3D, 0xF9, 0xEF, 0xCF,
    0xF8, 0x7F, 0xF9, 0xFF, 0xCF, 0xFF, 0x7F, 0xF3, 0xFC, 0x1F, 0x00, 0xF8, 0x07, 0xC0, 0x1E, 0x00,
    0xF0, 0x07, 0x80, 0x3C, 0x01, 0xE0, 0x00, 0x00, 0x03, 0x00, 0x1E, 0x00, 0xF8, 0x01, 0xF0, 0x0F,
    0xE0, 0x7F, 0xC1, 0xFF, 0x0F, 0xBE, 0x7C, 0x79, 0xE1, 0xF7, 0x87, 0xDE, 0xCF, 0xFB, 0xBF, 0xFF,
    0xF7, 0xFF, 0x9F, 0xFE, 0x3F, 0xF0, 0x1F, 0xC3, 0xFC, 0x3F, 0x87, 0xF8, 0x78, 0x07, 0x80, 0x7C,
    0x63, 0xFE, 0x3F, 0xF0, 0xFF, 0x0F, 0xC1, 0xF8, 0x3F, 0x03, 0xE0, 0x7C, 0x07, 0xC0, 0x78, 0x01,
    0x80, 0x10, 0x11, 0xE0, 0x7B, 0xE0, 0xF7, 0xC3, 0xE7, 0x87, 0xCF, 0x8F, 0x0F, 0x3E, 0x1E, 0x78,
    0x3E, 0xF0, 0x7F, 0xE0, 0x7F, 0x80, 0xFF, 0x01, 0xFE, 0x01, 0xF8, 0x03, 0xF0, 0x07, 0xE0, 0x07,
    0x80, 0x0F, 0x00, 0x18, 0x00, 0x00, 0x00, 0x0F, 0x00, 0x1F, 0x00, 0x3E, 0x00, 0xFC, 0x01, 0xFC,
    0x03, 0xF8, 0x0F, 0xF0, 0x1F, 0xE0, 0x3F, 0xE0, 0xFB, 0xC1, 0xE7, 0x83, 0xCF, 0x8F, 0x8F, 0x1E,
    0x1E, 0x7C, 0x3E, 0xF8, 0x3D, 0xE0, 0x78, 0xC0, 0xC0, 0x00, 0x01, 0xF8, 0x3F, 0xC7, 0xFC, 0xFF,
    0xEF, 0x3E, 0xF1, 0xEF, 0xFE, 0xFF, 0xE7, 0xFE, 0x3F, 0xE0, 0xFF, 0x01, 0xF0, 0x0F, 0x00, 0xF0,
    0x0F, 0x00, 0xF0, 0x0F, 0x01, 0xE0, 0x00, 0xFC, 0x00, 0x3F, 0x80, 0x1F, 0xE0, 0x07, 0xF8, 0x01,
    0xFF, 0x00, 0xFF, 0xC0, 0x3E, 0xF0, 0x0F, 0x3E, 0x07, 0xCF, 0x81, 0xF1, 0xE0, 0x7C, 0x7C, 0x3F,
    0xFF, 0x0F, 0xFF, 0xC3, 0xFF, 0xF9, 0xF0, 0x3E, 0x7C, 0x07, 0xDE, 0x01, 0xFF, 0x80, 0x7C, 0x00,
    0x00, 0x00, 0x00, 0x00, 0x78, 0x00, 0x1F, 0x00, 0x07, 0xC0, 0x00, 0xE0, 0x00, 0x0F, 0xC1, 0xFF,
    0x8F, 0xFE, 0xF9, 0xF7, 0x87, 0x80, 0x7C, 0x7F, 0xEF, 0xFF, 0x7F, 0x7F, 0xC3, 0xFE, 0x3E, 0xFF,
    0xF7, 0xFF, 0x9F, 0xFC, 0x38, 0x00, 0x00, 0x07, 0x80, 0x3C, 0x01, 0xE0, 0x0F, 0x00, 0x03, 0xE0,
    0x00, 0x7C, 0x00, 0x0F, 0x00, 0x03, 0x80, 0x00, 0x00, 0x00, 0x78, 0x00, 0x3F, 0x00, 0x0F, 0xE0,
    0x07, 0xF8, 0x01, 0xFE, 0x00, 0x7F, 0xC0, 0x3F, 0xF0, 0x0F, 0xBC, 0x03, 0xCF, 0x81, 0xF3, 0xE0,
    0x7C, 0x78, 0x1F, 0x1F, 0x0F, 0xFF, 0xC3, 0xFF, 0xF0, 0xFF, 0xFE, 0x7C, 0x0F, 0x9F, 0x01, 0xF7,
    0x80, 0x7F, 0xE0, 0x1F, 0x0F, 0x80, 0x7E, 0x00, 0xE0, 0x07, 0x00, 0x00, 0x07, 0xE0, 0xFF, 0xC7,
    0xFF, 0x7C, 0xFB, 0xC3, 0xC0, 0x3E, 0x3F, 0xF7, 0xFF, 0xBF, 0xBF, 0xE1, 0xFF, 0x1F, 0x7F, 0xFB,
    0xFF, 0xCF, 0xFE, 0x1C, 0x00, 0x00, 0x0F, 0x00, 0x03, 0x80, 0x01, 0xC0, 0x00, 0x70, 0x01, 0xE0,
    0x00, 0xFC, 0x00, 0x7F, 0x80, 0x3C, 0xF0, 0x00, 0x00, 0x00, 0x78, 0x00, 0x3F, 0x00, 0x0F, 0xE0,
    0x07, 0xF8, 0x01, 0xFE, 0x00, 0x7F, 0xC0, 0x3F, 0xF0, 0x0F, 0xBC, 0x03, 0xCF, 0x81, 0xF3, 0xE0,
    0x7C, 0x78, 0x1F, 0x1F, 0x0F, 0xFF, 0xC3, 0xFF, 0xF0, 0xFF, 0xFE, 0x7C, 0x0F, 0x9F, 0x01, 0xF7,
    0x80, 0x7F, 0xE0, 0x1F, 0x00, 0x3C, 0x01, 0xE0, 0x07, 0x00, 0x1C, 0x07, 0x80, 0x3F, 0x01, 0xFE,
    0x0F, 0x3C, 0x00, 0x00, 0x3F, 0x03, 0xFF, 0x0F, 0xFE, 0x7C, 0xF9, 0xE1, 0xE0, 0x0F, 0x87, 0xFE,
    0x7F, 0xF9, 0xFD, 0xEF, 0x87, 0xBE, 0x3E, 0x7F, 0xF9, 0xFF, 0xE3, 0xFF, 0x83, 0x80, 0x00, 0x38,
    0x00, 0x0F, 0x00, 0x01, 0xC0, 0x00, 0x30, 0x01, 0xE0, 0x00, 0xFC, 0x00, 0x7F, 0x80, 0x3C, 0xF0,
    0x00, 0x00, 0x00, 0x78, 0x00, 0x3F, 0x00, 0x0F, 0xE0, 0x07, 0xF8, 0x01, 0xFE, 0x00, 0x7F, 0xC0,
    0x3F, 0xF0, 0x0F, 0xBC, 0x03, 0xCF, 0x81, 0xF3, 0xE0, 0x7C, 0x78, 0x1F, 0x1F, 0x0F, 0xFF, 0xC3,
    0xFF, 0xF0, 0xFF, 0xFE, 0x7C, 0x0F, 0x9F, 0x01, 0xF7, 0x80, 0x7F, 0xE0, 0x1F, 0x00, 0xE0, 0x07,
    0x80, 0x1C, 0x00, 0x60, 0x78, 0x07, 0xE0, 0x7F, 0x87, 0x9E, 0x00, 0x00, 0x7E, 0x0F, 0xFC, 0x7F,
    0xF7, 0xCF, 0xBC, 0x3C, 0x03, 0xE3, 0xFF, 0x7F, 0xFB, 0xFB, 0xFE, 0x1F, 0xF1, 0xF7, 0xFF, 0xBF,
    0xFC, 0xFF, 0xE1, 0xC0, 0x00, 0x3C, 0x00, 0x0F, 0x00, 0x01, 0xC0, 0x00, 0x60, 0x01, 0xE0, 0x00,
    0xFC, 0x00, 0x7F, 0x80, 0x3C, 0xF0, 0x00, 0x00, 0x00, 0x78, 0x00, 0x3F, 0x00, 0x0F, 0xE0, 0x07,
    0xF8, 0x01, 0xFE, 0x00, 0x7F, 0xC0, 0x3F, 0xF0, 0x0F, 0xBC, 0x03, 0xCF, 0x81, 0xF3, 0xE0, 0x7C,
    0x78, 0x1F, 0x1F, 0x0F, 0xFF, 0xC3, 0xFF, 0xF0, 0xFF, 0xFE, 0x7C, 0x0F, 0x9F, 0x01, 0xF7, 0x80,
    0x7F, 0xE0, 0x1F, 0x00, 0xF0, 0x07, 0x80, 0x1C, 0x00, 0xC0, 0x78, 0x07, 0xE0, 0x7F, 0x87, 0x9E,
    0x00, 0x00, 0x7E, 0x0F, 0xFC, 0x7F, 0xF7, 0xCF, 0xBC, 0x3C, 0x03, 0xE3, 0xFF, 0x7F, 0xFB, 0xFB,
    0xFE, 0x1F, 0xF1, 0xF7, 0xFF, 0xBF, 0xFC, 0xFF, 0xE1, 0xC0, 0x03, 0x9C, 0x01, 0xFF, 0x00, 0x7F,
    0x80, 0x18, 0xC0, 0x01, 0xE0, 0x00, 0xFC, 0x00, 0x7F, 0x80, 0x3C, 0xF0, 0x00, 0x00, 0x00, 0x78,
    0x00, 0x3F, 0x00, 0x0F, 0xE0, 0x07, 0xF8, 0x01, 0xFE, 0x00, 0x7F, 0xC0, 0x3F, 0xF0, 0x0F, 0xBC,
    0x03, 0xCF, 0x81, 0xF3, 0xE0, 0x7C, 0x78, 0x1F, 0x1F, 0x0F, 0xFF, 0xC3, 0xFF, 0xF0, 0xFF, 0xFE,
    0x7C, 0x0F, 0x9F, 0x01, 0xF7, 0x80, 0x7F, 0xE0, 0x1F, 0x0E, 0x70, 0xFF, 0x87, 0xF8, 0x31, 0x80,
    0x78, 0x07, 0xE0, 0x7F, 0x87, 0x9E, 0x00, 0x00, 0x7E, 0x0F, 0xFC, 0x7F, 0xF7, 0xCF, 0xBC, 0x3C,
    0x03, 0xE3, 0xFF, 0x7F, 0xFB, 0xFB, 0xFE, 0x1F, 0xF1, 0xF7, 0xFF, 0xBF, 0xFC, 0xFF, 0xE1, 0xC0,
    0x01, 0xF0, 0x00, 0xFC, 0x00, 0x7F, 0x80, 0x3C, 0xF0, 0x00, 0x00, 0x00, 0x78, 0x00, 0x3F, 0x00,
    0x0F, 0xE0, 0x07, 0xF8, 0x01, 0xFE, 0x00, 0x7F, 0xC0, 0x3F, 0xF0, 0x0F, 0xBC, 0x03, 0xCF, 0x81,
    0xF3, 0xE0, 0x7C, 0x78, 0x1F, 0x1F, 0x0F, 0xFF, 0xC3, 0xFF, 0xF0, 0xFF, 0xFE, 0x7C, 0x0F, 0x9F,
    0x01, 0xF7, 0x80, 0x7F, 0xE0, 0x1F, 0x00, 0x00, 0x00, 0x00, 0x00, 0x1E, 0x00, 0x07, 0xC0, 0x01,
    0xF0, 0x00, 0x38, 0x00, 0x07, 0x80, 0x7E, 0x07, 0xF8, 0x79, 0xE0, 0x00, 0x07, 0xE0, 0xFF, 0xC7,
    0xFF, 0x7C, 0xFB, 0xC3, 0xC0, 0x3E, 0x3F, 0xF7, 0xFF, 0xBF, 0xBF, 0xE1, 0xFF, 0x1F, 0x7F, 0xFB,
    0xFF, 0xCF, 0xFE, 0x1C, 0x00, 0x00, 0x03, 0xC0, 0x1E, 0x00, 0xF0, 0x07, 0x80, 0x00, 0x78, 0x00,
    0x1C, 0x00, 0x0E, 0x00, 0x03, 0x80, 0x07, 0x1C, 0x01, 0xCF, 0x00, 0x7F, 0x80, 0x0F, 0xC0, 0x00,
    0x40, 0x00, 0x78, 0x00, 0x3F, 0x00, 0x0F, 0xE0, 0x07, 0xF8, 0x01, 0xFE, 0x00, 0x7F, 0xC0, 0x3F,
    0xF0, 0x0F, 0xBC, 0x03, 0xCF, 0x81, 0xF3, 0xE0, 0x7C, 0x78, 0x1F, 0x1F, 0x0F, 0xFF, 0xC3, 0xFF,
    0xF0, 0xFF, 0xFE, 0x7C, 0x0F, 0x9F, 0x01, 0xF7, 0x80, 0x7F, 0xE0, 0x1F, 0x01, 0xE0, 0x0E, 0x00,
    0xE0, 0x07, 0x01, 0x87, 0x0E, 0x78, 0x7F, 0x81, 0xF8, 0x01, 0x00, 0x7E, 0x0F, 0xFC, 0x7F, 0xF7,
    0xCF, 0xBC, 0x3C, 0x03, 0xE3, 0xFF, 0x7F, 0xFB, 0xFB, 0xFE, 0x1F, 0xF1, 0xF7, 0xFF, 0xBF, 0xFC,
    0xFF, 0xE1, 0xC0, 0x03, 0x80, 0x00, 0xF0, 0x00, 0x1C, 0x00, 0x03, 0x00, 0x06, 0x1C, 0x01, 0xCF,
    0x00, 0x7F, 0x80, 0x0F, 0xC0, 0x00, 0x40, 0x00, 0x78, 0x00, 0x3F, 0x00, 0x0F, 0xE0, 0x07, 0xF8,
    0x01, 0xFE, 0x00, 0x7F, 0xC0, 0x3F, 0xF0, 0x0F, 0xBC, 0x03, 0xCF, 0x81, 0xF3, 0xE0, 0x7C, 0x78,
    0x1F, 0x1F, 0x0F, 0xFF, 0xC3, 0xFF, 0xF0, 0xFF, 0xFE, 0x7C, 0x0F, 0x9F, 0x01, 0xF7, 0x80, 0x7F,
    0xE0, 0x1F, 0x0E, 0x00, 0x78, 0x01, 0xC0, 0x06, 0x01, 0x87, 0x0E, 0x70, 0x7F, 0x81, 0xF8, 0x01,
    0x00, 0x7E, 0x0F, 0xFC, 0x7F, 0xF7, 0xCF, 0xBC, 0x3C, 0x03, 0xE3, 0xFF, 0x7F, 0xFB, 0xFB, 0xFE,
    0x1F, 0xF1, 0xF7, 0xFF, 0xBF, 0xFC, 0xFF, 0xE1, 0xC0, 0x01, 0xE0, 0x00, 0x7C, 0x00, 0x0E, 0x00,
    0x03, 0x80, 0x07, 0x1C, 0x01, 0xCF, 0x00, 0x7F, 0x80, 0x0F, 0xC0, 0x00, 0x40, 0x00, 0x78, 0x00,
    0x3F, 0x00, 0x0F, 0xE0, 0x07, 0xF8, 0x01, 0xFE, 0x00, 0x7F, 0xC0, 0x3F, 0xF0, 0x0F, 0xBC, 0x03,
    0xCF, 0x81, 0xF3, 0xE0, 0x7C, 0x78, 0x1F, 0x1F, 0x0F, 0xFF, 0xC3, 0xFF, 0xF0, 0xFF, 0xFE, 0x7C,
    0x0F, 0x9F, 0x01, 0xF7, 0x80, 0x7F, 0xE0, 0x1F, 0x07, 0x80, 0x3C, 0x00, 0xE0, 0x06, 0x01, 0x87,
    0x0E, 0x78, 0x7F, 0x81, 0xF8, 0x01, 0x00, 0x7E, 0x0F, 0xFC, 0x7F, 0xF7, 0xCF, 0xBC, 0x3C, 0x03,
    0xE3, 0xFF, 0x7F, 0xFB, 0xFB, 0xFE, 0x1F, 0xF1, 0xF7, 0xFF, 0xBF, 0xFC, 0xFF, 0xE1, 0xC0, 0x03,
    0x9C, 0x01, 0xFF, 0x00, 0x7F, 0x80, 0x18, 0xC0, 0x07, 0x1C, 0x01, 0xCF, 0x00, 0x7F, 0x80, 0x0F,
    0xC0, 0x00, 0x00, 0x00, 0x78, 0x00, 0x3F, 0x00, 0x0F, 0xE0, 0x07, 0xF8, 0x01, 0xFE, 0x00, 0x7F,
    0xC0, 0x3F, 0xF0, 0x0F, 0xBC, 0x03, 0xCF, 0x81, 0xF3, 0xE0, 0x7C, 0x78, 0x1F, 0x1F, 0x0F, 0xFF,
    0xC3, 0xFF, 0xF0, 0xFF, 0xFE, 0x7C, 0x0F, 0x9F, 0x01, 0xF7, 0x80, 0x7F, 0xE0, 0x1F, 0x0E, 0x70,
    0xFF, 0x87, 0xF8, 0x31, 0x81, 0x87, 0x0E, 0x70, 0x7F, 0x81, 0xF8, 0x00, 0x00, 0x7E, 0x0F, 0xFC,
    0x7F, 0xF7, 0xCF, 0xBC, 0x3C, 0x03, 0xE3, 0xFF, 0x7F, 0xFB, 0xFB, 0xFE, 0x1F, 0xF1, 0xF7, 0xFF,
    0xBF, 0xFC, 0xFF, 0xE1, 0xC0, 0x07, 0x1C, 0x01, 0xFF, 0x00, 0x3F, 0x80, 0x07, 0xC0, 0x00, 0x00,
    0x00, 0x78, 0x00, 0x3F, 0x00, 0x0F, 0xE0, 0x07, 0xF8, 0x01, 0xFE, 0x00, 0x7F, 0xC0, 0x3F, 0xF0,
    0x0F, 0xBC, 0x03, 0xCF, 0x81, 0xF3, 0xE0, 0x7C, 0x78, 0x1F, 0x1F, 0x0F, 0xFF, 0xC3, 0xFF, 0xF0,
    0xFF, 0xFE, 0x7C, 0x0F, 0x9F, 0x01, 0xF7, 0x80, 0x7F, 0xE0, 0x1F, 0x00, 0x00, 0x00, 0x00, 0x00,
    0x1E, 0x00, 0x07, 0xC0, 0x01, 0xF0, 0x00, 0x38, 0x00, 0x1C, 0x70, 0xFF, 0x07, 0xF8, 0x0F, 0x80,
    0x00, 0x07, 0xE0, 0xFF, 0xC7, 0xFF, 0x7C, 0xFB, 0xC3, 0xC0, 0x3E, 0x3F, 0xF7, 0xFF, 0xBF, 0xBF,
    0xE1, 0xFF, 0x1F, 0x7F, 0xFB, 0xFF, 0xCF, 0xFE, 0x1C, 0x00, 0x00, 0x03, 0xC0, 0x1E, 0x00, 0xF0,
    0x07, 0x80, 0x7F, 0xFF, 0xFF, 0xFF, 0xFF, 0xFF, 0xFF, 0x80, 0x7C, 0x03, 0xE0, 0x1F, 0x00, 0xFF,
    0xFF, 0xFF, 0xFF, 0xFF, 0xFF, 0xEF, 0x80, 0x7C, 0x03, 0xE0, 0x1F, 0xFE, 0xFF, 0xFF, 0xFF, 0xFF,
    0xFE, 0x00, 0x00, 0x00, 0x03, 0xC0, 0x3E, 0x00, 0xF0, 0x07, 0x00, 0x07, 0xC0, 0x7F, 0xC3, 0xFF,
    0x9F, 0xBE, 0x78, 0x3D, 0xE0, 0xF7, 0xFF, 0xDF, 0xFF, 0x7F, 0xFD, 0xE0, 0x07, 0xC3, 0xCF, 0xFF,
    0x3F, 0xF8, 0x3F, 0xC0, 0x38, 0x00, 0x00, 0x03, 0x80, 0x1F, 0x00, 0x7C, 0x00, 0xE0, 0x0F, 0x80,
    0x7C, 0x00, 0xE0, 0x0E, 0x00, 0x00, 0x3F, 0xFF, 0xFF, 0xFF, 0xFF, 0xFF, 0xFF, 0xC0, 0x3E, 0x01,
    0xF0, 0x0F, 0x80, 0x7F, 0xFF, 0xFF, 0xFF, 0xFF, 0xFF, 0xF7, 0xC0, 0x3E, 0x01, 0xF0, 0x0F, 0xFF,
    0x7F, 0xFF, 0xFF, 0xFF, 0xFF, 0x07, 0x80, 0x1F, 0x00, 0x1C, 0x00, 0xE0, 0x00, 0x00, 0x1F, 0x01,
    0xFF, 0x0F, 0xFE, 0x7E, 0xF9, 0xE0, 0xF7, 0x83, 0xDF, 0xFF, 0x7F, 0xFD, 0xFF, 0xF7, 0x80, 0x1F,
    0x0F, 0x3F, 0xFC, 0xFF, 0xE0, 0xFF, 0x00, 0xE0, 0x1E, 0x60, 0xFF, 0x0F, 0xF8, 0x73, 0x80, 0x00,
    0x3F, 0xFF, 0xFF, 0xFF, 0xFF, 0xFF, 0xFF, 0xC0, 0x3E, 0x01, 0xF0, 0x0F, 0x80, 0x7F, 0xFF, 0xFF,
    0xFF, 0xFF, 0xFF, 0xF7, 0xC0, 0x3E, 0x01, 0xF0, 0x0F, 0xFF, 0x7F, 0xFF, 0xFF, 0xFF, 0xFF, 0x0F,
    0x70, 0x7F, 0xC1, 0xFE, 0x06, 0x30, 0x00, 0x00, 0x1F, 0x01, 0xFF, 0x0F, 0xFE, 0x7E, 0xF9, 0xE0,
    0xF7, 0x83, 0xDF, 0xFF, 0x7F, 0xFD, 0xFF, 0xF7, 0x80, 0x1F, 0x0F, 0x3F, 0xFC, 0xFF, 0xE0, 0xFF,
    0x00, 0xE0, 0x00, 0x38, 0x01, 0xE0, 0x07, 0x00, 0x38, 0x07, 0x80, 0x3F, 0x01, 0xFE, 0x0F, 0x3C,
    0x00, 0x01, 0xFF, 0xEF, 0xFF, 0xBF, 0xFE, 0xFF, 0xFB, 0xE0, 0x0F, 0x80, 0x3E, 0x00, 0xF8, 0x03,
    0xFF, 0xEF, 0xFF, 0xBF, 0xFE, 0xFF, 0xF3, 0xE0, 0x0F, 0x80, 0x3E, 0x00, 0xFF, 0xF3, 0xFF, 0xEF,
    0xFF, 0xBF, 0xFE, 0x00, 0x3C, 0x00, 0xE0, 0x07, 0x80, 0x1C, 0x07, 0x80, 0x3F, 0x01, 0xFE, 0x07,
    0xBC, 0x00, 0x00, 0x1F, 0x01, 0xFF, 0x0F, 0xFE, 0x7E, 0xF9, 0xE0, 0xF7, 0x83, 0xDF, 0xFF, 0x7F,
    0xFD, 0xFF, 0xF7, 0x80, 0x1F, 0x0F, 0x3F, 0xFC, 0xFF, 0xE0, 0xFF, 0x00, 0xE0, 0x01, 0xE0, 0x07,
    0x00, 0x1C, 0x00, 0xE0, 0x78, 0x07, 0xE0, 0x7F, 0x87, 0x9E, 0x00, 0x03, 0xFF, 0xFF, 0xFF, 0xFF,
    0xFF, 0xFF, 0xFC, 0x03, 0xE0, 0x1F, 0x00, 0xF8, 0x07, 0xFF, 0xFF, 0xFF, 0xFF, 0xFF, 0xFF, 0x7C,
    0x03, 0xE0, 0x1F, 0x00, 0xFF, 0xF7, 0xFF, 0xFF, 0xFF, 0xFF, 0xF0, 0x00, 0xE0, 0x03, 0xC0, 0x07,
    0x00, 0x0E, 0x07, 0x80, 0x3F, 0x01, 0xFE, 0x07, 0xBC, 0x00, 0x00, 0x1F, 0x01, 0xFF, 0x0F, 0xFE,
    0x7E, 0xF9, 0xE0, 0xF7, 0x83, 0xDF, 0xFF, 0x7F, 0xFD, 0xFF, 0xF7, 0x80, 0x1F, 0x0F, 0x3F, 0xFC,
    0xFF, 0xE0, 0xFF, 0x00, 0xE0, 0x01, 0xE0, 0x0F, 0x80, 0x1C, 0x01, 0xC0, 0x78, 0x07, 0xE0, 0x7F,
    0x87, 0x9E, 0x00, 0x03, 0xFF, 0xFF, 0xFF, 0xFF, 0xFF, 0xFF, 0xFC, 0x03, 0xE0, 0x1F, 0x00, 0xF8,
    0x07, 0xFF, 0xFF, 0xFF, 0xFF, 0xFF, 0xFF, 0x7C, 0x03, 0xE0, 0x1F, 0x00, 0xFF, 0xF7, 0xFF, 0xFF,
    0xFF, 0xFF, 0xF0, 0x00, 0xF0, 0x03, 0xC0, 0x07, 0x00, 0x1C, 0x07, 0x80, 0x3F, 0x01, 0xFE, 0x07,
    0xBC, 0x00, 0x00, 0x1F, 0x01, 0xFF, 0x0F, 0xFE, 0x7E, 0xF9, 0xE0, 0xF7, 0x83, 0xDF, 0xFF, 0x7F,
    0xFD, 0xFF, 0xF7, 0x80, 0x1F, 0x0F, 0x3F, 0xFC, 0xFF, 0xE0, 0xFF, 0x00, 0xE0, 0x1E, 0x60, 0xFF,
    0x0F, 0xF8, 0x31, 0x00, 0x78, 0x07, 0xE0, 0x7F, 0x87, 0x9E, 0x00, 0x03, 0xFF, 0xFF, 0xFF, 0xFF,
    0xFF, 0xFF, 0xFC, 0x03, 0xE0, 0x1F, 0x00, 0xF8, 0x07, 0xFF, 0xFF, 0xFF, 0xFF, 0xFF, 0xFF, 0x7C,
    0x03, 0xE0, 0x1F, 0x00, 0xFF, 0xF7, 0xFF, 0xFF, 0xFF, 0xFF, 0xF0, 0x0F, 0x70, 0x7F, 0xC1, 0xFE,
    0x06, 0x30, 0x07, 0x80, 0x3F, 0x01, 0xFE, 0x07, 0xBC, 0x00, 0x00, 0x1F, 0x01, 0xFF, 0x0F, 0xFE,
    0x7E, 0xF9, 0xE0, 0xF7, 0x83, 0xDF, 0xFF, 0x7F, 0xFD, 0xFF, 0xF7, 0x80, 0x1F, 0x0F, 0x3F, 0xFC,
    0xFF, 0xE0, 0xFF, 0x00, 0xE0, 0x0F, 0x80, 0xFE, 0x07, 0xF8, 0x79, 0xE0, 0x00, 0x3F, 0xFF, 0xFF,
    0xFF, 0xFF, 0xFF, 0xFF, 0xC0, 0x3E, 0x01, 0xF0, 0x0F, 0x80, 0x7F, 0xFF, 0xFF, 0xFF, 0xFF, 0xFF,
    0xF7, 0xC0, 0x3E, 0x01, 0xF0, 0x0F, 0xFF, 0x7F, 0xFF, 0xFF, 0xFF, 0xFF, 0x00, 0x00, 0x00, 0x01,
    0xE0, 0x1F, 0x00, 0x78, 0x03, 0x80, 0x07, 0xC0, 0x3F, 0x81, 0xEF, 0x0F, 0x3C, 0x00, 0x00, 0x1F,
    0x01, 0xFF, 0x0F, 0xFE, 0x7E, 0xF9, 0xE0, 0xF7, 0x83, 0xDF, 0xFF, 0x7F, 0xFD, 0xFF, 0xF7, 0x80,
    0x1F, 0x0F, 0x3F, 0xFC, 0xFF, 0xE0, 0xFF, 0x00, 0xE0, 0x00, 0x00, 0x0E, 0x00, 0x7C, 0x01, 0xF0,
    0x03, 0x80, 0xFF, 0xCE, 0xE0, 0x3B, 0xFF, 0xFF, 0xFF, 0xFF, 0xFF, 0xFF, 0xFF, 0xFF, 0xFF, 0xFF,
    0xFF, 0x79, 0xF3, 0xCE, 0x01, 0xE7, 0xDF, 0x7D, 0xF7, 0xDF, 0x7D, 0xF7, 0xDF, 0x7D, 0xF7, 0xC0,
    0x77, 0xFF, 0xFF, 0xFF, 0xFF, 0xFF, 0xFF, 0xFF, 0xFF, 0xFF, 0xFF, 0xFE, 0x00, 0x3B, 0xFF, 0x70,
    0xF7, 0xFE, 0xE0, 0x7B, 0xFF, 0xFF, 0xFF, 0xFF, 0xFF, 0xFF, 0xFF, 0xFE, 0x00, 0x7B, 0xFF, 0x70,
    0x03, 0xE0, 0x03, 0xFE, 0x01, 0xFF, 0xE0, 0xFF, 0xF8, 0x7E, 0x3F, 0x3F, 0x03, 0xEF, 0x80, 0xFB,
    0xE0, 0x1E, 0xF0, 0x07, 0xBC, 0x01, 0xEF, 0x00, 0x7B, 0xC0, 0x1E, 0xF8, 0x07, 0xBE, 0x03, 0xE7,
    0xC1, 0xF9, 0xFD, 0xFC, 0x3F, 0xFE, 0x07, 0xFF, 0x00, 0xFF, 0x80, 0x07, 0x00, 0x00, 0x00, 0x00,
    0x70, 0x00, 0x3E, 0x00, 0x0F, 0x80, 0x01, 0xC0, 0x00, 0x07, 0xC0, 0x3F, 0xE0, 0xFF, 0xE3, 0xFF,
    0xE7, 0xC7, 0xCF, 0x07, 0x9E, 0x0F, 0xBC, 0x1F, 0x78, 0x3E, 0xF0, 0x79, 0xF1, 0xF1, 0xFF, 0xC3,
    0xFF, 0x81, 0xFE, 0x00, 0xE0, 0x00, 0x00, 0x03, 0x80, 0x0F, 0x80, 0x1F, 0x00, 0x1C, 0x00, 0x03,
    0xE0, 0x00, 0xF8, 0x00, 0x0E, 0x00, 0x07, 0x00, 0x00, 0x00, 0x00, 0xF8, 0x00, 0xFF, 0x80, 0x7F,
    0xF8, 0x3F, 0xFE, 0x1F, 0x8F, 0xCF, 0xC0, 0xFB, 0xE0, 0x3E, 0xF8, 0x07, 0xBC, 0x01, 0xEF, 0x00,
    0x7B, 0xC0, 0x1E, 0xF0, 0x07, 0xBE, 0x01, 0xEF, 0x80, 0xF9, 0xF0, 0x7E, 0x7F, 0x7F, 0x0F, 0xFF,
    0x81, 0xFF, 0xC0, 0x3F, 0xE0, 0x01, 0xC0, 0x00, 0x07, 0xC0, 0x0F, 0x80, 0x07, 0x00, 0x1C, 0x00,
    0x00, 0x00, 0xF8, 0x07, 0xFC, 0x1F, 0xFC, 0x7F, 0xFC, 0xF8, 0xF9, 0xE0, 0xF3, 0xC1, 0xF7, 0x83,
    0xEF, 0x07, 0xDE, 0x0F, 0x3E, 0x3E, 0x3F, 0xF8, 0x7F, 0xF0, 0x3F, 0xC0, 0x1C, 0x00, 0x00, 0x1E,
    0x00, 0x07, 0x00, 0x03, 0xC0, 0x00, 0xE0, 0x01, 0xE0, 0x00, 0xFC, 0x00, 0x7F, 0x80, 0x3D, 0xE0,
    0x00, 0x00, 0x00, 0xF8, 0x00, 0xFF, 0x80, 0x7F, 0xF8, 0x3F, 0xFE, 0x1F, 0x8F, 0xCF, 0xC0, 0xFB,
    0xE0, 0x3E, 0xF8, 0x07, 0xBC, 0x01, 0xEF, 0x00, 0x7B, 0xC0, 0x1E, 0xF0, 0x07, 0xBE, 0x01, 0xEF,
    0x80, 0xF9, 0xF0, 0x7E, 0x7F, 0x7F, 0x0F, 0xFF, 0x81, 0xFF, 0xC0, 0x3F, 0xE0, 0x01, 0xC0, 0x00,
    0x00, 0x3C, 0x00, 0x70, 0x01, 0xE0, 0x03, 0x80, 0x3C, 0x00, 0xFC, 0x03, 0xFC, 0x0F, 0x78, 0x00,
    0x00, 0x0F, 0x80, 0x7F, 0xC1, 0xFF, 0xC7, 0xFF, 0xCF, 0x8F, 0x9E, 0x0F, 0x3C, 0x1F, 0x78, 0x3E,
    0xF0, 0x7D, 0xE0, 0xF3, 0xE3, 0xE3, 0xFF, 0x87, 0xFF, 0x03, 0xFC, 0x01, 0xC0, 0x00, 0x78, 0x00,
    0x0E, 0x00, 0x03, 0xC0, 0x00, 0x70, 0x01, 0xE0, 0x00, 0xFC, 0x00, 0x7F, 0x80, 0x3D, 0xE0, 0x00,
    0x00, 0x00, 0xF8, 0x00, 0xFF, 0x80, 0x7F, 0xF8, 0x3F, 0xFE, 0x1F, 0x8F, 0xCF, 0xC0, 0xFB, 0xE0,
    0x3E, 0xF8, 0x07, 0xBC, 0x01, 0xEF, 0x00, 0x7B, 0xC0, 0x1E, 0xF0, 0x07, 0xBE, 0x01, 0xEF, 0x80,
    0xF9, 0xF0, 0x7E, 0x7F, 0x7F, 0x0F, 0xFF, 0x81, 0xFF, 0xC0, 0x3F, 0xE0, 0x01, 0xC0, 0x00, 0x00,
    0xF0, 0x00, 0xE0, 0x01, 0xE0, 0x01, 0xC0, 0x3C, 0x00, 0xFC, 0x03, 0xFC, 0x0F, 0x78, 0x00, 0x00,
    0x0F, 0x80, 0x7F, 0xC1, 0xFF, 0xC7, 0xFF, 0xCF, 0x8F, 0x9E, 0x0F, 0x3C, 0x1F, 0x78, 0x3E, 0xF0,
    0x7D, 0xE0, 0xF3, 0xE3, 0xE3, 0xFF, 0x87, 0xFF, 0x03, 0xFC, 0x01, 0xC0, 0x00, 0x78, 0x00, 0x1F,
    0x00, 0x01, 0x80, 0x00, 0xE0, 0x01, 0xE0, 0x00, 0xFC, 0x00, 0x7F, 0x80, 0x3D, 0xE0, 0x00, 0x00,
    0x00, 0xF8, 0x00, 0xFF, 0x80, 0x7F, 0xF8, 0x3F, 0xFE, 0x1F, 0x8F, 0xCF, 0xC0, 0xFB, 0xE0, 0x3E,
    0xF8, 0x07, 0xBC, 0x01, 0xEF, 0x00, 0x7B, 0xC0, 0x1E, 0xF0, 0x07, 0xBE, 0x01, 0xEF, 0x80, 0xF9,
    0xF0, 0x7E, 0x7F, 0x7F, 0x0F, 0xFF, 0x81, 0xFF, 0xC0, 0x3F, 0xE0, 0x01, 0xC0, 0x00, 0x00, 0xF0,
    0x01, 0xF0, 0x00, 0xC0, 0x03, 0x80, 0x3C, 0x00, 0xFC, 0x03, 0xFC, 0x0F, 0x78, 0x00, 0x00, 0x0F,
    0x80, 0x7F, 0xC1, 0xFF, 0xC7, 0xFF, 0xCF, 0x8F, 0x9E, 0x0F, 0x3C, 0x1F, 0x78, 0x3E, 0xF0, 0x7D,
    0xE0, 0xF3, 0xE3, 0xE3, 0xFF, 0x87, 0xFF, 0x03, 0xFC, 0x01, 0xC0, 0x07, 0xB8, 0x03, 0xFE, 0x00,
    0xFF, 0x80, 0x31, 0x80, 0x01, 0xE0, 0x00, 0xFC, 0x00, 0x7F, 0x80, 0x3D, 0xE0, 0x00, 0x00, 0x00,
    0xF8, 0x00, 0xFF, 0x80, 0x7F, 0xF8, 0x3F, 0xFE, 0x1F, 0x8F, 0xCF, 0xC0, 0xFB, 0xE0, 0x3E, 0xF8,
    0x07, 0xBC, 0x01, 0xEF, 0x00, 0x7B, 0xC0, 0x1E, 0xF0, 0x07, 0xBE, 0x01, 0xEF, 0x80, 0xF9, 0xF0,
    0x7E, 0x7F, 0x7F, 0x0F, 0xFF, 0x81, 0xFF, 0xC0, 0x3F, 0xE0, 0x01, 0xC0, 0x00, 0x0F, 0x30, 0x3F,
    0xE0, 0x7F, 0xC0, 0xC6, 0x00, 0x3C, 0x00, 0xFC, 0x03, 0xFC, 0x0F, 0x78, 0x00, 0x00, 0x0F, 0x80,
    0x7F, 0xC1, 0xFF, 0xC7, 0xFF, 0xCF, 0x8F, 0x9E, 0x0F, 0x3C, 0x1F, 0x78, 0x3E, 0xF0, 0x7D, 0xE0,
    0xF3, 0xE3, 0xE3, 0xFF, 0x87, 0xFF, 0x03, 0xFC, 0x01, 0xC0, 0x03, 0xE0, 0x01, 0xFC, 0x00, 0xF7,
    0x80, 0x38, 0xE0, 0x00, 0x00, 0x00, 0xF8, 0x00, 0xFF, 0x80, 0x7F, 0xF8, 0x3F, 0xFE, 0x1F, 0x8F,
    0xCF, 0xC0, 0xFB, 0xE0, 0x3E, 0xF8, 0x07, 0xBC, 0x01, 0xEF, 0x00, 0x7B, 0xC0, 0x1E, 0xF0, 0x07,
    0xBE, 0x01, 0xEF, 0x80, 0xF9, 0xF0, 0x7E, 0x7F, 0x7F, 0x0F, 0xFF, 0x81, 0xFF, 0xC0, 0x3F, 0xE0,
    0x01, 0xC0, 0x00, 0x00, 0x00, 0x1C, 0x00, 0x0F, 0x80, 0x03, 0xE0, 0x00, 0x70, 0x00, 0x07, 0xC0,
    0x1F, 0xC0, 0x7B, 0xC0, 0xE3, 0x80, 0x00, 0x00, 0xF8, 0x07, 0xFC, 0x1F, 0xFC, 0x7F, 0xFC, 0xF8,
    0xF9, 0xE0, 0xF3, 0xC1, 0xF7, 0x83, 0xEF, 0x07, 0xDE, 0x0F, 0x3E, 0x3E, 0x3F, 0xF8, 0x7F, 0xF0,
    0x3F, 0xC0, 0x1C, 0x00, 0x00, 0x00, 0x70, 0x01, 0xF0, 0x03, 0xE0, 0x03, 0x80, 0x00, 0xF8, 0x00,
    0x3C, 0x00, 0x1E, 0x00, 0x07, 0x0F, 0x00, 0x03, 0xC0, 0xFF, 0xF0, 0xFF, 0xF8, 0x7F, 0xFE, 0x3F,
    0xFF, 0x1F, 0x8F, 0xCF, 0xC0, 0xFB, 0xE0, 0x3E, 0xF8, 0x07, 0xBC, 0x01, 0xEF, 0x00, 0x7B, 0xC0,
    0x1E, 0xF0, 0x07, 0xBE, 0x01, 0xEF, 0x80, 0xF9, 0xF0, 0x7E, 0x7F, 0x7F, 0x0F, 0xFF, 0x81, 0xFF,
    0xC0, 0x3F, 0xE0, 0x01, 0xC0, 0x00, 0x01, 0xF0, 0x03, 0xC0, 0x0F, 0x38, 0x1C, 0x70, 0x00, 0xE0,
    0xFF, 0xC7, 0xFF, 0x9F, 0xFC, 0x7F, 0xFC, 0xF8, 0xF9, 0xE0, 0xF3, 0xC1, 0xF7, 0x83, 0xEF, 0x07,
    0xDE, 0x0F, 0x3E, 0x3E, 0x3F, 0xF8, 0x7F, 0xF0, 0x3F, 0xC0, 0x1C, 0x00, 0x07, 0x80, 0x01, 0xE0,
    0x00, 0x3C, 0x00, 0x07, 0x0F, 0x00, 0x03, 0xC0, 0xFF, 0xF0, 0xFF, 0xF8, 0x7F, 0xFE, 0x3F, 0xFF,
    0x1F, 0x8F, 0xCF, 0xC0, 0xFB, 0xE0, 0x3E, 0xF8, 0x07, 0xBC, 0x01, 0xEF, 0x00, 0x7B, 0xC0, 0x1E,
    0xF0, 0x07, 0xBE, 0x01, 0xEF, 0x80, 0xF9, 0xF0, 0x7E, 0x7F, 0x7F, 0x0F, 0xFF, 0x81, 0xFF, 0xC0,
    0x3F, 0xE0, 0x01, 0xC0, 0x00, 0x0F, 0x00, 0x1E, 0x00, 0x1E, 0x38, 0x1C, 0x70, 0x00, 0xE0, 0xFF,
    0xC7, 0xFF, 0x9F, 0xFC, 0x7F, 0xFC, 0xF8, 0xF9, 0xE0, 0xF3, 0xC1, 0xF7, 0x83, 0xEF, 0x07, 0xDE,
    0x0F, 0x3E, 0x3E, 0x3F, 0xF8, 0x7F, 0xF0, 0x3F, 0xC0, 0x1C, 0x00, 0x03, 0xE0, 0x00, 0xF8, 0x00,
    0x0E, 0x00, 0x07, 0x0F, 0x00, 0x03, 0xC0, 0xFF, 0xF0, 0xFF, 0xF8, 0x7F, 0xFE, 0x3F, 0xFF, 0x1F,
    0x8F, 0xCF, 0xC0, 0xFB, 0xE0, 0x3E, 0xF8, 0x07, 0xBC, 0x01, 0xEF, 0x00, 0x7B, 0xC0, 0x1E, 0xF0,
    0x07, 0xBE, 0x01, 0xEF, 0x80, 0xF9, 0xF0, 0x7E, 0x7F, 0x7F, 0x0F, 0xFF, 0x81, 0xFF, 0xC0, 0x3F,
    0xE0, 0x01, 0xC0, 0x00, 0x07, 0xC0, 0x0F, 0x80, 0x07, 0x38, 0x1C, 0x70, 0x00, 0xE0, 0xFF, 0xC7,
    0xFF, 0x9F, 0xFC, 0x7F, 0xFC, 0xF8, 0xF9, 0xE0, 0xF3, 0xC1, 0xF7, 0x83, 0xEF, 0x07, 0xDE, 0x0F,
    0x3E, 0x3E, 0x3F, 0xF8, 0x7F, 0xF0, 0x3F, 0xC0, 0x1C, 0x00, 0x07, 0xB8, 0x03, 0xFE, 0x00, 0xFF,
    0x80, 0x39, 0xCF, 0x00, 0x03, 0xC0, 0xFF, 0xF0, 0xFF, 0xF8, 0x7F, 0xFE, 0x3F, 0xFF, 0x1F, 0x8F,
    0xCF, 0xC0, 0xFB, 0xE0, 0x3E, 0xF8, 0x07, 0xBC, 0x01, 0xEF, 0x00, 0x7B, 0xC0, 0x1E, 0xF0, 0x07,
    0xBE, 0x01, 0xEF, 0x80, 0xF9, 0xF0, 0x7E, 0x7F, 0x7F, 0x0F, 0xFF, 0x81, 0xFF, 0xC0, 0x3F, 0xE0,
    0x01, 0xC0, 0x00, 0x06, 0x60, 0x1F, 0xC0, 0x3F, 0xB8, 0x66, 0x70, 0x00, 0xE0, 0xFF, 0xC7, 0xFF,
    0x9F, 0xFC, 0x7F, 0xFC, 0xF8, 0xF9, 0xE0, 0xF3, 0xC1, 0xF7, 0x83, 0xEF, 0x07, 0xDE, 0x0F, 0x3E,
    0x3E, 0x3F, 0xF8, 0x7F, 0xF0, 0x3F, 0xC0, 0x1C, 0x00, 0x00, 0x03, 0xC0, 0x00, 0xF0, 0x3F, 0xFC,
    0x3F, 0xFE, 0x1F, 0xFF, 0x8F, 0xFF, 0xC7, 0xE3, 0xF3, 0xF0, 0x3E, 0xF8, 0x0F, 0xBE, 0x01, 0xEF,
    0x00, 0x7B, 0xC0, 0x1E, 0xF0, 0x07, 0xBC, 0x01, 0xEF, 0x80, 0x7B, 0xE0, 0x3E, 0x7C, 0x1F, 0x9F,
    0xDF, 0xC3, 0xFF, 0xE0, 0x7F, 0xF0, 0x0F, 0xF8, 0x00, 0x70, 0x00, 0x00, 0x00, 0x07, 0x00, 0x03,
    0xE0, 0x00, 0xF8, 0x00, 0x1C, 0x00, 0x00, 0x0E, 0x00, 0x1C, 0x00, 0x38, 0x3F, 0xF1, 0xFF, 0xE7,
    0xFF, 0x1F, 0xFF, 0x3E, 0x3E, 0x78, 0x3C, 0xF0, 0x7D, 0xE0, 0xFB, 0xC1, 0xF7, 0x83, 0xCF, 0x8F,
    0x8F, 0xFE, 0x1F, 0xFC, 0x0F, 0xF0, 0x07, 0x00, 0x00, 0x00, 0x1C, 0x00, 0x7C, 0x00, 0xF8, 0x00,
    0xE0, 0x00, 0x70, 0x0E, 0xF8, 0x1F, 0xF8, 0x1F, 0xF8, 0x1F, 0xF8, 0x1F, 0xF8, 0x1F, 0xF8, 0x1F,
    0xF8, 0x1F, 0xF8, 0x1F, 0xF8, 0x1F, 0xF8, 0x1F, 0xF8, 0x1F, 0xF8, 0x1F, 0xF8, 0x1F, 0xF8, 0x1F,
    0x7E, 0x7E, 0x7F, 0xFE, 0x3F, 0xFC, 0x0F, 0xF8, 0x03, 0xC0, 0x00, 0x00, 0x03, 0xC0, 0x03, 0xC0,
    0x03, 0xC0, 0x03, 0xC0, 0xF0, 0x7F, 0xC3, 0xFE, 0x1F, 0xF0, 0xFF, 0x87, 0xFC, 0x3F, 0xE1, 0xFF,
    0x0F, 0xF8, 0x7F, 0xC3, 0xFF, 0x3E, 0xFF, 0xF7, 0xFF, 0x9F, 0xBC, 0x30, 0x00, 0x00, 0x07, 0x80,
    0x7C, 0x01, 0xE0, 0x0E, 0x00, 0x07, 0xC0, 0x07, 0xE0, 0x01, 0xC0, 0x01, 0xC0, 0x00, 0x00, 0x70,
    0x0E, 0xF8, 0x1F, 0xF8, 0x1F, 0xF8, 0x1F, 0xF8, 0x1F, 0xF8, 0x1F, 0xF8, 0x1F, 0xF8, 0x1F, 0xF8,
    0x1F, 0xF8, 0x1F, 0xF8, 0x1F, 0xF8, 0x1F, 0xF8, 0x1F, 0xF8, 0x1F, 0xF8, 0x1F, 0x7E, 0x7E, 0x7F,
    0xFE, 0x3F, 0xFC, 0x0F, 0xF8, 0x03, 0xC0, 0x0F, 0x80, 0x7C, 0x00, 0xE0, 0x0E, 0x00, 0x00, 0x78,
    0x3F, 0xE1, 0xFF, 0x0F, 0xF8, 0x7F, 0xC3, 0xFE, 0x1F, 0xF0, 0xFF, 0x87, 0xFC, 0x3F, 0xE1, 0xFF,
    0x9F, 0x7F, 0xFB, 0xFF, 0xCF, 0xDE, 0x18, 0x00, 0x00, 0xF0, 0x00, 0x78, 0x00, 0x1E, 0x00, 0x07,
    0x0F, 0x00, 0x03, 0xDC, 0x03, 0xFF, 0x81, 0xFF, 0xE0, 0x7E, 0xF8, 0x1F, 0x3E, 0x07, 0xCF, 0x81,
    0xF3, 0xE0, 0x7C, 0xF8, 0x1F, 0x3E, 0x07, 0xCF, 0x81, 0xF3, 0xE0, 0x7C, 0xF8, 0x1F, 0x3E, 0x07,
    0xCF, 0x81, 0xF3, 0xE0, 0x7C, 0x7E, 0x7E, 0x1F, 0xFF, 0x83, 0xFF, 0xC0, 0x3F, 0xE0, 0x03, 0xC0,
    0x00, 0x03, 0xE0, 0x07, 0x80, 0x0E, 0x38, 0x3C, 0x70, 0x00, 0xFE, 0x0F, 0xFE, 0x1F, 0xFC, 0x3E,
    0xF8, 0x79, 0xF0, 0xF3, 0xE1, 0xE7, 0xC3, 0xCF, 0x87, 0x9F, 0x0F, 0x3E, 0x1E, 0x7E, 0x7C, 0x7F,
    0xF8, 0xFF, 0xF0, 0xFD, 0xE0, 0x60, 0x00, 0x0F, 0x00, 0x01, 0xE0, 0x00, 0x78, 0x00, 0x0F, 0x0F,
    0x00, 0x03, 0xDC, 0x03, 0xFF, 0x81, 0xFF, 0xE0, 0x7E, 0xF8, 0x1F, 0x3E, 0x07, 0xCF, 0x81, 0xF3,
    0xE0, 0x7C, 0xF8, 0x1F, 0x3E, 0x07, 0xCF, 0x81, 0xF3, 0xE0, 0x7C, 0xF8, 0x1F, 0x3E, 0x07, 0xCF,
    0x81, 0xF3, 0xE0, 0x7C, 0x7E, 0x7E, 0x1F, 0xFF, 0x83, 0xFF, 0xC0, 0x3F, 0xE0, 0x03, 0xC0, 0x00,
    0x1E, 0x00, 0x3C, 0x00, 0x3C, 0x38, 0x38, 0x70, 0x00, 0xFE, 0x0F, 0xFE, 0x1F, 0xFC, 0x3E, 0xF8,
    0x79, 0xF0, 0xF3, 0xE1, 0xE7, 0xC3, 0xCF, 0x87, 0x9F, 0x0F, 0x3E, 0x1E, 0x7E, 0x7C, 0x7F, 0xF8,
    0xFF, 0xF0, 0xFD, 0xE0, 0x60, 0x00, 0x07, 0xC0, 0x01, 0xF8, 0x00, 0x1C, 0x00, 0x07, 0x0F, 0x00,
    0x03, 0xDC, 0x03, 0xFF, 0x81, 0xFF, 0xE0, 0x7E, 0xF8, 0x1F, 0x3E, 0x07, 0xCF, 0x81, 0xF3, 0xE0,
    0x7C, 0xF8, 0x1F, 0x3E, 0x07, 0xCF, 0x81, 0xF3, 0xE0, 0x7C, 0xF8, 0x1F, 0x3E, 0x07, 0xCF, 0x81,
    0xF3, 0xE0, 0x7C, 0x7E, 0x7E, 0x1F, 0xFF, 0x83, 0xFF, 0xC0, 0x3F, 0xE0, 0x03, 0xC0, 0x00, 0x0F,
    0x80, 0x1F, 0x00, 0x0E, 0x38, 0x38, 0x70, 0x00, 0xFE, 0x0F, 0xFE, 0x1F, 0xFC, 0x3E, 0xF8, 0x79,
    0xF0, 0xF3, 0xE1, 0xE7, 0xC3, 0xCF, 0x87, 0x9F, 0x0F, 0x3E, 0x1E, 0x7E, 0x7C, 0x7F, 0xF8, 0xFF,
    0xF0, 0xFD, 0xE0, 0x60, 0x00, 0x07, 0x38, 0x03, 0xFE, 0x00, 0xFF, 0x00, 0x33, 0x8F, 0x00, 0x03,
    0xDC, 0x03, 0xFF, 0x81, 0xFF, 0xE0, 0x7E, 0xF8, 0x1F, 0x3E, 0x07, 0xCF, 0x81, 0xF3, 0xE0, 0x7C,
    0xF8, 0x1F, 0x3E, 0x07, 0xCF, 0x81, 0xF3, 0xE0, 0x7C, 0xF8, 0x1F, 0x3E, 0x07, 0xCF, 0x81, 0xF3,
    0xE0, 0x7C, 0x7E, 0x7E, 0x1F, 0xFF, 0x83, 0xFF, 0xC0, 0x3F, 0xE0, 0x03, 0xC0, 0x00, 0x1E, 0x60,
    0x7F, 0xC0, 0xFF, 0xB9, 0xCE, 0x70, 0x00, 0xFE, 0x0F, 0xFE, 0x1F, 0xFC, 0x3E, 0xF8, 0x79, 0xF0,
    0xF3, 0xE1, 0xE7, 0xC3, 0xCF, 0x87, 0x9F, 0x0F, 0x3E, 0x1E, 0x7E, 0x7C, 0x7F, 0xF8, 0xFF, 0xF0,
    0xFD, 0xE0, 0x60, 0x00, 0x00, 0x03, 0xC0, 0x00, 0xF7, 0x00, 0xFF, 0xE0, 0x7F, 0xF8, 0x1F, 0xBE,
    0x07, 0xCF, 0x81, 0xF3, 0xE0, 0x7C, 0xF8, 0x1F, 0x3E, 0x07, 0xCF, 0x81, 0xF3, 0xE0, 0x7C, 0xF8,
    0x1F, 0x3E, 0x07, 0xCF, 0x81, 0xF3, 0xE0, 0x7C, 0xF8, 0x1F, 0x1F, 0x9F, 0x87, 0xFF, 0xE0, 0xFF,
    0xF0, 0x0F, 0xF8, 0x00, 0xF0, 0x00, 0x00, 0x00, 0x0F, 0x00, 0x03, 0xC0, 0x00, 0xF0, 0x00, 0x3C,
    0x00, 0x00, 0x0E, 0x00, 0x1C, 0x00, 0x3F, 0x83, 0xFF, 0x87, 0xFF, 0x0F, 0xBE, 0x1E, 0x7C, 0x3C,
    0xF8, 0x79, 0xF0, 0xF3, 0xE1, 0xE7, 0xC3, 0xCF, 0x87, 0x9F, 0x9F, 0x1F, 0xFE, 0x3F, 0xFC, 0x3F,
    0x78, 0x18, 0x00, 0x00, 0x00, 0x3C, 0x00, 0xF8, 0x00, 0xF0, 0x01, 0xC0, 0x00, 0x07, 0x80, 0x00,
    0xF0, 0x00, 0x3C, 0x00, 0x07, 0x80, 0x00, 0x00, 0x1E, 0x01, 0xEF, 0xC0, 0xFD, 0xF0, 0x3E, 0x3E,
    0x1F, 0x0F, 0x87, 0xC1, 0xF3, 0xE0, 0x7C, 0xF8, 0x0F, 0xFC, 0x01, 0xFE, 0x00, 0x7F, 0x80, 0x0F,
    0xC0, 0x03, 0xF0, 0x00, 0x78, 0x00, 0x1E, 0x00, 0x07, 0x80, 0x01, 0xE0, 0x00, 0x78, 0x00, 0x1E,
    0x00, 0x07, 0x80, 0x1F, 0x00, 0x1E, 0x00, 0x1C, 0x00, 0x3C, 0x00, 0x00, 0x1F, 0x07, 0xFE, 0x0F,
    0x3C, 0x1E, 0x7C, 0x7C, 0xF8, 0xF0, 0xF1, 0xE1, 0xF7, 0xC1, 0xEF, 0x03, 0xDE, 0x07, 0xF8, 0x07,
    0xF0, 0x0F, 0xE0, 0x1F, 0x80, 0x1F, 0x00, 0x3E, 0x00, 0x78, 0x07, 0xF0, 0x1F, 0xC0, 0x3F, 0x00,
    0x18, 0x00, 0x78, 0x07, 0xBF, 0x03, 0xF7, 0xC0, 0xF8, 0xF8, 0x7C, 0x3E, 0x1F, 0x07, 0xCF, 0x81,
    0xF3, 0xE0, 0x3F, 0xF0, 0x07, 0xF8, 0x01, 0xFE, 0x00, 0x3F, 0x00, 0x0F, 0xC0, 0x01, 0xE0, 0x00,
    0x78, 0x00, 0x1E, 0x00, 0x07, 0x80, 0x01, 0xE0, 0x00, 0x78, 0x00, 0x1E, 0x00, 0x00, 0x00, 0x00,
    0x00, 0x00, 0x78, 0x00, 0x1E, 0x00, 0x07, 0x80, 0x01, 0xE0, 0x00, 0xF8, 0x3F, 0xF0, 0x79, 0xE0,
    0xF3, 0xE3, 0xE7, 0xC7, 0x87, 0x8F, 0x0F, 0xBE, 0x0F, 0x78, 0x1E, 0xF0, 0x3F, 0xC0, 0x3F, 0x80,
    0x7F, 0x00, 0xFC, 0x00, 0xF8, 0x01, 0xF0, 0x03, 0xC0, 0x3F, 0xB8, 0xFE, 0xF9, 0xF9, 0xF0, 0xC1,
    0xC0, 0x03, 0xE0, 0x00, 0xFC, 0x00, 0x0E, 0x00, 0x03, 0x80, 0x00, 0x00, 0x1E, 0x01, 0xEF, 0xC0,
    0xFD, 0xF0, 0x3E, 0x3E, 0x1F, 0x0F, 0x87, 0xC1, 0xF3, 0xE0, 0x7C, 0xF8, 0x0F, 0xFC, 0x01, 0xFE,
    0x00, 0x7F, 0x80, 0x0F, 0xC0, 0x03, 0xF0, 0x00, 0x78, 0x00, 0x1E, 0x00, 0x07, 0x80, 0x01, 0xE0,
    0x00, 0x78, 0x00, 0x1E, 0x00, 0x07, 0x80, 0x07, 0x80, 0x0F, 0x80, 0x07, 0x00, 0x1C, 0x00, 0x00,
    0x1F, 0x07, 0xFE, 0x0F, 0x3C, 0x1E, 0x7C, 0x7C, 0xF8, 0xF0, 0xF1, 0xE1, 0xF7, 0xC1, 0xEF, 0x03,
    0xDE, 0x07, 0xF8, 0x07, 0xF0, 0x0F, 0xE0, 0x1F, 0x80, 0x1F, 0x00, 0x3E, 0x00, 0x78, 0x07, 0xF0,
    0x1F, 0xC0, 0x3F, 0x00, 0x18, 0x00, 0x03, 0x9C, 0x01, 0xFE, 0x00, 0x7F, 0x80, 0x19, 0xC0, 0x00,
    0x00, 0x1E, 0x01, 0xEF, 0xC0, 0xFD, 0xF0, 0x3E, 0x3E, 0x1F, 0x0F, 0x87, 0xC1, 0xF3, 0xE0, 0x7C,
    0xF8, 0x0F, 0xFC, 0x01, 0xFE, 0x00, 0x7F, 0x80, 0x0F, 0xC0, 0x03, 0xF0, 0x00, 0x78, 0x00, 0x1E,
    0x00, 0x07, 0x80, 0x01, 0xE0, 0x00, 0x78, 0x00, 0x1E, 0x00, 0x07, 0x80, 0x0F, 0x70, 0x3F, 0xE0,
    0x7F, 0x80, 0xC6, 0x00, 0x00, 0x1F, 0x07, 0xFE, 0x0F, 0x3C, 0x1E, 0x7C, 0x7C, 0xF8, 0xF0, 0xF1,
    0xE1, 0xF7, 0xC1, 0xEF, 0x03, 0xDE, 0x07, 0xF8, 0x07, 0xF0, 0x0F, 0xE0, 0x1F, 0x80, 0x1F, 0x00,
    0x3E, 0x00, 0x78, 0x07, 0xF0, 0x1F, 0xC0, 0x3F, 0x00, 0x18, 0x00, 0x02, 0x00, 0x01, 0xE0, 0x00,
    0xF0, 0x00, 0x38, 0x00, 0x3C, 0x00, 0x00, 0x00, 0x1F, 0x1C, 0x3F, 0xDE, 0x3F, 0xFF, 0x3F, 0xFF,
    0x9F, 0x0F, 0xCF, 0x07, 0xC7, 0x81, 0xE3, 0xC0, 0xF1, 0xE0, 0x78, 0xF0, 0x7E, 0x7C, 0x7F, 0x1F,
    0xFF, 0x8F, 0xFF, 0xC3, 0xFC, 0xF0, 0x38, 0x00, 0x00, 0xC0, 0x01, 0xE0, 0x00, 0xF0, 0x00, 0x70,
    0x00, 0x3C, 0x00, 0x00, 0x00, 0x1F, 0x1C, 0x3F, 0xDE, 0x3F, 0xFF, 0x3F, 0xFF, 0x9F, 0x0F, 0xCF,
    0x07, 0xC7, 0x81, 0xE3, 0xC0, 0xF1, 0xE0, 0x78, 0xF0, 0x7E, 0x7C, 0x7F, 0x1F, 0xFF, 0x8F, 0xFF,
    0xC3, 0xFC, 0xF0, 0x38, 0x00, 0x08, 0x00, 0x0F, 0x70, 0x07, 0xF8, 0x00, 0xFC, 0x00, 0xE7, 0x00,
    0x00, 0x00, 0x1F, 0x1C, 0x3F, 0xDE, 0x3F, 0xFF, 0x3F, 0xFF, 0x9F, 0x0F, 0xCF, 0x07, 0xC7, 0x81,
    0xE3, 0xC0, 0xF1, 0xE0, 0x78, 0xF0, 0x7E, 0x7C, 0x7F, 0x1F, 0xFF, 0x8F, 0xFF, 0xC3, 0xFC, 0xF0,
    0x38, 0x00, 0x02, 0x00, 0x0F, 0x70, 0x07, 0xB8, 0x03, 0x9C, 0x01, 0xE6, 0x00, 0x00, 0x00, 0x1F,
    0x1C, 0x3F, 0xDE, 0x3F, 0xFF, 0x3F, 0xFF, 0x9F, 0x0F, 0xCF, 0x07, 0xC7, 0x81, 0xE3, 0xC0, 0xF1,
    0xE0, 0x78, 0xF0, 0x7E, 0x7C, 0x7F, 0x1F, 0xFF, 0x8F, 0xFF, 0xC3, 0xFC, 0xF0, 0x38, 0x00, 0x08,
    0x00, 0x0F, 0x38, 0x07, 0xDC, 0x00, 0xEE, 0x00, 0xE6, 0x00, 0x00, 0x00, 0x1F, 0x1C, 0x3F, 0xDE,
    0x3F, 0xFF, 0x3F, 0xFF, 0x9F, 0x0F, 0xCF, 0x07, 0xC7, 0x81, 0xE3, 0xC0, 0xF1, 0xE0, 0x78, 0xF0,
    0x7E, 0x7C, 0x7F, 0x1F, 0xFF, 0x8F, 0xFF, 0xC3, 0xFC, 0xF0, 0x38, 0x00, 0x02, 0x00, 0x0F, 0x78,
    0x07, 0xBC, 0x03, 0x9C, 0x00, 0xEE, 0x00, 0x00, 0x00, 0x1F, 0x1C, 0x3F, 0xDE, 0x3F, 0xFF, 0x3F,
    0xFF, 0x9F, 0x0F, 0xCF, 0x07, 0xC7, 0x81, 0xE3, 0xC0, 0xF1, 0xE0, 0x78, 0xF0, 0x7E, 0x7C, 0x7F,
    0x1F, 0xFF, 0x8F, 0xFF, 0xC3, 0xFC, 0xF0, 0x38, 0x00, 0x06, 0x30, 0x07, 0xF8, 0x07, 0xFC, 0x03,
    0xBC, 0x00, 0x20, 0x00, 0x3C, 0x00, 0x1F, 0x00, 0x03, 0x80, 0x03, 0x80, 0x00, 0x00, 0x01, 0xF1,
    0xC3, 0xFD, 0xE3, 0xFF, 0xF3, 0xFF, 0xF9, 0xF0, 0xFC, 0xF0, 0x7C, 0x78, 0x1E, 0x3C, 0x0F, 0x1E,
    0x07, 0x8F, 0x07, 0xE7, 0xC7, 0xF1, 0xFF, 0xF8, 0xFF, 0xFC, 0x3F, 0xCF, 0x03, 0x80, 0x00, 0x06,
    0x30, 0x07, 0xF8, 0x07, 0xFC, 0x03, 0x9C, 0x00, 0x08, 0x00, 0x1E, 0x00, 0x0F, 0x00, 0x07, 0x00,
    0x03, 0xC0, 0x00, 0x00, 0x01, 0xF1, 0xC3, 0xFD, 0xE3, 0xFF, 0xF3, 0xFF, 0xF9, 0xF0, 0xFC, 0xF0,
    0x7C, 0x78, 0x1E, 0x3C, 0x0F, 0x1E, 0x07, 0x8F, 0x07, 0xE7, 0xC7, 0xF1, 0xFF, 0xF8, 0xFF, 0xFC,
    0x3F, 0xCF, 0x03, 0x80, 0x00, 0x41, 0xF0, 0x0F, 0x3F, 0x01, 0xEF, 0xE0, 0x1D, 0xFC, 0x07, 0x3F,
    0xC0, 0x0F, 0xF8, 0x01, 0xEF, 0x00, 0x3D, 0xF0, 0x0F, 0x9E, 0x01, 0xF3, 0xE0, 0x3C, 0x7C, 0x0F,
    0x8F, 0x81, 0xFF, 0xF8, 0x7F, 0xFF, 0x0F, 0xFF, 0xE1, 0xF0, 0x3E, 0x7C, 0x07, 0xCF, 0x80, 0xF9,
    0xF0, 0x0F, 0x80, 0x10, 0xF0, 0x0F, 0x3F, 0x01, 0xEF, 0xE0, 0x39, 0xFE, 0x07, 0xBF, 0xC0, 0x0F,
    0xF8, 0x01, 0xFF, 0x80, 0x3D, 0xF0, 0x0F, 0x9E, 0x01, 0xF3, 0xE0, 0x3C, 0x7C, 0x0F, 0x8F, 0x81,
    0xFF, 0xF8, 0x3F, 0xFF, 0x0F, 0xFF, 0xE1, 0xF0, 0x3E, 0x3C, 0x07, 0xCF, 0x80, 0x7D, 0xF0, 0x0F,
    0x80, 0x40, 0x0F, 0x01, 0xEE, 0x3F, 0x01, 0xFC, 0x7E, 0x01, 0xDD, 0xFE, 0x07, 0x3B, 0xFC, 0x00,
    0x07, 0xF8, 0x00, 0x1F, 0xF8, 0x00, 0x3C, 0xF0, 0x00, 0x79, 0xE0, 0x01, 0xF3, 0xE0, 0x03, 0xC7,
    0xC0, 0x0F, 0x87, 0xC0, 0x1F, 0xFF, 0x80, 0x3F, 0xFF, 0x00, 0xFF, 0xFF, 0x01, 0xF0, 0x3E, 0x03,
    0xE0, 0x7C, 0x0F, 0x80, 0x7C, 0x1F, 0x00, 0xF8, 0x10, 0x0F, 0x80, 0x7F, 0x9F, 0x80, 0x7B, 0x9F,
    0xC0, 0x63, 0x9F, 0xC0, 0x7B, 0xBF, 0xE0, 0x00, 0x3F, 0xE0, 0x00, 0x3D, 0xE0, 0x00, 0x7D, 0xF0,
    0x00, 0x7D, 0xF0, 0x00, 0x78, 0xF0, 0x00, 0xF8, 0xF8, 0x00, 0xF8, 0xF8, 0x00, 0xFF, 0xF8, 0x01,
    0xFF, 0xFC, 0x01, 0xFF, 0xFC, 0x01, 0xE0, 0x3C, 0x03, 0xE0, 0x3E, 0x03, 0xE0, 0x3E, 0x03, 0xC0,
    0x1E, 0x40, 0x0F, 0x01, 0xE7, 0x3F, 0x01, 0xEE, 0x7F, 0x01, 0xDD, 0xFE, 0x07, 0x33, 0xFC, 0x00,
    0x07, 0xFC, 0x00, 0x1F, 0xF8, 0x00, 0x3E, 0xF0, 0x00, 0x79, 0xF0, 0x01, 0xF3, 0xE0, 0x03, 0xE3,
    0xC0, 0x07, 0xC7, 0xC0, 0x1F, 0xFF, 0x80, 0x3F, 0xFF, 0x00, 0x7F, 0xFF, 0x01, 0xF0, 0x3E, 0x03,
    0xE0, 0x3C, 0x07, 0x80, 0x7C, 0x1F, 0x00, 0xF8, 0x10, 0x0F, 0x80, 0x7B, 0xDF, 0xC0, 0x7B, 0x9F,
    0xC0, 0x63, 0x9F, 0xC0, 0x7B, 0xBF, 0xE0, 0x00, 0x3F, 0xE0, 0x00, 0x3D, 0xE0, 0x00, 0x7D, 0xF0,
    0x00, 0x7D, 0xF0, 0x00, 0x78, 0xF0, 0x00, 0xF8, 0xF8, 0x00, 0xF8, 0xF8, 0x00, 0xFF, 0xF8, 0x01,
    0xFF, 0xFC, 0x01, 0xFF, 0xFC, 0x01, 0xE0, 0x3C, 0x03, 0xE0, 0x3E, 0x03, 0xE0, 0x3E, 0x03, 0xC0,
    0x1E, 0x31, 0x80, 0x03, 0xFC, 0x00, 0x1F, 0xE0, 0x00, 0xCE, 0x00, 0x01, 0x03, 0xC0, 0x0F, 0x3F,
    0x00, 0x7B, 0xF8, 0x01, 0xDF, 0xE0, 0x1E, 0xFF, 0x00, 0x0F, 0xF8, 0x00, 0x7F, 0xE0, 0x03, 0xDF,
    0x00, 0x3E, 0x78, 0x01, 0xF3, 0xE0, 0x0F, 0x1F, 0x00, 0xF8, 0xF8, 0x07, 0xFF, 0xE0, 0x3F, 0xFF,
    0x03, 0xFF, 0xF8, 0x1F, 0x03, 0xE0, 0xF0, 0x1F, 0x0F, 0x80, 0x7C, 0x7C, 0x03, 0xE0, 0x31, 0x80,
    0x03, 0xFC, 0x00, 0x1F, 0xE0, 0x00, 0xCE, 0x00, 0x00, 0x23, 0xC0, 0x0F, 0x3F, 0x00, 0x79, 0xFC,
    0x03, 0x9F, 0xE0, 0x1E, 0xFF, 0x00, 0x07, 0xFC, 0x00, 0x7F, 0xE0, 0x03, 0xEF, 0x00, 0x1E, 0x7C,
    0x01, 0xF3, 0xE0, 0x0F, 0x8F, 0x00, 0x7C, 0x7C, 0x07, 0xFF, 0xE0, 0x3F, 0xFF, 0x01, 0xFF, 0xFC,
    0x1F, 0x03, 0xE0, 0xF8, 0x0F, 0x07, 0x80, 0x7C, 0x7C, 0x03, 0xE0, 0x02, 0x00, 0x3C, 0x01, 0xF0,
    0x03, 0x80, 0x38, 0x00, 0x00, 0x3F, 0x07, 0xFE, 0x7F, 0xF3, 0xE7, 0xDE, 0x1C, 0xF8, 0x03, 0xF8,
    0x1F, 0xC1, 0xFE, 0x0F, 0x04, 0x78, 0x7B, 0xFF, 0xDF, 0xFC, 0x7F, 0xC0, 0x78, 0x00, 0x00, 0x80,
    0x3C, 0x01, 0xE0, 0x0E, 0x00, 0x38, 0x00, 0x00, 0x3F, 0x07, 0xFE, 0x7F, 0xF3, 0xE7, 0xDE, 0x1C,
    0xF8, 0x03, 0xF8, 0x1F, 0xC1, 0xFE, 0x0F, 0x04, 0x78, 0x7B, 0xFF, 0xDF, 0xFC, 0x7F, 0xC0, 0x78,
    0x00, 0x10, 0x00, 0xFF, 0x07, 0xF8, 0x1D, 0xC1, 0xCE, 0x00, 0x00, 0x3F, 0x07, 0xFE, 0x7F, 0xF3,
    0xE7, 0xDE, 0x1C, 0xF8, 0x03, 0xF8, 0x1F, 0xC1, 0xFE, 0x0F, 0x04, 0x78, 0x7B, 0xFF, 0xDF, 0xFC,
    0x7F, 0xC0, 0x78, 0x00, 0x04, 0x00, 0xFE, 0x0F, 0x78, 0x71, 0xC1, 0xCE, 0x00, 0x00, 0x3F, 0x07,
    0xFE, 0x7F, 0xF3, 0xE7, 0xDE, 0x1C, 0xF8, 0x03, 0xF8, 0x1F, 0xC1, 0xFE, 0x0F, 0x04, 0x78, 0x7B,
    0xFF, 0xDF, 0xFC, 0x7F, 0xC0, 0x78, 0x00, 0x10, 0x00, 0xF7, 0x87, 0xB8, 0x1D, 0xC1, 0xCE, 0x00,
    0x00, 0x3F, 0x07, 0xFE, 0x7F, 0xF3, 0xE7, 0xDE, 0x1C, 0xF8, 0x03, 0xF8, 0x1F, 0xC1, 0xFE, 0x0F,
    0x04, 0x78, 0x7B, 0xFF, 0xDF, 0xFC, 0x7F, 0xC0, 0x78, 0x00, 0x04, 0x00, 0xF7, 0x0F, 0x38, 0x71,
    0xC1, 0xCC, 0x00, 0x00, 0x3F, 0x07, 0xFE, 0x7F, 0xF3, 0xE7, 0xDE, 0x1C, 0xF8, 0x03, 0xF8, 0x1F,
    0xC1, 0xFE, 0x0F, 0x04, 0x78, 0x7B, 0xFF, 0xDF, 0xFC, 0x7F, 0xC0, 0x78, 0x00, 0x43, 0xFF, 0xDE,
    0x7F, 0xFD, 0xEF, 0xFF, 0x9D, 0xFF, 0xF7, 0x3C, 0x00, 0x07, 0x80, 0x00, 0xF0, 0x00, 0x1E, 0x00,
    0x03, 0xFF, 0xC0, 0x7F, 0xF8, 0x0F, 0xFF, 0x01, 0xFF, 0xE0, 0x3C, 0x00, 0x07, 0x80, 0x00, 0xF0,
    0x00, 0x1F, 0xFE, 0x03, 0xFF, 0xE0, 0x7F, 0xFC, 0x0F, 0xFF, 0x80, 0x11, 0xFF, 0xEF, 0x7F, 0xFD,
    0xEF, 0xFF, 0xB1, 0xFF, 0xF7, 0xBE, 0x00, 0x07, 0xC0, 0x00, 0xF8, 0x00, 0x1F, 0x00, 0x03, 0xFF,
    0xC0, 0x7F, 0xFC, 0x0F, 0xFF, 0x81, 0xFF, 0xE0, 0x3E, 0x00, 0x07, 0xC0, 0x00, 0xF8, 0x00, 0x1F,
    0xFE, 0x03, 0xFF, 0xE0, 0x7F, 0xFC, 0x0F, 0xFF, 0x80, 0x40, 0x1F, 0xFE, 0xF7, 0x3F, 0xFE, 0x7F,
    0x3F, 0xFE, 0x3B, 0xBF, 0xFE, 0x73, 0xBE, 0x00, 0x00, 0x3E, 0x00, 0x00, 0x3E, 0x00, 0x00, 0x3E,
    0x00, 0x00, 0x3F, 0xFE, 0x00, 0x3F, 0xFE, 0x00, 0x3F, 0xFE, 0x00, 0x3F, 0xFC, 0x00, 0x3E, 0x00,
    0x00, 0x3E, 0x00, 0x00, 0x3E, 0x00, 0x00, 0x3F, 0xFE, 0x00, 0x3F, 0xFE, 0x00, 0x3F, 0xFE, 0x00,
    0x3F, 0xFE, 0x10, 0x1F, 0xFE, 0x7F, 0x9F, 0xFF, 0x7B, 0x9F, 0xFF, 0x63, 0x9F, 0xFF, 0x7B, 0x9E,
    0x00, 0x00, 0x1E, 0x00, 0x00, 0x1E, 0x00, 0x00, 0x1E, 0x00, 0x00, 0x1F, 0xFE, 0x00, 0x1F, 0xFE,
    0x00, 0x1F, 0xFE, 0x00, 0x1F, 0xFE, 0x00, 0x1E, 0x00, 0x00, 0x1E, 0x00, 0x00, 0x1E, 0x00, 0x00,
    0x1F, 0xFE, 0x00, 0x1F, 0xFF, 0x00, 0x1F, 0xFF, 0x00, 0x1F, 0xFF, 0x40, 0x1F, 0xFE, 0xF3, 0xBF,
    0xFF, 0x7B, 0xBF, 0xFF, 0x3B, 0xBF, 0xFF, 0x73, 0x3E, 0x00, 0x00, 0x3E, 0x00, 0x00, 0x3E, 0x00,
    0x00, 0x3E, 0x00, 0x00, 0x3F, 0xFE, 0x00, 0x3F, 0xFE, 0x00, 0x3F, 0xFE, 0x00, 0x3F, 0xFE, 0x00,
    0x3E, 0x00, 0x00, 0x3E, 0x00, 0x00, 0x3E, 0x00, 0x00, 0x3F, 0xFE, 0x00, 0x3F, 0xFF, 0x00, 0x3F,
    0xFF, 0x00, 0x3F, 0xFF, 0x10, 0x1F, 0xFE, 0x7B, 0xDF, 0xFF, 0x7B, 0x9F, 0xFF, 0x63, 0x9F, 0xFF,
    0x7B, 0x9E, 0x00, 0x00, 0x1E, 0x00, 0x00, 0x1E, 0x00, 0x00, 0x1E, 0x00, 0x00, 0x1F, 0xFE, 0x00,
    0x1F, 0xFE, 0x00, 0x1F, 0xFE, 0x00, 0x1F, 0xFE, 0x00, 0x1E, 0x00, 0x00, 0x1E, 0x00, 0x00, 0x1E,
    0x00, 0x00, 0x1F, 0xFE, 0x00, 0x1F, 0xFF, 0x00, 0x1F, 0xFF, 0x00, 0x1F, 0xFF, 0x02, 0x00, 0x3C,
    0x01, 0xE0, 0x07, 0x00, 0x78, 0x00, 0x03, 0xCF, 0x9E, 0xFE, 0xFF, 0xFF, 0xFF, 0xFE, 0x3F, 0xF0,
    0xFF, 0x87, 0xFC, 0x3F, 0xE1, 0xFF, 0x0F, 0xF8, 0x7F, 0xC3, 0xFE, 0x1F, 0xF0, 0xF0, 0x07, 0x80,
    0x3C, 0x01, 0xE0, 0x0F, 0x00, 0x78, 0x00, 0x00, 0x00, 0x80, 0x3C, 0x01, 0xE0, 0x0E, 0x00, 0x78,
    0x00, 0x03, 0xCF, 0x9E, 0xFE, 0xFF, 0xFF, 0xFF, 0xFE, 0x3F, 0xF0, 0xFF, 0x87, 0xFC, 0x3F, 0xE1,
    0xFF, 0x0F, 0xF8, 0x7F, 0xC3, 0xFE, 0x1F, 0xF0, 0xF0, 0x07, 0x80, 0x3C, 0x01, 0xE0, 0x0F, 0x00,
    0x78, 0x00, 0x00, 0x10, 0x01, 0xEE, 0x07, 0xF0, 0x1F, 0xC1, 0xCE, 0x00, 0x03, 0xCF, 0x9E, 0xFE,
    0xFF, 0xFF, 0xFF, 0xFE, 0x3F, 0xF0, 0xFF, 0x87, 0xFC, 0x3F, 0xE1, 0xFF, 0x0F, 0xF8, 0x7F, 0xC3,
    0xFE, 0x1F, 0xF0, 0xF0, 0x07, 0x80, 0x3C, 0x01, 0xE0, 0x0F, 0x00, 0x78, 0x00, 0x00, 0x04, 0x01,
    0xEE, 0x0F, 0x70, 0x73, 0x81, 0xCC, 0x00, 0x03, 0xCF, 0x9E, 0xFE, 0xFF, 0xFF, 0xFF, 0xFE, 0x3F,
    0xF0, 0xFF, 0x87, 0xFC, 0x3F, 0xE1, 0xFF, 0x0F, 0xF8, 0x7F, 0xC3, 0xFE, 0x1F, 0xF0, 0xF0, 0x07,
    0x80, 0x3C, 0x01, 0xE0, 0x0F, 0x00, 0x78, 0x00, 0x00, 0x10, 0x01, 0xE7, 0x07, 0xB8, 0x1D, 0xC1,
    0xCC, 0x00, 0x03, 0xCF, 0x9E, 0xFE, 0xFF, 0xFF, 0xFF, 0xFE, 0x3F, 0xF0, 0xFF, 0x87, 0xFC, 0x3F,
    0xE1, 0xFF, 0x0F, 0xF8, 0x7F, 0xC3, 0xFE, 0x1F, 0xF0, 0xF0, 0x07, 0x80, 0x3C, 0x01, 0xE0, 0x0F,
    0x00, 0x78, 0x00, 0x00, 0x04, 0x01, 0xE7, 0x0F, 0x78, 0x73, 0x81, 0xDC, 0x00, 0x03, 0xCF, 0x9E,
    0xFE, 0xFF, 0xFF, 0xFF, 0xFE, 0x3F, 0xF0, 0xFF, 0x87, 0xFC, 0x3F, 0xE1, 0xFF, 0x0F, 0xF8, 0x7F,
    0xC3, 0xFE, 0x1F, 0xF0, 0xF0, 0x07, 0x80, 0x3C, 0x01, 0xE0, 0x0F, 0x00, 0x78, 0x00, 0x00, 0x0C,
    0x60, 0xFF, 0x0F, 0xF8, 0x77, 0x80, 0x40, 0x07, 0x80, 0x3E, 0x00, 0x70, 0x07, 0x00, 0x00, 0x3C,
    0xF9, 0xEF, 0xEF, 0xFF, 0xFF, 0xFF, 0xE3, 0xFF, 0x0F, 0xF8, 0x7F, 0xC3, 0xFE, 0x1F, 0xF0, 0xFF,
    0x87, 0xFC, 0x3F, 0xE1, 0xFF, 0x0F, 0x00, 0x78, 0x03, 0xC0, 0x1E, 0x00, 0xF0, 0x07, 0x80, 0x00,
    0x0C, 0x60, 0xFF, 0x07, 0xF8, 0x73, 0x80, 0x08, 0x03, 0xC0, 0x1E, 0x00, 0xE0, 0x07, 0x80, 0x00,
    0x3C, 0xF9, 0xEF, 0xEF, 0xFF, 0xFF, 0xFF, 0xE3, 0xFF, 0x0F, 0xF8, 0x7F, 0xC3, 0xFE, 0x1F, 0xF0,
    0xFF, 0x87, 0xFC, 0x3F, 0xE1, 0xFF, 0x0F, 0x00, 0x78, 0x03, 0xC0, 0x1E, 0x00, 0xF0, 0x07, 0x80,
    0x00, 0x43, 0xC0, 0x3B, 0xCF, 0x01, 0xF7, 0xBC, 0x07, 0xCE, 0xF0, 0x1F, 0x73, 0xC0, 0x7C, 0x0F,
    0x01, 0xF0, 0x3C, 0x07, 0xC0, 0xF0, 0x1F, 0x03, 0xFF, 0xFC, 0x0F, 0xFF, 0xF0, 0x3F, 0xFF, 0xC0,
    0xFF, 0xFF, 0x03, 0xC0, 0x7C, 0x0F, 0x01, 0xF0, 0x3C, 0x07, 0xC0, 0xF0, 0x1F, 0x03, 0xC0, 0x7C,
    0x0F, 0x01, 0xF0, 0x3C, 0x07, 0xC0, 0x11, 0xC0, 0x3D, 0xEF, 0x80, 0xF7, 0xBE, 0x03, 0xD8, 0xF8,
    0x0F, 0x7B, 0xE0, 0x3C, 0x0F, 0x80, 0xF0, 0x3E, 0x03, 0xC0, 0xF8, 0x0F, 0x03, 0xFF, 0xFC, 0x0F,
    0xFF, 0xF0, 0x3F, 0xFF, 0xC0, 0xFF, 0xFF, 0x03, 0xE0, 0x3C, 0x0F, 0x80, 0xF0, 0x3E, 0x03, 0xC0,
    0xF8, 0x0F, 0x03, 0xE0, 0x3C, 0x0F, 0x80, 0xF0, 0x3E, 0x03, 0xC0, 0x40, 0x1C, 0x03, 0xFD, 0xCF,
    0x80, 0xF7, 0xF3, 0xE0, 0x3C, 0xEE, 0xF8, 0x0F, 0x73, 0xBE, 0x03, 0xC0, 0x0F, 0x80, 0xF0, 0x03,
    0xE0, 0x3C, 0x00, 0xF8, 0x0F, 0x00, 0x3F, 0xFF, 0xC0, 0x0F, 0xFF, 0xF0, 0x03, 0xFF, 0xFC, 0x00,
    0xFF, 0xFF, 0x00, 0x3E, 0x03, 0xC0, 0x0F, 0x80, 0xF0, 0x03, 0xE0, 0x3C, 0x00, 0xF8, 0x0F, 0x00,
    0x3E, 0x03, 0xC0, 0x0F, 0x80, 0xF0, 0x03, 0xE0, 0x3C, 0x10, 0x1E, 0x01, 0xCF, 0xF3, 0xC0, 0x7D,
    0xEE, 0x78, 0x0F, 0xB1, 0xCF, 0x01, 0xF7, 0xB9, 0xE0, 0x3E, 0x00, 0x3C, 0x07, 0xC0, 0x07, 0x80,
    0xF8, 0x00, 0xF0, 0x1F, 0x00, 0x1F, 0xFF, 0xE0, 0x03, 0xFF, 0xFC, 0x00, 0x7F, 0xFF, 0x80, 0x0F,
    0xFF, 0xF0, 0x01, 0xE0, 0x3E, 0x00, 0x3C, 0x07, 0xC0, 0x07, 0x80, 0xF8, 0x00, 0xF0, 0x1F, 0x00,
    0x1E, 0x03, 0xE0, 0x03, 0xC0, 0x7C, 0x00, 0x78, 0x0F, 0x80, 0x40, 0x1C, 0x01, 0xDE, 0x77, 0xC0,
    0x7D, 0xEE, 0xF8, 0x0F, 0x9D, 0xDF, 0x01, 0xF7, 0x33, 0xE0, 0x3E, 0x00, 0x7C, 0x07, 0xC0, 0x0F,
    0x80, 0xF8, 0x01, 0xF0, 0x1F, 0x00, 0x3F, 0xFF, 0xE0, 0x07, 0xFF, 0xFC, 0x00, 0xFF, 0xFF, 0x80,
    0x1F, 0xFF, 0xF0, 0x03, 0xE0, 0x3E, 0x00, 0x7C, 0x07, 0xC0, 0x0F, 0x80, 0xF8, 0x01, 0xF0, 0x1F,
    0x00, 0x3E, 0x03, 0xE0, 0x07, 0xC0, 0x7C, 0x00, 0xF8, 0x0F, 0x80, 0x10, 0x1E, 0x01, 0xCF, 0x7B,
    0xC0, 0x7D, 0xEE, 0x78, 0x0F, 0xB1, 0xCF, 0x01, 0xF7, 0xB9, 0xE0, 0x3E, 0x00, 0x3C, 0x07, 0xC0,
    0x07, 0x80, 0xF8, 0x00, 0xF0, 0x1F, 0x00, 0x1F, 0xFF, 0xE0, 0x03, 0xFF, 0xFC, 0x00, 0x7F, 0xFF,
    0x80, 0x0F, 0xFF, 0xF0, 0x01, 0xE0, 0x3E, 0x00, 0x3C, 0x07, 0xC0, 0x07, 0x80, 0xF8, 0x00, 0xF0,
    0x1F, 0x00, 0x1E, 0x03, 0xE0, 0x03, 0xC0, 0x7C, 0x00, 0x78, 0x0F, 0x80, 0x31, 0x80, 0x00, 0x7F,
    0x80, 0x00, 0x7F, 0x80, 0x00, 0x67, 0x00, 0x00, 0x10, 0x70, 0x0F, 0x1E, 0xF8, 0x0F, 0x1E, 0xF8,
    0x0F, 0x0E, 0xF8, 0x0F, 0x1E, 0xF8, 0x0F, 0x00, 0xF8, 0x0F, 0x00, 0xF8, 0x0F, 0x00, 0xF8, 0x0F,
    0x00, 0xFF, 0xFF, 0x00, 0xFF, 0xFF, 0x00, 0xFF, 0xFF, 0x00, 0xFF, 0xFF, 0x00, 0xF8, 0x0F, 0x00,
    0xF8, 0x0F, 0x00, 0xF8, 0x0F, 0x00, 0xF8, 0x0F, 0x00, 0xF8, 0x0F, 0x00, 0xF8, 0x0F, 0x00, 0xF8,
    0x0F, 0x31, 0x80, 0x00, 0x3F, 0xC0, 0x00, 0x1F, 0xE0, 0x00, 0x0C, 0xE0, 0x00, 0x00, 0x27, 0x00,
    0x70, 0xF7, 0xC0, 0x7C, 0x7B, 0xE0, 0x3E, 0x39, 0xF0, 0x1F, 0x1E, 0xF8, 0x0F, 0x80, 0x7C, 0x07,
    0xC0, 0x3E, 0x03, 0xE0, 0x1F, 0x01, 0xF0, 0x0F, 0xFF, 0xF8, 0x07, 0xFF, 0xFC, 0x03, 0xFF, 0xFE,
    0x01, 0xFF, 0xFF, 0x00, 0xF8, 0x0F, 0x80, 0x7C, 0x07, 0xC0, 0x3E, 0x03, 0xE0, 0x1F, 0x01, 0xF0,
    0x0F, 0x80, 0xF8, 0x07, 0xC0, 0x7C, 0x03, 0xE0, 0x3E, 0x41, 0xE1, 0xE1, 0xC7, 0x00, 0x3C, 0x7C,
    0xF9, 0xF3, 0xE7, 0xCF, 0x9F, 0x3E, 0x7C, 0xF9, 0xF9, 0xF3, 0xF0, 0x00, 0x10, 0xF3, 0xE7, 0x07,
    0x00, 0x3C, 0x7C, 0xF9, 0xF3, 0xE7, 0xCF, 0x9F, 0x3E, 0x7C, 0xF9, 0xF9, 0xF3, 0xF0, 0x00, 0x40,
    0x7F, 0xBD, 0xCE, 0xEF, 0x70, 0x00, 0xF0, 0x7C, 0x3E, 0x1F, 0x0F, 0x87, 0xC3, 0xE1, 0xF0, 0xF8,
    0x7C, 0x3E, 0x1F, 0x87, 0xC3, 0xF0, 0x00, 0x10, 0x1F, 0xEF, 0xB9, 0x8E, 0x7B, 0x80, 0x01, 0xE0,
    0x7C, 0x1F, 0x07, 0xC1, 0xF0, 0x7C, 0x1F, 0x07, 0xC1, 0xF0, 0x7C, 0x1F, 0x07, 0xE0, 0xF8, 0x3F,
    0x00, 0x00, 0x40, 0x7B, 0xFD, 0xEE, 0xEF, 0x70, 0x00, 0xF0, 0x7C, 0x3E, 0x1F, 0x0F, 0x87, 0xC3,
    0xE1, 0xF0, 0xF8, 0x7C, 0x3E, 0x1F, 0x87, 0xC3, 0xF0, 0x00, 0x10, 0x1E, 0xF7, 0xB9, 0x8E, 0x7B,
    0x80, 0x01, 0xE0, 0x7C, 0x1F, 0x07, 0xC1, 0xF0, 0x7C, 0x1F, 0x07, 0xC1, 0xF0, 0x7C, 0x1F, 0x07,
    0xE0, 0xF8, 0x3F, 0x00, 0x00, 0x39, 0x9F, 0xF7, 0xF9, 0x9E, 0x18, 0x07, 0x81, 0xE0, 0x38, 0x1E,
    0x00, 0x01, 0xE0, 0x7C, 0x1F, 0x07, 0xC1, 0xF0, 0x7C, 0x1F, 0x07, 0xC1, 0xF0, 0x7C, 0x1F, 0x07,
    0xE0, 0xF8, 0x3F, 0x00, 0x00, 0x31, 0xBF, 0xFF, 0xFD, 0xE0, 0x40, 0xF0, 0xF8, 0x70, 0x1C, 0x00,
    0x0F, 0x07, 0xC3, 0xE1, 0xF0, 0xF8, 0x7C, 0x3E, 0x1F, 0x0F, 0x87, 0xC3, 0xE1, 0xF8, 0x7C, 0x3F,
    0x00, 0x00, 0x43, 0xFC, 0xF7, 0xBC, 0xEF, 0x73, 0xC0, 0xF0, 0x3C, 0x0F, 0x03, 0xC0, 0xF0, 0x3C,
    0x0F, 0x03, 0xC0, 0xF0, 0x3C, 0x0F, 0x03, 0xC0, 0xF0, 0x3C, 0x11, 0xCF, 0x7D, 0xEF, 0xB1, 0xF7,
    0xBE, 0x07, 0xC0, 0xF8, 0x1F, 0x03, 0xE0, 0x7C, 0x0F, 0x81, 0xF0, 0x3E, 0x07, 0xC0, 0xF8, 0x1F,
    0x03, 0xE0, 0x7C, 0x0F, 0x80, 0x40, 0x1D, 0xEE, 0x7D, 0xFC, 0xF9, 0xDD, 0xF7, 0x3B, 0xE0, 0x07,
    0xC0, 0x0F, 0x80, 0x1F, 0x00, 0x3E, 0x00, 0x7C, 0x00, 0xF8, 0x01, 0xF0, 0x03, 0xE0, 0x07, 0xC0,
    0x0F, 0x80, 0x1F, 0x00, 0x3E, 0x00, 0x7C, 0x00, 0xF8, 0x10, 0x1E, 0xFF, 0x3D, 0xEE, 0x7B, 0x1C,
    0xF7, 0xB9, 0xE0, 0x03, 0xC0, 0x07, 0x80, 0x0F, 0x00, 0x1E, 0x00, 0x3C, 0x00, 0x78, 0x00, 0xF0,
    0x01, 0xE0, 0x03, 0xC0, 0x07, 0x80, 0x0F, 0x00, 0x1E, 0x00, 0x3C, 0x00, 0x78, 0x40, 0x1D, 0xE7,
    0x7D, 0xEE, 0xF9, 0xDD, 0xF7, 0x33, 0xE0, 0x07, 0xC0, 0x0F, 0x80, 0x1F, 0x00, 0x3E, 0x00, 0x7C,
    0x00, 0xF8, 0x01, 0xF0, 0x03, 0xE0, 0x07, 0xC0, 0x0F, 0x80, 0x1F, 0x00, 0x3E, 0x00, 0x7C, 0x00,
    0xF8, 0x10, 0x1E, 0xF7, 0xBD, 0xEE, 0x7B, 0x1C, 0xF7, 0xB9, 0xE0, 0x03, 0xC0, 0x07, 0x80, 0x0F,
    0x00, 0x1E, 0x00, 0x3C, 0x00, 0x78, 0x00, 0xF0, 0x01, 0xE0, 0x03, 0xC0, 0x07, 0x80, 0x0F, 0x00,
    0x1E, 0x00, 0x3C, 0x00, 0x78, 0x31, 0x83, 0xFC, 0x1F, 0xE0, 0xCE, 0x01, 0x07, 0x0F, 0x7C, 0x7B,
    0xE1, 0xDF, 0x1E, 0xF8, 0x07, 0xC0, 0x3E, 0x01, 0xF0, 0x0F, 0x80, 0x7C, 0x03, 0xE0, 0x1F, 0x00,
    0xF8, 0x07, 0xC0, 0x3E, 0x01, 0xF0, 0x0F, 0x80, 0x7C, 0x03, 0xE0, 0x31, 0x83, 0xFC, 0x1F, 0xE0,
    0xCE, 0x00, 0x27, 0x0F, 0x7C, 0x7B, 0xE3, 0x9F, 0x1E, 0xF8, 0x07, 0xC0, 0x3E, 0x01, 0xF0, 0x0F,
    0x80, 0x7C, 0x03, 0xE0, 0x1F, 0x00, 0xF8, 0x07, 0xC0, 0x3E, 0x01, 0xF0, 0x0F, 0x80, 0x7C, 0x03,
    0xE0, 0x02, 0x00, 0x07, 0x80, 0x0F, 0x00, 0x0E, 0x00, 0x38, 0x00, 0x00, 0x01, 0xF0, 0x0F, 0xF8,
    0x3F, 0xF8, 0xFF, 0xF9, 0xF1, 0xF3, 0xC1, 0xE7, 0x83, 0xEF, 0x07, 0xDE, 0x0F, 0xBC, 0x1E, 0x7C,
    0x7C, 0x7F, 0xF0, 0xFF, 0xE0, 0x7F, 0x80, 0x38, 0x00, 0x00, 0x80, 0x07, 0x80, 0x0F, 0x00, 0x18,
    0x00, 0x3C, 0x00, 0x00, 0x01, 0xF0, 0x0F, 0xF8, 0x3F, 0xF8, 0xFF, 0xF9, 0xF1, 0xF3, 0xC1, 0xE7,
    0x83, 0xEF, 0x07, 0xDE, 0x0F, 0xBC, 0x1E, 0x7C, 0x7C, 0x7F, 0xF0, 0xFF, 0xE0, 0x7F, 0x80, 0x38,
    0x00, 0x08, 0x00, 0x3D, 0xC0, 0x7F, 0x80, 0x3F, 0x00, 0xE6, 0x00, 0x00, 0x01, 0xF0, 0x0F, 0xF8,
    0x3F, 0xF8, 0xFF, 0xF9, 0xF1, 0xF3, 0xC1, 0xE7, 0x83, 0xEF, 0x07, 0xDE, 0x0F, 0xBC, 0x1E, 0x7C,
    0x7C, 0x7F, 0xF0, 0xFF, 0xE0, 0x7F, 0x80, 0x38, 0x00, 0x02, 0x00, 0x3F, 0xC0, 0x7B, 0x80, 0xE7,
    0x01, 0xEE, 0x00, 0x00, 0x01, 0xF0, 0x0F, 0xF8, 0x3F, 0xF8, 0xFF, 0xF9, 0xF1, 0xF3, 0xC1, 0xE7,
    0x83, 0xEF, 0x07, 0xDE, 0x0F, 0xBC, 0x1E, 0x7C, 0x7C, 0x7F, 0xF0, 0xFF, 0xE0, 0x7F, 0x80, 0x38,
    0x00, 0x08, 0x00, 0x3C, 0xE0, 0x7D, 0xC0, 0x3B, 0x80, 0xEE, 0x00, 0x00, 0x01, 0xF0, 0x0F, 0xF8,
    0x3F, 0xF8, 0xFF, 0xF9, 0xF1, 0xF3, 0xC1, 0xE7, 0x83, 0xEF, 0x07, 0xDE, 0x0F, 0xBC, 0x1E, 0x7C,
    0x7C, 0x7F, 0xF0, 0xFF, 0xE0, 0x7F, 0x80, 0x38, 0x00, 0x02, 0x00, 0x3D, 0xE0, 0x7B, 0xC0, 0xE7,
    0x01, 0xEE, 0x00, 0x00, 0x01, 0xF0, 0x0F, 0xF8, 0x3F, 0xF8, 0xFF, 0xF9, 0xF1, 0xF3, 0xC1, 0xE7,
    0x83, 0xEF, 0x07, 0xDE, 0x0F, 0xBC, 0x1E, 0x7C, 0x7C, 0x7F, 0xF0, 0xFF, 0xE0, 0x7F, 0x80, 0x38,
    0x00, 0x40, 0x1E, 0x03, 0xC3, 0xFF, 0x07, 0x9F, 0xFE, 0x0E, 0xFF, 0xFC, 0x77, 0xE3, 0xF0, 0x1F,
    0x03, 0xE0, 0xF8, 0x07, 0x83, 0xE0, 0x1F, 0x0F, 0x80, 0x7C, 0x3E, 0x01, 0xF0, 0xF8, 0x07, 0xC3,
    0xE0, 0x1F, 0x0F, 0x80, 0x7C, 0x1E, 0x03, 0xE0, 0x7C, 0x0F, 0x81, 0xFC, 0xFC, 0x03, 0xFF, 0xF0,
    0x07, 0xFF, 0x80, 0x0F, 0xF8, 0x00, 0x07, 0x00, 0x10, 0x1F, 0x01, 0xE3, 0xFF, 0x07, 0x9F, 0xFE,
    0x18, 0xFF, 0xFC, 0x7B, 0xF1, 0xF8, 0x1F, 0x03, 0xE0, 0x78, 0x07, 0xC1, 0xE0, 0x1F, 0x0F, 0x80,
    0x7C, 0x3E, 0x01, 0xF0, 0xF8, 0x07, 0xC3, 0xE0, 0x1F, 0x07, 0x80, 0x7C, 0x1F, 0x01, 0xF0, 0x7C,
    0x0F, 0x80, 0xFC, 0xFE, 0x03, 0xFF, 0xF0, 0x07, 0xFF, 0x80, 0x07, 0xFC, 0x00, 0x03, 0x80, 0x40,
    0x01, 0xF0, 0x3D, 0xC1, 0xFF, 0x07, 0xF1, 0xFF, 0xE0, 0xEE, 0xFF, 0xFC, 0x73, 0xBF, 0x1F, 0x80,
    0x1F, 0x03, 0xE0, 0x07, 0xC0, 0x7C, 0x01, 0xE0, 0x1F, 0x00, 0x78, 0x03, 0xC0, 0x1E, 0x00, 0xF0,
    0x07, 0x80, 0x3C, 0x01, 0xE0, 0x0F, 0x00, 0x78, 0x07, 0xC0, 0x1F, 0x01, 0xF0, 0x07, 0xE0, 0xF8,
    0x00, 0xFE, 0xFE, 0x00, 0x1F, 0xFF, 0x00, 0x03, 0xFF, 0x80, 0x00, 0x7F, 0xC0, 0x00, 0x03, 0x80,
    0x10, 0x01, 0xF0, 0x0F, 0xF0, 0xFF, 0xC1, 0xEE, 0x3F, 0xFC, 0x31, 0xCF, 0xFF, 0xC7, 0xBB, 0xF1,
    0xF8, 0x00, 0x7C, 0x0F, 0x80, 0x1F, 0x00, 0xF0, 0x03, 0xE0, 0x1E, 0x00, 0x7C, 0x03, 0xE0, 0x0F,
    0x80, 0x7C, 0x01, 0xF0, 0x0F, 0x80, 0x3E, 0x01, 0xF0, 0x07, 0xC0, 0x3C, 0x00, 0xF8, 0x0F, 0x80,
    0x0F, 0x81, 0xF0, 0x01, 0xFC, 0xFC, 0x00, 0x1F, 0xFF, 0x80, 0x01, 0xFF, 0xE0, 0x00, 0x1F, 0xF0,
    0x00, 0x00, 0x70, 0x00, 0x40, 0x01, 0xF0, 0x1E, 0x70, 0xFF, 0x81, 0xEE, 0x3F, 0xFC, 0x1D, 0xCF,
    0xFF, 0x87, 0x33, 0xF1, 0xF8, 0x00, 0xFC, 0x0F, 0x80, 0x1F, 0x01, 0xF0, 0x03, 0xC0, 0x1E, 0x00,
    0x78, 0x03, 0xC0, 0x0F, 0x00, 0x78, 0x01, 0xE0, 0x0F, 0x00, 0x3C, 0x01, 0xE0, 0x07, 0xC0, 0x3C,
    0x00, 0xF8, 0x0F, 0x80, 0x0F, 0x83, 0xF0, 0x01, 0xFD, 0xFC, 0x00, 0x1F, 0xFF, 0x00, 0x01, 0xFF,
    0xC0, 0x00, 0x1F, 0xF0, 0x00, 0x00, 0x70, 0x00, 0x10, 0x01, 0xF0, 0x0F, 0x78, 0xFF, 0xC1, 0xEE,
    0x3F, 0xFC, 0x31, 0xCF, 0xFF, 0xC7, 0xBB, 0xF1, 0xF8, 0x00, 0x7C, 0x0F, 0x80, 0x1F, 0x00, 0xF0,
    0x03, 0xE0, 0x1F, 0x00, 0x7C, 0x03, 0xE0, 0x0F, 0x80, 0x7C, 0x01, 0xF0, 0x0F, 0x80, 0x3E, 0x01,
    0xF0, 0x07, 0xC0, 0x3C, 0x00, 0xF8, 0x0F, 0x80, 0x0F, 0x81, 0xF0, 0x01, 0xFC, 0xFC, 0x00, 0x1F,
    0xFF, 0x80, 0x01, 0xFF, 0xE0, 0x00, 0x1F, 0xF0, 0x00, 0x00, 0x70, 0x00, 0x04, 0x00, 0x3C, 0x01,
    0xE0, 0x07, 0x00, 0x78, 0x00, 0x03, 0xC1, 0xFF, 0x0F, 0xF8, 0x7F, 0xC3, 0xFE, 0x1F, 0xF0, 0xFF,
    0x87, 0xFC, 0x3F, 0xE1, 0xFF, 0x0F, 0xF8, 0xFB, 0xFF, 0xDF, 0xFC, 0x3F, 0xC0, 0x70, 0x00, 0x01,
    0x80, 0x3C, 0x01, 0xE0, 0x0E, 0x00, 0x78, 0x00, 0x03, 0xC1, 0xFF, 0x0F, 0xF8, 0x7F, 0xC3, 0xFE,
    0x1F, 0xF0, 0xFF, 0x87, 0xFC, 0x3F, 0xE1, 0xFF, 0x0F, 0xF8, 0xFB, 0xFF, 0xDF, 0xFC, 0x3F, 0xC0,
    0x70, 0x00, 0x10, 0x01, 0xEE, 0x0F, 0xF0, 0x1F, 0x81, 0xCE, 0x00, 0x03, 0xC1, 0xFF, 0x0F, 0xF8,
    0x7F, 0xC3, 0xFE, 0x1F, 0xF0, 0xFF, 0x87, 0xFC, 0x3F, 0xE1, 0xFF, 0x0F, 0xF8, 0xFB, 0xFF, 0xDF,
    0xFC, 0x3F, 0xC0, 0x70, 0x00, 0x04, 0x01, 0xEE, 0x0F, 0x70, 0x73, 0x83, 0xCC, 0x00, 0x03, 0xC1,
    0xFF, 0x0F, 0xF8, 0x7F, 0xC3, 0xFE, 0x1F, 0xF0, 0xFF, 0x87, 0xFC, 0x3F, 0xE1, 0xFF, 0x0F, 0xF8,
    0xFB, 0xFF, 0xDF, 0xFC, 0x3F, 0xC0, 0x70, 0x00, 0x10, 0x01, 0xE7, 0x0F, 0xB8, 0x1D, 0xC1, 0xCC,
    0x00, 0x03, 0xC1, 0xFF, 0x0F, 0xF8, 0x7F, 0xC3, 0xFE, 0x1F, 0xF0, 0xFF, 0x87, 0xFC, 0x3F, 0xE1,
    0xFF, 0x0F, 0xF8, 0xFB, 0xFF, 0xDF, 0xFC, 0x3F, 0xC0, 0x70, 0x00, 0x04, 0x01, 0xEF, 0x0F, 0x78,
    0x73, 0x81, 0xDC, 0x00, 0x03, 0xC1, 0xFF, 0x0F, 0xF8, 0x7F, 0xC3, 0xFE, 0x1F, 0xF0, 0xFF, 0x87,
    0xFC, 0x3F, 0xE1, 0xFF, 0x0F, 0xF8, 0xFB, 0xFF, 0xDF, 0xFC, 0x3F, 0xC0, 0x70, 0x00, 0x0C, 0x60,
    0xFF, 0x0F, 0xF8, 0x77, 0x80, 0x40, 0x07, 0x80, 0x3E, 0x00, 0x70, 0x07, 0x00, 0x00, 0x3C, 0x1F,
    0xF0, 0xFF, 0x87, 0xFC, 0x3F, 0xE1, 0xFF, 0x0F, 0xF8, 0x7F, 0xC3, 0xFE, 0x1F, 0xF0, 0xFF, 0x8F,
    0xBF, 0xFD, 0xFF, 0xC3, 0xFC, 0x07, 0x00, 0x0C, 0x60, 0xFF, 0x0F, 0xF8, 0x73, 0x80, 0x10, 0x03,
    0xC0, 0x1E, 0x00, 0xE0, 0x07, 0x80, 0x00, 0x3C, 0x1F, 0xF0, 0xFF, 0x87, 0xFC, 0x3F, 0xE1, 0xFF,
    0x0F, 0xF8, 0x7F, 0xC3, 0xFE, 0x1F, 0xF0, 0xFF, 0x8F, 0xBF, 0xFD, 0xFF, 0xC3, 0xFC, 0x07, 0x00,
    0x11, 0xE0, 0x1E, 0x7B, 0xF0, 0x3E, 0x79, 0xF0, 0x3E, 0x60, 0xF8, 0x7C, 0x78, 0xF8, 0x7C, 0x00,
    0x7C, 0xF8, 0x00, 0x7C, 0xF8, 0x00, 0x3F, 0xF0, 0x00, 0x1F, 0xE0, 0x00, 0x1F, 0xE0, 0x00, 0x0F,
    0xC0, 0x00, 0x0F, 0xC0, 0x00, 0x07, 0x80, 0x00, 0x07, 0x80, 0x00, 0x07, 0x80, 0x00, 0x07, 0x80,
    0x00, 0x07, 0x80, 0x00, 0x07, 0x80, 0x00, 0x07, 0x80, 0x10, 0x1E, 0x00, 0xF3, 0xFC, 0xF8, 0x0F,
    0x9E, 0xE3, 0xE0, 0x7C, 0xC7, 0x1F, 0x07, 0xC7, 0xB8, 0x7C, 0x7C, 0x00, 0x03, 0xE3, 0xE0, 0x00,
    0x0F, 0xBE, 0x00, 0x00, 0x3D, 0xF0, 0x00, 0x01, 0xFF, 0x00, 0x00, 0x07, 0xF0, 0x00, 0x00, 0x3F,
    0x80, 0x00, 0x00, 0xF8, 0x00, 0x00, 0x07, 0xC0, 0x00, 0x00, 0x3E, 0x00, 0x00, 0x01, 0xF0, 0x00,
    0x00, 0x0F, 0x80, 0x00, 0x00, 0x7C, 0x00, 0x00, 0x03, 0xE0, 0x00, 0x00, 0x1F, 0x00, 0x10, 0x1E,
    0x00, 0xF3, 0xDE, 0xF8, 0x0F, 0x9E, 0xE3, 0xE0, 0x7C, 0xC7, 0x1F, 0x07, 0xC7, 0xB8, 0x7C, 0x7C,
    0x00, 0x03, 0xE3, 0xE0, 0x00, 0x0F, 0xBE, 0x00, 0x00, 0x3D, 0xF0, 0x00, 0x01, 0xFF, 0x00, 0x00,
    0x07, 0xF8, 0x00, 0x00, 0x3F, 0x80, 0x00, 0x00, 0xF8, 0x00, 0x00, 0x07, 0xC0, 0x00, 0x00, 0x3E,
    0x00, 0x00, 0x01, 0xF0, 0x00, 0x00, 0x0F, 0x80, 0x00, 0x00, 0x7C, 0x00, 0x00, 0x03, 0xE0, 0x00,
    0x00, 0x1F, 0x00, 0x31, 0x80, 0x00, 0x1F, 0xE0, 0x00, 0x07, 0xF8, 0x00, 0x01, 0x9C, 0x00, 0x00,
    0x02, 0x78, 0x03, 0xC7, 0x9F, 0x01, 0xF1, 0xE7, 0xE0, 0xF8, 0x70, 0xF8, 0x3E, 0x1E, 0x1F, 0x1F,
    0x00, 0x07, 0xC7, 0xC0, 0x00, 0xFB, 0xE0, 0x00, 0x3E, 0xF0, 0x00, 0x07, 0xFC, 0x00, 0x00, 0xFE,
    0x00, 0x00, 0x3F, 0x80, 0x00, 0x07, 0xC0, 0x00, 0x01, 0xF0, 0x00, 0x00, 0x7C, 0x00, 0x00, 0x1F,
    0x00, 0x00, 0x07, 0xC0, 0x00, 0x01, 0xF0, 0x00, 0x00, 0x7C, 0x00, 0x00, 0x1F, 0x00, 0x00, 0x40,
    0x00, 0x07, 0x00, 0x00, 0x78, 0x00, 0x03, 0x80, 0x00, 0x70, 0x00, 0x00, 0x00, 0x1F, 0x07, 0x81,
    0xE0, 0x7C, 0x3E, 0x03, 0xE7, 0xC0, 0x1E, 0x7C, 0x01, 0xF7, 0x8F, 0x1F, 0x78, 0xF0, 0xF7, 0x8F,
    0x0F, 0x78, 0xF0, 0xF7, 0x8F, 0x8F, 0x7C, 0xF9, 0xF7, 0xFF, 0xFE, 0x3F, 0xDF, 0xE1, 0xF9, 0xFC,
    0x06, 0x06, 0x00, 0x00, 0x10, 0x00, 0x07, 0x80, 0x00, 0xF8, 0x00, 0x0E, 0x00, 0x00, 0x70, 0x00,
    0x00, 0x00, 0x1F, 0x07, 0x81, 0xE0, 0x7C, 0x3E, 0x03, 0xE7, 0xC0, 0x1E, 0x7C, 0x01, 0xF7, 0x8F,
    0x1F, 0x78, 0xF0, 0xF7, 0x8F, 0x0F, 0x78, 0xF0, 0xF7, 0x8F, 0x8F, 0x7C, 0xF9, 0xF7, 0xFF, 0xFE,
    0x3F, 0xDF, 0xE1, 0xF9, 0xFC, 0x06, 0x06, 0x00, 0x01, 0x00, 0x00, 0x3F, 0xC0, 0x03, 0xDC, 0x00,
    0x0D, 0xC0, 0x03, 0xDC, 0x00, 0x00, 0x00, 0x1F, 0x07, 0x81, 0xE0, 0x7C, 0x3E, 0x03, 0xE7, 0xC0,
    0x1E, 0x7C, 0x01, 0xF7, 0x8F, 0x1F, 0x78, 0xF0, 0xF7, 0x8F, 0x0F, 0x78, 0xF0, 0xF7, 0x8F, 0x8F,
    0x7C, 0xF9, 0xF7, 0xFF, 0xFE, 0x3F, 0xDF, 0xE1, 0xF9, 0xFC, 0x06, 0x06, 0x00, 0x00, 0x80, 0x00,
    0x3F, 0xC0, 0x03, 0xDC, 0x00, 0x31, 0xC0, 0x03, 0xDC, 0x00, 0x00, 0x00, 0x1F, 0x07, 0x81, 0xE0,
    0x7C, 0x3E, 0x03, 0xE7, 0xC0, 0x1E, 0x7C, 0x01, 0xF7, 0x8F, 0x1F, 0x78, 0xF0, 0xF7, 0x8F, 0x0F,
    0x78, 0xF0, 0xF7, 0x8F, 0x8F, 0x7C, 0xF9, 0xF7, 0xFF, 0xFE, 0x3F, 0xDF, 0xE1, 0xF9, 0xFC, 0x06,
    0x06, 0x00, 0x01, 0x00, 0x00, 0x3D, 0xE0, 0x03, 0xDE, 0x00, 0x0D, 0xC0, 0x03, 0xDC, 0x00, 0x00,
    0x00, 0x1F, 0x07, 0x81, 0xE0, 0x7C, 0x3E, 0x03, 0xE7, 0xC0, 0x1E, 0x7C, 0x01, 0xF7, 0x8F, 0x1F,
    0x78, 0xF0, 0xF7, 0x8F, 0x0F, 0x78, 0xF0, 0xF7, 0x8F, 0x8F, 0x7C, 0xF9, 0xF7, 0xFF, 0xFE, 0x3F,
    0xDF, 0xE1, 0xF9, 0xFC, 0x06, 0x06, 0x00, 0x00, 0x80, 0x00, 0x3D, 0xE0, 0x03, 0xDC, 0x00, 0x31,
    0xC0, 0x03, 0xDC, 0x00, 0x00, 0x00, 0x1F, 0x07, 0x81, 0xE0, 0x7C, 0x3E, 0x03, 0xE7, 0xC0, 0x1E,
    0x7C, 0x01, 0xF7, 0x8F, 0x1F, 0x78, 0xF0, 0xF7, 0x8F, 0x0F, 0x78, 0xF0, 0xF7, 0x8F, 0x8F, 0x7C,
    0xF9, 0xF7, 0xFF, 0xFE, 0x3F, 0xDF, 0xE1, 0xF9, 0xFC, 0x06, 0x06, 0x00, 0x00, 0xCC, 0x00, 0x3F,
    0xE0, 0x03, 0xFC, 0x00, 0x33, 0xC0, 0x00, 0x40, 0x00, 0x0F, 0x00, 0x00, 0xF0, 0x00, 0x07, 0x00,
    0x00, 0xF0, 0x00, 0x00, 0x00, 0x1F, 0x07, 0x81, 0xE0, 0x7C, 0x3E, 0x03, 0xE7, 0xC0, 0x1E, 0x7C,
    0x01, 0xF7, 0x8F, 0x1F, 0x78, 0xF0, 0xF7, 0x8F, 0x0F, 0x78, 0xF0, 0xF7, 0x8F, 0x8F, 0x7C, 0xF9,
    0xF7, 0xFF, 0xFE, 0x3F, 0xDF, 0xE1, 0xF9, 0xFC, 0x06, 0x06, 0x00, 0x00, 0xC6, 0x00, 0x1F, 0xE0,
    0x03, 0xFE, 0x00, 0x3B, 0xC0, 0x00, 0x10, 0x00, 0x07, 0x80, 0x00, 0xF8, 0x00, 0x0E, 0x00, 0x00,
    0x70, 0x00, 0x00, 0x00, 0x1F, 0x07, 0x81, 0xE0, 0x7C, 0x3E, 0x03, 0xE7, 0xC0, 0x1E, 0x7C, 0x01,
    0xF7, 0x8F, 0x1F, 0x78, 0xF0, 0xF7, 0x8F, 0x0F, 0x78, 0xF0, 0xF7, 0x8F, 0x8F, 0x7C, 0xF9, 0xF7,
    0xFF, 0xFE, 0x3F, 0xDF, 0xE1, 0xF9, 0xFC, 0x06, 0x06, 0x00, 0x40, 0x3E, 0x03, 0xC3, 0xFF, 0x07,
    0x9F, 0xFE, 0x0E, 0xFF, 0xFC, 0x77, 0xE3, 0xF8, 0x1F, 0x03, 0xE0, 0xF8, 0x07, 0xC3, 0xE0, 0x1F,
    0x0F, 0x80, 0x7C, 0x3E, 0x01, 0xF0, 0xF8, 0x07, 0xC3, 0xE0, 0x1F, 0x07, 0x80, 0xF8, 0x1F, 0x87,
    0xC0, 0x3F, 0x3E, 0x00, 0x3C, 0xF0, 0x0F, 0xF3, 0xFC, 0x3F, 0xCF, 0xF0, 0xFF, 0x3F, 0xC0, 0x10,
    0x1F, 0x01, 0xE3, 0xFF, 0x07, 0x9F, 0xFE, 0x18, 0xFF, 0xFC, 0x7F, 0xF1, 0xF8, 0x1F, 0x03, 0xF0,
    0xF8, 0x07, 0xC3, 0xE0, 0x1F, 0x0F, 0x80, 0x3C, 0x3E, 0x00, 0xF0, 0xF8, 0x07, 0xC1, 0xE0, 0x1F,
    0x07, 0xC0, 0x78, 0x0F, 0x87, 0xE0, 0x1F, 0x3F, 0x00, 0x3C, 0xF0, 0x0F, 0xF3, 0xFC, 0x3F, 0xCF,
    0xF0, 0xFF, 0x3F, 0xC0, 0x40, 0x01, 0xF0, 0x3D, 0xC3, 0xFF, 0x07, 0xF1, 0xFF, 0xF0, 0xEE, 0xFF,
    0xFE, 0x73, 0xBF, 0x1F, 0x80, 0x1F, 0x01, 0xF0, 0x07, 0xC0, 0x7C, 0x03, 0xE0, 0x0F, 0x00, 0xF8,
    0x03, 0xC0, 0x3E, 0x00, 0xF0, 0x07, 0x80, 0x3C, 0x01, 0xE0, 0x1F, 0x00, 0x7C, 0x07, 0xC0, 0x0F,
    0x83, 0xE0, 0x01, 0xF3, 0xF0, 0x00, 0x1C, 0xF0, 0x00, 0xFF, 0x3F, 0xC0, 0x3F, 0xCF, 0xF0, 0x0F,
    0xF3, 0xFC, 0x10, 0x01, 0xF0, 0x0F, 0xF0, 0xFF, 0xC1, 0xEE, 0x3F, 0xFC, 0x31, 0xCF, 0xFF, 0xC7,
    0xBB, 0xF1, 0xFC, 0x00, 0xFC, 0x0F, 0x80, 0x1F, 0x00, 0xF8, 0x03, 0xE0, 0x1F, 0x00, 0x78, 0x03,
    0xE0, 0x0F, 0x00, 0x7C, 0x01, 0xF0, 0x0F, 0x80, 0x3E, 0x01, 0xE0, 0x03, 0xC0, 0x7C, 0x00, 0x7E,
    0x1F, 0x00, 0x07, 0xE7, 0xC0, 0x00, 0x3C, 0xF0, 0x00, 0x7F, 0x9F, 0xE0, 0x0F, 0xF3, 0xFC, 0x01,
    0xFE, 0x7F, 0x80, 0x40, 0x01, 0xF0, 0x1E, 0x70, 0xFF, 0x81, 0xEE, 0x7F, 0xFC, 0x1D, 0xDF, 0xFF,
    0xC7, 0x33, 0xF1, 0xF8, 0x00, 0xF8, 0x0F, 0x80, 0x1F, 0x01, 0xF0, 0x03, 0xC0, 0x1E, 0x00, 0x78,
    0x03, 0xE0, 0x0F, 0x00, 0x7C, 0x01, 0xE0, 0x0F, 0x00, 0x3E, 0x01, 0xE0, 0x07, 0xC0, 0x7C, 0x00,
    0x7C, 0x1F, 0x00, 0x07, 0xC7, 0xC0, 0x00, 0x3C, 0xE0, 0x00, 0x7F, 0x9F, 0xC0, 0x0F, 0xF3, 0xF8,
    0x01, 0xFE, 0x7F, 0x00, 0x10, 0x01, 0xF0, 0x0F, 0x78, 0xFF, 0xC1, 0xEE, 0x3F, 0xFC, 0x31, 0xCF,
    0xFF, 0xC7, 0xBB, 0xF1, 0xFC, 0x00, 0x7C, 0x0F, 0x80, 0x1F, 0x00, 0xF8, 0x03, 0xE0, 0x1F, 0x00,
    0x78, 0x03, 0xE0, 0x0F, 0x00, 0x7C, 0x01, 0xF0, 0x0F, 0x80, 0x3E, 0x01, 0xE0, 0x03, 0xC0, 0x7C,
    0x00, 0x7E, 0x1F, 0x00, 0x07, 0xE7, 0xC0, 0x00, 0x3C, 0xF0, 0x00, 0x7F, 0x9F, 0xE0, 0x0F, 0xF3,
    0xFC, 0x01, 0xFE, 0x7F, 0x80, 0x31, 0x80, 0x00, 0x7F, 0x80, 0x00, 0x7F, 0x80, 0x00, 0x67, 0x00,
    0x00, 0x10, 0x07, 0xC0, 0x1E, 0x3F, 0xF0, 0x1E, 0x7F, 0xFC, 0x0E, 0xFF, 0xFC, 0x1F, 0xFC, 0x7E,
    0x01, 0xF0, 0x3F, 0x01, 0xE0, 0x1F, 0x03, 0xE0, 0x0F, 0x03, 0xE0, 0x0F, 0x03, 0xE0, 0x0F, 0x03,
    0xE0, 0x0F, 0x01, 0xE0, 0x1F, 0x01, 0xF0, 0x1E, 0x00, 0xF8, 0x7E, 0x00, 0x7C, 0xFC, 0x00, 0x1C,
    0xF0, 0x03, 0xFC, 0xFF, 0x03, 0xFC, 0xFF, 0x03, 0xFC, 0xFF, 0x31, 0x80, 0x00, 0x3F, 0xC0, 0x00,
    0x1F, 0xE0, 0x00, 0x0C, 0xE0, 0x00, 0x00, 0x20, 0x7C, 0x00, 0xF0, 0xFF, 0xC0, 0x79, 0xFF, 0xF0,
    0x39, 0xFF, 0xFC, 0x1E, 0xFC, 0x7E, 0x00, 0xF8, 0x0F, 0x80, 0x7C, 0x07, 0xC0, 0x3C, 0x01, 0xE0,
    0x1E, 0x00, 0xF8, 0x0F, 0x00, 0x7C, 0x07, 0x80, 0x3C, 0x03, 0xE0, 0x1E, 0x01, 0xF0, 0x1F, 0x00,
    0x7C, 0x1F, 0x00, 0x1F, 0x9F, 0x00, 0x03, 0xCE, 0x00, 0x1F, 0xE7, 0xF8, 0x0F, 0xF3, 0xFC, 0x07,
    0xF9, 0xFE, 0x07, 0x80, 0x03, 0xC0, 0x00, 0xE0, 0x00, 0x70, 0x00, 0x00, 0x00, 0x3E, 0x38, 0x7F,
    0xBC, 0x7F, 0xFE, 0x7F, 0xFF, 0x3E, 0x1F, 0x9E, 0x0F, 0x8F, 0x03, 0xC7, 0x81, 0xE3, 0xC0, 0xF1,
    0xE0, 0xFC, 0xF8, 0xFE, 0x3F, 0xFF, 0x1F, 0xFF, 0x87, 0xF9, 0xE0, 0x70, 0x00, 0x01, 0xC0, 0x01,
    0xE0, 0x00, 0xF0, 0x00, 0x70, 0x00, 0x00, 0x00, 0x3E, 0x38, 0x7F, 0xBC, 0x7F, 0xFE, 0x7F, 0xFF,
    0x3E, 0x1F, 0x9E, 0x0F, 0x8F, 0x03, 0xC7, 0x81, 0xE3, 0xC0, 0xF1, 0xE0, 0xFC, 0xF8, 0xFE, 0x3F,
    0xFF, 0x1F, 0xFF, 0x87, 0xF9, 0xE0, 0x70, 0x00, 0x0F, 0x00, 0x38, 0x01, 0xC0, 0x0E, 0x00, 0x00,
    0x07, 0xE0, 0xFF, 0xCF, 0xFE, 0x7C, 0xFB, 0xC3, 0x9F, 0x00, 0x7F, 0x03, 0xF8, 0x3F, 0xC1, 0xE0,
    0x8F, 0x0F, 0x7F, 0xFB, 0xFF, 0x8F, 0xF8, 0x0F, 0x00, 0x03, 0xC0, 0x1C, 0x00, 0xE0, 0x07, 0x00,
    0x00, 0x07, 0xE0, 0xFF, 0xCF, 0xFE, 0x7C, 0xFB, 0xC3, 0x9F, 0x00, 0x7F, 0x03, 0xF8, 0x3F, 0xC1,
    0xE0, 0x8F, 0x0F, 0x7F, 0xFB, 0xFF, 0x8F, 0xF8, 0x0F, 0x00, 0x0F, 0x00, 0x78, 0x01, 0xC0, 0x0E,
    0x00, 0x00, 0x79, 0xF3, 0xDF, 0xDF, 0xFF, 0xFF, 0xFF, 0xC7, 0xFE, 0x1F, 0xF0, 0xFF, 0x87, 0xFC,
    0x3F, 0xE1, 0xFF, 0x0F, 0xF8, 0x7F, 0xC3, 0xFE, 0x1E, 0x00, 0xF0, 0x07, 0x80, 0x3C, 0x01, 0xE0,
    0x0F, 0x00, 0x00, 0x03, 0xC0, 0x1C, 0x01, 0xE0, 0x0E, 0x00, 0x00, 0x79, 0xF3, 0xDF, 0xDF, 0xFF,
    0xFF, 0xFF, 0xC7, 0xFE, 0x1F, 0xF0, 0xFF, 0x87, 0xFC, 0x3F, 0xE1, 0xFF, 0x0F, 0xF8, 0x7F, 0xC3,
    0xFE, 0x1E, 0x00, 0xF0, 0x07, 0x80, 0x3C, 0x01, 0xE0, 0x0F, 0x00, 0x00, 0x70, 0x78, 0x78, 0x38,
    0x00, 0x78, 0x7C, 0x7C, 0x7C, 0x7C, 0x7C, 0x7C, 0x7C, 0x7C, 0x7C, 0x7C, 0x7E, 0x3E, 0x3F, 0x00,
    0x78, 0xF1, 0xC3, 0x80, 0x1E, 0x3E, 0x7C, 0xF9, 0xF3, 0xE7, 0xCF, 0x9F, 0x3E, 0x7C, 0xFC, 0xF9,
    0xF8, 0x00, 0x07, 0x80, 0x0F, 0x00, 0x0E, 0x00, 0x1C, 0x00, 0x00, 0x00, 0xF8, 0x07, 0xFC, 0x1F,
    0xFC, 0x7F, 0xFC, 0xF8, 0xF9, 0xE0, 0xF3, 0xC1, 0xF7, 0x83, 0xEF, 0x07, 0xDE, 0x0F, 0x3E, 0x3E,
    0x3F, 0xF8, 0x7F, 0xF0, 0x3F, 0xC0, 0x1C, 0x00, 0x03, 0xC0, 0x07, 0x80, 0x0F, 0x00, 0x1C, 0x00,
    0x00, 0x00, 0xF8, 0x07, 0xFC, 0x1F, 0xFC, 0x7F, 0xFC, 0xF8, 0xF9, 0xE0, 0xF3, 0xC1, 0xF7, 0x83,
    0xEF, 0x07, 0xDE, 0x0F, 0x3E, 0x3E, 0x3F, 0xF8, 0x7F, 0xF0, 0x3F, 0xC0, 0x1C, 0x00, 0x0F, 0x00,
    0x78, 0x01, 0xC0, 0x0E, 0x00, 0x00, 0x78, 0x3F, 0xE1, 0xFF, 0x0F, 0xF8, 0x7F, 0xC3, 0xFE, 0x1F,
    0xF0, 0xFF, 0x87, 0xFC, 0x3F, 0xE1, 0xFF, 0x1F, 0x7F, 0xFB, 0xFF, 0x87, 0xF8, 0x0E, 0x00, 0x03,
    0x80, 0x3C, 0x01, 0xE0, 0x0E, 0x00, 0x00, 0x78, 0x3F, 0xE1, 0xFF, 0x0F, 0xF8, 0x7F, 0xC3, 0xFE,
    0x1F, 0xF0, 0xFF, 0x87, 0xFC, 0x3F, 0xE1, 0xFF, 0x1F, 0x7F, 0xFB, 0xFF, 0x87, 0xF8, 0x0E, 0x00,
    0x00, 0xE0, 0x00, 0x0F, 0x00, 0x00, 0xF0, 0x00, 0x07, 0x00, 0x00, 0x00, 0x01, 0xF0, 0x78, 0x1E,
    0x07, 0xC3, 0xE0, 0x3E, 0x7C, 0x01, 0xE7, 0xC0, 0x1F, 0x78, 0xF1, 0xF7, 0x8F, 0x0F, 0x78, 0xF0,
    0xF7, 0x8F, 0x0F, 0x78, 0xF8, 0xF7, 0xCF, 0x9F, 0x7F, 0xFF, 0xE3, 0xFD, 0xFE, 0x1F, 0x9F, 0xC0,
    0x60, 0x60, 0x00, 0x78, 0x00, 0x07, 0x80, 0x00, 0x70, 0x00, 0x07, 0x00, 0x00, 0x00, 0x01, 0xF0,
    0x78, 0x1E, 0x07, 0xC3, 0xE0, 0x3E, 0x7C, 0x01, 0xE7, 0xC0, 0x1F, 0x78, 0xF1, 0xF7, 0x8F, 0x0F,
    0x78, 0xF0, 0xF7, 0x8F, 0x0F, 0x78, 0xF8, 0xF7, 0xCF, 0x9F, 0x7F, 0xFF, 0xE3, 0xFD, 0xFE, 0x1F,
    0x9F, 0xC0, 0x60, 0x60, 0x02, 0x00, 0x01, 0xE0, 0x00, 0xF0, 0x00, 0x38, 0x00, 0x3C, 0x00, 0x00,
    0x00, 0x1F, 0x1C, 0x3F, 0xDE, 0x3F, 0xFF, 0x3F, 0xFF, 0x9F, 0x0F, 0xCF, 0x07, 0xC7, 0x81, 0xE3,
    0xC0, 0xF1, 0xE0, 0x78, 0xF0, 0x7E, 0x7C, 0x7F, 0x1F, 0xFF, 0x8F, 0xFF, 0xC3, 0xFC, 0xF0, 0x38,
    0x00, 0x3C, 0x00, 0x1E, 0x00, 0x0F, 0x00, 0x03, 0xC0, 0x01, 0xE0, 0x00, 0x00, 0xC0, 0x01, 0xE0,
    0x00, 0xF0, 0x00, 0x70, 0x00, 0x3C, 0x00, 0x00, 0x00, 0x1F, 0x1C, 0x3F, 0xDE, 0x3F, 0xFF, 0x3F,
    0xFF, 0x9F, 0x0F, 0xCF, 0x07, 0xC7, 0x81, 0xE3, 0xC0, 0xF1, 0xE0, 0x78, 0xF0, 0x7E, 0x7C, 0x7F,
    0x1F, 0xFF, 0x8F, 0xFF, 0xC3, 0xFC, 0xF0, 0x38, 0x00, 0x3C, 0x00, 0x1E, 0x00, 0x0F, 0x00, 0x03,
    0xC0, 0x01, 0xE0, 0x00, 0x08, 0x00, 0x0F, 0x70, 0x07, 0xF8, 0x00, 0xFC, 0x00, 0xE7, 0x00, 0x00,
    0x00, 0x1F, 0x1C, 0x3F, 0xDE, 0x3F, 0xFF, 0x3F, 0xFF, 0x9F, 0x0F, 0xCF, 0x07, 0xC7, 0x81, 0xE3,
    0xC0, 0xF1, 0xE0, 0x78, 0xF0, 0x7E, 0x7C, 0x7F, 0x1F, 0xFF, 0x8F, 0xFF, 0xC3, 0xFC, 0xF0, 0x38,
    0x00, 0x3C, 0x00, 0x1E, 0x00, 0x0F, 0x00, 0x03, 0xC0, 0x01, 0xE0, 0x00, 0x02, 0x00, 0x0F, 0x70,
    0x07, 0xB8, 0x03, 0x9C, 0x01, 0xE6, 0x00, 0x00, 0x00, 0x1F, 0x1C, 0x3F, 0xDE, 0x3F, 0xFF, 0x3F,
    0xFF, 0x9F, 0x0F, 0xCF, 0x07, 0xC7, 0x81, 0xE3, 0xC0, 0xF1, 0xE0, 0x78, 0xF0, 0x7E, 0x7C, 0x7F,
    0x1F, 0xFF, 0x8F, 0xFF, 0xC3, 0xFC, 0xF0, 0x38, 0x00, 0x3C, 0x00, 0x1E, 0x00, 0x0F, 0x00, 0x03,
    0xC0, 0x01, 0xE0, 0x00, 0x08, 0x00, 0x0F, 0x38, 0x07, 0xDC, 0x00, 0xEE, 0x00, 0xE6, 0x00, 0x00,
    0x00, 0x1F, 0x1C, 0x3F, 0xDE, 0x3F, 0xFF, 0x3F, 0xFF, 0x9F, 0x0F, 0xCF, 0x07, 0xC7, 0x81, 0xE3,
    0xC0, 0xF1, 0xE0, 0x78, 0xF0, 0x7E, 0x7C, 0x7F, 0x1F, 0xFF, 0x8F, 0xFF, 0xC3, 0xFC, 0xF0, 0x38,
    0x00, 0x3C, 0x00, 0x1E, 0x00, 0x0F, 0x00, 0x03, 0xC0, 0x01, 0xE0, 0x00, 0x02, 0x00, 0x0F, 0x78,
    0x07, 0xBC, 0x03, 0x9C, 0x00, 0xEE, 0x00, 0x00, 0x00, 0x1F, 0x1C, 0x3F, 0xDE, 0x3F, 0xFF, 0x3F,
    0xFF, 0x9F, 0x0F, 0xCF, 0x07, 0xC7, 0x81, 0xE3, 0xC0, 0xF1, 0xE0, 0x78, 0xF0, 0x7E, 0x7C, 0x7F,
    0x1F, 0xFF, 0x8F, 0xFF, 0xC3, 0xFC, 0xF0, 0x38, 0x00, 0x3C, 0x00, 0x1E, 0x00, 0x0F, 0x00, 0x03,
    0xC0, 0x01, 0xE0, 0x00, 0x06, 0x30, 0x07, 0xF8, 0x07, 0xFC, 0x03, 0xBC, 0x00, 0x20, 0x00, 0x3C,
    0x00, 0x1F, 0x00, 0x03, 0x80, 0x03, 0x80, 0x00, 0x00, 0x01, 0xF1, 0xC3, 0xFD, 0xE3, 0xFF, 0xF3,
    0xFF, 0xF9, 0xF0, 0xFC, 0xF0, 0x7C, 0x78, 0x1E, 0x3C, 0x0F, 0x1E, 0x07, 0x8F, 0x07, 0xE7, 0xC7,
    0xF1, 0xFF, 0xF8, 0xFF, 0xFC, 0x3F, 0xCF, 0x03, 0x80, 0x03, 0xC0, 0x01, 0xE0, 0x00, 0xF0, 0x00,
    0x3C, 0x00, 0x1E, 0x00, 0x06, 0x30, 0x07, 0xF8, 0x07, 0xFC, 0x03, 0x9C, 0x00, 0x08, 0x00, 0x1E,
    0x00, 0x0F, 0x00, 0x07, 0x00, 0x03, 0xC0, 0x00, 0x00, 0x01, 0xF1, 0xC3, 0xFD, 0xE3, 0xFF, 0xF3,
    0xFF, 0xF9, 0xF0, 0xFC, 0xF0, 0x7C, 0x78, 0x1E, 0x3C, 0x0F, 0x1E, 0x07, 0x8F, 0x07, 0xE7, 0xC7,
    0xF1, 0xFF, 0xF8, 0xFF, 0xFC, 0x3F, 0xCF, 0x03, 0x80, 0x03, 0xC0, 0x01, 0xE0, 0x00, 0xF0, 0x00,
    0x3C, 0x00, 0x1E, 0x00, 0x41, 0xF0, 0x0F, 0x3F, 0x01, 0xEF, 0xE0, 0x1D, 0xFC, 0x07, 0x3F, 0xC0,
    0x0F, 0xF8, 0x01, 0xEF, 0x00, 0x3D, 0xF0, 0x0F, 0x9E, 0x01, 0xF3, 0xE0, 0x3C, 0x7C, 0x0F, 0x8F,
    0x81, 0xFF, 0xF8, 0x7F, 0xFF, 0x0F, 0xFF, 0xE1, 0xF0, 0x3E, 0x7C, 0x07, 0xCF, 0x80, 0xF9, 0xF0,
    0x0F, 0x80, 0x00, 0x00, 0x0E, 0x00, 0x01, 0xC0, 0x00, 0x38, 0x00, 0x07, 0xC0, 0x00, 0x78, 0x00,
    0x10, 0xF0, 0x0F, 0x3F, 0x01, 0xEF, 0xE0, 0x39, 0xFE, 0x07, 0xBF, 0xC0, 0x0F, 0xF8, 0x01, 0xFF,
    0x80, 0x3D, 0xF0, 0x0F, 0x9E, 0x01, 0xF3, 0xE0, 0x3C, 0x7C, 0x0F, 0x8F, 0x81, 0xFF, 0xF8, 0x3F,
    0xFF, 0x0F, 0xFF, 0xE1, 0xF0, 0x3E, 0x3C, 0x07, 0xCF, 0x80, 0x7D, 0xF0, 0x0F, 0x80, 0x00, 0x00,
    0x0F, 0x00, 0x01, 0xE0, 0x00, 0x3C, 0x00, 0x07, 0xC0, 0x00, 0x78, 0x00, 0x40, 0x0F, 0x01, 0xEE,
    0x3F, 0x01, 0xFC, 0x7E, 0x01, 0xDD, 0xFE, 0x07, 0x3B, 0xFC, 0x00, 0x07, 0xF8, 0x00, 0x1F, 0xF8,
    0x00, 0x3C, 0xF0, 0x00, 0x79, 0xE0, 0x01, 0xF3, 0xE0, 0x03, 0xC7, 0xC0, 0x0F, 0x87, 0xC0, 0x1F,
    0xFF, 0x80, 0x3F, 0xFF, 0x00, 0xFF, 0xFF, 0x01, 0xF0, 0x3E, 0x03, 0xE0, 0x7C, 0x0F, 0x80, 0x7C,
    0x1F, 0x00, 0xF8, 0x00, 0x00, 0x00, 0x00, 0xF0, 0x00, 0x01, 0xE0, 0x00, 0x03, 0xC0, 0x00, 0x07,
    0xC0, 0x00, 0x07, 0x80, 0x10, 0x0F, 0x80, 0x7F, 0x9F, 0x80, 0x7B, 0x9F, 0xC0, 0x63, 0x9F, 0xC0,
    0x7B, 0xBF, 0xE0, 0x00, 0x3F, 0xE0, 0x00, 0x3D, 0xE0, 0x00, 0x7D, 0xF0, 0x00, 0x7D, 0xF0, 0x00,
    0x78, 0xF0, 0x00, 0xF8, 0xF8, 0x00, 0xF8, 0xF8, 0x00, 0xFF, 0xF8, 0x01, 0xFF, 0xFC, 0x01, 0xFF,
    0xFC, 0x01, 0xE0, 0x3C, 0x03, 0xE0, 0x3E, 0x03, 0xE0, 0x3E, 0x03, 0xC0, 0x1E, 0x00, 0x00, 0x00,
    0x00, 0x07, 0x00, 0x00, 0x07, 0x00, 0x00, 0x07, 0x00, 0x00, 0x07, 0x80, 0x00, 0x07, 0x80, 0x40,
    0x0F, 0x01, 0xE7, 0x3F, 0x01, 0xEE, 0x7F, 0x01, 0xDD, 0xFE, 0x07, 0x33, 0xFC, 0x00, 0x07, 0xFC,
    0x00, 0x1F, 0xF8, 0x00, 0x3E, 0xF0, 0x00, 0x79, 0xF0, 0x01, 0xF3, 0xE0, 0x03, 0xE3, 0xC0, 0x07,
    0xC7, 0xC0, 0x1F, 0xFF, 0x80, 0x3F, 0xFF, 0x00, 0x7F, 0xFF, 0x01, 0xF0, 0x3E, 0x03, 0xE0, 0x3C,
    0x07, 0x80, 0x7C, 0x1F, 0x00, 0xF8, 0x00, 0x00, 0x00, 0x00, 0xF0, 0x00, 0x01, 0xE0, 0x00, 0x03,
    0xC0, 0x00, 0x03, 0xC0, 0x00, 0x07, 0x80, 0x10, 0x0F, 0x80, 0x7B, 0xDF, 0xC0, 0x7B, 0x9F, 0xC0,
    0x63, 0x9F, 0xC0, 0x7B, 0xBF, 0xE0, 0x00, 0x3F, 0xE0, 0x00, 0x3D, 0xE0, 0x00, 0x7D, 0xF0, 0x00,
    0x7D, 0xF0, 0x00, 0x78, 0xF0, 0x00, 0xF8, 0xF8, 0x00, 0xF8, 0xF8, 0x00, 0xFF, 0xF8, 0x01, 0xFF,
    0xFC, 0x01, 0xFF, 0xFC, 0x01, 0xE0, 0x3C, 0x03, 0xE0, 0x3E, 0x03, 0xE0, 0x3E, 0x03, 0xC0, 0x1E,
    0x00, 0x00, 0x00, 0x00, 0x07, 0x00, 0x00, 0x07, 0x00, 0x00, 0x07, 0x00, 0x00, 0x07, 0x80, 0x00,
    0x07, 0x80, 0x31, 0x80, 0x03, 0xFC, 0x00, 0x1F, 0xE0, 0x00, 0xCE, 0x00, 0x01, 0x03, 0xC0, 0x0F,
    0x3F, 0x00, 0x7B, 0xF8, 0x01, 0xDF, 0xE0, 0x1E, 0xFF, 0x00, 0x0F, 0xF8, 0x00, 0x7F, 0xE0, 0x03,
    0xDF, 0x00, 0x3E, 0x78, 0x01, 0xF3, 0xE0, 0x0F, 0x1F, 0x00, 0xF8, 0xF8, 0x07, 0xFF, 0xE0, 0x3F,
    0xFF, 0x03, 0xFF, 0xF8, 0x1F, 0x03, 0xE0, 0xF0, 0x1F, 0x0F, 0x80, 0x7C, 0x7C, 0x03, 0xE0, 0x00,
    0x00, 0x00, 0x3C, 0x00, 0x01, 0xE0, 0x00, 0x0F, 0x00, 0x00, 0x7C, 0x00, 0x01, 0xE0, 0x00, 0x31,
    0x80, 0x03, 0xFC, 0x00, 0x1F, 0xE0, 0x00, 0xCE, 0x00, 0x00, 0x23, 0xC0, 0x0F, 0x3F, 0x00, 0x79,
    0xFC, 0x03, 0x9F, 0xE0, 0x1E, 0xFF, 0x00, 0x07, 0xFC, 0x00, 0x7F, 0xE0, 0x03, 0xEF, 0x00, 0x1E,
    0x7C, 0x01, 0xF3, 0xE0, 0x0F, 0x8F, 0x00, 0x7C, 0x7C, 0x07, 0xFF, 0xE0, 0x3F, 0xFF, 0x01, 0xFF,
    0xFC, 0x1F, 0x03, 0xE0, 0xF8, 0x0F, 0x07, 0x80, 0x7C, 0x7C, 0x03, 0xE0, 0x00, 0x00, 0x00, 0x1C,
    0x00, 0x01, 0xE0, 0x00, 0x0F, 0x00, 0x00, 0x3C, 0x00, 0x01, 0xE0, 0x00, 0x02, 0x00, 0x3C, 0x01,
    0xE0, 0x07, 0x00, 0x78, 0x00, 0x03, 0xCF, 0x9E, 0xFE, 0xFF, 0xFF, 0xFF, 0xFE, 0x3F, 0xF0, 0xFF,
    0x87, 0xFC, 0x3F, 0xE1, 0xFF, 0x0F, 0xF8, 0x7F, 0xC3, 0xFE, 0x1F, 0xF0, 0xF0, 0x07, 0xB8, 0x3D,
    0xC1, 0xEE, 0x0F, 0x78, 0x7B, 0xC0, 0x00, 0x00, 0x80, 0x3C, 0x01, 0xE0, 0x0E, 0x00, 0x78, 0x00,
    0x03, 0xCF, 0x9E, 0xFE, 0xFF, 0xFF, 0xFF, 0xFE, 0x3F, 0xF0, 0xFF, 0x87, 0xFC, 0x3F, 0xE1, 0xFF,
    0x0F, 0xF8, 0x7F, 0xC3, 0xFE, 0x1F, 0xF0, 0xF0, 0x07, 0xB8, 0x3D, 0xC1, 0xEE, 0x0F, 0x78, 0x7B,
    0xC0, 0x00, 0x10, 0x01, 0xEE, 0x07, 0xF0, 0x1F, 0xC1, 0xCE, 0x00, 0x03, 0xCF, 0x9E, 0xFE, 0xFF,
    0xFF, 0xFF, 0xFE, 0x3F, 0xF0, 0xFF, 0x87, 0xFC, 0x3F, 0xE1, 0xFF, 0x0F, 0xF8, 0x7F, 0xC3, 0xFE,
    0x1F, 0xF0, 0xF0, 0x07, 0xB8, 0x3D, 0xC1, 0xEE, 0x0F, 0x78, 0x7B, 0xC0, 0x00, 0x04, 0x01, 0xEE,
    0x0F, 0x70, 0x73, 0x81, 0xCC, 0x00, 0x03, 0xCF, 0x9E, 0xFE, 0xFF, 0xFF, 0xFF, 0xFE, 0x3F, 0xF0,
    0xFF, 0x87, 0xFC, 0x3F, 0xE1, 0xFF, 0x0F, 0xF8, 0x7F, 0xC3, 0xFE, 0x1F, 0xF0, 0xF0, 0x07, 0xB8,
    0x3D, 0xC1, 0xEE, 0x0F, 0x78, 0x7B, 0xC0, 0x00, 0x10, 0x01, 0xE7, 0x07, 0xB8, 0x1D, 0xC1, 0xCC,
    0x00, 0x03, 0xCF, 0x9E, 0xFE, 0xFF, 0xFF, 0xFF, 0xFE, 0x3F, 0xF0, 0xFF, 0x87, 0xFC, 0x3F, 0xE1,
    0xFF, 0x0F, 0xF8, 0x7F, 0xC3, 0xFE, 0x1F, 0xF0, 0xF0, 0x07, 0xB8, 0x3D, 0xC1, 0xEE, 0x0F, 0x78,
    0x7B, 0xC0, 0x00, 0x04, 0x01, 0xE7, 0x0F, 0x78, 0x73, 0x81, 0xDC, 0x00, 0x03, 0xCF, 0x9E, 0xFE,
    0xFF, 0xFF, 0xFF, 0xFE, 0x3F, 0xF0, 0xFF, 0x87, 0xFC, 0x3F, 0xE1, 0xFF, 0x0F, 0xF8, 0x7F, 0xC3,
    0xFE, 0x1F, 0xF0, 0xF0, 0x07, 0xB8, 0x3D, 0xC1, 0xEE, 0x0F, 0x78, 0x7B, 0xC0, 0x00, 0x0C, 0x60,
    0xFF, 0x0F, 0xF8, 0x77, 0x80, 0x40, 0x07, 0x80, 0x3E, 0x00, 0x70, 0x07, 0x00, 0x00, 0x3C, 0xF9,
    0xEF, 0xEF, 0xFF, 0xFF, 0xFF, 0xE3, 0xFF, 0x0F, 0xF8, 0x7F, 0xC3, 0xFE, 0x1F, 0xF0, 0xFF, 0x87,
    0xFC, 0x3F, 0xE1, 0xFF, 0x0F, 0x00, 0x7B, 0x83, 0xDC, 0x1E, 0xE0, 0xF7, 0x87, 0xBC, 0x00, 0x0C,
    0x60, 0xFF, 0x07, 0xF8, 0x73, 0x80, 0x08, 0x03, 0xC0, 0x1E, 0x00, 0xE0, 0x07, 0x80, 0x00, 0x3C,
    0xF9, 0xEF, 0xEF, 0xFF, 0xFF, 0xFF, 0xE3, 0xFF, 0x0F, 0xF8, 0x7F, 0xC3, 0xFE, 0x1F, 0xF0, 0xFF,
    0x87, 0xFC, 0x3F, 0xE1, 0xFF, 0x0F, 0x00, 0x7B, 0x83, 0xDC, 0x1E, 0xE0, 0xF7, 0x87, 0xBC, 0x00,
    0x43, 0xC0, 0x3B, 0xCF, 0x01, 0xF7, 0xBC, 0x07, 0xCE, 0xF0, 0x1F, 0x73, 0xC0, 0x7C, 0x0F, 0x01,
    0xF0, 0x3C, 0x07, 0xC0, 0xF0, 0x1F, 0x03, 0xFF, 0xFC, 0x0F, 0xFF, 0xF0, 0x3F, 0xFF, 0xC0, 0xFF,
    0xFF, 0x03, 0xC0, 0x7C, 0x0F, 0x01, 0xF0, 0x3C, 0x07, 0xC0, 0xF0, 0x1F, 0x03, 0xC0, 0x7C, 0x0F,
    0x01, 0xF0, 0x3C, 0x07, 0xC0, 0x00, 0x00, 0x00, 0x0E, 0x00, 0x00, 0x3C, 0x00, 0x00, 0xF0, 0x00,
    0x03, 0xE0, 0x00, 0x07, 0x80, 0x11, 0xC0, 0x3D, 0xEF, 0x80, 0xF7, 0xBE, 0x03, 0xD8, 0xF8, 0x0F,
    0x7B, 0xE0, 0x3C, 0x0F, 0x80, 0xF0, 0x3E, 0x03, 0xC0, 0xF8, 0x0F, 0x03, 0xFF, 0xFC, 0x0F, 0xFF,
    0xF0, 0x3F, 0xFF, 0xC0, 0xFF, 0xFF, 0x03, 0xE0, 0x3C, 0x0F, 0x80, 0xF0, 0x3E, 0x03, 0xC0, 0xF8,
    0x0F, 0x03, 0xE0, 0x3C, 0x0F, 0x80, 0xF0, 0x3E, 0x03, 0xC0, 0x00, 0x00, 0x00, 0x0F, 0x00, 0x00,
    0x3C, 0x00, 0x00, 0xF0, 0x00, 0x03, 0xE0, 0x00, 0x07, 0x80, 0x40, 0x1C, 0x03, 0xFD, 0xCF, 0x80,
    0xF7, 0xF3, 0xE0, 0x3C, 0xEE, 0xF8, 0x0F, 0x73, 0xBE, 0x03, 0xC0, 0x0F, 0x80, 0xF0, 0x03, 0xE0,
    0x3C, 0x00, 0xF8, 0x0F, 0x00, 0x3F, 0xFF, 0xC0, 0x0F, 0xFF, 0xF0, 0x03, 0xFF, 0xFC, 0x00, 0xFF,
    0xFF, 0x00, 0x3E, 0x03, 0xC0, 0x0F, 0x80, 0xF0, 0x03, 0xE0, 0x3C, 0x00, 0xF8, 0x0F, 0x00, 0x3E,
    0x03, 0xC0, 0x0F, 0x80, 0xF0, 0x03, 0xE0, 0x3C, 0x00, 0x00, 0x00, 0x00, 0x00, 0x70, 0x00, 0x00,
    0x1C, 0x00, 0x00, 0x07, 0x00, 0x00, 0x01, 0xE0, 0x00, 0x00, 0x78, 0x00, 0x10, 0x1E, 0x01, 0xCF,
    0xF3, 0xC0, 0x7D, 0xEE, 0x78, 0x0F, 0xB1, 0xCF, 0x01, 0xF7, 0xB9, 0xE0, 0x3E, 0x00, 0x3C, 0x07,
    0xC0, 0x07, 0x80, 0xF8, 0x00, 0xF0, 0x1F, 0x00, 0x1F, 0xFF, 0xE0, 0x03, 0xFF, 0xFC, 0x00, 0x7F,
    0xFF, 0x80, 0x0F, 0xFF, 0xF0, 0x01, 0xE0, 0x3E, 0x00, 0x3C, 0x07, 0xC0, 0x07, 0x80, 0xF8, 0x00,
    0xF0, 0x1F, 0x00, 0x1E, 0x03, 0xE0, 0x03, 0xC0, 0x7C, 0x00, 0x78, 0x0F, 0x80, 0x00, 0x00, 0x00,
    0x00, 0x07, 0x00, 0x00, 0x00, 0xE0, 0x00, 0x00, 0x1E, 0x00, 0x00, 0x03, 0xE0, 0x00, 0x00, 0x3C,
    0x00, 0x40, 0x1C, 0x01, 0xDE, 0x77, 0xC0, 0x7D, 0xEE, 0xF8, 0x0F, 0x9D, 0xDF, 0x01, 0xF7, 0x33,
    0xE0, 0x3E, 0x00, 0x7C, 0x07, 0xC0, 0x0F, 0x80, 0xF8, 0x01, 0xF0, 0x1F, 0x00, 0x3F, 0xFF, 0xE0,
    0x07, 0xFF, 0xFC, 0x00, 0xFF, 0xFF, 0x80, 0x1F, 0xFF, 0xF0, 0x03, 0xE0, 0x3E, 0x00, 0x7C, 0x07,
    0xC0, 0x0F, 0x80, 0xF8, 0x01, 0xF0, 0x1F, 0x00, 0x3E, 0x03, 0xE0, 0x07, 0xC0, 0x7C, 0x00, 0xF8,
    0x0F, 0x80, 0x00, 0x00, 0x00, 0x00, 0x07, 0x00, 0x00, 0x00, 0xE0, 0x00, 0x00, 0x1C, 0x00, 0x00,
    0x03, 0xC0, 0x00, 0x00, 0x78, 0x00, 0x10, 0x1E, 0x01, 0xCF, 0x7B, 0xC0, 0x7D, 0xEE, 0x78, 0x0F,
    0xB1, 0xCF, 0x01, 0xF7, 0xB9, 0xE0, 0x3E, 0x00, 0x3C, 0x07, 0xC0, 0x07, 0x80, 0xF8, 0x00, 0xF0,
    0x1F, 0x00, 0x1F, 0xFF, 0xE0, 0x03, 0xFF, 0xFC, 0x00, 0x7F, 0xFF, 0x80, 0x0F, 0xFF, 0xF0, 0x01,
    0xE0, 0x3E, 0x00, 0x3C, 0x07, 0xC0, 0x07, 0x80, 0xF8, 0x00, 0xF0, 0x1F, 0x00, 0x1E, 0x03, 0xE0,
    0x03, 0xC0, 0x7C, 0x00, 0x78, 0x0F, 0x80, 0x00, 0x00, 0x00, 0x00, 0x07, 0x00, 0x00, 0x00, 0xF0,
    0x00, 0x00, 0x1E, 0x00, 0x00, 0x03, 0xE0, 0x00, 0x00, 0x3C, 0x00, 0x31, 0x80, 0x00, 0x7F, 0x80,
    0x00, 0x7F, 0x80, 0x00, 0x67, 0x00, 0x00, 0x10, 0x70, 0x0F, 0x1E, 0xF8, 0x0F, 0x1E, 0xF8, 0x0F,
    0x0E, 0xF8, 0x0F, 0x1E, 0xF8, 0x0F, 0x00, 0xF8, 0x0F, 0x00, 0xF8, 0x0F, 0x00, 0xF8, 0x0F, 0x00,
    0xFF, 0xFF, 0x00, 0xFF, 0xFF, 0x00, 0xFF, 0xFF, 0x00, 0xFF, 0xFF, 0x00, 0xF8, 0x0F, 0x00, 0xF8,
    0x0F, 0x00, 0xF8, 0x0F, 0x00, 0xF8, 0x0F, 0x00, 0xF8, 0x0F, 0x00, 0xF8, 0x0F, 0x00, 0xF8, 0x0F,
    0x00, 0x00, 0x00, 0x00, 0x01, 0xC0, 0x00, 0x03, 0xC0, 0x00, 0x03, 0xC0, 0x00, 0x01, 0xE0, 0x00,
    0x01, 0xE0, 0x31, 0x80, 0x00, 0x3F, 0xC0, 0x00, 0x1F, 0xE0, 0x00, 0x0C, 0xE0, 0x00, 0x00, 0x27,
    0x00, 0x70, 0xF7, 0xC0, 0x7C, 0x7B, 0xE0, 0x3E, 0x39, 0xF0, 0x1F, 0x1E, 0xF8, 0x0F, 0x80, 0x7C,
    0x07, 0xC0, 0x3E, 0x03, 0xE0, 0x1F, 0x01, 0xF0, 0x0F, 0xFF, 0xF8, 0x07, 0xFF, 0xFC, 0x03, 0xFF,
    0xFE, 0x01, 0xFF, 0xFF, 0x00, 0xF8, 0x0F, 0x80, 0x7C, 0x07, 0xC0, 0x3E, 0x03, 0xE0, 0x1F, 0x01,
    0xF0, 0x0F, 0x80, 0xF8, 0x07, 0xC0, 0x7C, 0x03, 0xE0, 0x3E, 0x00, 0x00, 0x00, 0x00, 0x01, 0xC0,
    0x00, 0x00, 0xE0, 0x00, 0x00, 0x70, 0x00, 0x00, 0x3C, 0x00, 0x00, 0x1E, 0x00, 0x00, 0x40, 0x00,
    0x07, 0x00, 0x00, 0x78, 0x00, 0x03, 0x80, 0x00, 0x70, 0x00, 0x00, 0x00, 0x1F, 0x07, 0x81, 0xE0,
    0x7C, 0x3E, 0x03, 0xE7, 0xC0, 0x1E, 0x7C, 0x01, 0xF7, 0x8F, 0x1F, 0x78, 0xF0, 0xF7, 0x8F, 0x0F,
    0x78, 0xF0, 0xF7, 0x8F, 0x8F, 0x7C, 0xF9, 0xF7, 0xFF, 0xFE, 0x3F, 0xDF, 0xE1, 0xF9, 0xFC, 0x06,
    0x06, 0x00, 0x07, 0x00, 0x00, 0x70, 0x00, 0x07, 0x00, 0x00, 0x78, 0x00, 0x07, 0x80, 0x00, 0x10,
    0x00, 0x07, 0x80, 0x00, 0xF8, 0x00, 0x0E, 0x00, 0x00, 0x70, 0x00, 0x00, 0x00, 0x1F, 0x07, 0x81,
    0xE0, 0x7C, 0x3E, 0x03, 0xE7, 0xC0, 0x1E, 0x7C, 0x01, 0xF7, 0x8F, 0x1F, 0x78, 0xF0, 0xF7, 0x8F,
    0x0F, 0x78, 0xF0, 0xF7, 0x8F, 0x8F, 0x7C, 0xF9, 0xF7, 0xFF, 0xFE, 0x3F, 0xDF, 0xE1, 0xF9, 0xFC,
    0x06, 0x06, 0x00, 0x07, 0x00, 0x00, 0x70, 0x00, 0x07, 0x00, 0x00, 0x78, 0x00, 0x07, 0x80, 0x01,
    0x00, 0x00, 0x3F, 0xC0, 0x03, 0xDC, 0x00, 0x0D, 0xC0, 0x03, 0xDC, 0x00, 0x00, 0x00, 0x1F, 0x07,
    0x81, 0xE0, 0x7C, 0x3E, 0x03, 0xE7, 0xC0, 0x1E, 0x7C, 0x01, 0xF7, 0x8F, 0x1F, 0x78, 0xF0, 0xF7,
    0x8F, 0x0F, 0x78, 0xF0, 0xF7, 0x8F, 0x8F, 0x7C, 0xF9, 0xF7, 0xFF, 0xFE, 0x3F, 0xDF, 0xE1, 0xF9,
    0xFC, 0x06, 0x06, 0x00, 0x07, 0x00, 0x00, 0x70, 0x00, 0x07, 0x00, 0x00, 0x78, 0x00, 0x07, 0x80,
    0x00, 0x80, 0x00, 0x3F, 0xC0, 0x03, 0xDC, 0x00, 0x31, 0xC0, 0x03, 0xDC, 0x00, 0x00, 0x00, 0x1F,
    0x07, 0x81, 0xE0, 0x7C, 0x3E, 0x03, 0xE7, 0xC0, 0x1E, 0x7C, 0x01, 0xF7, 0x8F, 0x1F, 0x78, 0xF0,
    0xF7, 0x8F, 0x0F, 0x78, 0xF0, 0xF7, 0x8F, 0x8F, 0x7C, 0xF9, 0xF7, 0xFF, 0xFE, 0x3F, 0xDF, 0xE1,
    0xF9, 0xFC, 0x06, 0x06, 0x00, 0x07, 0x00, 0x00, 0x70, 0x00, 0x07, 0x00, 0x00, 0x78, 0x00, 0x07,
    0x80, 0x01, 0x00, 0x00, 0x3D, 0xE0, 0x03, 0xDE, 0x00, 0x0D, 0xC0, 0x03, 0xDC, 0x00, 0x00, 0x00,
    0x1F, 0x07, 0x81, 0xE0, 0x7C, 0x3E, 0x03, 0xE7, 0xC0, 0x1E, 0x7C, 0x01, 0xF7, 0x8F, 0x1F, 0x78,
    0xF0, 0xF7, 0x8F, 0x0F, 0x78, 0xF0, 0xF7, 0x8F, 0x8F, 0x7C, 0xF9, 0xF7, 0xFF, 0xFE, 0x3F, 0xDF,
    0xE1, 0xF9, 0xFC, 0x06, 0x06, 0x00, 0x07, 0x00, 0x00, 0x70, 0x00, 0x07, 0x00, 0x00, 0x78, 0x00,
    0x07, 0x80, 0x00, 0x80, 0x00, 0x3D, 0xE0, 0x03, 0xDC, 0x00, 0x31, 0xC0, 0x03, 0xDC, 0x00, 0x00,
    0x00, 0x1F, 0x07, 0x81, 0xE0, 0x7C, 0x3E, 0x03, 0xE7, 0xC0, 0x1E, 0x7C, 0x01, 0xF7, 0x8F, 0x1F,
    0x78, 0xF0, 0xF7, 0x8F, 0x0F, 0x78, 0xF0, 0xF7, 0x8F, 0x8F, 0x7C, 0xF9, 0xF7, 0xFF, 0xFE, 0x3F,
    0xDF, 0xE1, 0xF9, 0xFC, 0x06, 0x06, 0x00, 0x07, 0x00, 0x00, 0x70, 0x00, 0x07, 0x00, 0x00, 0x78,
    0x00, 0x07, 0x80, 0x00, 0xCC, 0x00, 0x3F, 0xE0, 0x03, 0xFC, 0x00, 0x33, 0xC0, 0x00, 0x40, 0x00,
    0x0F, 0x00, 0x00, 0xF0, 0x00, 0x07, 0x00, 0x00, 0xF0, 0x00, 0x00, 0x00, 0x1F, 0x07, 0x81, 0xE0,
    0x7C, 0x3E, 0x03, 0xE7, 0xC0, 0x1E, 0x7C, 0x01, 0xF7, 0x8F, 0x1F, 0x78, 0xF0, 0xF7, 0x8F, 0x0F,
    0x78, 0xF0, 0xF7, 0x8F, 0x8F, 0x7C, 0xF9, 0xF7, 0xFF, 0xFE, 0x3F, 0xDF, 0xE1, 0xF9, 0xFC, 0x06,
    0x06, 0x00, 0x07, 0x00, 0x00, 0x70, 0x00, 0x07, 0x00, 0x00, 0x78, 0x00, 0x07, 0x80, 0x00, 0xC6,
    0x00, 0x1F, 0xE0, 0x03, 0xFE, 0x00, 0x3B, 0xC0, 0x00, 0x10, 0x00, 0x07, 0x80, 0x00, 0xF8, 0x00,
    0x0E, 0x00, 0x00, 0x70, 0x00, 0x00, 0x00, 0x1F, 0x07, 0x81, 0xE0, 0x7C, 0x3E, 0x03, 0xE7, 0xC0,
    0x1E, 0x7C, 0x01, 0xF7, 0x8F, 0x1F, 0x78, 0xF0, 0xF7, 0x8F, 0x0F, 0x78, 0xF0, 0xF7, 0x8F, 0x8F,
    0x7C, 0xF9, 0xF7, 0xFF, 0xFE, 0x3F, 0xDF, 0xE1, 0xF9, 0xFC, 0x06, 0x06, 0x00, 0x07, 0x00, 0x00,
    0x70, 0x00, 0x07, 0x00, 0x00, 0x78, 0x00, 0x07, 0x80, 0x40, 0x3E, 0x03, 0xC3, 0xFF, 0x07, 0x9F,
    0xFE, 0x0E, 0xFF, 0xFC, 0x77, 0xE3, 0xF8, 0x1F, 0x03, 0xE0, 0xF8, 0x07, 0xC3, 0xE0, 0x1F, 0x0F,
    0x80, 0x7C, 0x3E, 0x01, 0xF0, 0xF8, 0x07, 0xC3, 0xE0, 0x1F, 0x07, 0x80, 0xF8, 0x1F, 0x87, 0xC0,
    0x3F, 0x3E, 0x00, 0x3C, 0xF0, 0x0F, 0xF3, 0xFC, 0x3F, 0xCF, 0xF0, 0xFF, 0x3F, 0xC0, 0x00, 0x00,
    0x00, 0x1E, 0x00, 0x00, 0x78, 0x00, 0x01, 0xE0, 0x00, 0x07, 0xC0, 0x00, 0x0F, 0x00, 0x10, 0x1F,
    0x01, 0xE3, 0xFF, 0x07, 0x9F, 0xFE, 0x18, 0xFF, 0xFC, 0x7F, 0xF1, 0xF8, 0x1F, 0x03, 0xF0, 0xF8,
    0x07, 0xC3, 0xE0, 0x1F, 0x0F, 0x80, 0x3C, 0x3E, 0x00, 0xF0, 0xF8, 0x07, 0xC1, 0xE0, 0x1F, 0x07,
    0xC0, 0x78, 0x0F, 0x87, 0xE0, 0x1F, 0x3F, 0x00, 0x3C, 0xF0, 0x0F, 0xF3, 0xFC, 0x3F, 0xCF, 0xF0,
    0xFF, 0x3F, 0xC0, 0x00, 0x00, 0x00, 0x0E, 0x00, 0x00, 0x78, 0x00, 0x01, 0xE0, 0x00, 0x03, 0xC0,
    0x00, 0x0F, 0x00, 0x40, 0x01, 0xF0, 0x3D, 0xC3, 0xFF, 0x07, 0xF1, 0xFF, 0xF0, 0xEE, 0xFF, 0xFE,
    0x73, 0xBF, 0x1F, 0x80, 0x1F, 0x01, 0xF0, 0x07, 0xC0, 0x7C, 0x03, 0xE0, 0x0F, 0x00, 0xF8, 0x03,
    0xC0, 0x3E, 0x00, 0xF0, 0x07, 0x80, 0x3C, 0x01, 0xE0, 0x1F, 0x00, 0x7C, 0x07, 0xC0, 0x0F, 0x83,
    0xE0, 0x01, 0xF3, 0xF0, 0x00, 0x1C, 0xF0, 0x00, 0xFF, 0x3F, 0xC0, 0x3F, 0xCF, 0xF0, 0x0F, 0xF3,
    0xFC, 0x00, 0x00, 0x00, 0x00, 0x00, 0xE0, 0x00, 0x00, 0x38, 0x00, 0x00, 0x0E, 0x00, 0x00, 0x03,
    0xC0, 0x00, 0x00, 0xF0, 0x00, 0x10, 0x01, 0xF0, 0x0F, 0xF0, 0xFF, 0xC1, 0xEE, 0x3F, 0xFC, 0x31,
    0xCF, 0xFF, 0xC7, 0xBB, 0xF1, 0xFC, 0x00, 0xFC, 0x0F, 0x80, 0x1F, 0x00, 0xF8, 0x03, 0xE0, 0x1F,
    0x00, 0x78, 0x03, 0xE0, 0x0F, 0x00, 0x7C, 0x01, 0xF0, 0x0F, 0x80, 0x3E, 0x01, 0xE0, 0x03, 0xC0,
    0x7C, 0x00, 0x7E, 0x1F, 0x00, 0x07, 0xE7, 0xC0, 0x00, 0x3C, 0xF0, 0x00, 0x7F, 0x9F, 0xE0, 0x0F,
    0xF3, 0xFC, 0x01, 0xFE, 0x7F, 0x80, 0x00, 0x00, 0x00, 0x00, 0x0E, 0x00, 0x00, 0x01, 0xE0, 0x00,
    0x00, 0x3C, 0x00, 0x00, 0x07, 0xC0, 0x00, 0x00, 0x78, 0x00, 0x40, 0x01, 0xF0, 0x1E, 0x70, 0xFF,
    0x81, 0xEE, 0x7F, 0xFC, 0x1D, 0xDF, 0xFF, 0xC7, 0x33, 0xF1, 0xF8, 0x00, 0xF8, 0x0F, 0x80, 0x1F,
    0x01, 0xF0, 0x03, 0xC0, 0x1E, 0x00, 0x78, 0x03, 0xE0, 0x0F, 0x00, 0x7C, 0x01, 0xE0, 0x0F, 0x00,
    0x3E, 0x01, 0xE0, 0x07, 0xC0, 0x7C, 0x00, 0x7C, 0x1F, 0x00, 0x07, 0xC7, 0xC0, 0x00, 0x3C, 0xE0,
    0x00, 0x7F, 0x9F, 0xC0, 0x0F, 0xF3, 0xF8, 0x01, 0xFE, 0x7F, 0x00, 0x00, 0x00, 0x00, 0x00, 0x0E,
    0x00, 0x00, 0x01, 0xC0, 0x00, 0x00, 0x38, 0x00, 0x00, 0x07, 0x80, 0x00, 0x00, 0xF0, 0x00, 0x10,
    0x01, 0xF0, 0x0F, 0x78, 0xFF, 0xC1, 0xEE, 0x3F, 0xFC, 0x31, 0xCF, 0xFF, 0xC7, 0xBB, 0xF1, 0xFC,
    0x00, 0x7C, 0x0F, 0x80, 0x1F, 0x00, 0xF8, 0x03, 0xE0, 0x1F, 0x00, 0x78, 0x03, 0xE0, 0x0F, 0x00,
    0x7C, 0x01, 0xF0, 0x0F, 0x80, 0x3E, 0x01, 0xE0, 0x03, 0xC0, 0x7C, 0x00, 0x7E, 0x1F, 0x00, 0x07,
    0xE7, 0xC0, 0x00, 0x3C, 0xF0, 0x00, 0x7F, 0x9F, 0xE0, 0x0F, 0xF3, 0xFC, 0x01, 0xFE, 0x7F, 0x80,
    0x00, 0x00, 0x00, 0x00, 0x0F, 0x00, 0x00, 0x01, 0xE0, 0x00, 0x00, 0x3C, 0x00, 0x00, 0x07, 0xC0,
    0x00, 0x00, 0x78, 0x00, 0x31, 0x80, 0x00, 0x7F, 0x80, 0x00, 0x7F, 0x80, 0x00, 0x67, 0x00, 0x00,
    0x10, 0x07, 0xC0, 0x1E, 0x3F, 0xF0, 0x1E, 0x7F, 0xFC, 0x0E, 0xFF, 0xFC, 0x1F, 0xFC, 0x7E, 0x01,
    0xF0, 0x3F, 0x01, 0xE0, 0x1F, 0x03, 0xE0, 0x0F, 0x03, 0xE0, 0x0F, 0x03, 0xE0, 0x0F, 0x03, 0xE0,
    0x0F, 0x01, 0xE0, 0x1F, 0x01, 0xF0, 0x1E, 0x00, 0xF8, 0x7E, 0x00, 0x7C, 0xFC, 0x00, 0x1C, 0xF0,
    0x03, 0xFC, 0xFF, 0x03, 0xFC, 0xFF, 0x03, 0xFC, 0xFF, 0x00, 0x00, 0x00, 0x00, 0x03, 0x80, 0x00,
    0x03, 0x80, 0x00, 0x03, 0x80, 0x00, 0x03, 0xC0, 0x00, 0x03, 0xC0, 0x31, 0x80, 0x00, 0x3F, 0xC0,
    0x00, 0x1F, 0xE0, 0x00, 0x0C, 0xE0, 0x00, 0x00, 0x20, 0x7C, 0x00, 0xF0, 0xFF, 0xC0, 0x79, 0xFF,
    0xF0, 0x39, 0xFF, 0xFC, 0x1E, 0xFC, 0x7E, 0x00, 0xF8, 0x0F, 0x80, 0x7C, 0x07, 0xC0, 0x3C, 0x01,
    0xE0, 0x1E, 0x00, 0xF8, 0x0F, 0x00, 0x7C, 0x07, 0x80, 0x3C, 0x03, 0xE0, 0x1E, 0x01, 0xF0, 0x1F,
    0x00, 0x7C, 0x1F, 0x00, 0x1F, 0x9F, 0x00, 0x03, 0xCE, 0x00, 0x1F, 0xE7, 0xF8, 0x0F, 0xF3, 0xFC,
    0x07, 0xF9, 0xFE, 0x00, 0x00, 0x00, 0x00, 0x03, 0x80, 0x00, 0x01, 0xC0, 0x00, 0x00, 0xE0, 0x00,
    0x00, 0x7C, 0x00, 0x00, 0x3E, 0x00, 0x1C, 0x70, 0x0F, 0xF8, 0x03, 0xF8, 0x00, 0xF8, 0x00, 0x00,
    0x00, 0x3E, 0x38, 0x7F, 0xBC, 0x7F, 0xFE, 0x7F, 0xFF, 0x3E, 0x1F, 0x9E, 0x0F, 0x8F, 0x03, 0xC7,
    0x81, 0xE3, 0xC0, 0xF1, 0xE0, 0xFC, 0xF8, 0xFE, 0x3F, 0xFF, 0x1F, 0xFF, 0x87, 0xF9, 0xE0, 0x70,
    0x00, 0x0F, 0xE0, 0x07, 0xF8, 0x03, 0xFC, 0x00, 0x00, 0x00, 0x00, 0x00, 0x3E, 0x38, 0x7F, 0xBC,
    0x7F, 0xFE, 0x7F, 0xFF, 0x3E, 0x1F, 0x9E, 0x0F, 0x8F, 0x03, 0xC7, 0x81, 0xE3, 0xC0, 0xF1, 0xE0,
    0xFC, 0xF8, 0xFE, 0x3F, 0xFF, 0x1F, 0xFF, 0x87, 0xF9, 0xE0, 0x70, 0x00, 0x07, 0x80, 0x03, 0xC0,
    0x00, 0xE0, 0x00, 0x70, 0x00, 0x00, 0x00, 0x3E, 0x38, 0x7F, 0xBC, 0x7F, 0xFE, 0x7F, 0xFF, 0x3E,
    0x1F, 0x9E, 0x0F, 0x8F, 0x03, 0xC7, 0x81, 0xE3, 0xC0, 0xF1, 0xE0, 0xFC, 0xF8, 0xFE, 0x3F, 0xFF,
    0x1F, 0xFF, 0x87, 0xF9, 0xE0, 0x70, 0x00, 0x78, 0x00, 0x3C, 0x00, 0x1E, 0x00, 0x07, 0x80, 0x03,
    0xC0, 0x00, 0x07, 0xC7, 0x0F, 0xF7, 0x8F, 0xFF, 0xCF, 0xFF, 0xE7, 0xC3, 0xF3, 0xC1, 0xF1, 0xE0,
    0x78, 0xF0, 0x3C, 0x78, 0x1E, 0x3C, 0x1F, 0x9F, 0x1F, 0xC7, 0xFF, 0xE3, 0xFF, 0xF0, 0xFF, 0x3C,
    0x0E, 0x00, 0x0F, 0x00, 0x07, 0x80, 0x03, 0xC0, 0x00, 0xF0, 0x00, 0x78, 0x00, 0x01, 0xC0, 0x01,
    0xE0, 0x00, 0xF0, 0x00, 0x70, 0x00, 0x00, 0x00, 0x3E, 0x38, 0x7F, 0xBC, 0x7F, 0xFE, 0x7F, 0xFF,
    0x3E, 0x1F, 0x9E, 0x0F, 0x8F, 0x03, 0xC7, 0x81, 0xE3, 0xC0, 0xF1, 0xE0, 0xFC, 0xF8, 0xFE, 0x3F,
    0xFF, 0x1F, 0xFF, 0x87, 0xF9, 0xE0, 0x70, 0x00, 0x78, 0x00, 0x3C, 0x00, 0x1E, 0x00, 0x07, 0x80,
    0x03, 0xC0, 0x00, 0x0F, 0x30, 0x0F, 0xF8, 0x07, 0xFC, 0x03, 0x9C, 0x00, 0x00, 0x00, 0x3E, 0x38,
    0x7F, 0xBC, 0x7F, 0xFE, 0x7F, 0xFF, 0x3E, 0x1F, 0x9E, 0x0F, 0x8F, 0x03, 0xC7, 0x81, 0xE3, 0xC0,
    0xF1, 0xE0, 0xFC, 0xF8, 0xFE, 0x3F, 0xFF, 0x1F, 0xFF, 0x87, 0xF9, 0xE0, 0x70, 0x00, 0x0F, 0x30,
    0x0F, 0xF8, 0x07, 0xFC, 0x03, 0x9C, 0x00, 0x00, 0x00, 0x3E, 0x38, 0x7F, 0xBC, 0x7F, 0xFE, 0x7F,
    0xFF, 0x3E, 0x1F, 0x9E, 0x0F, 0x8F, 0x03, 0xC7, 0x81, 0xE3, 0xC0, 0xF1, 0xE0, 0xFC, 0xF8, 0xFE,
    0x3F, 0xFF, 0x1F, 0xFF, 0x87, 0xF9, 0xE0, 0x70, 0x00, 0x78, 0x00, 0x3C, 0x00, 0x1E, 0x00, 0x07,
    0x80, 0x03, 0xC0, 0x00, 0x07, 0x1C, 0x01, 0xFF, 0x00, 0x3F, 0x80, 0x07, 0xC0, 0x00, 0x00, 0x00,
    0x78, 0x00, 0x3F, 0x00, 0x0F, 0xE0, 0x07, 0xF8, 0x01, 0xFE, 0x00, 0x7F, 0xC0, 0x3F, 0xF0, 0x0F,
    0xBC, 0x03, 0xCF, 0x81, 0xF3, 0xE0, 0x7C, 0x78, 0x1F, 0x1F, 0x0F, 0xFF, 0xC3, 0xFF, 0xF0, 0xFF,
    0xFE, 0x7C, 0x0F, 0x9F, 0x01, 0xF7, 0x80, 0x7F, 0xE0, 0x1F, 0x03, 0xF8, 0x01, 0xFE, 0x00, 0x7F,
    0x80, 0x00, 0x00, 0x00, 0x00, 0x00, 0x78, 0x00, 0x3F, 0x00, 0x0F, 0xE0, 0x07, 0xF8, 0x01, 0xFE,
    0x00, 0x7F, 0xC0, 0x3F, 0xF0, 0x0F, 0xBC, 0x03, 0xCF, 0x81, 0xF3, 0xE0, 0x7C, 0x78, 0x1F, 0x1F,
    0x0F, 0xFF, 0xC3, 0xFF, 0xF0, 0xFF, 0xFE, 0x7C, 0x0F, 0x9F, 0x01, 0xF7, 0x80, 0x7F, 0xE0, 0x1F,
    0xF0, 0xF0, 0x1E, 0x3F, 0x01, 0xC7, 0xF0, 0x39, 0xFE, 0x00, 0x3F, 0xC0, 0x07, 0xFC, 0x01, 0xFF,
    0x80, 0x3E, 0xF0, 0x07, 0x9F, 0x01, 0xF3, 0xE0, 0x3E, 0x3C, 0x07, 0xC7, 0xC1, 0xFF, 0xF8, 0x3F,
    0xFF, 0x07, 0xFF, 0xF1, 0xF0, 0x3E, 0x3E, 0x03, 0xE7, 0x80, 0x7D, 0xF0, 0x0F, 0x80, 0x01, 0xE0,
    0x3C, 0xFC, 0x0F, 0x3F, 0x03, 0x9F, 0xE0, 0xE7, 0xF8, 0x01, 0xFE, 0x00, 0xFF, 0xC0, 0x3C, 0xF0,
    0x0F, 0x3C, 0x07, 0xCF, 0x81, 0xE3, 0xE0, 0xF8, 0x7C, 0x3F, 0xFF, 0x0F, 0xFF, 0xC7, 0xFF, 0xF9,
    0xF0, 0x3E, 0x7C, 0x0F, 0xBE, 0x01, 0xFF, 0x80, 0x7C, 0x01, 0xE0, 0x00, 0xFC, 0x00, 0x3F, 0x80,
    0x1F, 0xE0, 0x07, 0xF8, 0x01, 0xFF, 0x00, 0xFF, 0xC0, 0x3E, 0xF0, 0x0F, 0x3E, 0x07, 0xCF, 0x81,
    0xF1, 0xE0, 0x7C, 0x7C, 0x3F, 0xFF, 0x0F, 0xFF, 0xC3, 0xFF, 0xF9, 0xF0, 0x3E, 0x7C, 0x07, 0xDE,
    0x01, 0xFF, 0x80, 0x7C, 0x00, 0x00, 0x00, 0xE0, 0x00, 0x78, 0x00, 0x1E, 0x00, 0x03, 0xC0, 0x00,
    0xF0, 0x00, 0x43, 0xDE, 0x77, 0x00, 0x73, 0x9C, 0xF7, 0x80, 0x43, 0xDE, 0x77, 0x00, 0x39, 0xDF,
    0xF7, 0xF9, 0x9C, 0x39, 0x9F, 0xEF, 0xFB, 0x9C, 0x63, 0xBD, 0xFF, 0x7F, 0xCE, 0x0F, 0x00, 0x78,
    0x01, 0xC0, 0x0E, 0x00, 0x00, 0x79, 0xF3, 0xDF, 0xDF, 0xFF, 0xFF, 0xFF, 0xC7, 0xFE, 0x1F, 0xF0,
    0xFF, 0x87, 0xFC, 0x3F, 0xE1, 0xFF, 0x0F, 0xF8, 0x7F, 0xC3, 0xFE, 0x1E, 0x00, 0xF7, 0x07, 0xB8,
    0x3D, 0xC1, 0xEF, 0x0F, 0x78, 0x00, 0xF3, 0xE7, 0xBF, 0xBF, 0xFF, 0xFF, 0xFF, 0x8F, 0xFC, 0x3F,
    0xE1, 0xFF, 0x0F, 0xF8, 0x7F, 0xC3, 0xFE, 0x1F, 0xF0, 0xFF, 0x87, 0xFC, 0x3C, 0x01, 0xEE, 0x0F,
    0x70, 0x7B, 0x83, 0xDE, 0x1E, 0xF0, 0x00, 0x03, 0xC0, 0x1C, 0x01, 0xE0, 0x0E, 0x00, 0x00, 0x79,
    0xF3, 0xDF, 0xDF, 0xFF, 0xFF, 0xFF, 0xC7, 0xFE, 0x1F, 0xF0, 0xFF, 0x87, 0xFC, 0x3F, 0xE1, 0xFF,
    0x0F, 0xF8, 0x7F, 0xC3, 0xFE, 0x1E, 0x00, 0xF7, 0x07, 0xB8, 0x3D, 0xC1, 0xEF, 0x0F, 0x78, 0x00,
    0x1E, 0x60, 0xFF, 0x0F, 0xF8, 0x73, 0x80, 0x00, 0x79, 0xF3, 0xDF, 0xDF, 0xFF, 0xFF, 0xFF, 0xC7,
    0xFE, 0x1F, 0xF0, 0xFF, 0x87, 0xFC, 0x3F, 0xE1, 0xFF, 0x0F, 0xF8, 0x7F, 0xC3, 0xFE, 0x1E, 0x00,
    0xF0, 0x07, 0x80, 0x3C, 0x01, 0xE0, 0x0F, 0x00, 0x00, 0x1E, 0x60, 0xFF, 0x0F, 0xF8, 0x73, 0x80,
    0x00, 0x79, 0xF3, 0xDF, 0xDF, 0xFF, 0xFF, 0xFF, 0xC7, 0xFE, 0x1F, 0xF0, 0xFF, 0x87, 0xFC, 0x3F,
    0xE1, 0xFF, 0x0F, 0xF8, 0x7F, 0xC3, 0xFE, 0x1E, 0x00, 0xF7, 0x07, 0xB8, 0x3D, 0xC1, 0xEF, 0x0F,
    0x78, 0x00, 0x78, 0xFF, 0xF3, 0xCF, 0xFF, 0x9E, 0x7F, 0xFC, 0x73, 0xFF, 0xE0, 0x1F, 0x00, 0x00,
    0xF8, 0x00, 0x07, 0xC0, 0x00, 0x3E, 0x00, 0x01, 0xFF, 0xF0, 0x0F, 0xFF, 0x80, 0x7F, 0xFC, 0x03,
    0xFF, 0xE0, 0x1F, 0x00, 0x00, 0xF8, 0x00, 0x07, 0xC0, 0x00, 0x3F, 0xFE, 0x01, 0xFF, 0xF0, 0x0F,
    0xFF, 0x80, 0x7F, 0xFC, 0x03, 0xFF, 0xCF, 0x7F, 0xFD, 0xCF, 0xFF, 0xB9, 0xFF, 0xF7, 0x3C, 0x00,
    0x07, 0x80, 0x00, 0xF0, 0x00, 0x1E, 0x00, 0x03, 0xFF, 0xC0, 0x7F, 0xF8, 0x0F, 0xFF, 0x01, 0xFF,
    0xE0, 0x3C, 0x00, 0x07, 0x80, 0x00, 0xF0, 0x00, 0x1F, 0xFE, 0x03, 0xFF, 0xE0, 0x7F, 0xFC, 0x0F,
    0xFF, 0x80, 0x78, 0xE0, 0x1E, 0x79, 0xF0, 0x1E, 0x79, 0xF0, 0x1E, 0x39, 0xF0, 0x1E, 0x01, 0xF0,
    0x1E, 0x01, 0xF0, 0x1E, 0x01, 0xF0, 0x1E, 0x01, 0xF0, 0x1E, 0x01, 0xFF, 0xFE, 0x01, 0xFF, 0xFE,
    0x01, 0xFF, 0xFE, 0x01, 0xFF, 0xFE, 0x01, 0xF0, 0x1E, 0x01, 0xF0, 0x1E, 0x01, 0xF0, 0x1E, 0x01,
    0xF0, 0x1E, 0x01, 0xF0, 0x1E, 0x01, 0xF0, 0x1E, 0x01, 0xF0, 0x1E, 0x03, 0xC0, 0x39, 0xEF, 0x01,
    0xF7, 0x3C, 0x07, 0xDC, 0xF0, 0x1F, 0x73, 0xC0, 0x7C, 0x0F, 0x01, 0xF0, 0x3C, 0x07, 0xC0, 0xF0,
    0x1F, 0x03, 0xFF, 0xFC, 0x0F, 0xFF, 0xF0, 0x3F, 0xFF, 0xC0, 0xFF, 0xFF, 0x03, 0xC0, 0x7C, 0x0F,
    0x01, 0xF0, 0x3C, 0x07, 0xC0, 0xF0, 0x1F, 0x03, 0xC0, 0x7C, 0x0F, 0x01, 0xF0, 0x3C, 0x07, 0xC0,
    0x70, 0x0F, 0xF8, 0x0F, 0xF8, 0x0F, 0xF8, 0x0F, 0xF8, 0x0F, 0xF8, 0x0F, 0xF8, 0x0F, 0xF8, 0x0F,
    0xFF, 0xFF, 0xFF, 0xFF, 0xFF, 0xFF, 0xFF, 0xFF, 0xF8, 0x0F, 0xF8, 0x0F, 0xF8, 0x0F, 0xF8, 0x0F,
    0xF8, 0x0F, 0xF8, 0x0F, 0xF8, 0x0F, 0x00, 0x00, 0x01, 0xC0, 0x01, 0xC0, 0x01, 0xC0, 0x01, 0xE0,
    0x01, 0xE0, 0x40, 0x3F, 0xDF, 0xE7, 0x77, 0x38, 0x40, 0x1E, 0xF7, 0xB8, 0xEE, 0x73, 0x80, 0x33,
    0x7F, 0xFF, 0xD9, 0xE1, 0x01, 0xE0, 0xF0, 0x38, 0x3C, 0x00, 0xE3, 0xFF, 0xDF, 0xC7, 0xC0, 0x01,
    0xE0, 0xF8, 0x7C, 0x3E, 0x1F, 0x0F, 0x87, 0xC3, 0xE1, 0xF0, 0xF8, 0x7C, 0x3F, 0x0F, 0x87, 0xE0,
    0x00, 0x7F, 0x7F, 0xBF, 0xC0, 0x00, 0x01, 0xE0, 0xF8, 0x7C, 0x3E, 0x1F, 0x0F, 0x87, 0xC3, 0xE1,
    0xF0, 0xF8, 0x7C, 0x3F, 0x0F, 0x87, 0xE0, 0x00, 0x0E, 0x00, 0x78, 0x03, 0xC0, 0xEE, 0xEF, 0xEF,
    0x78, 0x79, 0xC1, 0xC0, 0x00, 0x0F, 0x00, 0x7C, 0x03, 0xE0, 0x1F, 0x00, 0xF8, 0x07, 0xC0, 0x3E,
    0x01, 0xF0, 0x0F, 0x80, 0x7C, 0x03, 0xE0, 0x1F, 0x80, 0x7C, 0x03, 0xF0, 0x00, 0x00, 0x1E, 0x0E,
    0x07, 0x03, 0x8E, 0x77, 0xBF, 0xDF, 0xCE, 0x00, 0x1E, 0x0F, 0x87, 0xC3, 0xE1, 0xF0, 0xF8, 0x7C,
    0x3E, 0x1F, 0x0F, 0x87, 0xC3, 0xF0, 0xF8, 0x7E, 0x00, 0x7B, 0xFF, 0xFF, 0xD8, 0xC0, 0x01, 0xE0,
    0xF8, 0x7C, 0x3E, 0x1F, 0x0F, 0x87, 0xC3, 0xE1, 0xF0, 0xF8, 0x7C, 0x3F, 0x0F, 0x87, 0xE0, 0x00,
    0x39, 0xDF, 0xF7, 0xFD, 0x8C, 0x71, 0x9E, 0xFF, 0xBD, 0xCF, 0x00, 0x07, 0x81, 0xF0, 0x7C, 0x1F,
    0x07, 0xC1, 0xF0, 0x7C, 0x1F, 0x07, 0xC1, 0xF0, 0x7C, 0x1F, 0x83, 0xE0, 0xFC, 0x00, 0xE3, 0xFF,
    0xDF, 0xC7, 0xC0, 0x00, 0xE0, 0xF8, 0x7C, 0x3E, 0x1F, 0x0F, 0x87, 0xC3, 0xE1, 0xF0, 0xF8, 0x7C,
    0x3E, 0x1F, 0x0F, 0x87, 0xC3, 0xE1, 0xF0, 0xF8, 0x7C, 0x7F, 0x7F, 0x7F, 0x00, 0x00, 0x1C, 0x3E,
    0x3E, 0x3E, 0x3E, 0x3E, 0x3E, 0x3E, 0x3E, 0x3E, 0x3E, 0x3E, 0x3E, 0x3E, 0x3E, 0x3E, 0x3E, 0x3E,
    0x3E, 0x78, 0xE7, 0x9F, 0x79, 0xF3, 0x9F, 0x01, 0xF0, 0x1F, 0x01, 0xF0, 0x1F, 0x01, 0xF0, 0x1F,
    0x01, 0xF0, 0x1F, 0x01, 0xF0, 0x1F, 0x01, 0xF0, 0x1F, 0x01, 0xF0, 0x1F, 0x01, 0xF0, 0x03, 0xDE,
    0xF7, 0x3D, 0xCF, 0x73, 0xC0, 0xF0, 0x3C, 0x0F, 0x03, 0xC0, 0xF0, 0x3C, 0x0F, 0x03, 0xC0, 0xF0,
    0x3C, 0x0F, 0x03, 0xC0, 0xF0, 0x3C, 0x18, 0x3F, 0xDE, 0xEE, 0x77, 0xB8, 0x18, 0x1E, 0xF7, 0xBD,
    0xCE, 0x7B, 0x80, 0x33, 0x7F, 0xFF, 0xD9, 0xE0, 0x41, 0xE0, 0xF0, 0x70, 0x1C, 0x00, 0x38, 0xE1,
    0xFF, 0x07, 0xF0, 0x1F, 0x00, 0x00, 0x78, 0x3F, 0xE1, 0xFF, 0x0F, 0xF8, 0x7F, 0xC3, 0xFE, 0x1F,
    0xF0, 0xFF, 0x87, 0xFC, 0x3F, 0xE1, 0xFF, 0x1F, 0x7F, 0xFB, 0xFF, 0x87, 0xF8, 0x0E, 0x00, 0x1F,
    0xC0, 0xFF, 0x07, 0xF8, 0x00, 0x00, 0x00, 0x78, 0x3F, 0xE1, 0xFF, 0x0F, 0xF8, 0x7F, 0xC3, 0xFE,
    0x1F, 0xF0, 0xFF, 0x87, 0xFC, 0x3F, 0xE1, 0xFF, 0x1F, 0x7F, 0xFB, 0xFF, 0x87, 0xF8, 0x0E, 0x00,
    0x0F, 0x00, 0x78, 0x01, 0xC0, 0xEE, 0xE7, 0xBF, 0xBC, 0x3D, 0xC1, 0xC0, 0x00, 0xF0, 0x7F, 0xC3,
    0xFE, 0x1F, 0xF0, 0xFF, 0x87, 0xFC, 0x3F, 0xE1, 0xFF, 0x0F, 0xF8, 0x7F, 0xC3, 0xFE, 0x3E, 0xFF,
    0xF7, 0xFF, 0x0F, 0xF0, 0x1C, 0x00, 0x03, 0x80, 0x3C, 0x01, 0xE0, 0xEE, 0xE7, 0xBF, 0xBC, 0x3D,
    0xC1, 0xC0, 0x00, 0xF0, 0x7F, 0xC3, 0xFE, 0x1F, 0xF0, 0xFF, 0x87, 0xFC, 0x3F, 0xE1, 0xFF, 0x0F,
    0xF8, 0x7F, 0xC3, 0xFE, 0x3E, 0xFF, 0xF7, 0xFF, 0x0F, 0xF0, 0x1C, 0x00, 0x02, 0x00, 0x1E, 0x00,
    0x7C, 0x00, 0x70, 0x03, 0x80, 0x00, 0x00, 0xFC, 0x07, 0xFC, 0x3F, 0xF9, 0xFF, 0xE7, 0x87, 0xFE,
    0x1F, 0xF0, 0x7F, 0xC0, 0xFF, 0x87, 0xFE, 0x1F, 0xFC, 0xFF, 0xFF, 0xEF, 0xFF, 0x3F, 0xF8, 0xF9,
    0x83, 0xE0, 0x0F, 0x80, 0x3E, 0x00, 0xF8, 0x00, 0x00, 0x00, 0x00, 0x80, 0x0E, 0x00, 0x78, 0x01,
    0xC0, 0x03, 0x80, 0x00, 0x00, 0xFC, 0x07, 0xFC, 0x3F, 0xF9, 0xFF, 0xE7, 0x87, 0xFE, 0x1F, 0xF0,
    0x7F, 0xC0, 0xFF, 0x87, 0xFE, 0x1F, 0xFC, 0xFF, 0xFF, 0xEF, 0xFF, 0x3F, 0xF8, 0xF9, 0x83, 0xE0,
    0x0F, 0x80, 0x3E, 0x00, 0xF8, 0x00, 0x00, 0x00, 0x1E, 0x61, 0xFF, 0x0F, 0xF8, 0x73, 0x80, 0x00,
    0x78, 0x3F, 0xE1, 0xFF, 0x0F, 0xF8, 0x7F, 0xC3, 0xFE, 0x1F, 0xF0, 0xFF, 0x87, 0xFC, 0x3F, 0xE1,
    0xFF, 0x1F, 0x7F, 0xFB, 0xFF, 0x87, 0xF8, 0x0E, 0x00, 0x0E, 0x60, 0xFF, 0x0F, 0xF8, 0x73, 0x81,
    0x8E, 0x1E, 0xF0, 0xF7, 0xC7, 0x9C, 0x00, 0x07, 0x83, 0xFE, 0x1F, 0xF0, 0xFF, 0x87, 0xFC, 0x3F,
    0xE1, 0xFF, 0x0F, 0xF8, 0x7F, 0xC3, 0xFE, 0x1F, 0xF1, 0xF7, 0xFF, 0xBF, 0xF8, 0x7F, 0x80, 0xE0,
    0x0E, 0x1C, 0x01, 0xFE, 0x00, 0x7F, 0x80, 0x0F, 0xC0, 0x00, 0x00, 0x1E, 0x01, 0xEF, 0xC0, 0xFD,
    0xF0, 0x3E, 0x3E, 0x1F, 0x0F, 0x87, 0xC1, 0xF3, 0xE0, 0x7C, 0xF8, 0x0F, 0xFC, 0x01, 0xFE, 0x00,
    0x7F, 0x80, 0x0F, 0xC0, 0x03, 0xF0, 0x00, 0x78, 0x00, 0x1E, 0x00, 0x07, 0x80, 0x01, 0xE0, 0x00,
    0x78, 0x00, 0x1E, 0x00, 0x07, 0x80, 0x03, 0xF8, 0x01, 0xFE, 0x00, 0x7F, 0x80, 0x00, 0x00, 0x00,
    0x00, 0x1E, 0x01, 0xEF, 0xC0, 0xFD, 0xF0, 0x3E, 0x3E, 0x1F, 0x0F, 0x87, 0xC1, 0xF3, 0xE0, 0x7C,
    0xF8, 0x0F, 0xFC, 0x01, 0xFE, 0x00, 0x7F, 0x80, 0x0F, 0xC0, 0x03, 0xF0, 0x00, 0x78, 0x00, 0x1E,
    0x00, 0x07, 0x80, 0x01, 0xE0, 0x00, 0x78, 0x00, 0x1E, 0x00, 0x07, 0x80, 0xF0, 0xF0, 0x0F, 0x38,
    0xF8, 0x0F, 0x9C, 0x3E, 0x07, 0xC7, 0x1F, 0x87, 0xC0, 0x07, 0xC3, 0xE0, 0x01, 0xF3, 0xE0, 0x00,
    0xF9, 0xE0, 0x00, 0x3F, 0xF0, 0x00, 0x1F, 0xF0, 0x00, 0x07, 0xF8, 0x00, 0x01, 0xF8, 0x00, 0x00,
    0xFC, 0x00, 0x00, 0x3C, 0x00, 0x00, 0x1E, 0x00, 0x00, 0x0F, 0x00, 0x00, 0x07, 0x80, 0x00, 0x03,
    0xC0, 0x00, 0x01, 0xE0, 0x00, 0x00, 0xF0, 0x00, 0x03, 0xC0, 0x1E, 0x7B, 0xE0, 0x3E, 0x71, 0xF0,
    0x3E, 0x71, 0xF0, 0x7C, 0x70, 0xF8, 0xF8, 0x00, 0xF8, 0xF8, 0x00, 0x7D, 0xF0, 0x00, 0x3D, 0xF0,
    0x00, 0x3F, 0xE0, 0x00, 0x1F, 0xC0, 0x00, 0x1F, 0xC0, 0x00, 0x0F, 0x80, 0x00, 0x0F, 0x80, 0x00,
    0x0F, 0x80, 0x00, 0x0F, 0x80, 0x00, 0x0F, 0x80, 0x00, 0x0F, 0x80, 0x00, 0x0F, 0x80, 0x00, 0x0F,
    0x80, 0x11, 0xFE, 0x03, 0xDF, 0xFE, 0x1E, 0xFF, 0xF8, 0xC7, 0xFF, 0xE7, 0xBE, 0x1F, 0x01, 0xF0,
    0x7C, 0x0F, 0x83, 0xE0, 0x7C, 0x1F, 0x03, 0xE0, 0xF8, 0x1F, 0x1F, 0x80, 0xFF, 0xFC, 0x07, 0xFF,
    0xC0, 0x3F, 0xFC, 0x01, 0xF0, 0x00, 0x0F, 0x80, 0x00, 0x7C, 0x00, 0x03, 0xE0, 0x00, 0x1F, 0x00,
    0x00, 0xF8, 0x00, 0x1E, 0x01, 0xE0, 0x0E, 0x0F, 0xEE, 0xF6, 0xFF, 0x0F, 0x60, 0xE0, 0x07, 0x80,
    0x70, 0x0F, 0x0F, 0xFE, 0xF6, 0xFF, 0x0F, 0x60, 0xE0, 0xF3, 0x9C, 0xE0, 0x00, 0xE0, 0x00, 0x0F,
    0x00, 0x00, 0xF0, 0x00, 0x07, 0x00, 0x00, 0x00, 0x01, 0xF0, 0x78, 0x1E, 0x07, 0xC3, 0xE0, 0x3E,
    0x7C, 0x01, 0xE7, 0xC0, 0x1F, 0x78, 0xF1, 0xF7, 0x8F, 0x0F, 0x78, 0xF0, 0xF7, 0x8F, 0x0F, 0x78,
    0xF8, 0xF7, 0xCF, 0x9F, 0x7F, 0xFF, 0xE3, 0xFD, 0xFE, 0x1F, 0x9F, 0xC0, 0x60, 0x60, 0x00, 0x70,
    0x00, 0x07, 0x00, 0x00, 0x70, 0x00, 0x07, 0x80, 0x00, 0x78, 0x00, 0x1F, 0x07, 0x81, 0xE0, 0x7C,
    0x3E, 0x03, 0xE7, 0xC0, 0x1E, 0x7C, 0x01, 0xF7, 0x8F, 0x1F, 0x78, 0xF0, 0xF7, 0x8F, 0x0F, 0x78,
    0xF0, 0xF7, 0x8F, 0x8F, 0x7C, 0xF9, 0xF7, 0xFF, 0xFE, 0x3F, 0xDF, 0xE1, 0xF9, 0xFC, 0x06, 0x06,
    0x00, 0x07, 0x00, 0x00, 0x70, 0x00, 0x07, 0x00, 0x00, 0x78, 0x00, 0x07, 0x80, 0x00, 0x78, 0x00,
    0x07, 0x80, 0x00, 0x70, 0x00, 0x07, 0x00, 0x00, 0x00, 0x01, 0xF0, 0x78, 0x1E, 0x07, 0xC3, 0xE0,
    0x3E, 0x7C, 0x01, 0xE7, 0xC0, 0x1F, 0x78, 0xF1, 0xF7, 0x8F, 0x0F, 0x78, 0xF0, 0xF7, 0x8F, 0x0F,
    0x78, 0xF8, 0xF7, 0xCF, 0x9F, 0x7F, 0xFF, 0xE3, 0xFD, 0xFE, 0x1F, 0x9F, 0xC0, 0x60, 0x60, 0x00,
    0x70, 0x00, 0x07, 0x00, 0x00, 0x70, 0x00, 0x07, 0x80, 0x00, 0x78, 0x00, 0x01, 0xEE, 0x00, 0x3F,
    0xE0, 0x03, 0xFC, 0x00, 0x31, 0x80, 0x00, 0x00, 0x01, 0xF0, 0x78, 0x1E, 0x07, 0xC3, 0xE0, 0x3E,
    0x7C, 0x01, 0xE7, 0xC0, 0x1F, 0x78, 0xF1, 0xF7, 0x8F, 0x0F, 0x78, 0xF0, 0xF7, 0x8F, 0x0F, 0x78,
    0xF8, 0xF7, 0xCF, 0x9F, 0x7F, 0xFF, 0xE3, 0xFD, 0xFE, 0x1F, 0x9F, 0xC0, 0x60, 0x60, 0x01, 0xEE,
    0x00, 0x3F, 0xE0, 0x03, 0xFC, 0x00, 0x31, 0x80, 0x00, 0x00, 0x01, 0xF0, 0x78, 0x1E, 0x07, 0xC3,
    0xE0, 0x3E, 0x7C, 0x01, 0xE7, 0xC0, 0x1F, 0x78, 0xF1, 0xF7, 0x8F, 0x0F, 0x78, 0xF0, 0xF7, 0x8F,
    0x0F, 0x78, 0xF8, 0xF7, 0xCF, 0x9F, 0x7F, 0xFF, 0xE3, 0xFD, 0xFE, 0x1F, 0x9F, 0xC0, 0x60, 0x60,
    0x00, 0x70, 0x00, 0x07, 0x00, 0x00, 0x70, 0x00, 0x07, 0x80, 0x00, 0x78, 0x00, 0xF0, 0x1F, 0x01,
    0xE0, 0xFF, 0x81, 0xC3, 0xFF, 0xC3, 0x8F, 0xFF, 0x80, 0x3F, 0x1F, 0x80, 0xFC, 0x0F, 0x81, 0xF0,
    0x1F, 0x03, 0xE0, 0x1E, 0x07, 0x80, 0x3C, 0x0F, 0x00, 0x78, 0x1E, 0x00, 0xF0, 0x3C, 0x01, 0xE0,
    0x7C, 0x03, 0xC0, 0xF8, 0x0F, 0x80, 0xF8, 0x3F, 0x01, 0xFD, 0xFC, 0x01, 0xFF, 0xF0, 0x01, 0xFF,
    0xC0, 0x01, 0xFF, 0x00, 0x00, 0x70, 0x00, 0x00, 0x3E, 0x01, 0xE3, 0xFF, 0x07, 0x1F, 0xFE, 0x1C,
    0xFF, 0xFC, 0x77, 0xE3, 0xF0, 0x1F, 0x03, 0xE0, 0xF8, 0x07, 0x83, 0xE0, 0x1E, 0x0F, 0x80, 0x7C,
    0x3E, 0x01, 0xF0, 0xF8, 0x07, 0xC3, 0xE0, 0x1F, 0x0F, 0x80, 0x78, 0x3E, 0x03, 0xE0, 0x7C, 0x0F,
    0x81, 0xFC, 0xFC, 0x03, 0xFF, 0xF0, 0x07, 0xFF, 0x80, 0x0F, 0xF8, 0x00, 0x07, 0x00, 0xF0, 0x0F,
    0x80, 0xE0, 0xFF, 0xC1, 0xE3, 0xFF, 0xC1, 0xCF, 0xFF, 0xC0, 0x3F, 0x8F, 0xC0, 0x7C, 0x0F, 0xC1,
    0xF0, 0x0F, 0x83, 0xE0, 0x1F, 0x07, 0xC0, 0x1E, 0x0F, 0x80, 0x3C, 0x1F, 0x00, 0xF8, 0x1E, 0x01,
    0xF0, 0x3E, 0x03, 0xC0, 0x3E, 0x1F, 0x80, 0x3E, 0x7E, 0x00, 0x3C, 0xF0, 0x07, 0xF9, 0xFE, 0x0F,
    0xF3, 0xFC, 0x1F, 0xE7, 0xF8, 0x00, 0x3E, 0x01, 0xE3, 0xFF, 0x07, 0x1F, 0xFE, 0x1C, 0xFF, 0xFC,
    0x77, 0xE3, 0xF8, 0x3F, 0x03, 0xE0, 0xF8, 0x07, 0xC3, 0xE0, 0x1F, 0x0F, 0x00, 0x7C, 0x3C, 0x01,
    0xF0, 0xF8, 0x07, 0xC3, 0xE0, 0x1E, 0x07, 0x80, 0xF8, 0x1F, 0x87, 0xC0, 0x3F, 0x3E, 0x00, 0x3C,
    0xF0, 0x0F, 0xF3, 0xFC, 0x3F, 0xCF, 0xF0, 0xFF, 0x3F, 0xC0, 0x03, 0xE0, 0x03, 0xFF, 0x03, 0xFF,
    0xE1, 0xFF, 0xFC, 0x7E, 0x3F, 0xBF, 0x03, 0xEF, 0x80, 0x7B, 0xC0, 0x1F, 0xF0, 0x07, 0xFC, 0x01,
    0xFF, 0x00, 0x7F, 0xE0, 0x1E, 0xF8, 0x0F, 0x9F, 0x87, 0xC3, 0xF3, 0xE0, 0x3C, 0xE0, 0xFF, 0x3F,
    0xFF, 0xCF, 0xFF, 0xF3, 0xFC, 0x00, 0x00, 0x01, 0xC0, 0x00, 0x70, 0x00, 0x1C, 0x00, 0x07, 0xC0,
    0x00, 0xF0, 0x00, 0x77, 0xBD, 0xC0, 0x1B, 0xDE, 0xE7, 0x80, 0xFF, 0xFF, 0xFF, 0xE0, 0x00, 0xFF,
    0xFF, 0xFF, 0xE0, 0x00, 0x7F, 0xFF, 0xFF, 0xFF, 0xFF, 0xFF, 0x7F, 0xFE, 0xFF, 0xFF, 0xFF, 0xFF,
    0xFE, 0x00, 0x00, 0xFF, 0xFF, 0xFF, 0xFF, 0xFF, 0xFF, 0xFF, 0xFF, 0xFF, 0xE0, 0x00, 0x00, 0x00,
    0xFF, 0xFF, 0xFF, 0xFF, 0xFF, 0xFF, 0xFF, 0xFF, 0xFF, 0xE0, 0x00, 0x00, 0x00, 0x00, 0x3F, 0xEF,
    0xFB, 0xFE, 0xFF, 0xBF, 0xEF, 0xFB, 0xFE, 0xFF, 0xBF, 0xEF, 0xFB, 0xFE, 0xFF, 0xBF, 0xEF, 0xFB,
    0xFE, 0xFF, 0xBF, 0xEF, 0xFB, 0xFE, 0xFF, 0xBF, 0xEF, 0xFB, 0xFE, 0xFF, 0xBF, 0xEF, 0xFB, 0xFE,
    0xFF, 0xBF, 0xEF, 0xF8, 0xFF, 0xFF, 0xFF, 0x00, 0x0F, 0xFF, 0xFF, 0xF0, 0x00, 0x18, 0xF3, 0xCE,
    0x79, 0xE7, 0x9E, 0x70, 0x39, 0xF7, 0x9E, 0x79, 0xC7, 0x3C, 0x60, 0x7B, 0xDE, 0xEF, 0x7B, 0xDC,
    0xE0, 0x71, 0xE7, 0x9E, 0x38, 0xF3, 0xCF, 0x18, 0x18, 0x63, 0xCE, 0x3C, 0xE3, 0x9E, 0x79, 0xE7,
    0x9E, 0x7B, 0xE7, 0xBC, 0x71, 0xC0, 0x39, 0xEF, 0xBD, 0xE7, 0xBD, 0xE7, 0xBC, 0xE7, 0x9C, 0xF7,
    0x9C, 0x63, 0x80, 0x79, 0xCF, 0x79, 0xEF, 0x39, 0xEF, 0x3D, 0xE7, 0x3C, 0xE7, 0x3C, 0xE3, 0x00,
    0x73, 0xCF, 0x79, 0xEF, 0xBC, 0xF3, 0x9E, 0x7B, 0xCF, 0x39, 0xE7, 0x18, 0x60, 0x07, 0x00, 0xF0,
    0x0F, 0x00, 0xF0, 0x7F, 0xF7, 0xFF, 0x7F, 0xF0, 0xF0, 0x0F, 0x00, 0xF0, 0x0F, 0x00, 0xF0, 0x07,
    0x00, 0x70, 0x06, 0x00, 0x07, 0x00, 0xF0, 0x0F, 0x00, 0xF0, 0x7F, 0xF7, 0xFF, 0x7F, 0xF0, 0xF0,
    0x0F, 0x07, 0xFE, 0x7F, 0xF7, 0xFF, 0x7F, 0xF0, 0xF0, 0x0F, 0x00, 0xF0, 0x0F, 0x00, 0x70, 0x07,
    0x00, 0x00, 0x1F, 0x9F, 0xCF, 0xF7, 0xFB, 0xFD, 0xFE, 0x7E, 0x1E, 0x00, 0x01, 0x83, 0xC7, 0xCF,
    0xFF, 0xBC, 0x70, 0x80, 0x79, 0xEF, 0x9E, 0x30, 0x78, 0x7B, 0xC7, 0xFE, 0x3E, 0xF0, 0xF3, 0x02,
    0x00, 0x78, 0x78, 0x73, 0xC7, 0xC7, 0xFE, 0x3E, 0x3E, 0xF0, 0xF0, 0xF3, 0x02, 0x02, 0x00, 0x79,
    0xEF, 0x9E, 0x30, 0x3C, 0x01, 0xC0, 0x00, 0xFC, 0x07, 0x80, 0x03, 0xFC, 0x0E, 0x00, 0x07, 0x38,
    0x3C, 0x00, 0x0E, 0x78, 0xF0, 0x00, 0x1C, 0xF1, 0xC0, 0x00, 0x39, 0xC7, 0x00, 0x00, 0x7F, 0x9E,
    0x00, 0x00, 0x7E, 0x38, 0x00, 0x00, 0x78, 0xE0, 0x00, 0x00, 0x03, 0xC7, 0x83, 0xC0, 0x07, 0x3F,
    0x8F, 0xE0, 0x1C, 0x7F, 0xBF, 0xC0, 0x78, 0xE7, 0x73, 0x80, 0xE3, 0xCE, 0xE7, 0x83, 0x87, 0x9D,
    0xCE, 0x0F, 0x07, 0x7B, 0x9C, 0x3C, 0x0F, 0xF7, 0xF8, 0x70, 0x0F, 0xC7, 0xE0, 0x00, 0x06, 0x03,
    0x00, 0x3C, 0x01, 0xC0, 0x00, 0x00, 0x7E, 0x03, 0xC0, 0x00, 0x00, 0xFF, 0x03, 0x80, 0x00, 0x00,
    0xE7, 0x07, 0x80, 0x00, 0x00, 0xE7, 0x8F, 0x00, 0x00, 0x00, 0xE7, 0x8E, 0x00, 0x00, 0x00, 0xE7,
    0x1C, 0x00, 0x00, 0x00, 0xFF, 0x3C, 0x00, 0x00, 0x00, 0x7E, 0x38, 0x00, 0x00, 0x00, 0x3C, 0x70,
    0x00, 0x00, 0x00, 0x00, 0xF1, 0xE0, 0xF0, 0x7C, 0x00, 0xE7, 0xF1, 0xFC, 0xFE, 0x01, 0xC7, 0xFB,
    0xFD, 0xFE, 0x03, 0xC7, 0x3B, 0x9D, 0xCF, 0x03, 0x8F, 0x3B, 0x9F, 0xC7, 0x07, 0x0F, 0x3B, 0x9D,
    0xCF, 0x0F, 0x07, 0x7B, 0x9D, 0xEF, 0x1E, 0x07, 0xFB, 0xFC, 0xFE, 0x1C, 0x03, 0xF1, 0xF8, 0xFC,
    0x00, 0x00, 0xC0, 0x60, 0x38, 0x73, 0xFD, 0xEF, 0x7B, 0xDC, 0x70, 0xE7, 0x9E, 0xF1, 0xEF, 0x1E,
    0xF1, 0xEF, 0x1C, 0xF1, 0xCE, 0x1C, 0x70, 0xE1, 0xDE, 0x78, 0xFF, 0x1E, 0x3F, 0xC7, 0x8F, 0xF1,
    0xE3, 0xBC, 0x70, 0xEF, 0x1C, 0x3B, 0x87, 0x1E, 0x77, 0xBC, 0xE7, 0x3D, 0xEF, 0x71, 0xCF, 0x1E,
    0xF1, 0xE7, 0x1E, 0x71, 0xE7, 0x8E, 0x78, 0xE7, 0x8E, 0x71, 0xC3, 0xBC, 0x78, 0xFF, 0x1E, 0x3D,
    0xC7, 0x8F, 0x71, 0xE3, 0xDE, 0x38, 0xF7, 0x8E, 0x1D, 0xE3, 0x87, 0x0F, 0x01, 0xF0, 0x3F, 0x83,
    0xBC, 0x79, 0xEF, 0x0E, 0x00, 0x07, 0xC7, 0xC7, 0xC7, 0xC7, 0xC3, 0xE1, 0xF0, 0x7C, 0x1F, 0x07,
    0xC1, 0xF0, 0x78, 0x00, 0x1F, 0x03, 0xE0, 0x78, 0x1F, 0x03, 0xE0, 0x7C, 0x3E, 0x1F, 0x07, 0xC3,
    0xE1, 0xF0, 0x78, 0x00, 0x03, 0xC0, 0x01, 0xE0, 0x07, 0xF6, 0x07, 0xFF, 0x83, 0xF7, 0xC0, 0xFF,
    0xC3, 0xFF, 0xFD, 0xEF, 0xDE, 0xF7, 0xFF, 0x3F, 0xFF, 0x07, 0xFF, 0x07, 0xFF, 0x81, 0xFF, 0x80,
    0x5E, 0x80, 0x0F, 0x00, 0x03, 0x00, 0x78, 0x79, 0xE1, 0xE7, 0x87, 0x9E, 0x1E, 0x78, 0x79, 0xE1,
    0xE7, 0x87, 0x9E, 0x1E, 0x78, 0x79, 0xE1, 0xE7, 0x87, 0x9E, 0x1E, 0x78, 0x79, 0xE1, 0xE0, 0x00,
    0x1E, 0x1E, 0x78, 0x7B, 0xE3, 0xE7, 0x87, 0x8C, 0x0C, 0x07, 0x80, 0xFF, 0x0F, 0xFC, 0xFF, 0xF7,
    0x8F, 0xBC, 0x3C, 0x39, 0xE1, 0xDF, 0x0F, 0xF0, 0x7F, 0x03, 0xF0, 0x0F, 0x00, 0x70, 0x03, 0x80,
    0x00, 0x00, 0xE0, 0x0F, 0x80, 0x7C, 0x03, 0xC0, 0x04, 0x00, 0xFF, 0xFF, 0xFF, 0xFF, 0xFE, 0x60,
    0x00, 0x37, 0xE0, 0x0F, 0xDF, 0xFF, 0xFC, 0x7F, 0xFF, 0xC0, 0x7F, 0xF0, 0x00, 0x07, 0xFF, 0x00,
    0xFF, 0xFF, 0x1F, 0xFF, 0xFD, 0xF8, 0x03, 0xF6, 0x00, 0x03, 0x00, 0x00, 0x80, 0x3C, 0x07, 0x81,
    0xE0, 0x7C, 0x0F, 0x03, 0xC0, 0x78, 0x1F, 0x07, 0xE0, 0xFE, 0x3D, 0xE7, 0xBC, 0x63, 0x00, 0x00,
    0x00, 0x01, 0xF0, 0x01, 0xFC, 0x00, 0xFE, 0x00, 0x7F, 0x00, 0x3F, 0x80, 0x1F, 0xC0, 0x07, 0xC0,
    0x1C, 0x1C, 0x3F, 0x9F, 0x9F, 0xDF, 0xCF, 0xEF, 0xE7, 0xF7, 0xF3, 0xFB, 0xF8, 0xF8, 0xF8, 0x38,
    0x38, 0xFF, 0xFF, 0xFF, 0xFE, 0x00, 0x06, 0x00, 0x0E, 0x00, 0x1C, 0x00, 0x3C, 0x00, 0x38, 0x00,
    0x70, 0x00, 0xF0, 0x01, 0xE0, 0x01, 0xC0, 0x03, 0xC0, 0x07, 0x80, 0x07, 0x00, 0x0E, 0x00, 0x1E,
    0x00, 0x1C, 0x00, 0x38, 0x00, 0x78, 0x00, 0x70, 0x00, 0xE0, 0x00, 0xFD, 0xFB, 0xF7, 0xEF, 0x1E,
    0x3C, 0x78, 0xF1, 0xE3, 0xF7, 0xEF, 0xDF, 0xBC, 0x78, 0xF1, 0xE3, 0xC7, 0x8F, 0xDF, 0xBF, 0x7E,
    0xFD, 0xFB, 0xF7, 0xE3, 0xC7, 0x8F, 0x1E, 0x3C, 0x7B, 0xF7, 0xEF, 0xDF, 0x8F, 0x1E, 0x3C, 0x78,
    0xF1, 0xEF, 0xDF, 0xBF, 0x7E, 0x07, 0x80, 0x1E, 0x03, 0xFC, 0x0F, 0xF0, 0xFF, 0xC3, 0xFF, 0x3F,
    0xFC, 0xFF, 0xF7, 0x8F, 0x9E, 0x3E, 0xF0, 0xF3, 0xC3, 0xC0, 0x1E, 0x00, 0x78, 0x07, 0xC0, 0x1F,
    0x03, 0xF0, 0x0F, 0xC0, 0xFC, 0x03, 0xF0, 0x1F, 0x00, 0x7C, 0x03, 0xC0, 0x0F, 0x00, 0xF8, 0x03,
    0xE0, 0x0E, 0x00, 0x38, 0x00, 0x00, 0x00, 0x00, 0x38, 0x00, 0xE0, 0x0F, 0x80, 0x3E, 0x01, 0xF0,
    0x07, 0xC0, 0x3E, 0x00, 0xF8, 0x01, 0x00, 0x04, 0x00, 0x07, 0x80, 0xF0, 0xFF, 0x07, 0x8F, 0xFC,
    0x3C, 0xFF, 0xF1, 0xE7, 0x8F, 0x8F, 0x3C, 0x3C, 0x78, 0x01, 0xE3, 0xC0, 0x1F, 0x1E, 0x03, 0xF0,
    0xF0, 0x3F, 0x07, 0x81, 0xF0, 0x3C, 0x0F, 0x01, 0xE0, 0xF8, 0x0F, 0x03, 0x80, 0x78, 0x00, 0x00,
    0x00, 0xE0, 0x1E, 0x0F, 0x80, 0xF0, 0x7C, 0x07, 0x83, 0xE0, 0x3C, 0x04, 0x00, 0xC0, 0x78, 0x0F,
    0x07, 0x83, 0xFC, 0x78, 0x7F, 0xE7, 0x8F, 0xFF, 0x78, 0xF1, 0xF7, 0x8F, 0x0F, 0x78, 0x00, 0xF7,
    0x80, 0x1F, 0x78, 0x07, 0xE7, 0x80, 0xFC, 0x78, 0x0F, 0x87, 0x80, 0xF0, 0x78, 0x1E, 0x07, 0x80,
    0xE0, 0x00, 0x00, 0x07, 0x80, 0xE0, 0x78, 0x1F, 0x0F, 0x81, 0xF0, 0x78, 0x1F, 0x03, 0x00, 0x40,
    0x7F, 0xFF, 0xFF, 0xFF, 0xBF, 0xF0, 0x1E, 0x03, 0xC0, 0x70, 0x0E, 0x03, 0xC0, 0x78, 0x0F, 0x01,
    0xE0, 0x3C, 0x07, 0x80, 0xF0, 0x1C, 0x03, 0x80, 0xF0, 0x1E, 0x00, 0x00, 0x7F, 0x07, 0xFF, 0x3F,
    0xFD, 0xFF, 0xFF, 0x7F, 0xFB, 0xFF, 0xDF, 0xFE, 0xFF, 0xF7, 0xFF, 0xBF, 0xFD, 0xFD, 0xEF, 0xCF,
    0x30, 0x78, 0x03, 0xC0, 0x1E, 0x00, 0xF0, 0x07, 0x80, 0x3C, 0x00, 0x0F, 0xF1, 0xFF, 0xDF, 0xFE,
    0xFC, 0xFF, 0xE7, 0xFF, 0x3F, 0xF9, 0xEF, 0xCF, 0x7E, 0x79, 0xFF, 0xC7, 0xFE, 0x7F, 0x83, 0xFF,
    0x1F, 0xFC, 0xE7, 0xE7, 0x3F, 0xB9, 0xFD, 0xCF, 0xEE, 0x7E, 0x73, 0xF3, 0xFF, 0x1F, 0xF0, 0x06,
    0x01, 0xC0, 0xB9, 0x3F, 0xF7, 0xFE, 0x7F, 0x8F, 0xF3, 0xFF, 0x76, 0xE5, 0xC8, 0x38, 0x00, 0x00,
    0x79, 0xEF, 0x9E, 0x30, 0x00, 0x00, 0x00, 0x07, 0x9E, 0x78, 0xF3, 0xCF, 0x1C, 0x70, 0x07, 0xFF,
    0x01, 0xFF, 0xFF, 0x1F, 0xFF, 0xFD, 0xF8, 0x03, 0xF6, 0x00, 0x03, 0x00, 0x00, 0x00, 0x00, 0x00,
    0x00, 0x00, 0x00, 0x00, 0x00, 0x00, 0x00, 0x00, 0x00, 0x00, 0x00, 0x00, 0x00, 0x00, 0x00, 0x00,
    0x00, 0x00, 0x00, 0x00, 0x00, 0x00, 0x00, 0x00, 0x00, 0x00, 0x00, 0x00, 0x00, 0x00, 0x00, 0x00,
    0x00, 0x00, 0x06, 0x00, 0x03, 0x7E, 0x00, 0xFD, 0xFF, 0xFF, 0xC7, 0xFF, 0xFC, 0x07, 0xFF, 0x00,
    0x0C, 0x01, 0xC1, 0x3A, 0x7F, 0xEF, 0xFC, 0x7F, 0x1F, 0xE7, 0xFE, 0xEF, 0xC9, 0xD0, 0x38, 0x00,
    0x00, 0xC0, 0x1C, 0x13, 0xB7, 0xFE, 0xFF, 0xC7, 0xF1, 0xFE, 0x7F, 0xEE, 0xFC, 0x9D, 0x03, 0x80,
    0x00, 0x00, 0x03, 0x00, 0x01, 0xC3, 0x00, 0xF1, 0xE0, 0x38, 0xF8, 0x1C, 0x3F, 0x0F, 0x0F, 0x83,
    0x81, 0xC1, 0xC0, 0x00, 0xF0, 0x00, 0x78, 0x00, 0x1C, 0x00, 0x0F, 0x00, 0x07, 0x87, 0x81, 0xC3,
    0xF0, 0xE0, 0xFC, 0x78, 0x3F, 0x1C, 0x07, 0x8E, 0x00, 0x07, 0x80, 0x00, 0x00, 0x00, 0x1F, 0x80,
    0x3F, 0xF0, 0xDF, 0xFF, 0xE7, 0x3F, 0xF8, 0x07, 0xF8, 0x00, 0xF0, 0x03, 0xFE, 0x00, 0xFF, 0xFE,
    0x0F, 0xFF, 0xFD, 0xFF, 0xFF, 0xF7, 0x00, 0x07, 0x00, 0x07, 0x80, 0xDF, 0xC7, 0xFF, 0x9F, 0xFC,
    0x3F, 0xE3, 0xFF, 0xFF, 0xFF, 0xFF, 0xFF, 0x3F, 0xE1, 0xFF, 0xC7, 0xFF, 0x8D, 0xFC, 0x07, 0x80,
    0x70, 0xE1, 0xC7, 0x3C, 0xF1, 0xE3, 0xFC, 0x78, 0xF1, 0xDE, 0x3C, 0x79, 0xEF, 0x1E, 0x38, 0xF7,
    0x8E, 0x1C, 0x7B, 0xC7, 0x0E, 0x3D, 0xC3, 0x8F, 0x1C, 0x00, 0x0F, 0xC7, 0xFB, 0xFF, 0xF3, 0xF8,
    0x7E, 0x1F, 0xCF, 0xF3, 0xDF, 0xE7, 0xF8, 0x78, 0xEE, 0xEE, 0xEE, 0xEE, 0xEE, 0xEE, 0x0F, 0x87,
    0xE1, 0xF8, 0xFE, 0x7F, 0xBD, 0xEF, 0xFF, 0xFF, 0xFF, 0xC1, 0xE0, 0x30, 0x7F, 0x9F, 0xE7, 0xFB,
    0xFC, 0xFF, 0xBF, 0xF0, 0x3F, 0xCF, 0xFF, 0x9F, 0xC1, 0xC0, 0x00, 0x0F, 0xC7, 0xFB, 0xFF, 0xFF,
    0xBF, 0xEF, 0xFF, 0xCF, 0xF3, 0xDF, 0xE7, 0xF8, 0x78, 0x7F, 0xDF, 0xF7, 0xFC, 0x1E, 0x07, 0x03,
    0xC0, 0xE0, 0x78, 0x3C, 0x0E, 0x03, 0x80, 0x00, 0x1F, 0xCF, 0xFB, 0xCE, 0xF3, 0x9F, 0xE7, 0xFB,
    0xDF, 0xF3, 0xFF, 0xF7, 0xF8, 0x78, 0x00, 0x1F, 0xCF, 0xFB, 0xDE, 0xE3, 0xFF, 0xFF, 0xFD, 0xFF,
    0xF7, 0xBF, 0xE7, 0xF0, 0x70, 0x0C, 0x0E, 0x07, 0x1F, 0xFF, 0xFF, 0xFC, 0x70, 0x38, 0x00, 0x00,
    0xFF, 0xFF, 0xFF, 0xE0, 0x7F, 0xFF, 0xFF, 0xE0, 0x0F, 0xFF, 0xFD, 0xFE, 0x39, 0xE7, 0x9C, 0xF3,
    0xCF, 0x3C, 0xF1, 0xC7, 0x9E, 0x38, 0x71, 0xE7, 0x8E, 0x3C, 0xF3, 0xCF, 0x3C, 0xE7, 0x9E, 0x70,
    0xEE, 0x7F, 0xFF, 0xFE, 0x7E, 0x3F, 0x1F, 0x8F, 0xC7, 0xE3, 0x80, 0x00, 0x0F, 0xC7, 0xFB, 0xFF,
    0xF3, 0xF8, 0x7E, 0x1F, 0xCF, 0xF3, 0xDF, 0xE7, 0xF8, 0x78, 0x7F, 0xFF, 0xFF, 0x3C, 0xF3, 0xCF,
    0x3C, 0xF1, 0xC0, 0x00, 0x3F, 0xBF, 0xFF, 0xFE, 0x38, 0x3C, 0x7C, 0x7C, 0x78, 0x7F, 0xFF, 0xFF,
    0xF0, 0x00, 0x1F, 0xCF, 0xFB, 0xFE, 0x03, 0x87, 0xE1, 0xF8, 0x0F, 0xF3, 0xFF, 0xE7, 0xF8, 0x70,
    0x0F, 0x87, 0xE1, 0xF8, 0xFE, 0x7F, 0xBD, 0xEF, 0xFF, 0xFF, 0xFF, 0xC1, 0xE0, 0x30, 0x7F, 0x9F,
    0xE7, 0xFB, 0xFC, 0xFF, 0xBF, 0xF0, 0x3F, 0xCF, 0xFF, 0x9F, 0xC1, 0xC0, 0x00, 0x0F, 0xC7, 0xFB,
    0xFF, 0xFF, 0xBF, 0xEF, 0xFF, 0xCF, 0xF3, 0xDF, 0xE7, 0xF8, 0x78, 0x7F, 0xDF, 0xF7, 0xFC, 0x1E,
    0x07, 0x03, 0xC0, 0xE0, 0x78, 0x3C, 0x0E, 0x03, 0x80, 0x00, 0x1F, 0xCF, 0xFB, 0xCE, 0xF3, 0x9F,
    0xE7, 0xFB, 0xDF, 0xF3, 0xFF, 0xF7, 0xF8, 0x78, 0x00, 0x1F, 0xCF, 0xFB, 0xDE, 0xE3, 0xFF, 0xFF,
    0xFD, 0xFF, 0xF7, 0xBF, 0xE7, 0xF0, 0x70, 0x0C, 0x0E, 0x07, 0x1F, 0xFF, 0xFF, 0xFC, 0x70, 0x38,
    0x00, 0x00, 0xFF, 0xFF, 0xFF, 0xE0, 0x7F, 0xFF, 0xFF, 0xE0, 0x0F, 0xFF, 0xFD, 0xFE, 0x39, 0xE7,
    0x9C, 0xF3, 0xCF, 0x3C, 0xF1, 0xC7, 0x9E, 0x38, 0x71, 0xE7, 0x8E, 0x3C, 0xF3, 0xCF, 0x3C, 0xE7,
    0x9E, 0x70, 0x1E, 0x3F, 0xDF, 0xE3, 0xF7, 0xFB, 0xDF, 0xFE, 0xFF, 0x3B, 0x80, 0x1E, 0x0F, 0xE7,
    0xFD, 0xFF, 0x7F, 0xDC, 0x47, 0xFC, 0xFE, 0x0E, 0x00, 0x1F, 0x0F, 0xE7, 0xFD, 0xCF, 0x71, 0xDE,
    0xF7, 0xFC, 0xFE, 0x0E, 0x00, 0x73, 0xDE, 0xF3, 0xF8, 0xFC, 0x1F, 0x0F, 0xC7, 0xF9, 0xCF, 0x61,
    0xC0, 0x3E, 0x1F, 0xE7, 0xF8, 0x8F, 0xFF, 0xFF, 0xFF, 0xFF, 0xCF, 0x7F, 0x8F, 0xC1, 0xC0, 0xE0,
    0x70, 0x3B, 0x9F, 0xFF, 0xFF, 0x9F, 0x8F, 0xC7, 0xE3, 0xF1, 0xF8, 0xE0, 0xE0, 0x70, 0x39, 0xFD,
    0xEF, 0xF7, 0xF3, 0xF9, 0xFC, 0xEF, 0x73, 0xF8, 0xE0, 0xEE, 0xEE, 0xEE, 0xEE, 0xEE, 0xE0, 0xEE,
    0x73, 0xFF, 0xEF, 0xFF, 0xFD, 0xEF, 0xE7, 0xBF, 0x9E, 0xFE, 0x7B, 0xF9, 0xEF, 0xE3, 0x18, 0xEE,
    0x7F, 0xFF, 0xFE, 0x7E, 0x3F, 0x1F, 0x8F, 0xC7, 0xE3, 0x80, 0xEE, 0x3F, 0xEF, 0xFB, 0xCE, 0xE3,
    0xFD, 0xEF, 0xFB, 0xFC, 0xE6, 0x38, 0x0E, 0x00, 0x00, 0x1F, 0x1F, 0xE7, 0xF1, 0xFC, 0x7F, 0x83,
    0xF7, 0xF9, 0xFE, 0x1E, 0x00, 0x30, 0xF3, 0xF7, 0xEF, 0xCF, 0x1E, 0x3C, 0x7C, 0x78, 0x70, 0x1F,
    0xC0, 0x1F, 0xF0, 0x1F, 0xFC, 0x1F, 0xBE, 0x0F, 0x0F, 0x87, 0x83, 0x83, 0xCF, 0xFF, 0xE7, 0xFF,
    0xF3, 0xFF, 0xF9, 0xFF, 0xFE, 0xF0, 0x0F, 0xFF, 0xE3, 0xFF, 0xF0, 0xFF, 0xF8, 0x0F, 0x00, 0x07,
    0x80, 0x03, 0xFF, 0x81, 0xFF, 0xC0, 0xFF, 0xE0, 0x00, 0x00, 0x00, 0x24, 0x00, 0x36, 0x00, 0xFB,
    0x01, 0xFF, 0x81, 0xFF, 0xE1, 0xFF, 0xF1, 0xFB, 0xFD, 0xFB, 0x7E, 0xF9, 0xBF, 0xFC, 0xD8, 0x3C,
    0xCC, 0x1E, 0x6C, 0x0F, 0x36, 0x07, 0xB3, 0x03, 0xFB, 0x1D, 0xFD, 0x9F, 0x7C, 0xDF, 0x3F, 0xFF,
    0x8F, 0xFF, 0x83, 0xFF, 0x81, 0xFF, 0x80, 0xDE, 0x00, 0x6C, 0x00, 0x24, 0x00, 0x03, 0xE0, 0x07,
    0xFC, 0x0F, 0xFF, 0x07, 0xFF, 0xC7, 0xE3, 0xF7, 0xC0, 0xFB, 0xE0, 0x3D, 0xE0, 0x00, 0xF3, 0xDE,
    0x79, 0xFF, 0x3C, 0xFF, 0x1E, 0x7F, 0x8F, 0x3E, 0x07, 0xDE, 0x79, 0xFF, 0x7C, 0xFF, 0xFE, 0x3F,
    0xFE, 0x0F, 0xFE, 0x03, 0xFE, 0x00, 0x38, 0x00, 0x1F, 0xFE, 0x1F, 0xFF, 0x1F, 0xFF, 0x1F, 0xFF,
    0x1E, 0x00, 0x1E, 0x00, 0x1E, 0x00, 0x1E, 0x00, 0x1F, 0xFC, 0x1F, 0xFE, 0x1F, 0xFE, 0x1F, 0xFE,
    0x1E, 0x00, 0x1E, 0x00, 0xFF, 0xC0, 0xFF, 0xC0, 0x1E, 0x00, 0x1E, 0x00, 0x1E, 0x00, 0x03, 0xC0,
    0x3F, 0xC1, 0xFF, 0x8F, 0xFE, 0x3C, 0x7D, 0xF0, 0xF7, 0xC0, 0x3F, 0xF0, 0xFF, 0xE3, 0xFF, 0x03,
    0xC0, 0x3F, 0xF8, 0xFF, 0xE0, 0xF0, 0x03, 0xC3, 0xFE, 0x0F, 0xFF, 0xFF, 0xFF, 0xFF, 0xFF, 0x80,
    0x00, 0x1C, 0x00, 0x03, 0xC0, 0xF7, 0xFF, 0xCF, 0xFF, 0xFE, 0xFF, 0xFF, 0xFF, 0xFF, 0xFF, 0xF8,
    0xF0, 0xFF, 0x0F, 0x0F, 0xF0, 0xF0, 0xFF, 0x1F, 0x0F, 0xF1, 0xF0, 0xFF, 0x3F, 0x0F, 0xF3, 0xF0,
    0xFF, 0x7F, 0x0F, 0xF7, 0xF0, 0xFF, 0xFF, 0x0F, 0x0F, 0x00, 0x00, 0xE0, 0x00, 0x3C, 0x03, 0x8F,
    0xC0, 0xF9, 0xF8, 0x1F, 0x3F, 0x83, 0xE7, 0xF8, 0x7C, 0xFF, 0x0F, 0x9F, 0xF1, 0xF7, 0xFF, 0xFF,
    0xFF, 0xFF, 0xFF, 0xFF, 0xF9, 0xF3, 0xDF, 0x7F, 0xFF, 0xFF, 0xFF, 0xFE, 0xF8, 0xFF, 0x9F, 0x0F,
    0xF3, 0xE0, 0xFE, 0x7C, 0x1F, 0xCF, 0x81, 0xF9, 0xF0, 0x1F, 0x00, 0x7F, 0x80, 0x00, 0xFF, 0xF0,
    0x00, 0xFF, 0xF8, 0x78, 0xFF, 0xFC, 0x78, 0xF8, 0x7C, 0x78, 0xF8, 0x3D, 0xFE, 0xF8, 0x3F, 0xFF,
    0xF8, 0x3F, 0xFF, 0xF8, 0x3D, 0xFE, 0xF8, 0xFC, 0x78, 0xFF, 0xFC, 0x78, 0xFF, 0xF8, 0x78, 0xFF,
    0xE0, 0x78, 0xF8, 0x00, 0x78, 0xF8, 0x00, 0x78, 0xF8, 0x00, 0x78, 0xF8, 0x00, 0x7E, 0xF8, 0x00,
    0x7F, 0xF8, 0x00, 0x3F, 0x00, 0x00, 0x04, 0x7F, 0x80, 0x00, 0x0F, 0xFF, 0x00, 0x00, 0xFF, 0xF8,
    0x00, 0x0F, 0xFF, 0xC0, 0x00, 0xF8, 0x7C, 0x00, 0x0F, 0x83, 0xE3, 0xF0, 0xF8, 0x3E, 0x7F, 0xCF,
    0x83, 0xEF, 0xFE, 0xF8, 0x7D, 0xF3, 0xEF, 0xFF, 0xDF, 0x1E, 0xFF, 0xF9, 0xFC, 0x0F, 0xFF, 0x0F,
    0xF8, 0xFF, 0xF0, 0x7F, 0xEF, 0x9F, 0x01, 0xFE, 0xF8, 0xF8, 0x21, 0xFF, 0x8F, 0x9E, 0x1F, 0xF8,
    0x7D, 0xFF, 0xEF, 0x83, 0xCF, 0xFE, 0xF8, 0x3E, 0x7F, 0xC0, 0x00, 0x00, 0xE0, 0x70, 0x1E, 0x03,
    0xBC, 0x0F, 0x03, 0xDE, 0x0F, 0x81, 0xEF, 0x07, 0xE1, 0xF7, 0xC3, 0xF0, 0xF1, 0xE3, 0xF8, 0x79,
    0xFF, 0xFF, 0xFE, 0xFF, 0xFF, 0xFF, 0x1E, 0x7F, 0x9E, 0x3F, 0xFF, 0xFF, 0xDF, 0xFF, 0xFF, 0xEF,
    0xFF, 0xFF, 0xF0, 0xFF, 0x3F, 0xC0, 0x7F, 0x1F, 0xE0, 0x3F, 0x87, 0xF0, 0x1F, 0xC3, 0xF0, 0x07,
    0xE1, 0xF8, 0x03, 0xE0, 0x7C, 0x01, 0xF0, 0x3E, 0x00, 0xFF, 0xF8, 0xF7, 0xFF, 0xE7, 0xFF, 0xFF,
    0xBF, 0xFF, 0xFD, 0xFF, 0x81, 0xEF, 0xFD, 0xEF, 0x7F, 0xEF, 0x7B, 0xFF, 0x7B, 0xDF, 0xFB, 0xDE,
    0xFF, 0xDE, 0xF7, 0xFE, 0xF0, 0x3D, 0xF7, 0xFF, 0xEF, 0xBF, 0xFF, 0x7D, 0xFF, 0xF0, 0x00, 0x1C,
    0x01, 0xFF, 0x03, 0xFF, 0x03, 0xFF, 0x00, 0x3C, 0x0F, 0xBC, 0x1F, 0xFC, 0x3F, 0xFC, 0x7F, 0xFC,
    0x7C, 0x7C, 0x78, 0x3C, 0x78, 0x3C, 0x78, 0x3C, 0x78, 0x3C, 0x78, 0x3C, 0x7C, 0x7C, 0x7F, 0xFC,
    0x3F, 0xFC, 0x1F, 0xFC, 0x07, 0x00, 0x00, 0x00, 0x7F, 0xFC, 0x7F, 0xFC, 0x7F, 0xFC, 0x00, 0x78,
    0x03, 0xFE, 0x07, 0xFF, 0x0F, 0xFE, 0x0F, 0x8E, 0x1F, 0x00, 0x1F, 0x00, 0x7F, 0xFC, 0xFF, 0xF8,
    0x1E, 0x00, 0x7F, 0xF0, 0x7F, 0xF0, 0xFF, 0xE0, 0x1F, 0x00, 0x1F, 0x00, 0x0F, 0xCE, 0x0F, 0xFE,
    0x07, 0xFF, 0x01, 0xFE, 0x00, 0x70, 0x1E, 0x01, 0xE1, 0xE0, 0x3E, 0x1E, 0x07, 0xC1, 0xE0, 0xFC,
    0x1E, 0x1F, 0x81, 0xE3, 0xF0, 0x1E, 0x7E, 0x07, 0xFF, 0xFC, 0xFF, 0xFF, 0xCF, 0xFF, 0xFC, 0xFF,
    0xFF, 0xC1, 0xFF, 0xC0, 0x1F, 0xFE, 0x01, 0xF3, 0xE0, 0x1E, 0x1F, 0x01, 0xE0, 0xF8, 0x1E, 0x0F,
    0xC1, 0xE0, 0x7C, 0x1E, 0x03, 0xE0, 0x7F, 0xFF, 0xFF, 0xFF, 0xFF, 0xFF, 0xFF, 0xFF, 0x03, 0xE0,
    0x03, 0xE0, 0x03, 0xF8, 0x03, 0xF8, 0x03, 0xF0, 0x0F, 0xE0, 0x0F, 0xF8, 0x0B, 0xF8, 0x07, 0xF0,
    0x0F, 0xE0, 0x0F, 0xE0, 0x03, 0xE0, 0x03, 0xE0, 0x03, 0xE0, 0x03, 0xE0, 0x03, 0xC0, 0x00, 0x00,
    0x00, 0x3C, 0x00, 0x00, 0x00, 0x03, 0xFC, 0x00, 0x00, 0x01, 0xFF, 0xF8, 0x00, 0x00, 0x3F, 0xFF,
    0xC0, 0x00, 0x01, 0xFF, 0xFE, 0x00, 0x00, 0x1B, 0xC3, 0xF0, 0x00, 0x00, 0x3C, 0x1F, 0x03, 0xF0,
    0x03, 0xC0, 0xF8, 0xFF, 0x80, 0x3C, 0x0F, 0x9F, 0xFC, 0x03, 0xC0, 0xF9, 0xFF, 0xE0, 0x3C, 0x0F,
    0xBE, 0x3E, 0x03, 0xC0, 0xFB, 0xC1, 0xE0, 0xFC, 0x0F, 0xBC, 0x1F, 0x3F, 0xC0, 0xFB, 0xC1, 0xF7,
    0xFC, 0x0F, 0xBC, 0x1F, 0x7F, 0xC0, 0xF3, 0xE1, 0xE7, 0x3F, 0x1F, 0x3E, 0x3E, 0x7F, 0xFF, 0xE3,
    0xFF, 0xE7, 0xFF, 0xFC, 0x3F, 0xFC, 0x3F, 0x3F, 0x83, 0xDF, 0x80, 0xC0, 0xE0, 0x3C, 0x60, 0x00,
    0x00, 0x03, 0xC0, 0x00, 0x00, 0x00, 0x3C, 0x00, 0x00, 0x00, 0x03, 0xC0, 0x00, 0x00, 0x00, 0x3C,
    0x00, 0x00, 0x00, 0x00, 0x00, 0x00, 0x1F, 0xC0, 0x0F, 0xFE, 0x03, 0xFF, 0xC0, 0xFF, 0xF8, 0x3E,
    0x3E, 0x1F, 0xFF, 0xE7, 0xFF, 0xF8, 0xF8, 0x7C, 0x7F, 0xFF, 0x9F, 0xFF, 0xE7, 0xFF, 0xF8, 0xFF,
    0xF8, 0x3F, 0xFE, 0x0F, 0xFF, 0x03, 0xFF, 0x00, 0xF8, 0x00, 0x3E, 0x00, 0x0F, 0x80, 0x03, 0xE0,
    0x00, 0x00, 0xC0, 0x00, 0xE0, 0x00, 0xF8, 0x01, 0xFF, 0x01, 0xFF, 0xE1, 0xFF, 0xF1, 0xFF, 0xFC,
    0xFB, 0x9E, 0xF9, 0xCF, 0xFC, 0xE0, 0x3C, 0x70, 0x1E, 0x3F, 0xFF, 0x1F, 0xFF, 0x8F, 0xFF, 0xE7,
    0xFF, 0xF3, 0x9F, 0x7D, 0xCF, 0x3F, 0xFF, 0x8F, 0xFF, 0x83, 0xFF, 0x80, 0xFF, 0x80, 0x0E, 0x00,
    0x07, 0x00, 0x01, 0x80, 0x01, 0xE0, 0x00, 0xFC, 0x00, 0x3F, 0x80, 0x1F, 0xE0, 0x07, 0xF8, 0x01,
    0xFF, 0x00, 0xFF, 0xC0, 0x3E, 0xF0, 0x0F, 0x3E, 0x3F, 0xFF, 0xFF, 0xFF, 0xFC, 0x78, 0x7C, 0x7F,
    0xFF, 0xBF, 0xFF, 0xFF, 0xFF, 0xFD, 0xF0, 0x3E, 0x7C, 0x07, 0xDE, 0x01, 0xFF, 0x80, 0x7C, 0x07,
    0xC0, 0x3F, 0xE0, 0xFF, 0xE3, 0xFF, 0xC7, 0xC7, 0x8F, 0x0F, 0x3F, 0xFF, 0x7F, 0xFF, 0xFF, 0xFF,
    0xFF, 0xFB, 0xFF, 0xFF, 0xFF, 0xFF, 0xFF, 0xEF, 0x80, 0x1E, 0x1F, 0x3E, 0x3E, 0x7F, 0xF8, 0x7F,
    0xF0, 0x7F, 0xC0, 0x3C, 0x00, 0x01, 0xC0, 0x00, 0xE0, 0x00, 0xF8, 0x01, 0xFF, 0x01, 0xFF, 0xE1,
    0xFF, 0xF1, 0xFF, 0xFD, 0xFB, 0x9E, 0xF9, 0xCF, 0xFC, 0xE0, 0x3C, 0x70, 0x1E, 0x38, 0x0F, 0x1C,
    0x07, 0x8E, 0x03, 0xE7, 0x1D, 0xF3, 0x9F, 0x7D, 0xDF, 0x3F, 0xFF, 0x8F, 0xFF, 0x83, 0xFF, 0x80,
    0xFF, 0x80, 0x0E, 0x00, 0x07, 0x00, 0x01, 0x80, 0x7F, 0xFF, 0xFF, 0xFF, 0xFF, 0xFF, 0x7F, 0xFF,
    0x00, 0x00, 0x7F, 0xFF, 0xFF, 0xFF, 0xFF, 0xFF, 0x7F, 0xFF, 0x03, 0xC0, 0x03, 0xC0, 0x03, 0xC0,
    0x03, 0xC0, 0x03, 0xC0, 0x03, 0xC0, 0x03, 0xC0, 0x03, 0xC0, 0x03, 0xC0, 0x03, 0xC0, 0x3F, 0xF9,
    0xFF, 0xF7, 0xFF, 0x9F, 0xFE, 0x03, 0xE1, 0xFF, 0xF7, 0xFF, 0x9F, 0xFE, 0x03, 0xE1, 0xFF, 0x87,
    0xFC, 0x1F, 0xE0, 0x7E, 0x00, 0xF8, 0x01, 0xF0, 0x03, 0xE0, 0x07, 0xC0, 0x0F, 0x80, 0x3E, 0x00,
    0x3C, 0x00, 0xF0, 0x03, 0xD8, 0x0F, 0xE0, 0xFF, 0x83, 0xFC, 0x0F, 0xD8, 0x3F, 0xE0, 0x7F, 0x83,
    0xFC, 0x0F, 0xC3, 0xFF, 0x0F, 0x3C, 0x7C, 0xF1, 0xF3, 0xC7, 0x8F, 0x7E, 0x3F, 0xF0, 0xFF, 0x83,
    0xFC, 0x07, 0x80, 0x03, 0xE0, 0x01, 0xF0, 0x00, 0xF8, 0x00, 0xFE, 0x01, 0xFF, 0x81, 0xFF, 0xF0,
    0xFF, 0xF8, 0xFF, 0xFE, 0x7B, 0xEF, 0x7D, 0xF7, 0xFE, 0xFB, 0xFF, 0x7D, 0xFF, 0x3E, 0xFF, 0x9F,
    0x7C, 0x1F, 0xE0, 0x1F, 0xFE, 0x0F, 0xFF, 0x87, 0xFF, 0xE3, 0xE1, 0xF1, 0xF0, 0x7C, 0xF8, 0x3E,
    0x7C, 0x1F, 0x3E, 0x0F, 0xFF, 0xFF, 0xBF, 0xFF, 0x9F, 0xFF, 0x8F, 0xFF, 0x07, 0xFE, 0x03, 0xFF,
    0x81, 0xFF, 0xC0, 0xFF, 0xE0, 0x1F, 0x00, 0x0F, 0x80, 0x00, 0x03, 0x60, 0x03, 0xB8, 0x01, 0xFC,
    0x01, 0xFF, 0x03, 0xFF, 0xC1, 0xFF, 0xF1, 0xFD, 0xFC, 0xFE, 0xFE, 0xFF, 0x7F, 0x7F, 0xBF, 0xFF,
    0xDF, 0xFF, 0x00, 0x07, 0x80, 0x03, 0xC0, 0x01, 0xF0, 0x00, 0x7C, 0x00, 0xFF, 0xFF, 0xFF, 0xFF,
    0xFF, 0xFF, 0xE0, 0x0D, 0x80, 0x1B, 0x01, 0xFE, 0x07, 0xFF, 0x8F, 0xFF, 0x9F, 0xFF, 0xBE, 0x1F,
    0x7C, 0x1E, 0xF8, 0x3D, 0xF0, 0xFB, 0xFF, 0xE7, 0xFF, 0x8F, 0xFF, 0xDF, 0x1F, 0xBE, 0x0F, 0xFC,
    0x1F, 0xF8, 0x3F, 0xF1, 0xFF, 0xFF, 0xF7, 0xFF, 0xEF, 0xFF, 0x01, 0xB0, 0x03, 0x60, 0x06, 0xC0,
    0x00, 0xC0, 0x00, 0x3C, 0x00, 0x0F, 0x80, 0x03, 0xE0, 0x00, 0xF8, 0x00, 0x3E, 0x00, 0x0F, 0x80,
    0x03, 0xFF, 0xFF, 0xFF, 0xFF, 0xFF, 0xFF, 0xFD, 0xFF, 0xFF, 0x9F, 0x00, 0x01, 0xF0, 0x00, 0x1F,
    0x00, 0x01, 0xF0, 0x00, 0x1F, 0x00, 0x01, 0xE0, 0x00, 0x18, 0x00, 0x00, 0x40, 0x00, 0x1C, 0x00,
    0x07, 0xC0, 0x01, 0xFC, 0x00, 0x7F, 0xC0, 0x1F, 0xFC, 0x07, 0xFF, 0xC1, 0xFF, 0x7C, 0x7D, 0xE7,
    0xDF, 0x3C, 0x79, 0xC7, 0x86, 0x00, 0xF0, 0x00, 0x1E, 0x00, 0x03, 0xC0, 0x00, 0x78, 0x00, 0x0F,
    0x00, 0x01, 0xE0, 0x00, 0x3C, 0x00, 0x07, 0x80, 0x00, 0x00, 0x40, 0x00, 0x1C, 0x00, 0x07, 0xC0,
    0x00, 0x7C, 0x00, 0x07, 0xC0, 0x00, 0x7C, 0x00, 0x07, 0xC7, 0xFF, 0xFC, 0xFF, 0xFF, 0xDF, 0xFF,
    0xFB, 0xFF, 0xFE, 0x00, 0x07, 0x80, 0x03, 0xE0, 0x00, 0xF8, 0x00, 0x3E, 0x00, 0x0F, 0x80, 0x00,
    0xE0, 0x00, 0x08, 0x00, 0x00, 0xE0, 0x00, 0x3C, 0x00, 0x07, 0x80, 0x00, 0xF0, 0x00, 0x1E, 0x00,
    0x03, 0xC0, 0x00, 0x78, 0x00, 0x0F, 0x00, 0x21, 0xE0, 0x8E, 0x3C, 0x3B, 0xE7, 0x8F, 0x3E, 0xF3,
    0xE3, 0xFE, 0xF8, 0x3F, 0xFE, 0x03, 0xFF, 0x80, 0x3F, 0xE0, 0x03, 0xF8, 0x00, 0x3E, 0x00, 0x03,
    0x80, 0x00, 0x00, 0x00, 0x00, 0x00, 0x00, 0x00, 0x0E, 0x00, 0xE0, 0x00, 0xF8, 0x07, 0x80, 0x0F,
    0x80, 0x3E, 0x00, 0xF8, 0x00, 0xF8, 0x0F, 0x80, 0x03, 0xE0, 0xF8, 0x00, 0x0F, 0x8F, 0xFF, 0xFF,
    0xFE, 0xFF, 0xFF, 0xFF, 0xFF, 0xFF, 0xFF, 0xFF, 0xDF, 0xFF, 0xFF, 0xFC, 0x7C, 0x00, 0x07, 0xC1,
    0xF0, 0x00, 0x7C, 0x07, 0xC0, 0x07, 0xC0, 0x1F, 0x00, 0x7C, 0x00, 0x7C, 0x03, 0xC0, 0x01, 0xC0,
    0x1C, 0x00, 0x00, 0x00, 0x00, 0x00, 0x00, 0x00, 0x00, 0xE0, 0x00, 0xF8, 0x00, 0xFE, 0x00, 0xFF,
    0x80, 0xFF, 0xE0, 0xFF, 0xF8, 0xFB, 0xBE, 0xF9, 0xEF, 0xF8, 0xF3, 0xD8, 0x78, 0xC0, 0x3C, 0x00,
    0x1E, 0x00, 0x0F, 0x00, 0x07, 0x80, 0x03, 0xC0, 0x01, 0xE0, 0x00, 0xF0, 0x00, 0x78, 0x0C, 0x3C,
    0x6F, 0x1E, 0x7F, 0xCF, 0x7D, 0xF7, 0x7C, 0x7F, 0xFC, 0x1F, 0xFC, 0x07, 0xFC, 0x01, 0xFC, 0x00,
    0x7C, 0x00, 0x1C, 0x00, 0x00, 0x00, 0x7F, 0xFC, 0xFF, 0xF9, 0xFF, 0xF3, 0xFF, 0xE7, 0xE0, 0x0F,
    0xE0, 0x1F, 0xE0, 0x3B, 0xE0, 0x73, 0xE0, 0xE3, 0xE1, 0xC3, 0xE3, 0x83, 0xE7, 0x03, 0xE0, 0x03,
    0x80, 0x00, 0x00, 0x3F, 0xFE, 0xFF, 0xFD, 0xFF, 0xF9, 0xFF, 0xF0, 0x0F, 0xE0, 0x3F, 0xC0, 0xFF,
    0x83, 0xEF, 0x0F, 0x9E, 0x3E, 0x3C, 0xF8, 0x7B, 0xE0, 0xF7, 0x81, 0xE6, 0x00, 0x00, 0x00, 0x00,
    0x20, 0x00, 0xE0, 0x3B, 0xE0, 0x7B, 0xE0, 0xF3, 0xE1, 0xE3, 0xE3, 0xC3, 0xE7, 0x83, 0xEF, 0x03,
    0xFE, 0x03, 0xFC, 0x03, 0xFB, 0xFF, 0xF7, 0xFF, 0xEF, 0xFF, 0xC0, 0x00, 0x08, 0xE0, 0x39, 0xC0,
    0xFB, 0x83, 0xE7, 0x0F, 0x8E, 0x3E, 0x1C, 0xF8, 0x3B, 0xE0, 0x7F, 0x80, 0xFE, 0x01, 0xF8, 0x03,
    0xFF, 0xE7, 0xFF, 0xCF, 0xFF, 0x80, 0x00, 0x00, 0x78, 0x00, 0x00, 0x3F, 0x00, 0x30, 0x1F, 0xC0,
    0x3C, 0x0F, 0xE0, 0x3E, 0x00, 0x78, 0x3E, 0x00, 0x3C, 0x3E, 0x00, 0x1E, 0x3E, 0x00, 0x0F, 0x3E,
    0x00, 0x0F, 0xBF, 0xFF, 0xFF, 0xBF, 0xFF, 0xFF, 0xDF, 0xFF, 0xFF, 0xC7, 0xFF, 0xFF, 0x81, 0xF0,
    0x00, 0x00, 0x7C, 0x00, 0x00, 0x1F, 0x00, 0x00, 0x07, 0xC0, 0x00, 0x01, 0xF0, 0x00, 0x00, 0x78,
    0x00, 0x00, 0x18, 0x00, 0x00, 0x0F, 0x00, 0x00, 0x1F, 0x80, 0x00, 0x1F, 0xC0, 0x40, 0x1F, 0xC0,
    0x70, 0x0F, 0x00, 0x7C, 0x07, 0x80, 0x1F, 0x03, 0xC0, 0x07, 0xC1, 0xE0, 0x01, 0xF0, 0xF0, 0x00,
    0x7C, 0x3F, 0xFF, 0xFF, 0x1F, 0xFF, 0xFF, 0xC7, 0xFF, 0xFF, 0xE0, 0xFF, 0xFF, 0xE0, 0x00, 0x01,
    0xE0, 0x00, 0x03, 0xE0, 0x00, 0x03, 0xE0, 0x00, 0x03, 0xE0, 0x00, 0x03, 0xE0, 0x00, 0x00, 0xE0,
    0x00, 0x00, 0x20, 0x00, 0x02, 0x00, 0x00, 0x30, 0x00, 0x03, 0x80, 0x00, 0x3C, 0x00, 0x03, 0xFF,
    0xFF, 0xBF, 0xFF, 0xFF, 0xFF, 0xFF, 0xEF, 0xFF, 0xFF, 0x3E, 0x00, 0x78, 0xF0, 0x03, 0xC3, 0x80,
    0x1E, 0x0C, 0x00, 0xF0, 0x00, 0x07, 0x80, 0x00, 0x3C, 0x00, 0x01, 0xE0, 0x00, 0x0F, 0x00, 0x00,
    0x78, 0x00, 0x03, 0xC0, 0x00, 0x1E, 0x00, 0x02, 0x00, 0x00, 0x18, 0x00, 0x00, 0xE0, 0x00, 0x07,
    0xCF, 0xFF, 0xFF, 0x7F, 0xFF, 0xFF, 0xFF, 0xFF, 0xFF, 0xFF, 0xFE, 0xF0, 0x03, 0xE7, 0x80, 0x1E,
    0x3C, 0x00, 0xE1, 0xE0, 0x06, 0x0F, 0x00, 0x00, 0x78, 0x00, 0x03, 0xC0, 0x00, 0x1E, 0x00, 0x00,
    0xF0, 0x00, 0x07, 0x80, 0x00, 0x3C, 0x00, 0x00, 0x00, 0x3C, 0x00, 0xF0, 0x03, 0xC0, 0x0F, 0x00,
    0x3C, 0x08, 0xF0, 0x73, 0xC3, 0xEF, 0x1F, 0x3C, 0xF8, 0xF7, 0xFF, 0xFF, 0xFF, 0x7F, 0xFC, 0xF8,
    0x01, 0xF0, 0x03, 0xE0, 0x07, 0x00, 0x60, 0x00, 0x07, 0x80, 0x00, 0x3C, 0x00, 0x01, 0xE0, 0x00,
    0x0F, 0x00, 0x00, 0x78, 0x01, 0x83, 0xC0, 0x0E, 0x1E, 0x00, 0x78, 0xF0, 0x03, 0xE7, 0xFF, 0xFF,
    0xBF, 0xFF, 0xFF, 0xFF, 0xFF, 0xFF, 0xFF, 0xFF, 0x00, 0x01, 0xF0, 0x00, 0x0F, 0x00, 0x00, 0x70,
    0x00, 0x03, 0x00, 0x00, 0x00, 0x00, 0x7F, 0xF8, 0x3F, 0xFF, 0x0F, 0xFF, 0xC3, 0xFF, 0xF0, 0x00,
    0x3C, 0x00, 0x0F, 0x00, 0x03, 0xC0, 0x00, 0xF0, 0x00, 0x3C, 0x00, 0x0F, 0x00, 0x03, 0xC0, 0x00,
    0xF0, 0x00, 0x3C, 0x00, 0xFF, 0xF0, 0x1F, 0xF8, 0x03, 0xFC, 0x00, 0x7E, 0x00, 0x0F, 0x00, 0x01,
    0x80, 0x00, 0x00, 0x00, 0x00, 0x38, 0x00, 0x03, 0xC0, 0x00, 0x1E, 0x00, 0x00, 0xF0, 0x00, 0x07,
    0x81, 0x00, 0x3C, 0x18, 0x01, 0xE3, 0xC0, 0x0F, 0x3E, 0x00, 0x7B, 0xFF, 0xFF, 0xFF, 0xFF, 0xFF,
    0xFF, 0xFF, 0xF7, 0xFF, 0xFF, 0x9F, 0x00, 0x00, 0x78, 0x00, 0x01, 0xC0, 0x00, 0x06, 0x00, 0x00,
    0x00, 0x00, 0x00, 0x00, 0x7F, 0xC0, 0x03, 0xFF, 0x80, 0x1F, 0xFF, 0x00, 0xFC, 0x7E, 0x03, 0xC0,
    0x78, 0x1E, 0x00, 0xF0, 0x78, 0x03, 0xC1, 0xE0, 0x0F, 0x37, 0xA0, 0x01, 0xFF, 0xC0, 0x07, 0xFF,
    0x80, 0x0F, 0xFC, 0x00, 0x1F, 0xE0, 0x00, 0x3F, 0x00, 0x00, 0x78, 0x00, 0x00, 0xC0, 0x00, 0x07,
    0xF8, 0x00, 0x7F, 0xF8, 0x03, 0xFF, 0xF0, 0x1F, 0xCF, 0xC0, 0x7C, 0x0F, 0x81, 0xE0, 0x1E, 0x0F,
    0x00, 0x3C, 0x3C, 0x00, 0xF0, 0x00, 0x1B, 0xD8, 0x00, 0xFF, 0xF0, 0x03, 0xFF, 0xC0, 0x07, 0xFE,
    0x00, 0x0F, 0xF0, 0x00, 0x1F, 0x80, 0x00, 0x3C, 0x00, 0x00, 0x60, 0x00, 0x00, 0x00, 0x0C, 0x00,
    0x03, 0x80, 0x00, 0xF0, 0x00, 0x3E, 0x00, 0x0F, 0xF8, 0x03, 0xFF, 0xC0, 0x3F, 0xFC, 0x03, 0xEF,
    0xC0, 0x3C, 0x78, 0x03, 0x87, 0x80, 0x30, 0xF0, 0x00, 0x1E, 0x00, 0x01, 0xFC, 0x00, 0x3B, 0x80,
    0x0F, 0x78, 0x01, 0xEF, 0x00, 0x7C, 0xF0, 0x1F, 0x1F, 0x8F, 0xC1, 0xFF, 0xF8, 0x1F, 0xFC, 0x00,
    0xFF, 0x00, 0x00, 0x40, 0x00, 0x0C, 0x00, 0x01, 0xC0, 0x00, 0x3C, 0x00, 0x07, 0xC0, 0x07, 0xFC,
    0x03, 0xFF, 0xC0, 0xFF, 0xF0, 0x3F, 0x7C, 0x07, 0x8F, 0x01, 0xE1, 0xC0, 0x3C, 0x30, 0x07, 0x00,
    0x01, 0xE0, 0x00, 0x3C, 0x00, 0x3B, 0x80, 0x0F, 0x78, 0x01, 0xEF, 0x00, 0x7C, 0xF0, 0x1F, 0x1F,
    0x8F, 0xC1, 0xFF, 0xF8, 0x1F, 0xFC, 0x00, 0xFF, 0x00, 0x00, 0x08, 0x00, 0x03, 0x80, 0x00, 0xF8,
    0x00, 0x0F, 0x80, 0x00, 0xF9, 0xFF, 0xFF, 0xBF, 0xFF, 0xF7, 0xFF, 0xFE, 0x02, 0x0F, 0x80, 0xE3,
    0xE0, 0x3C, 0xF8, 0x0F, 0x8E, 0x03, 0xE0, 0x80, 0xFF, 0xFF, 0xFF, 0xFF, 0xFB, 0xFF, 0xFF, 0x3E,
    0x00, 0x03, 0xE0, 0x00, 0x3C, 0x00, 0x03, 0x80, 0x00, 0x20, 0x00, 0x02, 0x00, 0x00, 0xE0, 0x00,
    0x3C, 0x00, 0x0F, 0x80, 0x03, 0xE0, 0x00, 0xFF, 0xFF, 0xFF, 0xFF, 0xFB, 0xFF, 0xFF, 0x3E, 0x08,
    0x03, 0xE3, 0x80, 0x3C, 0xF8, 0x03, 0x8F, 0x80, 0x20, 0xF9, 0xFF, 0xFF, 0xBF, 0xFF, 0xF7, 0xFF,
    0xFE, 0x00, 0x0F, 0x80, 0x03, 0xE0, 0x00, 0xF8, 0x00, 0x0E, 0x00, 0x00, 0x80, 0x00, 0xC0, 0x00,
    0x3C, 0x00, 0x0F, 0x80, 0x03, 0xE0, 0x00, 0xF8, 0x00, 0x3F, 0xFF, 0xCF, 0xFF, 0xFB, 0xFF, 0xFF,
    0xFC, 0x00, 0x1F, 0x00, 0x01, 0xFF, 0xFF, 0x9F, 0xFF, 0xF1, 0xFF, 0xFE, 0x1F, 0x00, 0x01, 0xF0,
    0x00, 0x1F, 0x00, 0x01, 0xE0, 0x00, 0x18, 0x00, 0x00, 0x40, 0x00, 0x1C, 0x00, 0x07, 0xC0, 0x00,
    0x7C, 0x00, 0x07, 0xC1, 0xFF, 0xFC, 0x3F, 0xFF, 0xC7, 0xFF, 0xFC, 0x00, 0x07, 0xC0, 0x00, 0xFB,
    0xFF, 0xFE, 0x7F, 0xFF, 0x8F, 0xFF, 0xE0, 0x00, 0xF8, 0x00, 0x3E, 0x00, 0x0F, 0x80, 0x00, 0xE0,
    0x00, 0x08, 0x00, 0x00, 0xC0, 0x18, 0x00, 0x0F, 0x01, 0xE0, 0x00, 0xF8, 0x0F, 0x80, 0x0F, 0x80,
    0x3E, 0x00, 0xF8, 0x00, 0xF8, 0x0F, 0xFF, 0xFF, 0xE0, 0xFF, 0xFF, 0xFF, 0x8F, 0xFF, 0xFF, 0xFE,
    0xFC, 0x00, 0x00, 0xFF, 0xC0, 0x00, 0x07, 0xDF, 0xFF, 0xFF, 0xFC, 0x7F, 0xFF, 0xFF, 0xC1, 0xFF,
    0xFF, 0xFC, 0x07, 0xC0, 0x07, 0xC0, 0x1F, 0x00, 0x7C, 0x00, 0x7C, 0x07, 0xC0, 0x01, 0xE0, 0x3C,
    0x00, 0x06, 0x00, 0xC0, 0x00, 0x03, 0x00, 0x3C, 0x03, 0xF0, 0x3F, 0xC3, 0xFF, 0x3F, 0xFD, 0xFF,
    0xC0, 0xF0, 0x3F, 0xE1, 0xFF, 0x0F, 0xF8, 0x0F, 0x01, 0xFE, 0x1F, 0xF0, 0xFF, 0x87, 0xFC, 0x07,
    0x80, 0x3C, 0x01, 0xE0, 0x07, 0x00, 0x3C, 0x01, 0xE0, 0x0F, 0x03, 0xFE, 0x1F, 0xF0, 0xFF, 0x80,
    0xF0, 0x3F, 0xE1, 0xFF, 0x0F, 0xF8, 0x3F, 0xC0, 0x78, 0x3F, 0xFD, 0xFF, 0xC7, 0xFC, 0x1F, 0xC0,
    0x7C, 0x01, 0xC0, 0x04, 0x00, 0x00, 0x00, 0x03, 0x80, 0x80, 0x0E, 0x06, 0x00, 0x38, 0x38, 0x00,
    0xE1, 0xE0, 0x03, 0x8F, 0xFF, 0xFE, 0x7F, 0xFF, 0xF9, 0xFF, 0xFF, 0xE3, 0xFF, 0xFF, 0x87, 0x80,
    0x0E, 0x0E, 0x00, 0x38, 0x18, 0x00, 0xE0, 0x20, 0x00, 0x00, 0x00, 0x00, 0x00, 0x40, 0x70, 0x01,
    0x81, 0xC0, 0x07, 0x07, 0x00, 0x1E, 0x1F, 0xFF, 0xFC, 0x7F, 0xFF, 0xF9, 0xFF, 0xFF, 0xE7, 0xFF,
    0xFF, 0x1C, 0x00, 0x78, 0x70, 0x01, 0xC1, 0xC0, 0x06, 0x07, 0x00, 0x10, 0x1C, 0x00, 0x08, 0x00,
    0x00, 0x0E, 0x00, 0x00, 0x0F, 0x80, 0x00, 0x0F, 0xE0, 0x00, 0x0F, 0xF8, 0x00, 0x0F, 0x9E, 0x00,
    0x0F, 0x87, 0x80, 0x0F, 0x81, 0xE0, 0x0F, 0x80, 0x78, 0x0F, 0x80, 0x1E, 0x0F, 0xF0, 0x7F, 0x8F,
    0xF8, 0x3F, 0xE7, 0xFC, 0x1F, 0xF0, 0x1E, 0x0F, 0x00, 0x0F, 0x07, 0x80, 0x07, 0x83, 0xC0, 0x03,
    0xC1, 0xE0, 0x01, 0xFF, 0xF0, 0x00, 0xFF, 0xF8, 0x00, 0x7F, 0xFC, 0x00, 0x00, 0x08, 0x00, 0x00,
    0x0E, 0x00, 0x00, 0x0F, 0x80, 0x00, 0x0F, 0xE0, 0x00, 0x0F, 0xF8, 0x00, 0x0F, 0x9E, 0x00, 0x0F,
    0x87, 0x80, 0x0F, 0x81, 0xE0, 0x0F, 0x80, 0x78, 0x0F, 0x80, 0x1E, 0x0F, 0xF0, 0x7F, 0x8F, 0xF8,
    0x3F, 0xE7, 0xFC, 0x1F, 0xF0, 0x1E, 0x0F, 0x00, 0x0F, 0xFF, 0x80, 0x07, 0xFF, 0xC0, 0x03, 0xFF,
    0xE0, 0x00, 0x00, 0x00, 0x00, 0x7F, 0xF8, 0x00, 0x7F, 0xFC, 0x00, 0x3F, 0xFE, 0x00, 0x1E, 0x0F,
    0x00, 0x0F, 0xFF, 0x80, 0x07, 0xFF, 0xC0, 0x03, 0xFF, 0xE0, 0x00, 0x0F, 0x80, 0xFF, 0x83, 0xFF,
    0x07, 0xFC, 0x00, 0xF8, 0x01, 0xE0, 0xFB, 0xC7, 0xFF, 0x3F, 0xFD, 0xFF, 0xF7, 0x87, 0xDE, 0x0F,
    0x78, 0x3D, 0xE0, 0xF7, 0x87, 0xDF, 0x1E, 0x3F, 0xF8, 0xFF, 0xC1, 0xFE, 0x00, 0xE0, 0x00, 0x00,
    0x1F, 0xCC, 0x7F, 0xF9, 0xFF, 0xE7, 0xFF, 0xCF, 0x8F, 0xBE, 0x3F, 0xF8, 0xEF, 0xF3, 0x9F, 0xFE,
    0x3D, 0xF8, 0xFB, 0xFF, 0xE3, 0xFF, 0xCF, 0xFF, 0x3B, 0xF8, 0x61, 0xC0, 0x01, 0xE0, 0x00, 0xFC,
    0x00, 0x3F, 0x80, 0x1F, 0xE0, 0x07, 0xF8, 0x01, 0xFF, 0x00, 0xFF, 0xC0, 0x3E, 0xF0, 0x0F, 0x3E,
    0x07, 0xCF, 0x81, 0xF1, 0xE0, 0x78, 0x7C, 0x3E, 0x1F, 0x0F, 0x83, 0xC3, 0xC0, 0xF9, 0xF0, 0x3E,
    0x7F, 0xFF, 0x9F, 0xFF, 0xFF, 0xFF, 0xFC, 0x7F, 0xFD, 0xFF, 0xFF, 0xFF, 0xFF, 0xFF, 0xFF, 0x83,
    0xFF, 0x07, 0xFE, 0x0F, 0xFC, 0x1F, 0xF8, 0x3F, 0xF0, 0x7F, 0xE0, 0xFF, 0xC1, 0xFF, 0x83, 0xFF,
    0x07, 0xFE, 0x0F, 0xFC, 0x1F, 0xF8, 0x3F, 0xF0, 0x7F, 0xE0, 0xFF, 0xC1, 0xFF, 0x83, 0xFF, 0x07,
    0xDC, 0x07, 0x00, 0x7F, 0xFE, 0xFF, 0xFF, 0xFF, 0xFF, 0x7F, 0xFE, 0x3E, 0x00, 0x1F, 0x00, 0x1F,
    0x80, 0x0F, 0x80, 0x07, 0xC0, 0x03, 0xE0, 0x01, 0xF0, 0x01, 0xF0, 0x01, 0xF0, 0x03, 0xE0, 0x07,
    0xC0, 0x0F, 0x80, 0x0F, 0x80, 0x1F, 0x00, 0x3E, 0x00, 0x7F, 0xFF, 0xFF, 0xFF, 0xFF, 0xFF, 0x7F,
    0xFF, 0xFF, 0xFF, 0xFF, 0xFF, 0xFF, 0xFF, 0xF0, 0x00, 0x07, 0x80, 0x07, 0x80, 0x03, 0x80, 0x03,
    0xC0, 0x03, 0xC0, 0x03, 0xC0, 0x01, 0xC0, 0x01, 0xC0, 0x01, 0xE0, 0x01, 0xE0, 0x01, 0xE0, 0x00,
    0xE0, 0x00, 0xF0, 0x00, 0xF0, 0x00, 0xF0, 0x00, 0x70, 0x00, 0x70, 0x00, 0x00, 0x00, 0x1C, 0x00,
    0x38, 0x00, 0xF0, 0x01, 0xE0, 0x03, 0x80, 0x07, 0x00, 0x1E, 0x00, 0x3C, 0x00, 0x70, 0xF1, 0xE3,
    0xF3, 0xC7, 0xE7, 0x0F, 0xEE, 0x03, 0xFC, 0x03, 0xF8, 0x07, 0xE0, 0x0F, 0xC0, 0x0F, 0x80, 0x1E,
    0x00, 0x03, 0x00, 0x60, 0x1F, 0xC3, 0xF8, 0x3F, 0xF7, 0xFC, 0x7F, 0xFF, 0xFE, 0x7D, 0xFF, 0x9E,
    0x78, 0x7E, 0x0F, 0x78, 0x3E, 0x0F, 0x78, 0xFF, 0x1F, 0x7F, 0xFF, 0xFE, 0x3F, 0xFF, 0xFE, 0x3F,
    0xE7, 0xFC, 0x0F, 0x81, 0xF0, 0x03, 0xC1, 0xFC, 0x3F, 0x0F, 0xE1, 0xE0, 0x3C, 0x07, 0x80, 0xF0,
    0x1E, 0x03, 0xC0, 0x78, 0x0F, 0x01, 0xE0, 0x3C, 0x07, 0x80, 0xF0, 0x1E, 0x03, 0xC0, 0x78, 0x0F,
    0x01, 0xE0, 0x3C, 0x0F, 0x87, 0xF0, 0xFC, 0x1F, 0x00, 0x79, 0xEF, 0x9E, 0x30, 0x00, 0x00, 0x01,
    0xE7, 0xBE, 0x78, 0xC0, 0x3E, 0x1D, 0xFC, 0x77, 0xFF, 0xDF, 0xFF, 0x71, 0xF8, 0x03, 0xC3, 0xE1,
    0xDF, 0xE7, 0x7F, 0xFD, 0xEF, 0xF7, 0x1F, 0x80, 0x18, 0x00, 0xE0, 0x0F, 0x00, 0x71, 0xFF, 0xFF,
    0xFF, 0xFF, 0xFF, 0xFF, 0xE0, 0xE0, 0x0F, 0x07, 0xFF, 0xFF, 0xFF, 0xFF, 0xFF, 0xFF, 0x1E, 0x00,
    0xF0, 0x00, 0x00, 0x08, 0x07, 0xC3, 0xFE, 0xFF, 0xFF, 0xFC, 0x7E, 0x03, 0xFF, 0x0F, 0xFF, 0x0F,
    0xF8, 0x07, 0xC0, 0x07, 0xFF, 0xFF, 0xFF, 0xFF, 0xFF, 0xFF, 0xE0, 0x80, 0x07, 0xC0, 0x3F, 0xE1,
    0xFF, 0xE1, 0xFF, 0x80, 0xFC, 0x7F, 0xFF, 0xFE, 0xFF, 0x87, 0xC0, 0x20, 0x01, 0xFF, 0xFF, 0xFF,
    0xFF, 0xFF, 0xFF, 0xE0, 0x00, 0x00, 0xE0, 0x00, 0x00, 0x03, 0xFF, 0xC0, 0x00, 0x01, 0xFF, 0xFF,
    0x00, 0x00, 0x7F, 0xFF, 0xF0, 0x00, 0x3F, 0x80, 0x3F, 0x80, 0x0F, 0xC0, 0x01, 0xF8, 0x03, 0xE0,
    0x00, 0x0F, 0x80, 0xF8, 0x00, 0x00, 0xF0, 0x1E, 0x00, 0x00, 0x0F, 0x07, 0x80, 0x1C, 0x00, 0xF0,
    0xE0, 0x07, 0x80, 0x1E, 0x3C, 0x00, 0xF0, 0x01, 0xE7, 0x00, 0x1E, 0x00, 0x3D, 0xE0, 0x03, 0xC0,
    0x03, 0xBC, 0x00, 0x78, 0x00, 0x77, 0x80, 0x0F, 0x00, 0x0F, 0xE0, 0x7F, 0xFF, 0xC1, 0xFC, 0x0F,
    0xFF, 0xF8, 0x3F, 0x81, 0xFF, 0xFF, 0x07, 0xF0, 0x3F, 0xFF, 0xE0, 0xFF, 0x00, 0x1E, 0x00, 0x1F,
    0xE0, 0x03, 0xC0, 0x03, 0x9C, 0x00, 0x78, 0x00, 0x73, 0xC0, 0x0F, 0x00, 0x1E, 0x78, 0x01, 0xE0,
    0x03, 0xC7, 0x80, 0x3C, 0x00, 0xF0, 0xF0, 0x03, 0x80, 0x3E, 0x0F, 0x00, 0x00, 0x07, 0x80, 0xF0,
    0x00, 0x01, 0xE0, 0x1F, 0x00, 0x00, 0xF8, 0x01, 0xF8, 0x00, 0x3E, 0x00, 0x1F, 0xE0, 0x3F, 0x80,
    0x00, 0xFF, 0xFF, 0xE0, 0x00, 0x07, 0xFF, 0xF0, 0x00, 0x00, 0x3F, 0xF8, 0x00, 0x00, 0x00, 0x00,
    0xE0, 0x00, 0x00, 0x03, 0xFF, 0xC0, 0x00, 0x01, 0xFF, 0xFF, 0x00, 0x00, 0x7F, 0xFF, 0xF0, 0x00,
    0x3F, 0x80, 0x3F, 0x80, 0x0F, 0xC0, 0x01, 0xF8, 0x03, 0xE0, 0x00, 0x0F, 0x80, 0xF8, 0x00, 0x00,
    0xF0, 0x1E, 0x00, 0x00, 0x0F, 0x07, 0x80, 0x00, 0x00, 0xF0, 0xE0, 0x00, 0x00, 0x1E, 0x3C, 0x00,
    0x00, 0x01, 0xE7, 0x00, 0x00, 0x00, 0x3D, 0xE0, 0x00, 0x00, 0x03, 0xBC, 0x00, 0x00, 0x00, 0x77,
    0x80, 0x00, 0x00, 0x0F, 0xE0, 0x1F, 0xFF, 0x01, 0xFC, 0x03, 0xFF, 0xE0, 0x3F, 0x80, 0x7F, 0xFC,
    0x07, 0xF0, 0x0F, 0xFF, 0x80, 0xFF, 0x00, 0x00, 0x00, 0x1F, 0xE0, 0x00, 0x00, 0x03, 0x9C, 0x00,
    0x00, 0x00, 0x73, 0xC0, 0x00, 0x00, 0x1E, 0x78, 0x00, 0x00, 0x03, 0xC7, 0x80, 0x00, 0x00, 0xF0,
    0xF0, 0x00, 0x00, 0x3E, 0x0F, 0x00, 0x00, 0x07, 0x80, 0xF0, 0x00, 0x01, 0xE0, 0x1F, 0x00, 0x00,
    0xF8, 0x01, 0xF8, 0x00, 0x3E, 0x00, 0x1F, 0xE0, 0x3F, 0x80, 0x00, 0xFF, 0xFF, 0xE0, 0x00, 0x07,
    0xFF, 0xF0, 0x00, 0x00, 0x3F, 0xF8, 0x00, 0x00, 0x00, 0x00, 0xE0, 0x00, 0x00, 0x03, 0xFF, 0xC0,
    0x00, 0x01, 0xFF, 0xFF, 0x00, 0x00, 0x7F, 0xFF, 0xF0, 0x00, 0x3F, 0x80, 0x3F, 0x80, 0x0F, 0xC0,
    0x01, 0xF8, 0x03, 0xE0, 0x00, 0x0F, 0x80, 0xF8, 0x00, 0x00, 0xF0, 0x1E, 0x00, 0x00, 0x0F, 0x07,
    0x80, 0x00, 0x00, 0xF0, 0xE0, 0x00, 0x00, 0x1E, 0x3C, 0x02, 0x02, 0x01, 0xE7, 0x00, 0xE0, 0xE0,
    0x3D, 0xE0, 0x3E, 0x3E, 0x03, 0xBC, 0x07, 0xEF, 0x80, 0x77, 0x80, 0x7F, 0xE0, 0x0F, 0xE0, 0x07,
    0xF8, 0x01, 0xFC, 0x00, 0x7E, 0x00, 0x3F, 0x80, 0x0F, 0xE0, 0x07, 0xF0, 0x03, 0xFE, 0x00, 0xFF,
    0x00, 0xFF, 0xE0, 0x1F, 0xE0, 0x3E, 0x7E, 0x03, 0x9C, 0x07, 0x87, 0xC0, 0x73, 0xC0, 0x60, 0x70,
    0x1E, 0x78, 0x00, 0x00, 0x03, 0xC7, 0x80, 0x00, 0x00, 0xF0, 0xF0, 0x00, 0x00, 0x3E, 0x0F, 0x00,
    0x00, 0x07, 0x80, 0xF0, 0x00, 0x01, 0xE0, 0x1F, 0x00, 0x00, 0xF8, 0x01, 0xF8, 0x00, 0x3E, 0x00,
    0x1F, 0xE0, 0x3F, 0x80, 0x00, 0xFF, 0xFF, 0xE0, 0x00, 0x07, 0xFF, 0xF0, 0x00, 0x00, 0x3F, 0xF8,
    0x00, 0x00, 0x00, 0x00, 0xE0, 0x00, 0x00, 0x03, 0xFF, 0xC0, 0x00, 0x01, 0xFF, 0xFF, 0x00, 0x00,
    0x7F, 0xFF, 0xF0, 0x00, 0x3F, 0x80, 0x3F, 0x80, 0x0F, 0xC0, 0x01, 0xF8, 0x03, 0xE0, 0x00, 0x0F,
    0x80, 0xF8, 0x00, 0x00, 0xF0, 0x1E, 0x00, 0x00, 0x0F, 0x07, 0x80, 0x00, 0x00, 0xF0, 0xE0, 0x00,
    0x18, 0x1E, 0x3C, 0x00, 0x07, 0x81, 0xE7, 0x00, 0x01, 0xF0, 0x3D, 0xE0, 0x00, 0x3E, 0x03, 0xBC,
    0x00, 0x0F, 0x80, 0x77, 0x80, 0x03, 0xE0, 0x0F, 0xE0, 0x00, 0xF8, 0x01, 0xFC, 0x00, 0x3E, 0x00,
    0x3F, 0x80, 0x0F, 0x80, 0x07, 0xF0, 0x03, 0xF0, 0x00, 0xFF, 0x00, 0x7C, 0x00, 0x1F, 0xE0, 0x1F,
    0x00, 0x03, 0x9C, 0x07, 0xC0, 0x00, 0x73, 0xC1, 0xF0, 0x00, 0x1E, 0x78, 0x1C, 0x00, 0x03, 0xC7,
    0x81, 0x80, 0x00, 0xF0, 0xF0, 0x00, 0x00, 0x3E, 0x0F, 0x00, 0x00, 0x07, 0x80, 0xF0, 0x00, 0x01,
    0xE0, 0x1F, 0x00, 0x00, 0xF8, 0x01, 0xF8, 0x00, 0x3E, 0x00, 0x1F, 0xE0, 0x3F, 0x80, 0x00, 0xFF,
    0xFF, 0xE0, 0x00, 0x07, 0xFF, 0xF0, 0x00, 0x00, 0x3F, 0xF8, 0x00, 0x00, 0x0F, 0x9E, 0x3F, 0x7C,
    0xFE, 0xF9, 0xE1, 0xF3, 0xC1, 0xE7, 0x80, 0x3F, 0xFF, 0xFF, 0xFF, 0xFF, 0xFE, 0x78, 0x7C, 0xF0,
    0xF9, 0xE1, 0xF3, 0xC3, 0xE7, 0x87, 0xCF, 0x0F, 0x9E, 0x1F, 0x3C, 0x3E, 0x78, 0x7C, 0xF0, 0xF8,
    0x0F, 0xBE, 0x0F, 0xDF, 0x0F, 0xEF, 0x87, 0x87, 0xC3, 0xC3, 0xE1, 0xE1, 0xF3, 0xFE, 0xF9, 0xFF,
    0x7C, 0xFF, 0xBE, 0x1E, 0x1F, 0x0F, 0x0F, 0x87, 0x87, 0xC3, 0xC3, 0xE1, 0xE1, 0xF0, 0xF0, 0xF8,
    0x78, 0x7C, 0x3C, 0x1F, 0x1E, 0x0F, 0x8F, 0x03, 0xC0, 0x00, 0x00, 0x00, 0x00, 0x00, 0x07, 0x9C,
    0x00, 0x03, 0xCF, 0x00, 0x01, 0xE7, 0x80, 0x00, 0xF3, 0xC0, 0x00, 0x7F, 0xE0, 0x00, 0x3F, 0xF0,
    0x00, 0x1F, 0x7F, 0x00, 0xFF, 0x3F, 0xFF, 0xFF, 0x8F, 0xFF, 0xFF, 0x83, 0xFF, 0xFF, 0x00, 0x3F,
    0xFC, 0x00, 0x00, 0x00, 0x00, 0x01, 0xDC, 0x00, 0x00, 0xEE, 0x00, 0x00, 0x77, 0x00, 0x00, 0x1F,
    0x00, 0x00, 0x07, 0x00, 0x00, 0x03, 0x80, 0x00, 0x01, 0x80, 0x00, 0x70, 0x00, 0x00, 0x00, 0xF0,
    0x00, 0x00, 0x01, 0xE0, 0x00, 0x0E, 0x03, 0xC0, 0x00, 0x3E, 0x0F, 0x80, 0x00, 0xFC, 0x1F, 0x00,
    0x03, 0xF8, 0x1F, 0xC0, 0xFF, 0xFF, 0x3F, 0xFF, 0xFF, 0xFF, 0x3F, 0xFF, 0xFD, 0xFE, 0x3F, 0xFF,
    0xE1, 0xFC, 0x0F, 0xFC, 0x00, 0x00, 0x00, 0x00, 0x00, 0x00, 0x07, 0x60, 0x00, 0x00, 0x0F, 0xE0,
    0x00, 0x00, 0x1D, 0xC0, 0x00, 0x00, 0x1F, 0x00, 0x00, 0x00, 0x1C, 0x00, 0x00, 0x00, 0x38, 0x00,
    0x00, 0x00, 0x60, 0x00, 0x00, 0x0E, 0x3E, 0x1E, 0x1E, 0x1F, 0x1F, 0x0F, 0x1F, 0xFF, 0xFE, 0xFE,
    0xF8, 0x00, 0x00, 0x6E, 0xFE, 0xFE, 0x7C, 0x38, 0x38, 0x18, 0x0E, 0x00, 0x78, 0x07, 0xC0, 0x3E,
    0x01, 0xF0, 0x7F, 0xFB, 0xFF, 0xDF, 0xFF, 0xF3, 0xF0, 0x00, 0x00, 0x00, 0xEE, 0x07, 0xF0, 0x3B,
    0x80, 0xF8, 0x03, 0x80, 0x1C, 0x00, 0x60, 0x00, 0x00, 0x30, 0x00, 0x00, 0x18, 0x00, 0x00, 0x0F,
    0xC0, 0x00, 0x07, 0xE0, 0x00, 0x03, 0xB0, 0x00, 0x03, 0xF8, 0x00, 0x01, 0xF8, 0x00, 0x00, 0x00,
    0x1E, 0x70, 0x00, 0x0F, 0x3C, 0x00, 0x07, 0x9E, 0x00, 0x03, 0xCF, 0x00, 0x01, 0xFF, 0x80, 0x00,
    0xFF, 0xC0, 0x00, 0x7D, 0xFC, 0x03, 0xFC, 0xFF, 0xFF, 0xFE, 0x3F, 0xFF, 0xFE, 0x0F, 0xFF, 0xFC,
    0x00, 0xFF, 0xF0, 0x00, 0x00, 0x38, 0x00, 0x00, 0x00, 0x70, 0x00, 0x00, 0x00, 0xFC, 0x00, 0x00,
    0x00, 0xFC, 0x00, 0x00, 0x03, 0xB8, 0x00, 0x00, 0x0F, 0xF0, 0x00, 0x00, 0x1F, 0xC0, 0x00, 0x00,
    0x00, 0x00, 0x00, 0x70, 0x00, 0x00, 0x00, 0xF0, 0x00, 0x00, 0x01, 0xE0, 0x00, 0x0E, 0x03, 0xC0,
    0x00, 0x3E, 0x0F, 0x80, 0x00, 0xFC, 0x1F, 0x00, 0x03, 0xF8, 0x1F, 0xC0, 0xFF, 0xFF, 0x3F, 0xFF,
    0xFF, 0xFF, 0x3F, 0xFF, 0xFD, 0xFE, 0x3F, 0xFF, 0xE1, 0xFC, 0x0F, 0xFC, 0x00, 0x00, 0x60, 0x60,
    0x7E, 0x7E, 0x77, 0xFE, 0xFC, 0x00, 0x00, 0x1C, 0x3C, 0x3C, 0x3E, 0x3E, 0x1E, 0x1E, 0x1E, 0xFE,
    0xFE, 0xFC, 0xF8, 0x00, 0x1C, 0x00, 0xE0, 0x07, 0xE0, 0x3F, 0x81, 0xDC, 0x1F, 0xC0, 0xFE, 0x00,
    0x00, 0x00, 0x00, 0x70, 0x03, 0xC0, 0x3E, 0x01, 0xF0, 0x0F, 0x83, 0xFF, 0xDF, 0xFE, 0xFF, 0xFF,
    0x9F, 0x80, 0x00, 0x7F, 0x00, 0x7F, 0xF0, 0x1F, 0xFF, 0x8F, 0xFF, 0xE6, 0x3F, 0xF0, 0x07, 0xFC,
    0x0F, 0xFC, 0x1F, 0xF0, 0x1F, 0xC0, 0x1F, 0x80, 0x1F, 0x80, 0x0F, 0x92, 0x07, 0x9F, 0x87, 0x87,
    0xC3, 0xC1, 0x81, 0xE0, 0xE0, 0xF8, 0x20, 0x7C, 0x00, 0x1F, 0x80, 0xCF, 0xFF, 0xF3, 0xFF, 0xF8,
    0xFF, 0xFC, 0x0F, 0xF8, 0x7F, 0x00, 0x07, 0xFF, 0x00, 0x1F, 0xFF, 0x80, 0xFF, 0xFE, 0x06, 0x3F,
    0xF0, 0x00, 0x7F, 0xC0, 0x0F, 0xFC, 0x01, 0xFF, 0xC0, 0x1F, 0xCF, 0x01, 0xF8, 0x7F, 0x9F, 0x83,
    0xFE, 0xF9, 0x2F, 0xF7, 0x9F, 0xBF, 0xF8, 0x7C, 0x03, 0xC1, 0x80, 0x1E, 0x0E, 0x00, 0xF8, 0x20,
    0x07, 0xC0, 0x00, 0x1F, 0x80, 0xC0, 0xFF, 0xFF, 0x03, 0xFF, 0xF8, 0x0F, 0xFF, 0xC0, 0x0F, 0xF8,
    0x00, 0x7F, 0x00, 0x7F, 0xC0, 0x7F, 0xF0, 0x7F, 0xFE, 0x00, 0xFE, 0x00, 0x7E, 0x03, 0xFE, 0xFF,
    0xF8, 0xFF, 0xE0, 0xFF, 0x80, 0xFE, 0x00, 0x00, 0x00, 0x00, 0x00, 0x0E, 0xE0, 0x0E, 0xE0, 0x0E,
    0xE0, 0x07, 0xC0, 0x03, 0x80, 0x03, 0x80, 0x03, 0x00, 0x7F, 0x00, 0x0F, 0xF8, 0x01, 0xFF, 0xC0,
    0x3F, 0xFF, 0x00, 0x0F, 0xE0, 0x00, 0xFC, 0x00, 0xFF, 0x87, 0xFF, 0xFE, 0xFF, 0xFF, 0xFF, 0xF3,
    0xFF, 0xF8, 0x3F, 0x00, 0x00, 0x00, 0x00, 0x00, 0x19, 0x80, 0x07, 0xF8, 0x00, 0xFF, 0x00, 0x07,
    0x80, 0x00, 0xF0, 0x00, 0x1E, 0x00, 0x01, 0x80, 0x00, 0x18, 0x01, 0x80, 0x1F, 0x81, 0xF8, 0x1D,
    0xC3, 0xF8, 0x3F, 0x00, 0x00, 0x00, 0x00, 0x18, 0x07, 0x80, 0x7C, 0x03, 0xE0, 0x3E, 0x01, 0xF0,
    0x1F, 0x00, 0xF0, 0x0F, 0x7F, 0xF7, 0xFF, 0x7F, 0xE7, 0xFC, 0x06, 0x00, 0x18, 0x00, 0x0C, 0x00,
    0x07, 0xE0, 0x03, 0xF0, 0x01, 0xDC, 0x01, 0xFC, 0x00, 0xFC, 0x00, 0x00, 0x00, 0x00, 0x00, 0x00,
    0xC0, 0x01, 0xE0, 0x00, 0xF8, 0x00, 0x3E, 0x00, 0x1F, 0x00, 0x07, 0xC0, 0x03, 0xE0, 0x00, 0xF0,
    0x00, 0x7C, 0x1F, 0xFF, 0xCF, 0xFF, 0xE7, 0xFF, 0xFB, 0xFE, 0xF8, 0x18, 0x00, 0x00, 0x00, 0xF0,
    0x1E, 0x03, 0xC0, 0xDC, 0x3F, 0xC7, 0xF8, 0x66, 0x00, 0x00, 0x00, 0x04, 0x03, 0xC0, 0xF8, 0x0F,
    0x81, 0xF0, 0x1E, 0x03, 0xC0, 0x78, 0x1F, 0x03, 0xE0, 0xF8, 0x7F, 0x3F, 0xC7, 0xF0, 0x78, 0x0C,
    0x00, 0x00, 0x00, 0x0E, 0x00, 0x1E, 0x00, 0x38, 0x01, 0xDC, 0x03, 0xF8, 0x07, 0x70, 0x06, 0x40,
    0x00, 0x00, 0x00, 0x00, 0x04, 0x00, 0x3C, 0x00, 0xF8, 0x00, 0xF8, 0x01, 0xF0, 0x01, 0xE0, 0x03,
    0xFC, 0x07, 0xF8, 0x1F, 0xF8, 0x3F, 0xE0, 0xF8, 0x07, 0xF0, 0x3F, 0xC0, 0x7F, 0x00, 0xF8, 0x00,
    0xC0, 0x00, 0x0E, 0x01, 0xC0, 0x3F, 0x07, 0xF0, 0xEE, 0x3F, 0x87, 0xF0, 0x00, 0x00, 0x00, 0x00,
    0x04, 0x03, 0xC0, 0xF8, 0x0F, 0x81, 0xF0, 0x1E, 0x03, 0xC0, 0x78, 0x1F, 0x03, 0xE0, 0xF8, 0x7F,
    0x3F, 0xC7, 0xF0, 0x78, 0x0C, 0x00, 0x0C, 0x00, 0x18, 0x00, 0x3F, 0x00, 0x7E, 0x00, 0xEC, 0x03,
    0xF8, 0x07, 0xE0, 0x00, 0x00, 0x00, 0x00, 0x00, 0x00, 0x04, 0x00, 0x3C, 0x00, 0xF8, 0x00, 0xF8,
    0x01, 0xF0, 0x01, 0xE0, 0x03, 0xFC, 0x07, 0xF8, 0x1F, 0xF8, 0x3F, 0xE0, 0xF8, 0x07, 0xF0, 0x3F,
    0xC0, 0x7F, 0x00, 0xF8, 0x00, 0xC0, 0x00, 0x00, 0x00, 0x0C, 0x00, 0x00, 0x7C, 0x00, 0x03, 0xF8,
    0x00, 0x1F, 0xF0, 0x00, 0x7F, 0x80, 0x01, 0xFC, 0x00, 0x03, 0xE0, 0x00, 0x07, 0xE0, 0x70, 0x0F,
    0xE0, 0xF0, 0x07, 0xE1, 0xE0, 0x07, 0xC3, 0xC0, 0x07, 0xCF, 0x80, 0x07, 0x9F, 0x00, 0x0F, 0x1F,
    0xC0, 0x7E, 0x3F, 0xFF, 0xFC, 0x3F, 0xFF, 0xF8, 0x3F, 0xFF, 0xC0, 0x0F, 0xFC, 0x00, 0x00, 0x00,
    0x0C, 0x00, 0x00, 0x0F, 0x00, 0x00, 0x0F, 0xE0, 0x00, 0x0F, 0xF8, 0x00, 0x0F, 0xF8, 0x00, 0x03,
    0xF8, 0x00, 0x01, 0xF8, 0x00, 0x00, 0x7E, 0x00, 0x70, 0x0F, 0xC0, 0x1E, 0x01, 0xF8, 0x07, 0x80,
    0x3F, 0x01, 0xE0, 0x07, 0xC0, 0xF8, 0x00, 0xF8, 0x3E, 0x00, 0x1F, 0x07, 0xF0, 0x1F, 0xF9, 0xFF,
    0xFF, 0xFF, 0x3F, 0xFF, 0xFF, 0xC7, 0xFF, 0xFB, 0xF0, 0x3F, 0xF8, 0x00, 0x00, 0xE0, 0x3E, 0x0F,
    0xF1, 0xFF, 0x7F, 0xCF, 0xE0, 0xF8, 0x0F, 0xC0, 0x7E, 0x03, 0xF0, 0x1F, 0x80, 0xF8, 0x07, 0xC0,
    0x7C, 0xFF, 0xCF, 0xFC, 0xFF, 0x8F, 0xF0, 0xE0, 0x00, 0x00, 0x60, 0x07, 0xC0, 0x3F, 0xC0, 0xFF,
    0x87, 0xFC, 0x1F, 0xC0, 0x3E, 0x00, 0x7E, 0x00, 0x7E, 0x00, 0x7E, 0x00, 0x7E, 0x00, 0x7C, 0x00,
    0x7C, 0x00, 0xFC, 0x3F, 0xFF, 0x7F, 0xFF, 0xFF, 0xFF, 0xFE, 0xFF, 0x80, 0x00, 0x00, 0x00, 0x30,
    0x00, 0x00, 0xF0, 0x00, 0x07, 0xE0, 0x00, 0x3F, 0x80, 0x01, 0xFC, 0xC0, 0x03, 0xE7, 0xC0, 0x03,
    0x3F, 0x80, 0x01, 0xFF, 0x00, 0x07, 0xF8, 0x00, 0x1F, 0xC0, 0x00, 0x3E, 0x00, 0x00, 0x7E, 0x07,
    0x00, 0xFE, 0x0F, 0x00, 0x7E, 0x1E, 0x00, 0x7C, 0x3C, 0x00, 0x7C, 0xF8, 0x00, 0x79, 0xF0, 0x00,
    0xF1, 0xFC, 0x07, 0xE3, 0xFF, 0xFF, 0xC3, 0xFF, 0xFF, 0x83, 0xFF, 0xFC, 0x00, 0xFF, 0xC0, 0x00,
    0x00, 0x00, 0x30, 0x00, 0x00, 0x3C, 0x00, 0x00, 0x3F, 0x80, 0x00, 0x1F, 0x80, 0x00, 0x1F, 0x8C,
    0x00, 0x07, 0x8F, 0x00, 0x01, 0xCF, 0xE0, 0x00, 0x0F, 0xF8, 0x00, 0x0F, 0xF8, 0x00, 0x03, 0xF8,
    0x00, 0x01, 0xF8, 0x00, 0x00, 0x7E, 0x00, 0x70, 0x0F, 0xC0, 0x1E, 0x01, 0xF8, 0x07, 0x80, 0x3F,
    0x01, 0xE0, 0x07, 0xC0, 0xF8, 0x00, 0xF8, 0x3E, 0x00, 0x1F, 0x07, 0xF0, 0x1F, 0xF9, 0xFF, 0xFF,
    0xFF, 0x3F, 0xFF, 0xFF, 0xC7, 0xFF, 0xFB, 0xF0, 0x3F, 0xF8, 0x00, 0x00, 0xC0, 0x1E, 0x03, 0xF8,
    0x7F, 0x07, 0xE7, 0x3C, 0xF9, 0x9F, 0xE1, 0xFF, 0x3F, 0xE3, 0xF8, 0x1F, 0x00, 0xFC, 0x03, 0xF0,
    0x0F, 0xC0, 0x3F, 0x00, 0xF8, 0x03, 0xE0, 0x1F, 0x1F, 0xF8, 0xFF, 0xC7, 0xFC, 0x3F, 0xC1, 0xC0,
    0x00, 0x00, 0xC0, 0x03, 0xC0, 0x0F, 0xE0, 0x3F, 0x80, 0x7E, 0x30, 0x79, 0xF0, 0x67, 0xF8, 0x0F,
    0xF8, 0x3F, 0xE0, 0x7F, 0x00, 0x7C, 0x00, 0x7E, 0x00, 0x3F, 0x00, 0x1F, 0x80, 0x0F, 0xC0, 0x07,
    0xC0, 0x03, 0xE0, 0x03, 0xF0, 0x7F, 0xFE, 0x7F, 0xFF, 0x7F, 0xFF, 0x7F, 0xBF, 0x70, 0x00, 0x00,
    0x00, 0x00, 0x01, 0xC0, 0x00, 0xF8, 0x00, 0x3E, 0x78, 0x07, 0x9E, 0x01, 0xE7, 0x80, 0x7F, 0xE0,
    0x1F, 0xF8, 0x07, 0xFE, 0x01, 0xEF, 0x80, 0x79, 0xF0, 0x7E, 0x7F, 0xFF, 0x0F, 0xFF, 0x81, 0xFF,
    0xC0, 0x1F, 0xC0, 0x00, 0x03, 0x00, 0x00, 0x1F, 0x00, 0x00, 0x1E, 0x03, 0xC0, 0x3C, 0x07, 0x80,
    0x7C, 0x0F, 0x00, 0xFF, 0x3E, 0x01, 0xFF, 0x7C, 0x03, 0xFE, 0xF8, 0x07, 0xFD, 0xF0, 0x0F, 0x01,
    0xF0, 0x7E, 0x03, 0xFF, 0xF8, 0x03, 0xFF, 0xF0, 0x03, 0xFF, 0xC0, 0x01, 0xFE, 0x00, 0x00, 0x0C,
    0x01, 0xC0, 0x7C, 0x1F, 0xC1, 0xFC, 0x7F, 0x9F, 0xFB, 0xCF, 0xF9, 0xFF, 0x3F, 0xFF, 0xBF, 0xF7,
    0xFC, 0x7F, 0x00, 0x00, 0x0F, 0xC0, 0x1F, 0xF0, 0x1F, 0xF8, 0x0F, 0xFE, 0x0F, 0x8F, 0x07, 0x87,
    0xC3, 0xC3, 0xFD, 0xE0, 0xFF, 0xF8, 0x3F, 0xB8, 0x0F, 0xC0, 0x00, 0x00, 0x1C, 0x78, 0xF1, 0xF3,
    0xE3, 0xC7, 0x8F, 0xFF, 0xFF, 0xF7, 0xC1, 0x07, 0x0E, 0x3C, 0x38, 0x18, 0x00, 0x78, 0x03, 0xF0,
    0x77, 0xE3, 0xFF, 0xCF, 0xFF, 0xBF, 0xC7, 0xFE, 0x0F, 0xF0, 0x1F, 0xC0, 0x1F, 0x80, 0x3F, 0x00,
    0x3E, 0x00, 0x30, 0x00, 0x00, 0xC0, 0x00, 0x3C, 0x00, 0x0F, 0xC0, 0x01, 0xFC, 0x00, 0x3F, 0xE0,
    0x0F, 0xFE, 0x01, 0xEF, 0xE0, 0x3D, 0xFE, 0x07, 0xBF, 0xC0, 0xFF, 0x7D, 0xFF, 0xEF, 0xFF, 0xFF,
    0xFF, 0xFF, 0xFD, 0xFF, 0xFF, 0x06, 0x03, 0x80, 0x00, 0x78, 0x00, 0x1F, 0xC0, 0x01, 0xFE, 0x00,
    0x3F, 0xE0, 0x07, 0xDE, 0x00, 0x79, 0xE0, 0x07, 0x9E, 0x00, 0x7B, 0xC0, 0x7F, 0xFF, 0xCF, 0xFF,
    0xFE, 0xFF, 0xFF, 0xEF, 0xFF, 0xFE, 0x0F, 0x8F, 0x00, 0x7C, 0xF0, 0x07, 0xFF, 0x00, 0x3F, 0xF0,
    0x01, 0xFE, 0x00, 0x07, 0xC0, 0x0C, 0x00, 0x0F, 0x00, 0x1F, 0x80, 0x1F, 0xC0, 0x3F, 0xE0, 0x3F,
    0xF8, 0x79, 0xFC, 0x79, 0xFC, 0x7F, 0xFE, 0x3F, 0xDE, 0xFF, 0xDE, 0xFF, 0xFE, 0xFF, 0xFE, 0xFF,
    0xFC, 0x00, 0x60, 0x03, 0xE0, 0x07, 0xF0, 0x03, 0xFC, 0x03, 0xFE, 0x01, 0xEF, 0x01, 0xF7, 0x80,
    0xF3, 0xC0, 0x7B, 0xE0, 0xFF, 0xFF, 0x7F, 0xFF, 0xBF, 0xFF, 0xFF, 0xFF, 0xE3, 0xC7, 0xC1, 0xF3,
    0xE0, 0xFF, 0xE0, 0x3F, 0xF0, 0x0F, 0xF0, 0x01, 0xF0, 0x00, 0x01, 0xE0, 0x00, 0x07, 0xE0, 0x00,
    0x1F, 0xE0, 0x00, 0x7F, 0xC0, 0x01, 0xF7, 0xC0, 0x07, 0xC7, 0x80, 0x1F, 0x8E, 0x00, 0x3C, 0x00,
    0x00, 0xF8, 0x00, 0x01, 0xFE, 0x00, 0xFD, 0xFF, 0xFF, 0xFB, 0xFF, 0xFF, 0xF1, 0xFF, 0xFF, 0xE0,
    0x7F, 0xFC, 0x00, 0x00, 0x7E, 0x03, 0xFF, 0x8F, 0xFF, 0xCF, 0xFF, 0xEF, 0xFF, 0xC7, 0xC0, 0x03,
    0xC0, 0x01, 0xFC, 0x1C, 0xFF, 0xFE, 0x3F, 0xFF, 0x0F, 0xFF, 0x80, 0xFF, 0x80, 0x1E, 0x00, 0x00,
    0x7C, 0x00, 0x00, 0xE0, 0x00, 0x01, 0xC0, 0x00, 0x01, 0xF0, 0x00, 0x07, 0xE0, 0x00, 0x0E, 0x00,
    0x00, 0x00, 0xF0, 0x00, 0x03, 0xF0, 0x00, 0x0F, 0xF0, 0x00, 0x3F, 0xE0, 0x00, 0xFB, 0xE0, 0x03,
    0xE3, 0xC0, 0x0F, 0xC7, 0x00, 0x1E, 0x00, 0x00, 0x7C, 0x00, 0x00, 0xFF, 0x00, 0x7E, 0xFF, 0xFF,
    0xFD, 0xFF, 0xFF, 0xF8, 0xFF, 0xFF, 0xF0, 0x3F, 0xFE, 0x00, 0x1C, 0x00, 0x1E, 0x00, 0x0C, 0x00,
    0x07, 0x40, 0x03, 0xE0, 0x03, 0xF0, 0x00, 0xE0, 0x00, 0x00, 0xFC, 0x07, 0xFF, 0x1F, 0xFF, 0x9F,
    0xFF, 0xDF, 0xFF, 0x8F, 0x80, 0x07, 0x80, 0x03, 0xF8, 0x39, 0xFF, 0xFC, 0x7F, 0xFE, 0x1F, 0xFF,
    0x01, 0xFF, 0x00, 0x00, 0x07, 0xF0, 0x00, 0x7F, 0x80, 0x07, 0xFC, 0x00, 0x7F, 0xC0, 0x03, 0xC0,
    0x00, 0x3E, 0x01, 0xE1, 0xE0, 0x0F, 0x0F, 0xC0, 0x78, 0x3F, 0x87, 0xC0, 0xFF, 0x3E, 0x03, 0xF9,
    0xF0, 0x03, 0xCF, 0x80, 0x3E, 0x3F, 0x07, 0xF1, 0xFF, 0xFF, 0x07, 0xFF, 0xF0, 0x1F, 0xFF, 0x00,
    0x3F, 0xC0, 0x00, 0x00, 0x00, 0x01, 0xE0, 0x00, 0x07, 0x80, 0x70, 0x1E, 0x01, 0xFE, 0xF8, 0x0F,
    0xFF, 0xE0, 0x3F, 0xFF, 0x80, 0x3F, 0xFE, 0x00, 0x7C, 0x7E, 0x03, 0xE1, 0xFF, 0xFF, 0x83, 0xFF,
    0xFC, 0x07, 0xFF, 0xE0, 0x07, 0xFC, 0x00, 0x0E, 0x3E, 0x1E, 0x1E, 0x1F, 0x1F, 0x0F, 0x1F, 0xFF,
    0xFE, 0xFE, 0xF8, 0x00, 0x00, 0xE7, 0xFF, 0xFF, 0xE7, 0x0E, 0x00, 0x78, 0x07, 0xC0, 0x3E, 0x01,
    0xF0, 0x7F, 0xFB, 0xFF, 0xDF, 0xFF, 0xF3, 0xF0, 0x00, 0x00, 0x00, 0xE6, 0x07, 0xF8, 0x3F, 0xC1,
    0xDC, 0x00, 0x1F, 0x87, 0xF0, 0xFE, 0x3F, 0xC7, 0x80, 0xF0, 0x1F, 0x71, 0xFF, 0x7F, 0xFF, 0xFF,
    0xFE, 0x3E, 0x04, 0x00, 0x00, 0x1F, 0xE7, 0xF9, 0xBE, 0x00, 0x00, 0x01, 0xE0, 0x78, 0x1E, 0x07,
    0x81, 0xE0, 0x78, 0x1F, 0x07, 0xC1, 0xF0, 0x7C, 0x1F, 0x07, 0xC1, 0xF0, 0x7C, 0x0F, 0x03, 0xC0,
    0xF0, 0x00, 0x07, 0xF8, 0x7F, 0xC6, 0x78, 0x00, 0x01, 0xE0, 0x1E, 0x01, 0xE0, 0x1E, 0x01, 0xF0,
    0x1F, 0x01, 0xF0, 0x1F, 0x01, 0xF0, 0x1F, 0x01, 0xF0, 0x0F, 0x00, 0xF0, 0x0F, 0x00, 0xF0, 0x0F,
    0xE0, 0xFF, 0x0F, 0xF0, 0x7F, 0x00, 0x00, 0x7B, 0xEE, 0x3A, 0xFF, 0xFE, 0x00, 0x79, 0xE7, 0x9E,
    0x79, 0xE7, 0xDF, 0x7D, 0xF7, 0xDF, 0x7D, 0xF3, 0xCF, 0x3C, 0x78, 0x3E, 0x0E, 0x03, 0x80, 0x7C,
    0x3F, 0x0E, 0x01, 0xE0, 0x78, 0x1E, 0x07, 0x81, 0xF0, 0x7C, 0x1F, 0x07, 0xC1, 0xF0, 0x7C, 0x1F,
    0x03, 0xC0, 0xF0, 0x3C, 0x0F, 0x03, 0xF8, 0xFF, 0x3F, 0xC7, 0xF0, 0x00, 0x0F, 0x01, 0xF0, 0x1C,
    0x01, 0xD0, 0x0F, 0x81, 0xF8, 0x1C, 0x00, 0x00, 0x0F, 0x81, 0xFC, 0x3F, 0xE7, 0xFE, 0x79, 0xE7,
    0x9F, 0x7F, 0xF7, 0xFF, 0x7F, 0xF3, 0xFE, 0x03, 0xE1, 0xFE, 0xFF, 0xC7, 0xF8, 0x7E, 0x07, 0x80,
    0x0F, 0x00, 0x1F, 0x00, 0x1C, 0x00, 0x1D, 0x00, 0x0F, 0x80, 0x1F, 0x80, 0x1C, 0x00, 0x00, 0x00,
    0x0F, 0x80, 0x1F, 0xC0, 0x3F, 0xE0, 0x7F, 0xE0, 0x79, 0xE0, 0x79, 0xF0, 0x7F, 0xFC, 0x7F, 0xFE,
    0x7F, 0xFE, 0x3F, 0xFE, 0x03, 0xF8, 0x1F, 0xE0, 0xFF, 0xC0, 0x7F, 0x80, 0x7E, 0x00, 0x78, 0x00,
    0xF3, 0xCF, 0x3C, 0xF3, 0xCF, 0xBE, 0xFB, 0xEF, 0xBE, 0xFB, 0xEF, 0x9E, 0x79, 0xE7, 0x80, 0x7B,
    0xEE, 0x38, 0x7F, 0xFE, 0x00, 0xF0, 0x78, 0x3C, 0x1E, 0x0F, 0x87, 0xC3, 0xE1, 0xF0, 0xF8, 0x7C,
    0x3E, 0x0F, 0x07, 0x83, 0xC1, 0xE0, 0xFE, 0x7F, 0xBF, 0xCF, 0xE0, 0x03, 0x83, 0xC1, 0xC0, 0xE8,
    0x7C, 0x3E, 0x1C, 0x00, 0x0E, 0x00, 0x00, 0xF0, 0x3F, 0x8E, 0x03, 0xFC, 0x3A, 0x3F, 0xE1, 0xF3,
    0xFE, 0x1F, 0x9E, 0x00, 0x61, 0xF0, 0x0F, 0x0F, 0x00, 0x78, 0x7E, 0x03, 0xC1, 0xFC, 0x3E, 0x07,
    0xF9, 0xF0, 0x1F, 0xCF, 0x80, 0x1E, 0x7C, 0x01, 0xF1, 0xF8, 0x3F, 0x8F, 0xFF, 0xF8, 0x3F, 0xFF,
    0x80, 0xFF, 0xF8, 0x01, 0xFE, 0x00, 0x0E, 0x00, 0x00, 0x78, 0x00, 0x03, 0x80, 0x00, 0x07, 0x40,
    0x00, 0x1F, 0x00, 0x00, 0xFC, 0x00, 0x01, 0x80, 0x00, 0x1E, 0x00, 0x00, 0x78, 0x07, 0x01, 0xE0,
    0x1F, 0xEF, 0x80, 0xFF, 0xFE, 0x03, 0xFF, 0xF8, 0x03, 0xFF, 0xE0, 0x07, 0xC7, 0xE0, 0x3E, 0x1F,
    0xFF, 0xF8, 0x3F, 0xFF, 0xC0, 0x7F, 0xFE, 0x00, 0x7F, 0xC0, 0x00, 0x78, 0xF3, 0x83, 0xA7, 0xDF,
    0x98, 0x00, 0x1C, 0x78, 0xF1, 0xF3, 0xE3, 0xC7, 0x8F, 0xFF, 0xFF, 0xF7, 0xC0, 0x00, 0x1E, 0x03,
    0xE0, 0x38, 0x03, 0xA0, 0x3F, 0x03, 0xF0, 0x38, 0x00, 0x00, 0x1E, 0x01, 0xE0, 0x1E, 0x01, 0xE0,
    0x3E, 0x0F, 0xFE, 0xFF, 0xFF, 0xFF, 0xF7, 0xF0, 0x00, 0xF7, 0xBD, 0xEF, 0x7B, 0xFF, 0xFF, 0xFF,
    0xFF, 0xFF, 0xEF, 0x7B, 0xDE, 0xF0, 0x78, 0x3C, 0x1E, 0x0F, 0x87, 0xC3, 0xE1, 0xF0, 0xF8, 0x7C,
    0x3E, 0x0F, 0x07, 0x83, 0xC1, 0xE0, 0xFE, 0x7F, 0xBF, 0xCF, 0xE0, 0x00, 0x00, 0x00, 0x00, 0x00,
    0x00, 0x07, 0x9C, 0x00, 0x03, 0xCF, 0x00, 0x01, 0xE7, 0x80, 0x00, 0xF3, 0xC0, 0x00, 0x7F, 0xE0,
    0x00, 0x3F, 0xF0, 0x00, 0x1F, 0x7F, 0x00, 0xFF, 0x3F, 0xFF, 0xFF, 0x8F, 0xFF, 0xFF, 0x83, 0xFF,
    0xFF, 0x00, 0x3F, 0xFC, 0x00, 0x00, 0x00, 0x00, 0x00, 0x00, 0x00, 0x00, 0x38, 0x00, 0x00, 0x1E,
    0x00, 0x00, 0x1F, 0x00, 0x00, 0x07, 0x00, 0x00, 0x70, 0x00, 0x00, 0x00, 0xF0, 0x00, 0x00, 0x01,
    0xE0, 0x00, 0x0E, 0x03, 0xC0, 0x00, 0x3E, 0x0F, 0x80, 0x00, 0xFC, 0x1F, 0x00, 0x03, 0xF8, 0x1F,
    0xC0, 0xFF, 0xFF, 0x3F, 0xFF, 0xFF, 0xFF, 0x3F, 0xFF, 0xFD, 0xFE, 0x3F, 0xFF, 0xE1, 0xFC, 0x0F,
    0xFC, 0x00, 0x00, 0x00, 0x00, 0x00, 0x00, 0x00, 0x00, 0x00, 0x00, 0x03, 0x80, 0x00, 0x00, 0x0F,
    0x00, 0x00, 0x00, 0x1E, 0x00, 0x00, 0x00, 0x1C, 0x00, 0x00, 0x1C, 0x78, 0xF1, 0xF3, 0xE3, 0xC7,
    0x8F, 0xFF, 0xFF, 0xF7, 0xC0, 0x00, 0x0C, 0x3C, 0x78, 0x70, 0x1E, 0x01, 0xE0, 0x1E, 0x01, 0xE0,
    0x3E, 0x0F, 0xFE, 0xFF, 0xFF, 0xFF, 0xF7, 0xF0, 0x00, 0x00, 0x01, 0xC0, 0x3C, 0x03, 0xE0, 0x1C,
    0x00, 0x00, 0x07, 0x79, 0xFF, 0x1D, 0xE1, 0x98, 0x00, 0x03, 0x00, 0x70, 0x1F, 0x07, 0xF0, 0x7F,
    0x1F, 0xE7, 0xFE, 0xF3, 0xFE, 0x7F, 0xCF, 0xFF, 0xEF, 0xFD, 0xFF, 0x1F, 0xC0, 0x00, 0x00, 0x00,
    0x1E, 0xE0, 0x1F, 0xE0, 0x1F, 0xE0, 0x0C, 0xC0, 0x00, 0x00, 0x00, 0x00, 0x01, 0xE0, 0x01, 0xF0,
    0x07, 0xF0, 0x1F, 0xF0, 0x3F, 0xF0, 0x7F, 0xF0, 0x7D, 0xF0, 0xF8, 0xF0, 0xF8, 0xF0, 0xFF, 0xF0,
    0x7F, 0xF0, 0x7F, 0xFE, 0x3F, 0xFF, 0x02, 0x7F, 0x00, 0x3F, 0x00, 0x00, 0x00, 0x00, 0x00, 0x00,
    0x3B, 0x80, 0x00, 0x3D, 0xE0, 0x00, 0x1E, 0xF0, 0x00, 0x06, 0x30, 0xF3, 0x80, 0x00, 0x79, 0xE0,
    0x00, 0x3C, 0xF0, 0x00, 0x1E, 0x78, 0x00, 0x0F, 0xFC, 0x00, 0x07, 0xFE, 0x00, 0x03, 0xEF, 0xE0,
    0x1F, 0xE7, 0xFF, 0xFF, 0xF1, 0xFF, 0xFF, 0xF0, 0x7F, 0xFF, 0xE0, 0x07, 0xFF, 0x80, 0x00, 0x00,
    0x00, 0x00, 0x00, 0xF7, 0x00, 0x00, 0x01, 0xFE, 0x00, 0x00, 0x03, 0xFC, 0x00, 0x00, 0x03, 0x30,
    0x00, 0x0E, 0x00, 0x00, 0x00, 0x1E, 0x00, 0x00, 0x00, 0x3C, 0x00, 0x01, 0xC0, 0x78, 0x00, 0x07,
    0xC1, 0xF0, 0x00, 0x1F, 0x83, 0xE0, 0x00, 0x7F, 0x03, 0xF8, 0x1F, 0xFF, 0xE7, 0xFF, 0xFF, 0xFF,
    0xE7, 0xFF, 0xFF, 0xBF, 0xC7, 0xFF, 0xFC, 0x3F, 0x81, 0xFF, 0x80, 0x00, 0x00, 0x3B, 0xBD, 0xEE,
    0xF6, 0x30, 0x00, 0x38, 0x3C, 0x1E, 0x0F, 0x87, 0xC1, 0xE0, 0xF0, 0x79, 0xFC, 0xFE, 0x7E, 0x3E,
    0x00, 0x00, 0x00, 0x01, 0xDE, 0x0F, 0xF0, 0x7F, 0x81, 0x98, 0x00, 0x00, 0x38, 0x01, 0xE0, 0x1F,
    0x00, 0xF8, 0x07, 0xC1, 0xFF, 0xEF, 0xFF, 0x7F, 0xFF, 0xCF, 0xC0, 0x00, 0x00, 0x00, 0x00, 0x00,
    0x0E, 0x00, 0x00, 0x07, 0x80, 0x00, 0x03, 0x80, 0x00, 0x07, 0x70, 0x00, 0x03, 0xF8, 0x00, 0x01,
    0xDC, 0x00, 0x00, 0x66, 0x1E, 0x70, 0x00, 0x0F, 0x3C, 0x00, 0x07, 0x9E, 0x00, 0x03, 0xCF, 0x00,
    0x01, 0xFF, 0x80, 0x00, 0xFF, 0xC0, 0x00, 0x7D, 0xFC, 0x03, 0xFC, 0xFF, 0xFF, 0xFE, 0x3F, 0xFF,
    0xFE, 0x0F, 0xFF, 0xFC, 0x00, 0xFF, 0xF0, 0x00, 0x00, 0x00, 0x00, 0x00, 0x00, 0x1C, 0x00, 0x00,
    0x00, 0x78, 0x00, 0x00, 0x00, 0x70, 0x00, 0x00, 0x03, 0xB0, 0x00, 0x00, 0x0F, 0xF0, 0x00, 0x00,
    0x1F, 0xE0, 0x00, 0x00, 0x19, 0x80, 0x00, 0x70, 0x00, 0x00, 0x00, 0xF0, 0x00, 0x00, 0x01, 0xE0,
    0x00, 0x0E, 0x03, 0xC0, 0x00, 0x3E, 0x0F, 0x80, 0x00, 0xFC, 0x1F, 0x00, 0x03, 0xF8, 0x1F, 0xC0,
    0xFF, 0xFF, 0x3F, 0xFF, 0xFF, 0xFF, 0x3F, 0xFF, 0xFD, 0xFE, 0x3F, 0xFF, 0xE1, 0xFC, 0x0F, 0xFC,
    0x00, 0x00, 0x00, 0x38, 0x3C, 0x38, 0xEE, 0xFF, 0xFE, 0x66, 0x00, 0x1C, 0x3C, 0x3C, 0x3E, 0x3E,
    0x1E, 0x1E, 0x1E, 0xFE, 0xFE, 0xFC, 0xF8, 0x00, 0x00, 0x00, 0x78, 0x03, 0xC0, 0x1E, 0x01, 0xB8,
    0x1F, 0xE0, 0xFF, 0x03, 0x30, 0x00, 0x00, 0x70, 0x03, 0xC0, 0x3E, 0x01, 0xF0, 0x0F, 0x83, 0xFF,
    0xDF, 0xFE, 0xFF, 0xFF, 0x9F, 0x80, 0x00, 0x7E, 0x00, 0x7F, 0xE0, 0x1F, 0xFF, 0x8F, 0xFF, 0xE6,
    0x3F, 0xF0, 0x07, 0xF8, 0x0F, 0xFC, 0x1F, 0xF0, 0x1F, 0xC0, 0x1F, 0x80, 0x1F, 0x80, 0x0F, 0x80,
    0x0F, 0x87, 0x07, 0x87, 0x83, 0xC3, 0xC1, 0xE0, 0xE0, 0xF8, 0x00, 0x7C, 0x00, 0x1F, 0x81, 0xCF,
    0xFF, 0xE3, 0xFF, 0xF8, 0xFF, 0xFC, 0x1F, 0xF0, 0x7E, 0x00, 0x07, 0xFE, 0x00, 0x1F, 0xFF, 0x80,
    0xFF, 0xFE, 0x06, 0x3F, 0xF0, 0x00, 0x7F, 0x80, 0x0F, 0xFC, 0x01, 0xFF, 0xC0, 0x1F, 0xDE, 0x01,
    0xF8, 0xFF, 0x9F, 0x83, 0xFE, 0xF8, 0x0F, 0xFF, 0x87, 0x3F, 0x78, 0x78, 0x03, 0xC3, 0xC0, 0x1E,
    0x0E, 0x00, 0xF8, 0x00, 0x07, 0xC0, 0x00, 0x1F, 0x81, 0xC0, 0xFF, 0xFE, 0x03, 0xFF, 0xF8, 0x0F,
    0xFF, 0xC0, 0x1F, 0xF0, 0x00, 0x7F, 0x00, 0x7F, 0xC0, 0x7F, 0xF0, 0x7F, 0xFE, 0x00, 0xFE, 0x00,
    0x7E, 0x03, 0xFE, 0xFF, 0xF8, 0xFF, 0xE0, 0xFF, 0x80, 0xFE, 0x00, 0x00, 0x00, 0x00, 0x00, 0x03,
    0x80, 0x07, 0xC0, 0x07, 0xC0, 0x03, 0x80, 0x7F, 0x00, 0x0F, 0xF8, 0x01, 0xFF, 0xC0, 0x3F, 0xFF,
    0x00, 0x0F, 0xE0, 0x00, 0xFC, 0x00, 0xFF, 0x87, 0xFF, 0xFE, 0xFF, 0xFF, 0xFF, 0xF3, 0xFF, 0xF8,
    0x3F, 0x00, 0x00, 0x00, 0x00, 0x00, 0x06, 0x00, 0x01, 0xE0, 0x00, 0x3C, 0x00, 0x03, 0x80, 0x00,
    0x7E, 0x00, 0x7F, 0xE0, 0x1F, 0xFF, 0x8F, 0xFF, 0xE6, 0x3F, 0xF0, 0x07, 0xF8, 0x0F, 0xFC, 0x1F,
    0xF0, 0x1F, 0xC0, 0x1F, 0x80, 0x1F, 0x80, 0x0F, 0x80, 0x0F, 0x80, 0x07, 0x80, 0x03, 0xC0, 0x01,
    0xE0, 0x00, 0xF8, 0x00, 0x7C, 0x00, 0x1F, 0x81, 0xCF, 0xFF, 0xE3, 0xFF, 0xF8, 0xFF, 0xFC, 0x1F,
    0xF0, 0x7E, 0x00, 0x07, 0xFE, 0x00, 0x1F, 0xFF, 0x80, 0xFF, 0xFE, 0x06, 0x3F, 0xF0, 0x00, 0x7F,
    0x80, 0x0F, 0xFC, 0x01, 0xFF, 0xC0, 0x1F, 0xDE, 0x01, 0xF8, 0xFF, 0x9F, 0x83, 0xFE, 0xF8, 0x0F,
    0xFF, 0x80, 0x3F, 0x78, 0x00, 0x03, 0xC0, 0x00, 0x1E, 0x00, 0x00, 0xF8, 0x00, 0x07, 0xC0, 0x00,
    0x1F, 0x81, 0xC0, 0xFF, 0xFE, 0x03, 0xFF, 0xF8, 0x0F, 0xFF, 0xC0, 0x1F, 0xF0, 0x00, 0x7F, 0x00,
    0x7F, 0xC0, 0x7F, 0xF0, 0x7F, 0xFE, 0x00, 0xFE, 0x00, 0x7E, 0x03, 0xFE, 0xFF, 0xF8, 0xFF, 0xE0,
    0xFF, 0x80, 0xFE, 0x00, 0x00, 0x00, 0x7F, 0x00, 0x0F, 0xF8, 0x01, 0xFF, 0xC0, 0x3F, 0xFF, 0x00,
    0x0F, 0xE0, 0x00, 0xFC, 0x00, 0xFF, 0x87, 0xFF, 0xFE, 0xFF, 0xFF, 0xFF, 0xF3, 0xFF, 0xF8, 0x3F,
    0x00, 0x00, 0x00, 0x01, 0x80, 0x01, 0xE0, 0x00, 0xF0, 0x00, 0x78, 0x00, 0x18, 0x00, 0x00, 0x01,
    0xF8, 0x01, 0xFF, 0x80, 0x7F, 0xFE, 0x3F, 0xFF, 0x98, 0xFF, 0xC0, 0x1F, 0xE0, 0x3F, 0xF0, 0x7F,
    0xC0, 0x7F, 0x00, 0x7E, 0x00, 0x7E, 0x00, 0x3E, 0x00, 0x3E, 0x00, 0x1E, 0x00, 0x0F, 0x00, 0x07,
    0x80, 0x03, 0xE0, 0x01, 0xF0, 0x00, 0x7E, 0x07, 0x3F, 0xFF, 0x8F, 0xFF, 0xE3, 0xFF, 0xF0, 0x7F,
    0xC0, 0x01, 0x80, 0x00, 0x1E, 0x00, 0x00, 0xF0, 0x00, 0x07, 0x80, 0x00, 0x18, 0x00, 0x00, 0x00,
    0x01, 0xF8, 0x00, 0x1F, 0xF8, 0x00, 0x7F, 0xFE, 0x03, 0xFF, 0xF8, 0x18, 0xFF, 0xC0, 0x01, 0xFE,
    0x00, 0x3F, 0xF0, 0x07, 0xFF, 0x00, 0x7F, 0x78, 0x07, 0xE3, 0xFE, 0x7E, 0x0F, 0xFB, 0xE0, 0x3F,
    0xFE, 0x00, 0xFD, 0xE0, 0x00, 0x0F, 0x00, 0x00, 0x78, 0x00, 0x03, 0xE0, 0x00, 0x1F, 0x00, 0x00,
    0x7E, 0x07, 0x03, 0xFF, 0xF8, 0x0F, 0xFF, 0xE0, 0x3F, 0xFF, 0x00, 0x7F, 0xC0, 0x00, 0x08, 0x00,
    0x3C, 0x00, 0x3E, 0x00, 0x3C, 0x00, 0x18, 0x00, 0x00, 0x00, 0x00, 0x00, 0x7F, 0x00, 0x7F, 0xC0,
    0x7F, 0xF0, 0x7F, 0xFE, 0x00, 0xFE, 0x00, 0x7E, 0x03, 0xFE, 0xFF, 0xF8, 0xFF, 0xE0, 0xFF, 0x80,
    0xFE, 0x00, 0x00, 0x00, 0x08, 0x00, 0x07, 0x80, 0x00, 0xF0, 0x00, 0x1E, 0x00, 0x01, 0x80, 0x00,
    0x00, 0x00, 0x00, 0x00, 0x03, 0xF8, 0x00, 0x7F, 0xC0, 0x0F, 0xFE, 0x01, 0xFF, 0xF8, 0x00, 0x7F,
    0x00, 0x07, 0xE0, 0x07, 0xFC, 0x3F, 0xFF, 0xF7, 0xFF, 0xFF, 0xFF, 0x9F, 0xFF, 0xC1, 0xF8, 0x00,
    0x00, 0x00, 0x01, 0x80, 0x78, 0x07, 0xC0, 0x3E, 0x03, 0xE0, 0x1F, 0x01, 0xF0, 0x0F, 0x00, 0xF7,
    0xFF, 0x7F, 0xF7, 0xFE, 0x7F, 0xC0, 0x60, 0x01, 0x80, 0x03, 0xC0, 0x01, 0xF0, 0x00, 0x7C, 0x00,
    0x3E, 0x00, 0x0F, 0x80, 0x07, 0xC0, 0x01, 0xE0, 0x00, 0xF8, 0x3F, 0xFF, 0x9F, 0xFF, 0xCF, 0xFF,
    0xF7, 0xFD, 0xF0, 0x30, 0x00, 0x04, 0x00, 0xE0, 0x1F, 0x00, 0xF0, 0x06, 0x00, 0x00, 0x01, 0x80,
    0x78, 0x07, 0xC0, 0x3E, 0x03, 0xE0, 0x1F, 0x01, 0xF0, 0x0F, 0x00, 0xF7, 0xFF, 0x7F, 0xF7, 0xFE,
    0x7F, 0xC0, 0x60, 0x04, 0x00, 0x07, 0x00, 0x07, 0xC0, 0x01, 0xE0, 0x00, 0x60, 0x00, 0x00, 0x00,
    0x06, 0x00, 0x0F, 0x00, 0x07, 0xC0, 0x01, 0xF0, 0x00, 0xF8, 0x00, 0x3E, 0x00, 0x1F, 0x00, 0x07,
    0x80, 0x03, 0xE0, 0xFF, 0xFE, 0x7F, 0xFF, 0x3F, 0xFF, 0xDF, 0xF7, 0xC0, 0xC0, 0x00, 0x01, 0x01,
    0xE0, 0xF8, 0x1F, 0x07, 0xC0, 0xF0, 0x3C, 0x0F, 0x07, 0xC1, 0xF0, 0xF8, 0xFE, 0xFF, 0x3F, 0x87,
    0x81, 0x80, 0x01, 0x00, 0x0F, 0x00, 0x3E, 0x00, 0x3E, 0x00, 0x7C, 0x00, 0x78, 0x00, 0xFF, 0x01,
    0xFE, 0x07, 0xFE, 0x0F, 0xF8, 0x3E, 0x01, 0xFC, 0x0F, 0xF0, 0x1F, 0xC0, 0x3E, 0x00, 0x30, 0x00,
    0x03, 0x01, 0xE0, 0x78, 0x1E, 0x03, 0x00, 0x00, 0x00, 0x04, 0x07, 0x83, 0xE0, 0x7C, 0x1F, 0x03,
    0xC0, 0xF0, 0x3C, 0x1F, 0x07, 0xC3, 0xE3, 0xFB, 0xFC, 0xFE, 0x1E, 0x06, 0x00, 0x02, 0x00, 0x0E,
    0x00, 0x3E, 0x00, 0x38, 0x00, 0x70, 0x00, 0x00, 0x00, 0x00, 0x00, 0x80, 0x07, 0x80, 0x1F, 0x00,
    0x1F, 0x00, 0x3E, 0x00, 0x3C, 0x00, 0x7F, 0x80, 0xFF, 0x03, 0xFF, 0x07, 0xFC, 0x1F, 0x00, 0xFE,
    0x07, 0xF8, 0x0F, 0xE0, 0x1F, 0x00, 0x18, 0x00, 0x00, 0x00, 0x00, 0x00, 0x07, 0x00, 0x00, 0x00,
    0x07, 0x80, 0x00, 0x00, 0x03, 0xE0, 0x00, 0x60, 0x61, 0xF0, 0x00, 0xF8, 0x3C, 0x78, 0x00, 0x3C,
    0x3E, 0x3D, 0xE0, 0x1E, 0x1E, 0x1E, 0xF0, 0x0F, 0x8F, 0x0F, 0x78, 0x07, 0xFF, 0xFF, 0xFC, 0x03,
    0xFF, 0xFF, 0xFE, 0x01, 0xFF, 0xFF, 0xDF, 0x00, 0xFF, 0xDF, 0xCF, 0x80, 0x78, 0x00, 0x03, 0xE0,
    0xFC, 0x00, 0x01, 0xFF, 0xFC, 0x00, 0x00, 0x7F, 0xFE, 0x00, 0x00, 0x1F, 0xFE, 0x00, 0x00, 0x03,
    0xFC, 0x00, 0x00, 0x00, 0x00, 0x00, 0x00, 0x01, 0x00, 0x00, 0x00, 0x00, 0x1E, 0x00, 0x00, 0x30,
    0x30, 0x78, 0x00, 0x03, 0xE0, 0xF1, 0xE0, 0x00, 0x07, 0x87, 0xC7, 0x81, 0xE0, 0x1E, 0x1E, 0x1E,
    0x07, 0x80, 0x7C, 0x78, 0x7C, 0x1E, 0x01, 0xFF, 0xFF, 0xFE, 0xF8, 0x07, 0xFF, 0xFF, 0xFF, 0xE0,
    0x1F, 0xFF, 0xFF, 0xFF, 0x80, 0x7F, 0xEF, 0xEF, 0xFE, 0x01, 0xE0, 0x00, 0x00, 0x7C, 0x1F, 0x80,
    0x00, 0x01, 0xFF, 0xFC, 0x00, 0x00, 0x03, 0xFF, 0xF0, 0x00, 0x00, 0x07, 0xFF, 0x80, 0x00, 0x00,
    0x07, 0xF8, 0x00, 0x00, 0x00, 0x00, 0x00, 0x1C, 0x00, 0x00, 0xF8, 0x00, 0x00, 0xF0, 0x40, 0xE1,
    0xE1, 0xE1, 0xE3, 0xE3, 0xC3, 0xC7, 0xC7, 0x87, 0x87, 0x9F, 0x1F, 0x0F, 0xFF, 0xFF, 0xFF, 0xFF,
    0xFF, 0xFB, 0xFF, 0xFF, 0xF7, 0xBF, 0xBF, 0xC0, 0x00, 0x00, 0x00, 0x00, 0x00, 0x0C, 0x00, 0x00,
    0x03, 0xC0, 0x08, 0x1C, 0x3C, 0x01, 0xE1, 0xE1, 0xE0, 0x1E, 0x1E, 0x1E, 0x01, 0xE1, 0xE1, 0xE0,
    0x3E, 0x3E, 0x3E, 0x0F, 0xFF, 0xFF, 0xFE, 0xFF, 0xFF, 0xFF, 0xFF, 0xFF, 0xFF, 0xFF, 0xF7, 0xF7,
    0xF3, 0xE0, 0x00, 0x00, 0x00, 0x00, 0x00, 0x00, 0x00, 0x00, 0x00, 0x03, 0x80, 0x00, 0x00, 0x03,
    0xC0, 0x00, 0x00, 0x00, 0xE0, 0x00, 0x00, 0x01, 0xD8, 0x00, 0x00, 0x01, 0xFE, 0x00, 0x00, 0x00,
    0xFF, 0x00, 0x00, 0x00, 0x33, 0x0E, 0x00, 0x00, 0x00, 0x0F, 0x00, 0x00, 0x00, 0x07, 0xC0, 0x00,
    0xC0, 0xC3, 0xE0, 0x01, 0xF0, 0x78, 0xF0, 0x00, 0x78, 0x7C, 0x7B, 0xC0, 0x3C, 0x3C, 0x3D, 0xE0,
    0x1F, 0x1E, 0x1E, 0xF0, 0x0F, 0xFF, 0xFF, 0xF8, 0x07, 0xFF, 0xFF, 0xFC, 0x03, 0xFF, 0xFF, 0xBE,
    0x01, 0xFF, 0xBF, 0x9F, 0x00, 0xF0, 0x00, 0x07, 0xC1, 0xF8, 0x00, 0x03, 0xFF, 0xF8, 0x00, 0x00,
    0xFF, 0xFC, 0x00, 0x00, 0x3F, 0xFC, 0x00, 0x00, 0x07, 0xF8, 0x00, 0x00, 0x00, 0x00, 0x00, 0x00,
    0x00, 0x00, 0x00, 0x00, 0x1C, 0x00, 0x00, 0x00, 0x00, 0xF0, 0x00, 0x00, 0x00, 0x01, 0xC0, 0x00,
    0x00, 0x00, 0x1D, 0x80, 0x00, 0x00, 0x00, 0xFF, 0x00, 0x00, 0x00, 0x03, 0xFC, 0x00, 0x00, 0x00,
    0x06, 0x60, 0x00, 0x00, 0x00, 0x00, 0x01, 0x00, 0x00, 0x00, 0x00, 0x1E, 0x00, 0x00, 0x30, 0x30,
    0x78, 0x00, 0x03, 0xE0, 0xF1, 0xE0, 0x00, 0x07, 0x87, 0xC7, 0x81, 0xE0, 0x1E, 0x1E, 0x1E, 0x07,
    0x80, 0x7C, 0x78, 0x7C, 0x1E, 0x01, 0xFF, 0xFF, 0xFE, 0xF8, 0x07, 0xFF, 0xFF, 0xFF, 0xE0, 0x1F,
    0xFF, 0xFF, 0xFF, 0x80, 0x7F, 0xEF, 0xEF, 0xFE, 0x01, 0xE0, 0x00, 0x00, 0x7C, 0x1F, 0x80, 0x00,
    0x01, 0xFF, 0xFC, 0x00, 0x00, 0x03, 0xFF, 0xF0, 0x00, 0x00, 0x07, 0xFF, 0x80, 0x00, 0x00, 0x07,
    0xF8, 0x00, 0x00, 0x00, 0x00, 0x00, 0x00, 0x00, 0x3C, 0x00, 0x00, 0x78, 0x00, 0x00, 0xF0, 0x00,
    0x03, 0xF0, 0x00, 0x0F, 0xF0, 0x00, 0x1F, 0xE0, 0x00, 0x19, 0x8E, 0x00, 0x00, 0x7C, 0x00, 0x00,
    0x78, 0x20, 0x70, 0xF0, 0xF0, 0xF1, 0xF1, 0xE1, 0xE3, 0xE3, 0xC3, 0xC3, 0xCF, 0x8F, 0x87, 0xFF,
    0xFF, 0xFF, 0xFF, 0xFF, 0xFD, 0xFF, 0xFF, 0xFB, 0xDF, 0xDF, 0xE0, 0x00, 0x00, 0x00, 0x00, 0x00,
    0x00, 0x00, 0x01, 0xC0, 0x00, 0x00, 0x1E, 0x00, 0x00, 0x01, 0xC0, 0x00, 0x00, 0x77, 0x00, 0x00,
    0x07, 0xF8, 0x00, 0x00, 0x7F, 0x00, 0x00, 0x03, 0x30, 0x00, 0x00, 0x00, 0x0C, 0x00, 0x00, 0x03,
    0xC0, 0x08, 0x1C, 0x3C, 0x01, 0xE1, 0xE1, 0xE0, 0x1E, 0x1E, 0x1E, 0x01, 0xE1, 0xE1, 0xE0, 0x3E,
    0x3E, 0x3E, 0x0F, 0xFF, 0xFF, 0xFE, 0xFF, 0xFF, 0xFF, 0xFF, 0xFF, 0xFF, 0xFF, 0xF7, 0xF7, 0xF3,
    0xE0, 0x00, 0x00, 0x00, 0x00, 0x00, 0x00, 0x3F, 0x80, 0x00, 0x00, 0x1F, 0xF8, 0x00, 0x0C, 0x07,
    0xFF, 0x00, 0x07, 0xC1, 0xFF, 0xF0, 0x00, 0xF8, 0x7E, 0x3E, 0xF0, 0x0F, 0x1F, 0x03, 0xDE, 0x01,
    0xF7, 0xC0, 0xFB, 0xC0, 0x3F, 0xFF, 0xFE, 0xF8, 0x07, 0xFF, 0xFF, 0xDF, 0x00, 0xFF, 0xFF, 0xF3,
    0xE0, 0x1F, 0xFF, 0xF8, 0x7C, 0x03, 0xC3, 0xF8, 0x07, 0xC1, 0xF8, 0x00, 0x00, 0xFF, 0xFE, 0x00,
    0x00, 0x0F, 0xFF, 0xC0, 0x00, 0x00, 0xFF, 0xF0, 0x00, 0x00, 0x07, 0xF8, 0x00, 0x00, 0x00, 0x00,
    0x00, 0x00, 0x3F, 0x80, 0x00, 0x00, 0x01, 0xFF, 0x80, 0x00, 0x0C, 0x07, 0xFF, 0x00, 0x00, 0x7C,
    0x1F, 0xFF, 0x00, 0x00, 0xF8, 0x7E, 0x3E, 0x0F, 0x00, 0xF1, 0xF0, 0x3C, 0x1E, 0x01, 0xF7, 0xC0,
    0xF8, 0x3C, 0x03, 0xFF, 0xFF, 0xFC, 0xF8, 0x07, 0xFF, 0xFF, 0xFD, 0xF0, 0x0F, 0xFF, 0xFF, 0xFB,
    0xE0, 0x1F, 0xFF, 0xFF, 0xF7, 0xC0, 0x3C, 0x3F, 0x80, 0x07, 0xC1, 0xF8, 0x00, 0x00, 0x0F, 0xFF,
    0xE0, 0x00, 0x00, 0x0F, 0xFF, 0xC0, 0x00, 0x00, 0x0F, 0xFF, 0x00, 0x00, 0x00, 0x07, 0xF8, 0x00,
    0x00, 0x00, 0x00, 0x01, 0xF8, 0x00, 0x07, 0xFC, 0x10, 0x0F, 0xFE, 0x1E, 0x1F, 0xFF, 0x1E, 0x3F,
    0x1F, 0x3C, 0x7C, 0x1F, 0x3C, 0xF8, 0x1F, 0xFF, 0xF1, 0xFE, 0xFF, 0xFF, 0xFE, 0xFF, 0xFF, 0xFC,
    0xF7, 0xFF, 0xF0, 0x00, 0xFF, 0x80, 0x00, 0x01, 0xF8, 0x00, 0x00, 0x7F, 0xC0, 0x10, 0x0F, 0xFE,
    0x01, 0xE1, 0xFF, 0xF0, 0x1E, 0x3F, 0x1F, 0x03, 0xC7, 0xC1, 0xF0, 0x3C, 0xF8, 0x1F, 0x0F, 0xFF,
    0x1F, 0xFC, 0xFF, 0xFF, 0xFF, 0xEF, 0xFF, 0xFF, 0xFE, 0xF7, 0xFF, 0xFF, 0xE0, 0x0F, 0xF8, 0x00,
    0x00, 0x00, 0x00, 0x08, 0x00, 0x00, 0x00, 0x07, 0x80, 0x00, 0x00, 0x00, 0xF8, 0x00, 0x00, 0x00,
    0x1E, 0x00, 0x00, 0x00, 0x01, 0x80, 0x00, 0x00, 0x00, 0x00, 0x00, 0x00, 0x00, 0x00, 0x00, 0x00,
    0x00, 0x01, 0xFC, 0x00, 0x00, 0x00, 0xFF, 0xC0, 0x00, 0x60, 0x3F, 0xF8, 0x00, 0x3E, 0x0F, 0xFF,
    0x80, 0x07, 0xC3, 0xF1, 0xF7, 0x80, 0x78, 0xF8, 0x1E, 0xF0, 0x0F, 0xBE, 0x07, 0xDE, 0x01, 0xFF,
    0xFF, 0xF7, 0xC0, 0x3F, 0xFF, 0xFE, 0xF8, 0x07, 0xFF, 0xFF, 0x9F, 0x00, 0xFF, 0xFF, 0xC3, 0xE0,
    0x1E, 0x1F, 0xC0, 0x3E, 0x0F, 0xC0, 0x00, 0x07, 0xFF, 0xF0, 0x00, 0x00, 0x7F, 0xFE, 0x00, 0x00,
    0x07, 0xFF, 0x80, 0x00, 0x00, 0x3F, 0xC0, 0x00, 0x00, 0x00, 0x00, 0x00, 0x08, 0x00, 0x00, 0x00,
    0x00, 0x78, 0x00, 0x00, 0x00, 0x00, 0xF8, 0x00, 0x00, 0x00, 0x01, 0xE0, 0x00, 0x00, 0x00, 0x01,
    0x80, 0x00, 0x00, 0x00, 0x00, 0x00, 0x00, 0x00, 0x00, 0x00, 0x00, 0x00, 0x00, 0x00, 0x1F, 0xC0,
    0x00, 0x00, 0x00, 0xFF, 0xC0, 0x00, 0x06, 0x03, 0xFF, 0x80, 0x00, 0x3E, 0x0F, 0xFF, 0x80, 0x00,
    0x7C, 0x3F, 0x1F, 0x07, 0x80, 0x78, 0xF8, 0x1E, 0x0F, 0x00, 0xFB, 0xE0, 0x7C, 0x1E, 0x01, 0xFF,
    0xFF, 0xFE, 0x7C, 0x03, 0xFF, 0xFF, 0xFE, 0xF8, 0x07, 0xFF, 0xFF, 0xFD, 0xF0, 0x0F, 0xFF, 0xFF,
    0xFB, 0xE0, 0x1E, 0x1F, 0xC0, 0x03, 0xE0, 0xFC, 0x00, 0x00, 0x07, 0xFF, 0xF0, 0x00, 0x00, 0x07,
    0xFF, 0xE0, 0x00, 0x00, 0x07, 0xFF, 0x80, 0x00, 0x00, 0x03, 0xFC, 0x00, 0x00, 0x00, 0x00, 0x00,
    0x40, 0x00, 0x01, 0xE0, 0x00, 0x01, 0xF0, 0x00, 0x01, 0xE0, 0x00, 0x00, 0xC0, 0x00, 0x00, 0x00,
    0x00, 0x00, 0x00, 0x00, 0x01, 0xF8, 0x00, 0x07, 0xFC, 0x10, 0x0F, 0xFE, 0x1E, 0x1F, 0xFF, 0x1E,
    0x3F, 0x1F, 0x3C, 0x7C, 0x1F, 0x3C, 0xF8, 0x1F, 0xFF, 0xF1, 0xFE, 0xFF, 0xFF, 0xFE, 0xFF, 0xFF,
    0xFC, 0xF7, 0xFF, 0xF0, 0x00, 0xFF, 0x80, 0x00, 0x00, 0x40, 0x00, 0x00, 0x1E, 0x00, 0x00, 0x01,
    0xF0, 0x00, 0x00, 0x1E, 0x00, 0x00, 0x00, 0xC0, 0x00, 0x00, 0x00, 0x00, 0x00, 0x00, 0x00, 0x00,
    0x00, 0x1F, 0x80, 0x00, 0x07, 0xFC, 0x01, 0x00, 0xFF, 0xE0, 0x1E, 0x1F, 0xFF, 0x01, 0xE3, 0xF1,
    0xF0, 0x3C, 0x7C, 0x1F, 0x03, 0xCF, 0x81, 0xF0, 0xFF, 0xF1, 0xFF, 0xCF, 0xFF, 0xFF, 0xFE, 0xFF,
    0xFF, 0xFF, 0xEF, 0x7F, 0xFF, 0xFE, 0x00, 0xFF, 0x80, 0x00, 0x07, 0x00, 0x00, 0x7C, 0x00, 0x03,
    0xE0, 0x00, 0x0F, 0x00, 0x00, 0x78, 0x00, 0x03, 0xC0, 0x00, 0x1E, 0x00, 0x00, 0xF0, 0x00, 0x07,
    0x9F, 0xC0, 0x3D, 0xFF, 0x01, 0xFF, 0xFC, 0x0F, 0xFF, 0xE0, 0x7F, 0x0F, 0x03, 0xF0, 0x78, 0x1F,
    0x03, 0xCF, 0xFF, 0xFE, 0xFF, 0xFF, 0xE7, 0xFF, 0xFE, 0x3F, 0xFF, 0xE0, 0x3F, 0xF0, 0x00, 0x07,
    0x00, 0x00, 0x0F, 0x80, 0x00, 0x0F, 0x80, 0x00, 0x07, 0x80, 0x00, 0x07, 0x80, 0x00, 0x07, 0x80,
    0x00, 0x07, 0x80, 0x00, 0x07, 0x80, 0x00, 0x07, 0x9F, 0xC0, 0x07, 0xBF, 0xE0, 0x07, 0xFF, 0xF0,
    0x07, 0xFF, 0xF0, 0x07, 0xF0, 0xF0, 0x07, 0xE0, 0xF0, 0x07, 0xC0, 0xF0, 0x7F, 0xFF, 0xFE, 0xFF,
    0xFF, 0xFF, 0xFF, 0xFF, 0xFF, 0xFF, 0xFF, 0xFF, 0x1F, 0xF8, 0x00, 0x3C, 0x00, 0x0F, 0x00, 0x03,
    0xC0, 0x00, 0xF0, 0x00, 0x3C, 0x00, 0x0F, 0x00, 0x03, 0xC0, 0x00, 0xF0, 0x60, 0x3C, 0xFF, 0x0F,
    0x7F, 0xE3, 0xFF, 0xF8, 0xFF, 0xFF, 0x3F, 0x87, 0xCF, 0xC1, 0xF3, 0xE0, 0xFF, 0xFF, 0xFE, 0xFF,
    0xFF, 0xBF, 0xFF, 0x8F, 0xFF, 0x83, 0xF0, 0x00, 0x3C, 0x00, 0x00, 0xF0, 0x00, 0x03, 0xC0, 0x00,
    0x0F, 0x00, 0x00, 0x3C, 0x00, 0x00, 0xF0, 0x00, 0x03, 0xC0, 0x00, 0x0F, 0x06, 0x00, 0x3C, 0xFF,
    0x00, 0xF7, 0xFE, 0x03, 0xFF, 0xF8, 0x0F, 0xFF, 0xF0, 0x3F, 0x87, 0xC0, 0xFC, 0x1F, 0x03, 0xE0,
    0xFC, 0x3F, 0xFF, 0xFC, 0xFF, 0xFF, 0xFB, 0xFF, 0xFF, 0xEF, 0xFF, 0xBF, 0xBF, 0x00, 0x00, 0x07,
    0x00, 0x00, 0x7C, 0x18, 0x03, 0xE1, 0xE0, 0x0F, 0x0F, 0x00, 0x78, 0x78, 0x03, 0xC1, 0x80, 0x1E,
    0x00, 0x00, 0xF0, 0x00, 0x07, 0x9F, 0xC0, 0x3D, 0xFF, 0x01, 0xFF, 0xFC, 0x0F, 0xFF, 0xE0, 0x7F,
    0x0F, 0x03, 0xF0, 0x78, 0x1F, 0x03, 0xCF, 0xFF, 0xFE, 0xFF, 0xFF, 0xE7, 0xFF, 0xFE, 0x3F, 0xFF,
    0xE0, 0x3F, 0xF0, 0x00, 0x07, 0x00, 0x00, 0x0F, 0x82, 0x00, 0x0F, 0x8F, 0x00, 0x07, 0x8F, 0x80,
    0x07, 0x8F, 0x00, 0x07, 0x86, 0x00, 0x07, 0x80, 0x00, 0x07, 0x80, 0x00, 0x07, 0x9F, 0xC0, 0x07,
    0xBF, 0xE0, 0x07, 0xFF, 0xF0, 0x07, 0xFF, 0xF0, 0x07, 0xF0, 0xF0, 0x07, 0xE0, 0xF0, 0x07, 0xC0,
    0xF0, 0x7F, 0xFF, 0xFE, 0xFF, 0xFF, 0xFF, 0xFF, 0xFF, 0xFF, 0xFF, 0xFF, 0xFF, 0x1F, 0xF8, 0x00,
    0x3C, 0x00, 0x0F, 0x04, 0x03, 0xC3, 0x80, 0xF1, 0xF0, 0x3C, 0x78, 0x0F, 0x0C, 0x03, 0xC0, 0x00,
    0xF0, 0x60, 0x3C, 0xFF, 0x0F, 0x7F, 0xE3, 0xFF, 0xF8, 0xFF, 0xFF, 0x3F, 0x87, 0xCF, 0xC1, 0xF3,
    0xE0, 0xFF, 0xFF, 0xFE, 0xFF, 0xFF, 0xBF, 0xFF, 0x8F, 0xFF, 0x83, 0xF0, 0x00, 0x3C, 0x00, 0x00,
    0xF0, 0x40, 0x03, 0xC3, 0x80, 0x0F, 0x1F, 0x00, 0x3C, 0x78, 0x00, 0xF0, 0xC0, 0x03, 0xC0, 0x00,
    0x0F, 0x06, 0x00, 0x3C, 0xFF, 0x00, 0xF7, 0xFE, 0x03, 0xFF, 0xF8, 0x0F, 0xFF, 0xF0, 0x3F, 0x87,
    0xC0, 0xFC, 0x1F, 0x03, 0xE0, 0xFC, 0x3F, 0xFF, 0xFC, 0xFF, 0xFF, 0xFB, 0xFF, 0xFF, 0xEF, 0xFF,
    0xBF, 0xBF, 0x00, 0x00, 0x0F, 0xC0, 0x1F, 0xE0, 0x1F, 0xF0, 0x0F, 0xF8, 0x07, 0x80, 0x03, 0xC0,
    0x01, 0xE0, 0xC0, 0xFF, 0xE0, 0x3F, 0xF8, 0x0F, 0xFC, 0x0F, 0xF8, 0x07, 0xE0, 0x07, 0xC0, 0x03,
    0xC0, 0x03, 0xE0, 0x01, 0xE0, 0x00, 0xF0, 0x00, 0x78, 0x00, 0x3E, 0x00, 0x0F, 0xC0, 0xE7, 0xFF,
    0xF1, 0xFF, 0xF8, 0x7F, 0xFC, 0x0F, 0xF8, 0x07, 0xE0, 0x0F, 0xF8, 0x0F, 0xFE, 0x07, 0xFF, 0x03,
    0xC7, 0x81, 0xF3, 0xC0, 0x7F, 0xE0, 0x1F, 0xE0, 0x07, 0xFF, 0x07, 0xFF, 0x8F, 0xFF, 0xEF, 0xFF,
    0xE7, 0xC0, 0x07, 0xC0, 0x03, 0xC0, 0x01, 0xE0, 0x00, 0xF0, 0x00, 0x7E, 0x0E, 0x3F, 0xFF, 0x0F,
    0xFF, 0xC3, 0xFF, 0xE0, 0x7F, 0x80, 0x03, 0xC0, 0x7F, 0x07, 0xF8, 0x7F, 0xC3, 0xE4, 0x1E, 0x00,
    0xF0, 0x07, 0x86, 0x3F, 0xFF, 0xFF, 0xFF, 0xFF, 0xFF, 0xEF, 0xF8, 0x00, 0x00, 0x03, 0xF0, 0x07,
    0xFC, 0x07, 0xFF, 0x07, 0xFF, 0x83, 0xE3, 0xC1, 0xFB, 0xE0, 0x7F, 0xE0, 0x1F, 0xF0, 0x7F, 0xFF,
    0x3F, 0xFF, 0xDF, 0xFF, 0xEF, 0xCF, 0xF0, 0x00, 0x00, 0x03, 0x00, 0x03, 0xC0, 0x01, 0xE0, 0x00,
    0xF0, 0x00, 0x30, 0x00, 0x00, 0x00, 0x00, 0x00, 0x1F, 0x80, 0x3F, 0xC0, 0x3F, 0xE0, 0x1F, 0xF0,
    0x0F, 0x00, 0x07, 0x80, 0x03, 0xC1, 0x81, 0xFF, 0xC0, 0x7F, 0xF0, 0x1F, 0xF8, 0x1F, 0xF0, 0x0F,
    0xC0, 0x0F, 0x80, 0x07, 0x80, 0x07, 0xC0, 0x03, 0xC0, 0x01, 0xE0, 0x00, 0xF0, 0x00, 0x7C, 0x00,
    0x1F, 0x81, 0xCF, 0xFF, 0xE3, 0xFF, 0xF0, 0xFF, 0xF8, 0x1F, 0xF0, 0x01, 0x80, 0x01, 0xE0, 0x00,
    0xF0, 0x00, 0x78, 0x00, 0x18, 0x00, 0x00, 0x00, 0x1F, 0x80, 0x3F, 0xE0, 0x3F, 0xF8, 0x1F, 0xFC,
    0x0F, 0x1E, 0x07, 0xCF, 0x01, 0xFF, 0x80, 0x7F, 0x80, 0x1F, 0xFC, 0x1F, 0xFE, 0x3F, 0xFF, 0xBF,
    0xFF, 0x9F, 0x00, 0x1F, 0x00, 0x0F, 0x00, 0x07, 0x80, 0x03, 0xC0, 0x01, 0xF8, 0x38, 0xFF, 0xFC,
    0x3F, 0xFF, 0x0F, 0xFF, 0x81, 0xFE, 0x00, 0x03, 0x00, 0x3C, 0x01, 0xE0, 0x0F, 0x00, 0x30, 0x00,
    0x00, 0x0F, 0x01, 0xFC, 0x1F, 0xE1, 0xFF, 0x0F, 0x90, 0x78, 0x03, 0xC0, 0x1E, 0x18, 0xFF, 0xFF,
    0xFF, 0xFF, 0xFF, 0xFF, 0xBF, 0xE0, 0x00, 0x00, 0x00, 0x80, 0x00, 0xE0, 0x00, 0xF8, 0x00, 0x78,
    0x00, 0x18, 0x00, 0x00, 0x00, 0x0F, 0xC0, 0x1F, 0xF0, 0x1F, 0xFC, 0x1F, 0xFE, 0x0F, 0x8F, 0x07,
    0xEF, 0x81, 0xFF, 0x80, 0x7F, 0xC1, 0xFF, 0xFC, 0xFF, 0xFF, 0x7F, 0xFF, 0xBF, 0x3F, 0xC0, 0x00,
    0x00, 0x00, 0x00, 0x10, 0x00, 0x00, 0x1C, 0x00, 0x00, 0x1F, 0x00, 0x00, 0x07, 0x80, 0x00, 0x01,
    0x80, 0x00, 0x00, 0x00, 0x00, 0x00, 0xE0, 0x00, 0x01, 0xFC, 0x00, 0x01, 0xFF, 0x00, 0x00, 0xFF,
    0x80, 0x00, 0xFB, 0xEE, 0x00, 0x78, 0xF7, 0x80, 0x3E, 0x7B, 0xC0, 0x1F, 0xFD, 0xE0, 0x0F, 0xFF,
    0xF0, 0x03, 0xFF, 0xF8, 0x00, 0x7F, 0xBF, 0x80, 0x3F, 0x9F, 0xFF, 0xFF, 0xC7, 0xFF, 0xFF, 0xC1,
    0xFF, 0xFF, 0xC0, 0x1F, 0xFF, 0x00, 0x00, 0x00, 0x04, 0x00, 0x00, 0x00, 0x38, 0x00, 0x00, 0x01,
    0xF0, 0x00, 0x00, 0x07, 0x80, 0x00, 0x00, 0x0C, 0x00, 0x00, 0x00, 0x00, 0x00, 0x00, 0x00, 0x00,
    0x00, 0x00, 0x07, 0xC0, 0x00, 0x00, 0x3F, 0x81, 0xC0, 0x01, 0xFF, 0x07, 0x80, 0x0F, 0xFC, 0x1E,
    0x00, 0x3C, 0xF8, 0x78, 0x00, 0xF1, 0xE3, 0xE0, 0x03, 0xCF, 0x8F, 0x80, 0x0F, 0xFC, 0x1F, 0xC0,
    0x7F, 0xFE, 0x7F, 0xFF, 0xFF, 0xFC, 0xFF, 0xFF, 0xFF, 0xF1, 0xFF, 0xFF, 0xFF, 0xC0, 0xFF, 0xE0,
    0x00, 0x02, 0x00, 0x70, 0x0F, 0x80, 0x78, 0x03, 0x00, 0x00, 0x07, 0x81, 0xFC, 0x3F, 0xE3, 0xFE,
    0x7D, 0xF7, 0x8F, 0x7C, 0xF7, 0xFF, 0x7F, 0xF3, 0xFF, 0x0F, 0xFF, 0xFE, 0xFF, 0xEF, 0xFC, 0xFF,
    0x08, 0x00, 0x03, 0x00, 0x07, 0x80, 0x07, 0x80, 0x07, 0x80, 0x03, 0x00, 0x00, 0x00, 0x00, 0x00,
    0x0F, 0xC0, 0x1F, 0xE0, 0x3F, 0xE0, 0x3F, 0xF0, 0x7C, 0xF0, 0x78, 0xF0, 0x7D, 0xF0, 0x3F, 0xF0,
    0xFF, 0xFE, 0xFF, 0xFE, 0xFF, 0xFF, 0xFF, 0xFE, 0x00, 0x00, 0x00, 0x00, 0x00, 0x01, 0xDE, 0x00,
    0x1F, 0xE0, 0x01, 0xFE, 0x00, 0x0C, 0xC0, 0x00, 0x00, 0x00, 0x03, 0x00, 0x00, 0xFC, 0x00, 0x1F,
    0xE0, 0x03, 0xFE, 0x00, 0x3F, 0xF7, 0x87, 0xCF, 0x78, 0x7C, 0xF7, 0x87, 0xFF, 0xF8, 0x3F, 0xFF,
    0x83, 0xFF, 0xF8, 0x1F, 0xFF, 0x80, 0x1F, 0x7E, 0x07, 0xE7, 0xFF, 0xFC, 0x3F, 0xFF, 0xC1, 0xFF,
    0xF0, 0x07, 0xFC, 0x00, 0x00, 0x00, 0x00, 0x00, 0x1D, 0xE0, 0x00, 0x3F, 0xE0, 0x00, 0x1D, 0xE0,
    0x00, 0x0C, 0xC0, 0x00, 0x00, 0x00, 0x00, 0x07, 0x80, 0x00, 0x1F, 0xC0, 0x00, 0x3F, 0xE0, 0x00,
    0x3F, 0xF0, 0x00, 0x3D, 0xF0, 0x70, 0x78, 0xF0, 0x78, 0x7F, 0xFE, 0x78, 0x3F, 0xFF, 0xF8, 0x3F,
    0xFF, 0xF8, 0x1F, 0xFE, 0xF8, 0x01, 0xF8, 0xF8, 0x03, 0xE0, 0x7E, 0x0F, 0xE0, 0x7F, 0xFF, 0xC0,
    0x3F, 0xFF, 0x80, 0x1F, 0xFF, 0x00, 0x07, 0xFC, 0x00, 0x00, 0x01, 0xDC, 0x3D, 0xE1, 0xDE, 0x18,
    0xC0, 0x00, 0x07, 0x81, 0xFC, 0x3F, 0xE3, 0xFE, 0x7D, 0xF7, 0x8F, 0x7C, 0xF7, 0xFF, 0x7F, 0xF3,
    0xFF, 0x0F, 0xFF, 0xFE, 0xFF, 0xEF, 0xFC, 0xFF, 0x08, 0x00, 0x00, 0x00, 0x1D, 0xE0, 0x1F, 0xE0,
    0x1F, 0xE0, 0x0C, 0xC0, 0x00, 0x00, 0x00, 0x00, 0x0F, 0xC0, 0x1F, 0xE0, 0x3F, 0xE0, 0x3F, 0xF0,
    0x7C, 0xF0, 0x78, 0xF0, 0x7D, 0xF0, 0x3F, 0xF0, 0xFF, 0xFE, 0xFF, 0xFE, 0xFF, 0xFF, 0xFF, 0xFE,
    0x00, 0x00, 0x00, 0x00, 0x3C, 0x00, 0x00, 0x78, 0x00, 0x00, 0xF0, 0x00, 0x01, 0xE0, 0x00, 0xC3,
    0xC0, 0x07, 0xC7, 0x80, 0x0F, 0x8F, 0x00, 0x3C, 0x1E, 0x00, 0x3C, 0x3C, 0xE0, 0x38, 0x79, 0xE0,
    0xF8, 0xF3, 0xC7, 0xE1, 0xE7, 0x87, 0x83, 0xDF, 0x0C, 0x07, 0xBE, 0x00, 0x0F, 0x3F, 0x80, 0xFE,
    0x7F, 0xFF, 0xFC, 0x7F, 0xFF, 0xF0, 0x7F, 0xFF, 0xC0, 0x1F, 0xFC, 0x00, 0x00, 0x00, 0x3C, 0x00,
    0x00, 0x07, 0x80, 0x00, 0x00, 0xF0, 0x00, 0x00, 0x1E, 0x00, 0x00, 0xC3, 0xC0, 0x00, 0x7C, 0x78,
    0x00, 0x0F, 0x8F, 0x00, 0x03, 0xC1, 0xE0, 0x00, 0x3C, 0x3C, 0x0E, 0x03, 0x87, 0x81, 0xE0, 0xF8,
    0xF0, 0x3C, 0x7E, 0x1E, 0x07, 0x87, 0x83, 0xC1, 0xF0, 0xC0, 0x7C, 0x3E, 0x00, 0x0F, 0x83, 0xF8,
    0x0F, 0xFE, 0x7F, 0xFF, 0xFF, 0xE7, 0xFF, 0xFF, 0xFC, 0x7F, 0xFF, 0xDF, 0x01, 0xFF, 0xC0, 0x00,
    0x00, 0xE0, 0x3E, 0x0F, 0xF1, 0xFF, 0x7F, 0xCF, 0xE0, 0xF8, 0x0F, 0xC0, 0x7E, 0x03, 0xF0, 0x1F,
    0x80, 0xF8, 0x07, 0xC0, 0x7C, 0xFF, 0xCF, 0xFC, 0xFF, 0x8F, 0xF0, 0xE0, 0x00, 0x00, 0x60, 0x07,
    0xC0, 0x3F, 0xC0, 0xFF, 0x87, 0xFC, 0x1F, 0xC0, 0x3E, 0x00, 0x7E, 0x00, 0x7E, 0x00, 0x7E, 0x00,
    0x7E, 0x00, 0x7C, 0x00, 0x7C, 0x00, 0xFC, 0x3F, 0xFF, 0x7F, 0xFF, 0xFF, 0xFF, 0xFE, 0xFF, 0x80,
    0x00, 0x00, 0x07, 0x80, 0x01, 0xE0, 0x00, 0x78, 0x00, 0x1E, 0x00, 0x07, 0x80, 0x01, 0xE0, 0x00,
    0x78, 0x00, 0x1E, 0x00, 0x07, 0x80, 0x01, 0xE0, 0x00, 0x78, 0x00, 0x1E, 0x00, 0x07, 0xDE, 0x01,
    0xF7, 0x80, 0x7D, 0xE0, 0x1F, 0xF8, 0x07, 0xBE, 0x01, 0xEF, 0x80, 0x7B, 0xE0, 0x3E, 0x7C, 0x1F,
    0x1F, 0xFF, 0xC3, 0xFF, 0xE0, 0x7F, 0xF0, 0x07, 0xF0, 0x00, 0x00, 0x07, 0x80, 0x00, 0x1E, 0x00,
    0x00, 0x78, 0x00, 0x01, 0xE0, 0x00, 0x07, 0x80, 0x00, 0x1E, 0x00, 0x00, 0x78, 0x00, 0x01, 0xE0,
    0x00, 0x07, 0x80, 0x00, 0x1E, 0x00, 0x00, 0x78, 0x00, 0x01, 0xE0, 0x00, 0x07, 0x81, 0xE0, 0x1F,
    0x07, 0x80, 0x7C, 0x1E, 0x01, 0xFE, 0xF8, 0x07, 0xFF, 0xE0, 0x1F, 0xFF, 0x80, 0x7F, 0xFE, 0x01,
    0xE0, 0x7C, 0x1F, 0x81, 0xFF, 0xFC, 0x03, 0xFF, 0xF0, 0x07, 0xFF, 0x80, 0x07, 0xF8, 0x00, 0x3C,
    0x78, 0xF1, 0xE3, 0xC7, 0x8F, 0x1E, 0x3C, 0x78, 0xF1, 0xE3, 0xC7, 0xCF, 0x7E, 0xFD, 0xFB, 0xE0,
    0x00, 0x3C, 0x07, 0x80, 0xF0, 0x1E, 0x03, 0xC0, 0x78, 0x0F, 0x01, 0xE0, 0x3C, 0x07, 0x80, 0xF0,
    0x1E, 0x03, 0xE0, 0x7C, 0x0F, 0x87, 0xFE, 0xFF, 0xFF, 0xFF, 0xDF, 0x80, 0x00, 0x00, 0x00, 0x7E,
    0x07, 0xF8, 0x7F, 0xE7, 0xFF, 0x9C, 0x7C, 0x21, 0xE0, 0xFF, 0x1F, 0xFB, 0xFF, 0xDF, 0xFF, 0xF8,
    0x6F, 0x80, 0x78, 0x03, 0xC0, 0x1E, 0x00, 0xF0, 0x07, 0xC0, 0x1E, 0x00, 0xF0, 0x07, 0x80, 0x3C,
    0x00, 0x00, 0xF0, 0x00, 0x7F, 0x00, 0x3F, 0xE0, 0x0F, 0xFE, 0x03, 0xFB, 0xC0, 0x7C, 0x78, 0x1F,
    0xC7, 0x83, 0xFF, 0xFE, 0xFF, 0xFF, 0xFE, 0xFF, 0xFF, 0xCF, 0xFF, 0xF8, 0x78, 0x0F, 0x00, 0x01,
    0xE0, 0x00, 0x3E, 0x00, 0x07, 0xC0, 0x00, 0x78, 0x00, 0x0F, 0x00, 0x01, 0xE0, 0x00, 0x3E, 0x00,
    0x03, 0x80, 0x00, 0x01, 0xC0, 0x1F, 0x80, 0xFF, 0x07, 0xFE, 0x1F, 0xF8, 0xF9, 0xF3, 0xC7, 0xFF,
    0xFF, 0xFF, 0xFB, 0xFF, 0xEF, 0x7F, 0x00, 0x00, 0x01, 0xC0, 0x01, 0xF8, 0x00, 0xFF, 0x00, 0x7F,
    0xE0, 0x1E, 0xF8, 0x0F, 0x1F, 0x07, 0xE7, 0xC3, 0xFD, 0xFE, 0xFF, 0xFF, 0xFF, 0xFF, 0xFE, 0x7F,
    0xFC, 0x07, 0x80, 0x00, 0xC0, 0x00, 0x78, 0x00, 0x1E, 0x00, 0x07, 0x80, 0x00, 0xC0, 0x00, 0x00,
    0x00, 0x00, 0x70, 0x00, 0x3E, 0x00, 0x0F, 0x9E, 0x01, 0xE7, 0x80, 0x79, 0xE0, 0x1F, 0xF8, 0x07,
    0xFE, 0x01, 0xFF, 0x80, 0x7B, 0xE0, 0x1E, 0x7C, 0x1F, 0x9F, 0xFF, 0xC3, 0xFF, 0xE0, 0x7F, 0xF0,
    0x07, 0xF0, 0x00, 0x00, 0xC0, 0x00, 0x03, 0xC0, 0x00, 0x07, 0x80, 0x00, 0x0F, 0x00, 0x00, 0x0C,
    0x00, 0x00, 0x00, 0x00, 0x00, 0x00, 0xC0, 0x00, 0x07, 0xC0, 0x00, 0x07, 0x80, 0xF0, 0x0F, 0x01,
    0xE0, 0x1F, 0x03, 0xC0, 0x3F, 0xCF, 0x80, 0x7F, 0xDF, 0x00, 0xFF, 0xBE, 0x01, 0xFF, 0x7C, 0x03,
    0xC0, 0x7C, 0x1F, 0x80, 0xFF, 0xFE, 0x00, 0xFF, 0xFC, 0x00, 0xFF, 0xF0, 0x00, 0x7F, 0x80, 0x00,
    0x10, 0x71, 0xF1, 0xE1, 0x80, 0x07, 0x1E, 0x3C, 0x7C, 0xF8, 0xF1, 0xE3, 0xFF, 0xFF, 0xFD, 0xF0,
    0x00, 0x0C, 0x01, 0xE0, 0x1E, 0x01, 0xE0, 0x0C, 0x00, 0x00, 0x00, 0x01, 0xE0, 0x1E, 0x01, 0xE0,
    0x1E, 0x03, 0xE0, 0xFF, 0xEF, 0xFF, 0xFF, 0xFF, 0x7F, 0x00, 0x00, 0x0C, 0x01, 0xC0, 0x7C, 0x1F,
    0xC1, 0xFC, 0x7F, 0x9F, 0xFB, 0xCF, 0xF9, 0xFF, 0x3F, 0xFF, 0xBF, 0xF7, 0xFC, 0x7F, 0x00, 0x00,
    0x01, 0xE0, 0x01, 0xF0, 0x07, 0xF0, 0x1F, 0xF0, 0x3F, 0xF0, 0x7F, 0xF0, 0x7D, 0xF0, 0xF8, 0xF0,
    0xF8, 0xF0, 0xFF, 0xF0, 0x7F, 0xF0, 0x7F, 0xFE, 0x3F, 0xFF, 0x02, 0x7F, 0x00, 0x3F, 0x00, 0x00,
    0x0C, 0x00, 0x0F, 0x00, 0x1F, 0x80, 0x1F, 0xC0, 0x3F, 0xE0, 0x3F, 0xF8, 0x79, 0xFC, 0x79, 0xFC,
    0x7F, 0xFE, 0x3F, 0xDE, 0xFF, 0xDE, 0xFF, 0xFE, 0xFF, 0xFE, 0xFF, 0xFC, 0x00, 0x60, 0x03, 0xE0,
    0x07, 0xF0, 0x03, 0xFC, 0x03, 0xFE, 0x01, 0xEF, 0x01, 0xF7, 0x80, 0xF3, 0xC0, 0x7B, 0xE0, 0xFF,
    0xFF, 0x7F, 0xFF, 0xBF, 0xFF, 0xFF, 0xFF, 0xE3, 0xC7, 0xC1, 0xF3, 0xE0, 0xFF, 0xE0, 0x3F, 0xF0,
    0x0F, 0xF0, 0x01, 0xF0, 0x00, 0x00, 0x00, 0xF8, 0x1F, 0xC3, 0xFE, 0x7F, 0xE7, 0x9E, 0x79, 0xF7,
    0xFF, 0x7F, 0xF7, 0xFF, 0x3F, 0xE0, 0x3E, 0x1F, 0xEF, 0xFC, 0x7F, 0x87, 0xE0, 0x78, 0x00, 0x00,
    0x00, 0x0F, 0x80, 0x1F, 0xC0, 0x3F, 0xE0, 0x7F, 0xE0, 0x79, 0xE0, 0x79, 0xF0, 0x7F, 0xFC, 0x7F,
    0xFE, 0x7F, 0xFE, 0x3F, 0xFE, 0x03, 0xF8, 0x1F, 0xE0, 0xFF, 0xC0, 0x7F, 0x80, 0x7E, 0x00, 0x78,
    0x00, 0x00, 0x07, 0xF0, 0x00, 0x7F, 0x80, 0x07, 0xFC, 0x00, 0x7F, 0xC0, 0x03, 0xC0, 0x00, 0x3E,
    0x01, 0xE1, 0xE0, 0x0F, 0x0F, 0xC0, 0x78, 0x3F, 0x87, 0xC0, 0xFF, 0x3E, 0x03, 0xF9, 0xF0, 0x03,
    0xCF, 0x80, 0x3E, 0x3F, 0x07, 0xF1, 0xFF, 0xFF, 0x07, 0xFF, 0xF0, 0x1F, 0xFF, 0x00, 0x3F, 0xC0,
    0x00, 0x00, 0x00, 0x01, 0xE0, 0x00, 0x07, 0x80, 0x70, 0x1E, 0x01, 0xFE, 0xF8, 0x0F, 0xFF, 0xE0,
    0x3F, 0xFF, 0x80, 0x3F, 0xFE, 0x00, 0x7C, 0x7E, 0x03, 0xE1, 0xFF, 0xFF, 0x83, 0xFF, 0xFC, 0x07,
    0xFF, 0xE0, 0x07, 0xFC, 0x00, 0x00, 0x07, 0xF0, 0x00, 0x7F, 0x80, 0x07, 0xFC, 0x00, 0x7F, 0xC0,
    0x03, 0xC0, 0x00, 0x3E, 0x01, 0xE1, 0xE0, 0x0F, 0x0F, 0xC0, 0x78, 0x3F, 0x87, 0xC0, 0xFF, 0x3E,
    0x03, 0xF9, 0xF0, 0x03, 0xCF, 0x80, 0x3E, 0x3F, 0x07, 0xF1, 0xFF, 0xFF, 0x07, 0xFF, 0xF0, 0x1F,
    0xFF, 0x00, 0x3F, 0xC0, 0x00, 0x00, 0x00, 0x00, 0x00, 0x00, 0x73, 0x80, 0x03, 0xFC, 0x00, 0x1F,
    0xE0, 0x00, 0xE7, 0x00, 0x00, 0x00, 0x01, 0xE0, 0x00, 0x07, 0x80, 0x70, 0x1E, 0x01, 0xFE, 0xF8,
    0x0F, 0xFF, 0xE0, 0x3F, 0xFF, 0x80, 0x3F, 0xFE, 0x00, 0x7C, 0x7E, 0x03, 0xE1, 0xFF, 0xFF, 0x83,
    0xFF, 0xFC, 0x07, 0xFF, 0xE0, 0x07, 0xFC, 0x00, 0x00, 0x00, 0x00, 0x00, 0x00, 0x00, 0xEE, 0x00,
    0x07, 0xBC, 0x00, 0x1E, 0xF0, 0x00, 0x3B, 0x80, 0x00, 0x0E, 0x3E, 0x1E, 0x1E, 0x1F, 0x1F, 0x0F,
    0x1F, 0xFF, 0xFE, 0xFE, 0xF8, 0x00, 0x00, 0xE7, 0xFF, 0xFF, 0xE7, 0x0E, 0x00, 0x78, 0x07, 0xC0,
    0x3E, 0x01, 0xF0, 0x7F, 0xFB, 0xFF, 0xDF, 0xFF, 0xF3, 0xF0, 0x00, 0x00, 0x00, 0xE6, 0x07, 0xF8,
    0x3F, 0xC1, 0xDC, 0x00, 0x00, 0x00, 0x3F, 0xC0, 0x3F, 0xE1, 0x8D, 0xF3, 0xC0, 0x01, 0xE0, 0x00,
    0xF8, 0x38, 0x7C, 0x3E, 0x3E, 0x1F, 0xDF, 0x07, 0xFF, 0x00, 0xFF, 0x80, 0x3F, 0xC0, 0x0F, 0xE0,
    0x03, 0xF0, 0x03, 0xFC, 0x03, 0xFE, 0x03, 0xE7, 0x83, 0xFF, 0xC1, 0xFF, 0xE0, 0xFF, 0xE0, 0x7F,
    0xE0, 0x00, 0x00, 0x07, 0xF8, 0x00, 0x7F, 0xFC, 0x06, 0xFB, 0xC0, 0x00, 0x3E, 0x00, 0x03, 0xE0,
    0x30, 0x3E, 0x07, 0x83, 0xE0, 0x7C, 0x3E, 0x03, 0xE3, 0xE0, 0x1F, 0x3E, 0x00, 0xFB, 0xE0, 0x07,
    0xFE, 0x00, 0x7F, 0xE0, 0x03, 0xFE, 0x00, 0x1F, 0xE0, 0x01, 0xFE, 0x07, 0xFF, 0xFC, 0x7F, 0xFF,
    0xE7, 0xFD, 0xFE, 0x7F, 0x8F, 0xE0, 0x00, 0x00, 0x78, 0x01, 0xF0, 0x03, 0x80, 0x07, 0x40, 0x0F,
    0xC1, 0x9F, 0x8F, 0x38, 0x1E, 0x00, 0x3E, 0x38, 0x7C, 0xF8, 0xF9, 0xFD, 0xF1, 0xFF, 0xC0, 0xFF,
    0x80, 0xFF, 0x00, 0xFE, 0x00, 0xFC, 0x03, 0xFC, 0x0F, 0xF8, 0x3E, 0x78, 0xFF, 0xF1, 0xFF, 0xE3,
    0xFF, 0x87, 0xFE, 0x00, 0x3C, 0x00, 0x0F, 0x80, 0x01, 0xC0, 0x00, 0x3A, 0x00, 0x03, 0xE7, 0x80,
    0xFC, 0xF0, 0x1C, 0x1F, 0x00, 0x03, 0xE0, 0x60, 0x7C, 0x1E, 0x0F, 0x83, 0xE1, 0xF0, 0x3E, 0x3E,
    0x03, 0xE7, 0xC0, 0x3E, 0xF8, 0x03, 0xFF, 0x00, 0x7F, 0xE0, 0x07, 0xFC, 0x00, 0x7F, 0x80, 0x0F,
    0xF0, 0x7F, 0xFF, 0xCF, 0xFF, 0xFD, 0xFF, 0x7F, 0xBF, 0xC7, 0xF0, 0x00, 0x00, 0x00, 0x30, 0x03,
    0xC0, 0x0F, 0x00, 0x3E, 0x70, 0xFB, 0xE3, 0xEF, 0xEF, 0x9F, 0xFC, 0x1F, 0xF0, 0x3F, 0xC0, 0x7F,
    0x00, 0xFC, 0x07, 0xF8, 0x3F, 0xE1, 0xF3, 0xCF, 0xFF, 0x3F, 0xFC, 0xFF, 0xE3, 0xFF, 0x00, 0x00,
    0x1C, 0x00, 0xF0, 0x03, 0x80, 0x0E, 0x80, 0x3E, 0x00, 0xF8, 0x03, 0x80, 0x00, 0x00, 0x78, 0x00,
    0x0F, 0x00, 0x01, 0xF0, 0x00, 0x3E, 0x06, 0x07, 0xC1, 0xE0, 0xF8, 0x3E, 0x1F, 0x03, 0xE3, 0xE0,
    0x3E, 0x7C, 0x03, 0xEF, 0x80, 0x3F, 0xF0, 0x07, 0xFE, 0x00, 0x7F, 0xC0, 0x07, 0xF8, 0x00, 0xFF,
    0x07, 0xFF, 0xFC, 0xFF, 0xFF, 0xDF, 0xF7, 0xFB, 0xFC, 0x7F, 0x00, 0x00, 0x01, 0xC0, 0x00, 0x78,
    0x00, 0x0E, 0x00, 0x01, 0xD0, 0x00, 0x3E, 0x00, 0x07, 0xC0, 0x00, 0xE0, 0x00, 0x00, 0x00, 0x30,
    0x03, 0xC0, 0x0F, 0x00, 0x3E, 0x70, 0xFB, 0xE3, 0xEF, 0xEF, 0x9F, 0xFC, 0x1F, 0xF0, 0x3F, 0xC0,
    0x7F, 0x00, 0xFC, 0x07, 0xF8, 0x3F, 0xE1, 0xF3, 0xCF, 0xFF, 0x3F, 0xFC, 0xFF, 0xE3, 0xFF, 0x00,
    0x00, 0x78, 0x00, 0x0F, 0x00, 0x01, 0xF0, 0x00, 0x3E, 0x06, 0x07, 0xC1, 0xE0, 0xF8, 0x3E, 0x1F,
    0x03, 0xE3, 0xE0, 0x3E, 0x7C, 0x03, 0xEF, 0x80, 0x3F, 0xF0, 0x07, 0xFE, 0x00, 0x7F, 0xC0, 0x07,
    0xF8, 0x00, 0xFF, 0x07, 0xFF, 0xFC, 0xFF, 0xFF, 0xDF, 0xF7, 0xFB, 0xFC, 0x7F, 0x00, 0x00, 0x00,
};

static const EpdGlyph inter_12_boldGlyphs[] = {
    { 0, 0, 0, 0, 0, 0, 0 }, // U+0000
    { 0, 0, 0, 0, 0, 0, 0 }, // U+0001
    { 0, 0, 0, 0, 0, 0, 0 }, // U+0002
    { 0, 0, 0, 0, 0, 0, 0 }, // U+0003
    { 0, 0, 0, 0, 0, 0, 0 }, // U+0004
    { 0, 0, 0, 0, 0, 0, 0 }, // U+0005
    { 0, 0, 0, 0, 0, 0, 0 }, // U+0006
    { 0, 0, 0, 0, 0, 0, 0 }, // U+0007
    { 0, 0, 0, 0, 0, 0, 0 }, // U+0008
    { 0, 0, 0, 0, 0, 0, 0 }, // U+0009
    { 0, 0, 0, 0, 0, 0, 0 }, // U+000A
    { 0, 0, 0, 0, 0, 0, 0 }, // U+000B
    { 0, 0, 0, 0, 0, 0, 0 }, // U+000C
    { 0, 0, 0, 0, 0, 0, 0 }, // U+000D
    { 0, 0, 0, 0, 0, 0, 0 }, // U+000E
    { 0, 0, 0, 0, 0, 0, 0 }, // U+000F
    { 0, 0, 0, 0, 0, 0, 0 }, // U+0010
    { 0, 0, 0, 0, 0, 0, 0 }, // U+0011
    { 0, 0, 0, 0, 0, 0, 0 }, // U+0012
    { 0, 0, 0, 0, 0, 0, 0 }, // U+0013
    { 0, 0, 0, 0, 0, 0, 0 }, // U+0014
    { 0, 0, 0, 0, 0, 0, 0 }, // U+0015
    { 0, 0, 0, 0, 0, 0, 0 }, // U+0016
    { 0, 0, 0, 0, 0, 0, 0 }, // U+0017
    { 0, 0, 0, 0, 0, 0, 0 }, // U+0018
    { 0, 0, 0, 0, 0, 0, 0 }, // U+0019
    { 0, 0, 0, 0, 0, 0, 0 }, // U+001A
    { 0, 0, 0, 0, 0, 0, 0 }, // U+001B
    { 0, 0, 0, 0, 0, 0, 0 }, // U+001C
    { 0, 0, 0, 0, 0, 0, 0 }, // U+001D
    { 0, 0, 0, 0, 0, 0, 0 }, // U+001E
    { 0, 0, 0, 0, 0, 0, 0 }, // U+001F
    { 0, 0, 93, 0, 0, 0, 0 }, // U+0020
    { 6, 20, 127, 1, 19, 15, 0 }, // !
    { 10, 9, 214, 2, 19, 12, 15 }, // "
    { 16, 19, 257, 0, 19, 38, 27 }, // #
    { 15, 24, 262, 1, 21, 45, 65 }, // $
    { 21, 20, 399, 2, 19, 53, 110 }, // %
    { 17, 20, 266, 0, 19, 43, 163 }, // &
    { 4, 9, 129, 2, 19, 5, 206 }, // '
    { 8, 24, 147, 1, 20, 24, 211 }, // (
    { 8, 24, 147, 0, 20, 24, 235 }, // )
    { 11, 12, 221, 1, 19, 17, 259 }, // *
    { 13, 14, 269, 2, 14, 23, 276 }, // +
    { 5, 9, 126, 1, 4, 6, 299 }, // ,
    { 9, 4, 185, 1, 9, 5, 305 }, // -
    { 6, 5, 126, 1, 4, 4, 310 }, // .
    { 10, 23, 153, 0, 20, 29, 314 }, // /
    { 15, 20, 268, 1, 19, 38, 343 }, // 0
    { 9, 19, 169, 0, 19, 22, 381 }, // 1
    { 14, 19, 249, 1, 19, 34, 403 }, // 2
    { 14, 20, 256, 1, 19, 35, 437 }, // 3
    { 15, 19, 269, 1, 19, 36, 472 }, // 4
    { 14, 20, 247, 1, 19, 35, 508 }, // 5
    { 14, 20, 257, 1, 19, 35, 543 }, // 6
    { 14, 19, 230, 0, 19, 34, 578 }, // 7
    { 15, 20, 257, 1, 19, 38, 612 }, // 8
    { 14, 20, 257, 1, 19, 35, 650 }, // 9
    { 6, 14, 126, 1, 13, 11, 685 }, // :
    { 6, 18, 129, 1, 13, 14, 696 }, // ;
    { 14, 15, 269, 1, 15, 27, 710 }, // <
    { 13, 10, 269, 2, 12, 17, 737 }, // =
    { 13, 15, 269, 2, 15, 25, 754 }, // >
    { 13, 20, 224, 0, 19, 33, 779 }, // ?
    { 24, 25, 405, 1, 19, 75, 812 }, // @
    { 18, 19, 296, 0, 19, 43, 887 }, // A
    { 15, 19, 263, 1, 19, 36, 930 }, // B
    { 17, 20, 295, 1, 19, 43, 966 }, // C
    { 16, 19, 287, 1, 19, 38, 1009 }, // D
    { 13, 19, 243, 1, 19, 31, 1047 }, // E
    { 13, 19, 234, 1, 19, 31, 1078 }, // F
    { 17, 20, 299, 1, 19, 43, 1109 }, // G
    { 16, 19, 296, 1, 19, 38, 1152 }, // H
    { 5, 19, 110, 1, 19, 12, 1190 }, // I
    { 13, 20, 232, 0, 19, 33, 1202 }, // J
    { 17, 19, 285, 1, 19, 41, 1235 }, // K
    { 13, 19, 225, 1, 19, 31, 1276 }, // L
    { 21, 19, 369, 1, 19, 50, 1307 }, // M
    { 17, 19, 302, 1, 19, 41, 1357 }, // N
    { 18, 20, 306, 1, 19, 45, 1398 }, // O
    { 15, 19, 258, 1, 19, 36, 1443 }, // P
    { 18, 21, 308, 1, 19, 48, 1479 }, // Q
    { 15, 19, 262, 1, 19, 36, 1527 }, // R
    { 15, 20, 262, 1, 19, 38, 1563 }, // S
    { 16, 19, 264, 0, 19, 38, 1601 }, // T
    { 16, 20, 290, 1, 19, 40, 1639 }, // U
    { 18, 19, 295, 0, 19, 43, 1679 }, // V
    { 26, 19, 411, 0, 19, 62, 1722 }, // W
    { 18, 19, 292, 0, 19, 43, 1784 }, // X
    { 18, 19, 289, 0, 19, 43, 1827 }, // Y
    { 15, 19, 263, 1, 19, 36, 1870 }, // Z
    { 7, 24, 147, 2, 20, 21, 1906 }, // [
    { 10, 23, 153, 0, 20, 29, 1927 }, // <backslash>
    { 7, 24, 147, 1, 20, 21, 1956 }, // ]
    { 12, 9, 193, 0, 18, 14, 1977 }, // ^
    { 12, 3, 190, 0, 0, 5, 1991 }, // _
    { 6, 4, 140, 1, 19, 3, 1996 }, // `
    { 13, 15, 230, 0, 14, 25, 1999 }, // a
    { 14, 20, 249, 1, 19, 35, 2024 }, // b
    { 14, 15, 232, 0, 14, 27, 2059 }, // c
    { 15, 20, 249, 0, 19, 38, 2086 }, // d
    { 14, 15, 235, 0, 14, 27, 2124 }, // e
    { 10, 19, 157, 0, 19, 24, 2151 }, // f
    { 15, 20, 250, 0, 14, 38, 2175 }, // g
    { 13, 19, 246, 1, 19, 31, 2213 }, // h
    { 5, 19, 106, 1, 19, 12, 2244 }, // i
    { 7, 25, 106, -1, 19, 22, 2256 }, // j
    { 14, 19, 229, 1, 19, 34, 2278 }, // k
    { 5, 19, 106, 1, 19, 12, 2312 }, // l
    { 21, 14, 362, 1, 14, 37, 2324 }, // m
    { 13, 14, 246, 1, 14, 23, 2361 }, // n
    { 15, 15, 242, 0, 14, 29, 2384 }, // o
    { 14, 20, 249, 1, 14, 35, 2413 }, // p
    { 15, 20, 249, 0, 14, 38, 2448 }, // q
    { 9, 14, 160, 1, 14, 16, 2486 }, // r
    { 13, 15, 221, 0, 14, 25, 2502 }, // s
    { 9, 18, 147, 0, 17, 21, 2527 }, // t
    { 13, 15, 246, 1, 14, 25, 2548 }, // u
    { 15, 14, 236, 0, 14, 27, 2573 }, // v
    { 21, 14, 337, 0, 14, 37, 2600 }, // w
    { 14, 14, 228, 0, 14, 25, 2637 }, // x
    { 15, 20, 237, 0, 14, 38, 2662 }, // y
    { 12, 14, 225, 1, 14, 21, 2700 }, // z
    { 10, 24, 185, 1, 20, 30, 2721 }, // {
    { 5, 31, 146, 2, 25, 20, 2751 }, // |
    { 9, 24, 185, 1, 20, 27, 2771 }, // }
    { 15, 7, 269, 1, 11, 14, 2798 }, // ~
    { 0, 0, 0, 0, 0, 0, 2812 }, // U+007F
    { 0, 0, 0, 0, 0, 0, 2812 }, // U+0080
    { 0, 0, 0, 0, 0, 0, 2812 }, // U+0081
    { 0, 0, 0, 0, 0, 0, 2812 }, // U+0082
    { 0, 0, 0, 0, 0, 0, 2812 }, // U+0083
    { 0, 0, 0, 0, 0, 0, 2812 }, // U+0084
    { 0, 0, 0, 0, 0, 0, 2812 }, // U+0085
    { 0, 0, 0, 0, 0, 0, 2812 }, // U+0086
    { 0, 0, 0, 0, 0, 0, 2812 }, // U+0087
    { 0, 0, 0, 0, 0, 0, 2812 }, // U+0088
    { 0, 0, 0, 0, 0, 0, 2812 }, // U+0089
    { 0, 0, 0, 0, 0, 0, 2812 }, // U+008A
    { 0, 0, 0, 0, 0, 0, 2812 }, // U+008B
    { 0, 0, 0, 0, 0, 0, 2812 }, // U+008C
    { 0, 0, 0, 0, 0, 0, 2812 }, // U+008D
    { 0, 0, 0, 0, 0, 0, 2812 }, // U+008E
    { 0, 0, 0, 0, 0, 0, 2812 }, // U+008F
    { 0, 0, 0, 0, 0, 0, 2812 }, // U+0090
    { 0, 0, 0, 0, 0, 0, 2812 }, // U+0091
    { 0, 0, 0, 0, 0, 0, 2812 }, // U+0092
    { 0, 0, 0, 0, 0, 0, 2812 }, // U+0093
    { 0, 0, 0, 0, 0, 0, 2812 }, // U+0094
    { 0, 0, 0, 0, 0, 0, 2812 }, // U+0095
    { 0, 0, 0, 0, 0, 0, 2812 }, // U+0096
    { 0, 0, 0, 0, 0, 0, 2812 }, // U+0097
    { 0, 0, 0, 0, 0, 0, 2812 }, // U+0098
    { 0, 0, 0, 0, 0, 0, 2812 }, // U+0099
    { 0, 0, 0, 0, 0, 0, 2812 }, // U+009A
    { 0, 0, 0, 0, 0, 0, 2812 }, // U+009B
    { 0, 0, 0, 0, 0, 0, 2812 }, // U+009C
    { 0, 0, 0, 0, 0, 0, 2812 }, // U+009D
    { 0, 0, 0, 0, 0, 0, 2812 }, // U+009E
    { 0, 0, 0, 0, 0, 0, 2812 }, // U+009F
    { 0, 0, 93, 0, 0, 0, 2812 }, // U+00A0
    { 6, 19, 127, 1, 14, 15, 2812 }, // U+00A1
    { 14, 19, 232, 0, 19, 34, 2827 }, // U+00A2
    { 14, 19, 253, 1, 19, 34, 2861 }, // U+00A3
    { 17, 17, 303, 1, 16, 37, 2895 }, // U+00A4
    { 14, 19, 226, 0, 19, 34, 2932 }, // U+00A5
    { 4, 23, 133, 2, 19, 12, 2966 }, // U+00A6
    { 12, 23, 225, 1, 19, 35, 2978 }, // U+00A7
    { 10, 4, 246, 3, 19, 5, 3013 }, // U+00A8
    { 20, 20, 364, 1, 19, 50, 3018 }, // U+00A9
    { 11, 12, 184, 0, 19, 17, 3068 }, // U+00AA
    { 15, 13, 260, 1, 14, 25, 3085 }, // U+00AB
    { 12, 7, 269, 2, 10, 11, 3110 }, // U+00AC
    { 0, 0, 0, 0, 0, 0, 3121 }, // U+00AD
    { 15, 15, 263, 1, 19, 29, 3121 }, // U+00AE
    { 8, 4, 171, 1, 19, 4, 3150 }, // U+00AF
    { 10, 10, 182, 1, 19, 13, 3154 }, // U+00B0
    { 13, 15, 269, 2, 15, 25, 3167 }, // U+00B1
    { 9, 12, 178, 1, 22, 14, 3192 }, // U+00B2
    { 10, 12, 183, 1, 22, 15, 3206 }, // U+00B3
    { 7, 4, 140, 1, 19, 4, 3221 }, // U+00B4
    { 15, 20, 248, 1, 14, 38, 3225 }, // U+00B5
    { 14, 19, 237, 0, 19, 34, 3263 }, // U+00B6
    { 6, 5, 126, 1, 11, 4, 3297 }, // U+00B7
    { 6, 7, 144, 2, 1, 6, 3301 }, // U+00B8
    { 6, 11, 128, 1, 21, 9, 3307 }, // U+00B9
    { 12, 12, 194, 0, 19, 18, 3316 }, // U+00BA
    { 16, 13, 260, 0, 14, 26, 3334 }, // U+00BB
    { 21, 19, 333, 0, 19, 50, 3360 }, // U+00BC
    { 21, 19, 347, 0, 19, 50, 3410 }, // U+00BD
    { 22, 19, 364, 0, 19, 53, 3460 }, // U+00BE
    { 13, 19, 224, 1, 14, 31, 3513 }, // U+00BF
    { 18, 24, 296, 0, 24, 54, 3544 }, // U+00C0
    { 18, 24, 296, 0, 24, 54, 3598 }, // U+00C1
    { 18, 24, 296, 0, 24, 54, 3652 }, // U+00C2
    { 18, 24, 296, 0, 24, 54, 3706 }, // U+00C3
    { 18, 24, 296, 0, 24, 54, 3760 }, // U+00C4
    { 18, 25, 296, 0, 25, 57, 3814 }, // U+00C5
    { 25, 19, 409, 0, 19, 60, 3871 }, // U+00C6
    { 17, 25, 295, 1, 19, 54, 3931 }, // U+00C7
    { 13, 24, 243, 1, 24, 39, 3985 }, // U+00C8
    { 13, 24, 243, 1, 24, 39, 4024 }, // U+00C9
    { 13, 24, 243, 1, 24, 39, 4063 }, // U+00CA
    { 13, 24, 243, 1, 24, 39, 4102 }, // U+00CB
    { 7, 24, 110, -1, 24, 21, 4141 }, // U+00CC
    { 7, 24, 110, 1, 24, 21, 4162 }, // U+00CD
    { 11, 24, 110, -2, 24, 33, 4183 }, // U+00CE
    { 11, 24, 110, -2, 24, 33, 4216 }, // U+00CF
    { 18, 19, 303, 0, 19, 43, 4249 }, // U+00D0
    { 17, 24, 302, 1, 24, 51, 4292 }, // U+00D1
    { 18, 25, 306, 1, 24, 57, 4343 }, // U+00D2
    { 18, 25, 306, 1, 24, 57, 4400 }, // U+00D3
    { 18, 25, 306, 1, 24, 57, 4457 }, // U+00D4
    { 18, 25, 306, 1, 24, 57, 4514 }, // U+00D5
    { 18, 25, 306, 1, 24, 57, 4571 }, // U+00D6
    { 13, 14, 269, 2, 14, 23, 4628 }, // U+00D7
    { 18, 20, 306, 1, 19, 45, 4651 }, // U+00D8
    { 16, 25, 290, 1, 24, 50, 4696 }, // U+00D9
    { 16, 25, 290, 1, 24, 50, 4746 }, // U+00DA
    { 16, 25, 290, 1, 24, 50, 4796 }, // U+00DB
    { 16, 25, 290, 1, 24, 50, 4846 }, // U+00DC
    { 18, 24, 289, 0, 24, 54, 4896 }, // U+00DD
    { 14, 19, 265, 1, 19, 34, 4950 }, // U+00DE
    { 15, 19, 261, 1, 19, 36, 4984 }, // U+00DF
    { 13, 20, 230, 0, 19, 33, 5020 }, // U+00E0
    { 13, 20, 230, 0, 19, 33, 5053 }, // U+00E1
    { 13, 20, 230, 0, 19, 33, 5086 }, // U+00E2
    { 13, 20, 230, 0, 19, 33, 5119 }, // U+00E3
    { 13, 20, 230, 0, 19, 33, 5152 }, // U+00E4
    { 13, 22, 230, 0, 21, 36, 5185 }, // U+00E5
    { 22, 15, 362, 0, 14, 42, 5221 }, // U+00E6
    { 14, 20, 232, 0, 14, 35, 5263 }, // U+00E7
    { 14, 20, 235, 0, 19, 35, 5298 }, // U+00E8
    { 14, 20, 235, 0, 19, 35, 5333 }, // U+00E9
    { 14, 20, 235, 0, 19, 35, 5368 }, // U+00EA
    { 14, 20, 235, 0, 19, 35, 5403 }, // U+00EB
    { 7, 19, 106, -1, 19, 17, 5438 }, // U+00EC
    { 7, 19, 106, 1, 19, 17, 5455 }, // U+00ED
    { 11, 19, 106, -2, 19, 27, 5472 }, // U+00EE
    { 10, 19, 106, -2, 19, 24, 5499 }, // U+00EF
    { 14, 21, 238, 0, 20, 37, 5523 }, // U+00F0
    { 13, 19, 246, 1, 19, 31, 5560 }, // U+00F1
    { 15, 20, 242, 0, 19, 38, 5591 }, // U+00F2
    { 15, 20, 242, 0, 19, 38, 5629 }, // U+00F3
    { 15, 20, 242, 0, 19, 38, 5667 }, // U+00F4
    { 15, 20, 242, 0, 19, 38, 5705 }, // U+00F5
    { 15, 20, 242, 0, 19, 38, 5743 }, // U+00F6
    { 13, 15, 269, 2, 15, 25, 5781 }, // U+00F7
    { 15, 16, 242, 0, 15, 30, 5806 }, // U+00F8
    { 13, 20, 246, 1, 19, 33, 5836 }, // U+00F9
    { 13, 20, 246, 1, 19, 33, 5869 }, // U+00FA
    { 13, 20, 246, 1, 19, 33, 5902 }, // U+00FB
    { 13, 20, 246, 1, 19, 33, 5935 }, // U+00FC
    { 15, 25, 237, 0, 19, 47, 5968 }, // U+00FD
    { 14, 25, 249, 1, 19, 44, 6015 }, // U+00FE
    { 15, 25, 237, 0, 19, 47, 6059 }, // U+00FF
    { 18, 24, 296, 0, 24, 54, 6106 }, // U+0100
    { 13, 20, 230, 0, 19, 33, 6160 }, // U+0101
    { 18, 24, 296, 0, 24, 54, 6193 }, // U+0102
    { 13, 20, 230, 0, 19, 33, 6247 }, // U+0103
    { 19, 25, 296, 0, 19, 60, 6280 }, // U+0104
    { 14, 20, 230, 0, 14, 35, 6340 }, // U+0105
    { 17, 25, 295, 1, 24, 54, 6375 }, // U+0106
    { 14, 20, 232, 0, 19, 35, 6429 }, // U+0107
    { 17, 25, 295, 1, 24, 54, 6464 }, // U+0108
    { 14, 20, 232, 0, 19, 35, 6518 }, // U+0109
    { 17, 25, 295, 1, 24, 54, 6553 }, // U+010A
    { 14, 20, 232, 0, 19, 35, 6607 }, // U+010B
    { 17, 25, 295, 1, 24, 54, 6642 }, // U+010C
    { 14, 20, 232, 0, 19, 35, 6696 }, // U+010D
    { 16, 24, 287, 1, 24, 48, 6731 }, // U+010E
    { 19, 21, 299, 0, 20, 50, 6779 }, // U+010F
    { 18, 19, 303, 0, 19, 43, 6829 }, // U+0110
    { 16, 20, 249, 0, 19, 40, 6872 }, // U+0111
    { 13, 24, 243, 1, 24, 39, 6912 }, // U+0112
    { 14, 20, 235, 0, 19, 35, 6951 }, // U+0113
    { 13, 24, 243, 1, 24, 39, 6986 }, // U+0114
    { 14, 20, 235, 0, 19, 35, 7025 }, // U+0115
    { 13, 24, 243, 1, 24, 39, 7060 }, // U+0116
    { 14, 20, 235, 0, 19, 35, 7099 }, // U+0117
    { 14, 25, 243, 1, 19, 44, 7134 }, // U+0118
    { 14, 20, 235, 0, 14, 35, 7178 }, // U+0119
    { 13, 24, 243, 1, 24, 39, 7213 }, // U+011A
    { 14, 20, 235, 0, 19, 35, 7252 }, // U+011B
    { 17, 25, 299, 1, 24, 54, 7287 }, // U+011C
    { 15, 25, 250, 0, 19, 47, 7341 }, // U+011D
    { 17, 25, 299, 1, 24, 54, 7388 }, // U+011E
    { 15, 25, 250, 0, 19, 47, 7442 }, // U+011F
    { 17, 25, 299, 1, 24, 54, 7489 }, // U+0120
    { 15, 25, 250, 0, 19, 47, 7543 }, // U+0121
    { 17, 25, 299, 1, 19, 54, 7590 }, // U+0122
    { 15, 27, 250, 0, 21, 51, 7644 }, // U+0123
    { 16, 24, 296, 1, 24, 48, 7695 }, // U+0124
    { 16, 24, 246, -2, 24, 48, 7743 }, // U+0125
    { 20, 19, 320, 0, 19, 48, 7791 }, // U+0126
    { 15, 19, 246, -1, 19, 36, 7839 }, // U+0127
    { 9, 24, 110, -1, 24, 27, 7875 }, // U+0128
    { 9, 19, 106, -1, 19, 22, 7902 }, // U+0129
    { 8, 24, 110, -1, 24, 24, 7924 }, // U+012A
    { 8, 19, 106, -1, 19, 19, 7948 }, // U+012B
    { 9, 24, 110, -1, 24, 27, 7967 }, // U+012C
    { 9, 19, 106, -1, 19, 22, 7994 }, // U+012D
    { 6, 25, 110, 0, 19, 19, 8016 }, // U+012E
    { 7, 25, 106, -1, 19, 22, 8035 }, // U+012F
    { 5, 24, 110, 1, 24, 15, 8057 }, // U+0130
    { 5, 14, 106, 1, 14, 9, 8072 }, // U+0131
    { 19, 20, 342, 1, 19, 48, 8081 }, // U+0132
    { 11, 25, 213, 1, 19, 35, 8129 }, // U+0133
    { 16, 25, 232, 0, 24, 50, 8164 }, // U+0134
    { 11, 25, 106, -2, 19, 35, 8214 }, // U+0135
    { 17, 25, 285, 1, 19, 54, 8249 }, // U+0136
    { 14, 25, 229, 1, 19, 44, 8303 }, // U+0137
    { 14, 14, 232, 1, 14, 25, 8347 }, // U+0138
    { 13, 24, 225, 1, 24, 39, 8372 }, // U+0139
    { 7, 24, 106, 1, 24, 21, 8411 }, // U+013A
    { 13, 25, 225, 1, 19, 41, 8432 }, // U+013B
    { 6, 25, 106, 0, 19, 19, 8473 }, // U+013C
    { 13, 20, 225, 1, 20, 33, 8492 }, // U+013D
    { 9, 20, 156, 1, 20, 23, 8525 }, // U+013E
    { 13, 19, 229, 1, 19, 31, 8548 }, // U+013F
    { 10, 19, 177, 1, 19, 24, 8579 }, // U+0140
    { 15, 19, 241, 0, 19, 36, 8603 }, // U+0141
    { 8, 19, 106, -1, 19, 19, 8639 }, // U+0142
    { 17, 24, 302, 1, 24, 51, 8658 }, // U+0143
    { 13, 19, 246, 1, 19, 31, 8709 }, // U+0144
    { 17, 25, 302, 1, 19, 54, 8740 }, // U+0145
    { 13, 20, 246, 1, 14, 33, 8794 }, // U+0146
    { 17, 24, 302, 1, 24, 51, 8827 }, // U+0147
    { 13, 19, 246, 1, 19, 31, 8878 }, // U+0148
    { 17, 25, 302, 1, 19, 54, 8909 }, // U+014A
    { 13, 20, 246, 1, 14, 33, 8963 }, // U+014B
    { 18, 25, 306, 1, 24, 57, 8996 }, // U+014C
    { 15, 20, 242, 0, 19, 38, 9053 }, // U+014D
    { 18, 25, 306, 1, 24, 57, 9091 }, // U+014E
    { 15, 20, 242, 0, 19, 38, 9148 }, // U+014F
    { 18, 25, 306, 1, 24, 57, 9186 }, // U+0150
    { 15, 20, 242, 0, 19, 38, 9243 }, // U+0151
    { 24, 19, 408, 1, 19, 57, 9281 }, // U+0152
    { 24, 15, 391, 0, 14, 45, 9338 }, // U+0153
    { 15, 24, 262, 1, 24, 45, 9383 }, // U+0154
    { 9, 19, 160, 1, 19, 22, 9428 }, // U+0155
    { 15, 25, 262, 1, 19, 47, 9450 }, // U+0156
    { 10, 20, 160, 0, 14, 25, 9497 }, // U+0157
    { 15, 24, 262, 1, 24, 45, 9522 }, // U+0158
    { 11, 19, 160, 0, 19, 27, 9567 }, // U+0159
    { 15, 25, 262, 1, 24, 47, 9594 }, // U+015A
    { 13, 20, 221, 0, 19, 33, 9641 }, // U+015B
    { 15, 25, 262, 1, 24, 47, 9674 }, // U+015C
    { 13, 20, 221, 0, 19, 33, 9721 }, // U+015D
    { 15, 25, 262, 1, 19, 47, 9754 }, // U+015E
    { 13, 20, 221, 0, 14, 33, 9801 }, // U+015F
    { 15, 25, 262, 1, 24, 47, 9834 }, // U+0160
    { 13, 20, 221, 0, 19, 33, 9881 }, // U+0161
    { 16, 25, 264, 0, 19, 50, 9914 }, // U+0162
    { 9, 23, 147, 0, 17, 26, 9964 }, // U+0163
    { 16, 24, 264, 0, 24, 48, 9990 }, // U+0164
    { 11, 22, 177, 0, 21, 31, 10038 }, // U+0165
    { 16, 19, 264, 0, 19, 38, 10069 }, // U+0166
    { 9, 18, 147, 0, 17, 21, 10107 }, // U+0167
    { 16, 25, 290, 1, 24, 50, 10128 }, // U+0168
    { 13, 20, 246, 1, 19, 33, 10178 }, // U+0169
    { 16, 25, 290, 1, 24, 50, 10211 }, // U+016A
    { 13, 20, 246, 1, 19, 33, 10261 }, // U+016B
    { 16, 25, 290, 1, 24, 50, 10294 }, // U+016C
    { 13, 20, 246, 1, 19, 33, 10344 }, // U+016D
    { 16, 26, 290, 1, 25, 52, 10377 }, // U+016E
    { 13, 22, 246, 1, 21, 36, 10429 }, // U+016F
    { 16, 25, 290, 1, 24, 50, 10465 }, // U+0170
    { 13, 20, 246, 1, 19, 33, 10515 }, // U+0171
    { 16, 25, 290, 1, 19, 50, 10548 }, // U+0172
    { 14, 20, 246, 1, 14, 35, 10598 }, // U+0173
    { 26, 24, 411, 0, 24, 78, 10633 }, // U+0174
    { 21, 19, 337, 0, 19, 50, 10711 }, // U+0175
    { 18, 24, 289, 0, 24, 54, 10761 }, // U+0176
    { 15, 25, 237, 0, 19, 47, 10815 }, // U+0177
    { 18, 24, 289, 0, 24, 54, 10862 }, // U+0178
    { 15, 24, 263, 1, 24, 45, 10916 }, // U+0179
    { 12, 19, 225, 1, 19, 29, 10961 }, // U+017A
    { 15, 24, 263, 1, 24, 45, 10990 }, // U+017B
    { 12, 19, 225, 1, 19, 29, 11035 }, // U+017C
    { 15, 24, 263, 1, 24, 45, 11064 }, // U+017D
    { 12, 19, 225, 1, 19, 29, 11109 }, // U+017E
    { 8, 19, 134, 1, 19, 19, 11138 }, // U+017F
    { 18, 22, 309, 1, 21, 50, 11157 }, // U+01A0
    { 15, 18, 242, 0, 17, 34, 11207 }, // U+01A1
    { 18, 22, 290, 1, 21, 50, 11241 }, // U+01AF
    { 15, 18, 263, 1, 17, 34, 11291 }, // U+01B0
    { 30, 19, 512, 1, 19, 72, 11325 }, // U+01C5
    { 29, 20, 474, 0, 19, 73, 11397 }, // U+01C6
    { 27, 20, 457, 1, 19, 68, 11470 }, // U+01C7
    { 19, 25, 332, 1, 19, 60, 11538 }, // U+01C8
    { 11, 25, 213, 1, 19, 35, 11598 }, // U+01C9
    { 31, 20, 533, 1, 19, 78, 11633 }, // U+01CA
    { 24, 25, 408, 1, 19, 75, 11711 }, // U+01CB
    { 20, 25, 352, 1, 19, 63, 11786 }, // U+01CC
    { 18, 24, 296, 0, 24, 54, 11849 }, // U+01CD
    { 13, 20, 230, 0, 19, 33, 11903 }, // U+01CE
    { 11, 24, 110, -2, 24, 33, 11936 }, // U+01CF
    { 11, 19, 106, -2, 19, 27, 11969 }, // U+01D0
    { 18, 25, 306, 1, 24, 57, 11996 }, // U+01D1
    { 15, 20, 242, 0, 19, 38, 12053 }, // U+01D2
    { 16, 25, 290, 1, 24, 50, 12091 }, // U+01D3
    { 13, 20, 246, 1, 19, 33, 12141 }, // U+01D4
    { 16, 29, 290, 1, 28, 58, 12174 }, // U+01D5
    { 13, 24, 246, 1, 23, 39, 12232 }, // U+01D6
    { 16, 29, 290, 1, 28, 58, 12271 }, // U+01D7
    { 13, 24, 246, 1, 23, 39, 12329 }, // U+01D8
    { 16, 29, 290, 1, 28, 58, 12368 }, // U+01D9
    { 13, 24, 246, 1, 23, 39, 12426 }, // U+01DA
    { 16, 29, 290, 1, 28, 58, 12465 }, // U+01DB
    { 13, 24, 246, 1, 23, 39, 12523 }, // U+01DC
    { 14, 15, 235, 0, 14, 27, 12562 }, // U+01DD
    { 18, 28, 296, 0, 28, 63, 12589 }, // U+01DE
    { 13, 24, 230, 0, 23, 39, 12652 }, // U+01DF
    { 18, 28, 296, 0, 28, 63, 12691 }, // U+01E0
    { 13, 24, 230, 0, 23, 39, 12754 }, // U+01E1
    { 25, 24, 409, 0, 24, 75, 12793 }, // U+01E2
    { 22, 20, 362, 0, 19, 55, 12868 }, // U+01E3
    { 18, 20, 299, 1, 19, 45, 12923 }, // U+01E4
    { 17, 20, 273, 0, 14, 43, 12968 }, // U+01E5
    { 17, 25, 299, 1, 24, 54, 13011 }, // U+01E6
    { 15, 25, 250, 0, 19, 47, 13065 }, // U+01E7
    { 17, 24, 285, 1, 24, 51, 13112 }, // U+01E8
    { 17, 24, 229, -2, 24, 51, 13163 }, // U+01E9
    { 18, 25, 306, 1, 19, 57, 13214 }, // U+01EA
    { 15, 20, 242, 0, 14, 38, 13271 }, // U+01EB
    { 18, 30, 306, 1, 24, 68, 13309 }, // U+01EC
    { 15, 25, 242, 0, 19, 47, 13377 }, // U+01ED
    { 17, 30, 272, 0, 24, 64, 13424 }, // U+01EE
    { 14, 25, 256, 1, 19, 44, 13488 }, // U+01EF
    { 11, 25, 106, -2, 19, 35, 13532 }, // U+01F0
    { 33, 19, 550, 1, 19, 79, 13567 }, // U+01F1
    { 30, 19, 512, 1, 19, 72, 13646 }, // U+01F2
    { 29, 20, 474, 0, 19, 73, 13718 }, // U+01F3
    { 17, 25, 299, 1, 24, 54, 13791 }, // U+01F4
    { 15, 25, 250, 0, 19, 47, 13845 }, // U+01F5
    { 26, 20, 444, 1, 19, 65, 13892 }, // U+01F6
    { 16, 25, 293, 1, 19, 50, 13957 }, // U+01F7
    { 17, 24, 302, 1, 24, 51, 14007 }, // U+01F8
    { 13, 19, 246, 1, 19, 31, 14058 }, // U+01F9
    { 18, 28, 296, 0, 28, 63, 14089 }, // U+01FA
    { 13, 25, 230, 0, 24, 41, 14152 }, // U+01FB
    { 25, 24, 409, 0, 24, 75, 14193 }, // U+01FC
    { 22, 20, 362, 0, 19, 55, 14268 }, // U+01FD
    { 18, 25, 306, 1, 24, 57, 14323 }, // U+01FE
    { 15, 20, 242, 0, 19, 38, 14380 }, // U+01FF
    { 18, 24, 296, 0, 24, 54, 14418 }, // U+0200
    { 13, 20, 230, 0, 19, 33, 14472 }, // U+0201
    { 18, 25, 296, 0, 25, 57, 14505 }, // U+0202
    { 13, 21, 230, 0, 20, 35, 14562 }, // U+0203
    { 13, 24, 243, 1, 24, 39, 14597 }, // U+0204
    { 14, 20, 235, 0, 19, 35, 14636 }, // U+0205
    { 13, 25, 243, 1, 25, 41, 14671 }, // U+0206
    { 14, 21, 235, 0, 20, 37, 14712 }, // U+0207
    { 10, 24, 110, -3, 24, 30, 14749 }, // U+0208
    { 11, 19, 106, -4, 19, 27, 14779 }, // U+0209
    { 9, 25, 110, -1, 25, 29, 14806 }, // U+020A
    { 9, 20, 106, -1, 20, 23, 14835 }, // U+020B
    { 18, 25, 306, 1, 24, 57, 14858 }, // U+020C
    { 15, 20, 242, 0, 19, 38, 14915 }, // U+020D
    { 18, 26, 306, 1, 25, 59, 14953 }, // U+020E
    { 15, 21, 242, 0, 20, 40, 15012 }, // U+020F
    { 15, 24, 262, 1, 24, 45, 15052 }, // U+0210
    { 11, 19, 160, -1, 19, 27, 15097 }, // U+0211
    { 15, 25, 262, 1, 25, 47, 15124 }, // U+0212
    { 9, 20, 160, 1, 20, 23, 15171 }, // U+0213
    { 16, 25, 290, 1, 24, 50, 15194 }, // U+0214
    { 13, 20, 246, 1, 19, 33, 15244 }, // U+0215
    { 16, 26, 290, 1, 25, 52, 15277 }, // U+0216
    { 13, 21, 246, 1, 20, 35, 15329 }, // U+0217
    { 15, 25, 262, 1, 19, 47, 15364 }, // U+0218
    { 13, 20, 221, 0, 14, 33, 15411 }, // U+0219
    { 16, 25, 264, 0, 19, 50, 15444 }, // U+021A
    { 9, 23, 147, 0, 17, 26, 15494 }, // U+021B
    { 15, 25, 265, 1, 19, 47, 15520 }, // U+021C
    { 12, 20, 228, 1, 14, 30, 15567 }, // U+021D
    { 16, 24, 296, 1, 24, 48, 15597 }, // U+021E
    { 16, 24, 246, -2, 24, 48, 15645 }, // U+021F
    { 6, 4, 0, 1, 19, 3, 15693 }, // U+0300
    { 7, 4, 0, 1, 19, 4, 15696 }, // U+0301
    { 11, 4, 0, 0, 19, 6, 15700 }, // U+0302
    { 10, 4, 0, 1, 19, 5, 15706 }, // U+0303
    { 8, 4, 0, 1, 19, 4, 15711 }, // U+0304
    { 9, 4, 0, 1, 19, 5, 15715 }, // U+0306
    { 5, 4, 0, 1, 19, 3, 15720 }, // U+0307
    { 10, 4, 0, 3, 19, 5, 15723 }, // U+0308
    { 5, 4, 0, 1, 19, 3, 15728 }, // U+0309
    { 7, 7, 0, 1, 21, 7, 15731 }, // U+030A
    { 12, 6, 0, -5, 20, 9, 15738 }, // U+030B
    { 11, 4, 0, 0, 19, 6, 15747 }, // U+030C
    { 11, 4, 0, 1, 19, 6, 15753 }, // U+030F
    { 6, 7, 0, -3, 18, 6, 15759 }, // U+0312
    { 5, 9, 0, 5, 13, 6, 15765 }, // U+0313
    { 5, 9, 0, 5, 13, 6, 15771 }, // U+0315
    { 5, 7, 0, -6, 19, 5, 15777 }, // U+031B
    { 5, 4, 113, 1, -2, 3, 15782 }, // U+0323
    { 4, 6, 0, -10, -1, 3, 15785 }, // U+0326
    { 6, 7, 0, 2, 1, 6, 15788 }, // U+0327
    { 7, 7, 0, 0, 1, 7, 15794 }, // U+0328
    { 11, 4, 0, 0, -2, 6, 15801 }, // U+032C
    { 12, 17, 0, -14, 15, 26, 15807 }, // U+0337
    { 15, 20, 0, -15, 19, 38, 15833 }, // U+0338
    { 10, 4, 0, -13, 19, 5, 15871 }, // U+0342
    { 5, 5, 0, 0, 15, 4, 15876 }, // U+0343
    { 10, 6, 0, -13, 20, 8, 15880 }, // U+0346
    { 9, 7, 0, -12, -2, 8, 15888 }, // U+0347
    { 7, 7, 0, -11, 0, 7, 15896 }, // U+0348
    { 6, 6, 0, -10, -1, 5, 15903 }, // U+0349
    { 11, 6, 0, -14, 20, 9, 15908 }, // U+034A
    { 10, 11, 0, -13, 25, 14, 15917 }, // U+034B
    { 10, 7, 0, -13, 22, 9, 15931 }, // U+034C
    { 12, 6, 0, -14, -1, 9, 15940 }, // U+034D
    { 6, 7, 0, -11, 0, 6, 15949 }, // U+034E
    { 0, 0, 0, 0, 0, 0, 15955 }, // U+034F
    { 10, 10, 0, -12, 25, 13, 15955 }, // U+0350
    { 4, 6, 0, -10, 19, 3, 15968 }, // U+0351
    { 10, 8, 0, -13, 22, 10, 15971 }, // U+0352
    { 7, 7, 0, -11, 0, 7, 15981 }, // U+0353
    { 7, 7, 0, -11, 0, 7, 15988 }, // U+0354
    { 7, 7, 0, -11, 0, 7, 15995 }, // U+0355
    { 15, 7, 0, -14, 0, 14, 16002 }, // U+0356
    { 4, 7, 0, 0, 21, 4, 16016 }, // U+0357
    { 5, 4, 0, 1, 19, 3, 16020 }, // U+0358
    { 6, 7, 0, -11, 0, 6, 16023 }, // U+0359
    { 11, 6, 0, -13, 0, 9, 16029 }, // U+035A
    { 6, 7, 0, -11, 21, 6, 16038 }, // U+035B
    { 20, 5, 0, -11, -1, 13, 16044 }, // U+035C
    { 19, 5, 0, -10, 19, 12, 16057 }, // U+035D
    { 15, 3, 0, -15, 19, 6, 16069 }, // U+035E
    { 15, 3, 0, -15, -2, 6, 16075 }, // U+035F
    { 26, 5, 0, -14, 19, 17, 16081 }, // U+0360
    { 19, 6, 0, -10, 19, 15, 16098 }, // U+0361
    { 22, 6, 0, -11, -1, 17, 16113 }, // U+0362
    { 7, 8, 0, -11, 22, 7, 16130 }, // U+0363
    { 7, 8, 0, -11, 22, 7, 16137 }, // U+0364
    { 3, 11, 0, -9, 25, 5, 16144 }, // U+0365
    { 8, 8, 0, -12, 22, 8, 16149 }, // U+0366
    { 7, 8, 0, -11, 22, 7, 16157 }, // U+0367
    { 7, 8, 0, -11, 22, 7, 16164 }, // U+0368
    { 8, 11, 0, -12, 25, 11, 16171 }, // U+0369
    { 7, 11, 0, -11, 25, 10, 16182 }, // U+036A
    { 12, 8, 0, -14, 22, 12, 16192 }, // U+036B
    { 5, 8, 0, -10, 22, 5, 16204 }, // U+036C
    { 5, 10, 0, 0, 24, 7, 16209 }, // U+036D
    { 8, 8, 0, -12, 22, 8, 16216 }, // U+036E
    { 7, 8, 0, -11, 22, 7, 16224 }, // U+036F
    { 5, 9, 115, 1, 19, 6, 16231 }, // U+0374
    { 5, 5, 115, 1, -1, 4, 16237 }, // U+0375
    { 17, 19, 302, 1, 19, 41, 16241 }, // U+0376
    { 5, 5, 116, 1, -1, 4, 16282 }, // U+037A
    { 14, 15, 232, 0, 14, 27, 16286 }, // U+037B
    { 14, 15, 232, 0, 14, 27, 16313 }, // U+037C
    { 14, 15, 232, 0, 14, 27, 16340 }, // U+037D
    { 6, 18, 129, 1, 13, 14, 16367 }, // U+037E
    { 13, 20, 232, 0, 19, 33, 16381 }, // U+037F
    { 5, 4, 134, 2, 19, 3, 16414 }, // U+0384
    { 12, 7, 284, 3, 22, 11, 16417 }, // U+0385
    { 18, 19, 296, 0, 19, 43, 16428 }, // U+0386
    { 6, 5, 126, 1, 14, 4, 16471 }, // U+0387
    { 19, 19, 315, 0, 19, 46, 16475 }, // U+0388
    { 22, 19, 368, 0, 19, 53, 16521 }, // U+0389
    { 10, 19, 182, 0, 19, 24, 16574 }, // U+038A
    { 22, 20, 362, 0, 19, 55, 16598 }, // U+038C
    { 24, 19, 378, 0, 19, 57, 16653 }, // U+038E
    { 22, 19, 364, 0, 19, 53, 16710 }, // U+038F
    { 9, 24, 120, -1, 23, 27, 16763 }, // U+0390
    { 18, 19, 296, 0, 19, 43, 16790 }, // U+0391
    { 15, 19, 263, 1, 19, 36, 16833 }, // U+0392
    { 13, 19, 230, 1, 19, 31, 16869 }, // U+0393
    { 18, 19, 293, 0, 19, 43, 16900 }, // U+0394
    { 13, 19, 243, 1, 19, 31, 16943 }, // U+0395
    { 15, 19, 263, 1, 19, 36, 16974 }, // U+0396
    { 16, 19, 296, 1, 19, 38, 17010 }, // U+0397
    { 18, 20, 306, 1, 19, 45, 17048 }, // U+0398
    { 5, 19, 110, 1, 19, 12, 17093 }, // U+0399
    { 17, 19, 285, 1, 19, 41, 17105 }, // U+039A
    { 18, 19, 296, 0, 19, 43, 17146 }, // U+039B
    { 21, 19, 369, 1, 19, 50, 17189 }, // U+039C
    { 17, 19, 302, 1, 19, 41, 17239 }, // U+039D
    { 15, 19, 271, 1, 19, 36, 17280 }, // U+039E
    { 18, 20, 306, 1, 19, 45, 17316 }, // U+039F
    { 16, 19, 296, 1, 19, 38, 17361 }, // U+03A0
    { 15, 19, 258, 1, 19, 36, 17399 }, // U+03A1
    { 15, 19, 274, 1, 19, 36, 17435 }, // U+03A3
    { 16, 19, 264, 0, 19, 38, 17471 }, // U+03A4
    { 18, 19, 289, 0, 19, 43, 17509 }, // U+03A5
    { 21, 21, 355, 1, 20, 56, 17552 }, // U+03A6
    { 18, 19, 292, 0, 19, 43, 17608 }, // U+03A7
    { 20, 19, 356, 1, 19, 48, 17651 }, // U+03A8
    { 18, 19, 310, 1, 19, 43, 17699 }, // U+03A9
    { 11, 24, 110, -2, 24, 33, 17742 }, // U+03AA
    { 18, 24, 289, 0, 24, 54, 17775 }, // U+03AB
    { 17, 20, 275, 0, 19, 43, 17829 }, // U+03AC
    { 13, 20, 220, 0, 19, 33, 17872 }, // U+03AD
    { 13, 25, 246, 1, 19, 41, 17905 }, // U+03AE
    { 7, 20, 120, 1, 19, 18, 17946 }, // U+03AF
    { 13, 23, 246, 1, 22, 38, 17964 }, // U+03B0
    { 17, 15, 275, 0, 14, 32, 18002 }, // U+03B1
    { 14, 25, 242, 1, 19, 44, 18034 }, // U+03B2
    { 15, 20, 236, 0, 14, 38, 18078 }, // U+03B3
    { 15, 20, 240, 0, 19, 38, 18116 }, // U+03B4
    { 13, 15, 220, 0, 14, 25, 18154 }, // U+03B5
    { 13, 23, 211, 0, 19, 38, 18179 }, // U+03B6
    { 13, 20, 246, 1, 14, 33, 18217 }, // U+03B7
    { 14, 20, 248, 1, 19, 35, 18250 }, // U+03B8
    { 7, 15, 120, 1, 14, 14, 18285 }, // U+03B9
    { 14, 14, 232, 1, 14, 25, 18299 }, // U+03BA
    { 17, 20, 265, 0, 19, 43, 18324 }, // U+03BB
    { 15, 20, 248, 1, 14, 38, 18367 }, // U+03BC
    { 15, 14, 242, 0, 14, 27, 18405 }, // U+03BD
    { 13, 23, 220, 0, 19, 38, 18432 }, // U+03BE
    { 15, 15, 242, 0, 14, 29, 18470 }, // U+03BF
    { 16, 15, 256, 0, 14, 30, 18499 }, // U+03C0
    { 14, 20, 249, 1, 14, 35, 18529 }, // U+03C1
    { 14, 18, 232, 0, 14, 32, 18564 }, // U+03C2
    { 16, 15, 258, 0, 14, 30, 18596 }, // U+03C3
    { 13, 15, 204, 0, 14, 25, 18626 }, // U+03C4
    { 13, 15, 246, 1, 14, 25, 18651 }, // U+03C5
    { 19, 20, 318, 0, 14, 48, 18676 }, // U+03C6
    { 15, 20, 238, 0, 14, 38, 18724 }, // U+03C7
    { 19, 23, 330, 1, 17, 55, 18762 }, // U+03C8
    { 20, 15, 331, 0, 14, 38, 18817 }, // U+03C9
    { 10, 20, 120, -2, 19, 25, 18855 }, // U+03CA
    { 13, 20, 246, 1, 19, 33, 18880 }, // U+03CB
    { 15, 20, 242, 0, 19, 38, 18913 }, // U+03CC
    { 13, 20, 246, 1, 19, 33, 18951 }, // U+03CD
    { 20, 20, 331, 0, 19, 50, 18984 }, // U+03CE
    { 17, 25, 285, 1, 19, 54, 19034 }, // U+03CF
    { 14, 20, 266, 1, 19, 35, 19088 }, // U+03D0
    { 15, 20, 265, 1, 19, 38, 19123 }, // U+03D1
    { 17, 19, 281, 0, 19, 41, 19161 }, // U+03D2
    { 22, 19, 364, 0, 19, 53, 19202 }, // U+03D3
    { 17, 24, 281, 0, 24, 51, 19255 }, // U+03D4
    { 18, 25, 298, 0, 19, 57, 19306 }, // U+03D5
    { 21, 15, 369, 1, 14, 40, 19363 }, // U+03D6
    { 14, 20, 232, 1, 14, 35, 19403 }, // U+03D7
    { 13, 19, 238, 1, 19, 31, 19438 }, // U+03DC
    { 12, 20, 213, 1, 14, 30, 19469 }, // U+03DD
    { 17, 15, 303, 1, 14, 32, 19499 }, // U+03F0
    { 14, 20, 266, 1, 14, 35, 19531 }, // U+03F1
    { 14, 15, 232, 0, 14, 27, 19566 }, // U+03F2
    { 7, 25, 106, -1, 19, 22, 19593 }, // U+03F3
    { 18, 20, 306, 1, 19, 45, 19615 }, // U+03F4
    { 11, 15, 189, 0, 14, 21, 19660 }, // U+03F5
    { 11, 15, 189, 0, 14, 21, 19681 }, // U+03F6
    { 17, 20, 295, 1, 19, 43, 19702 }, // U+03F9
    { 21, 19, 369, 1, 19, 50, 19745 }, // U+03FA
    { 16, 20, 249, -1, 14, 40, 19795 }, // U+03FC
    { 18, 20, 295, 0, 19, 45, 19835 }, // U+03FD
    { 17, 20, 295, 1, 19, 43, 19880 }, // U+03FE
    { 18, 20, 295, 0, 19, 45, 19923 }, // U+03FF
    { 13, 24, 243, 1, 24, 39, 19968 }, // U+0400
    { 13, 24, 243, 1, 24, 39, 20007 }, // U+0401
    { 21, 21, 341, 0, 19, 56, 20046 }, // U+0402
    { 13, 24, 230, 1, 24, 39, 20102 }, // U+0403
    { 17, 20, 295, 1, 19, 43, 20141 }, // U+0404
    { 15, 20, 262, 1, 19, 38, 20184 }, // U+0405
    { 5, 19, 110, 1, 19, 12, 20222 }, // U+0406
    { 11, 24, 110, -2, 24, 33, 20234 }, // U+0407
    { 13, 20, 232, 0, 19, 33, 20267 }, // U+0408
    { 27, 19, 444, 0, 19, 65, 20300 }, // U+0409
    { 27, 19, 448, 1, 19, 65, 20365 }, // U+040A
    { 21, 19, 355, 0, 19, 50, 20430 }, // U+040B
    { 17, 24, 285, 1, 24, 51, 20480 }, // U+040C
    { 17, 24, 302, 1, 24, 51, 20531 }, // U+040D
    { 17, 24, 274, 0, 24, 51, 20582 }, // U+040E
    { 16, 23, 289, 1, 19, 46, 20633 }, // U+040F
    { 18, 19, 296, 0, 19, 43, 20679 }, // U+0410
    { 15, 19, 257, 1, 19, 36, 20722 }, // U+0411
    { 15, 19, 263, 1, 19, 36, 20758 }, // U+0412
    { 13, 19, 230, 1, 19, 31, 20794 }, // U+0413
    { 21, 23, 342, 0, 19, 61, 20825 }, // U+0414
    { 13, 19, 243, 1, 19, 31, 20886 }, // U+0415
    { 26, 19, 422, 0, 19, 62, 20917 }, // U+0416
    { 14, 20, 256, 1, 19, 35, 20979 }, // U+0417
    { 17, 19, 302, 1, 19, 41, 21014 }, // U+0418
    { 17, 24, 302, 1, 24, 51, 21055 }, // U+0419
    { 17, 19, 285, 1, 19, 41, 21106 }, // U+041A
    { 18, 19, 297, 0, 19, 43, 21147 }, // U+041B
    { 21, 19, 369, 1, 19, 50, 21190 }, // U+041C
    { 16, 19, 296, 1, 19, 38, 21240 }, // U+041D
    { 18, 20, 306, 1, 19, 45, 21278 }, // U+041E
    { 16, 19, 296, 1, 19, 38, 21323 }, // U+041F
    { 15, 19, 258, 1, 19, 36, 21361 }, // U+0420
    { 17, 20, 295, 1, 19, 43, 21397 }, // U+0421
    { 16, 19, 264, 0, 19, 38, 21440 }, // U+0422
    { 17, 19, 274, 0, 19, 41, 21478 }, // U+0423
    { 19, 22, 333, 1, 20, 53, 21519 }, // U+0424
    { 18, 19, 292, 0, 19, 43, 21572 }, // U+0425
    { 18, 23, 305, 1, 19, 52, 21615 }, // U+0426
    { 15, 19, 281, 1, 19, 36, 21667 }, // U+0427
    { 22, 19, 393, 1, 19, 53, 21703 }, // U+0428
    { 24, 23, 404, 1, 19, 69, 21756 }, // U+0429
    { 20, 19, 330, 0, 19, 48, 21825 }, // U+042A
    { 21, 19, 363, 1, 19, 50, 21873 }, // U+042B
    { 15, 19, 263, 1, 19, 36, 21923 }, // U+042C
    { 18, 20, 295, 0, 19, 45, 21959 }, // U+042D
    { 24, 20, 415, 1, 19, 60, 22004 }, // U+042E
    { 15, 19, 262, 0, 19, 36, 22064 }, // U+042F
    { 13, 15, 230, 0, 14, 25, 22100 }, // U+0430
    { 15, 20, 241, 0, 19, 38, 22125 }, // U+0431
    { 13, 14, 227, 1, 14, 23, 22163 }, // U+0432
    { 10, 14, 180, 1, 14, 18, 22186 }, // U+0433
    { 16, 18, 263, 0, 14, 36, 22204 }, // U+0434
    { 14, 15, 235, 0, 14, 27, 22240 }, // U+0435
    { 21, 14, 343, 0, 14, 37, 22267 }, // U+0436
    { 13, 15, 205, 0, 14, 25, 22304 }, // U+0437
    { 13, 14, 247, 1, 14, 23, 22329 }, // U+0438
    { 13, 19, 247, 1, 19, 31, 22352 }, // U+0439
    { 14, 14, 231, 1, 14, 25, 22383 }, // U+043A
    { 14, 14, 240, 0, 14, 25, 22408 }, // U+043B
    { 18, 14, 322, 1, 14, 32, 22433 }, // U+043C
    { 13, 14, 246, 1, 14, 23, 22465 }, // U+043D
    { 15, 15, 242, 0, 14, 29, 22488 }, // U+043E
    { 13, 14, 243, 1, 14, 23, 22517 }, // U+043F
    { 14, 20, 249, 1, 14, 35, 22540 }, // U+0440
    { 14, 15, 232, 0, 14, 27, 22575 }, // U+0441
    { 13, 14, 204, 0, 14, 23, 22602 }, // U+0442
    { 15, 20, 237, 0, 14, 38, 22625 }, // U+0443
    { 19, 25, 308, 0, 19, 60, 22663 }, // U+0444
    { 14, 14, 228, 0, 14, 25, 22723 }, // U+0445
    { 15, 18, 261, 1, 14, 34, 22748 }, // U+0446
    { 13, 14, 238, 1, 14, 23, 22782 }, // U+0447
    { 19, 14, 342, 1, 14, 34, 22805 }, // U+0448
    { 21, 18, 353, 1, 14, 48, 22839 }, // U+0449
    { 16, 14, 268, 0, 14, 28, 22887 }, // U+044A
    { 18, 14, 317, 1, 14, 32, 22915 }, // U+044B
    { 13, 14, 231, 1, 14, 23, 22947 }, // U+044C
    { 14, 15, 233, 0, 14, 27, 22970 }, // U+044D
    { 20, 15, 344, 1, 14, 38, 22997 }, // U+044E
    { 13, 14, 229, 0, 14, 23, 23035 }, // U+044F
    { 14, 20, 235, 0, 19, 35, 23058 }, // U+0450
    { 14, 20, 235, 0, 19, 35, 23093 }, // U+0451
    { 15, 25, 246, -1, 19, 47, 23128 }, // U+0452
    { 10, 19, 180, 1, 19, 24, 23175 }, // U+0453
    { 14, 15, 233, 0, 14, 27, 23199 }, // U+0454
    { 13, 15, 221, 0, 14, 25, 23226 }, // U+0455
    { 5, 19, 106, 1, 19, 12, 23251 }, // U+0456
    { 10, 19, 106, -2, 19, 24, 23263 }, // U+0457
    { 7, 25, 106, -1, 19, 22, 23287 }, // U+0458
    { 23, 14, 374, 0, 14, 41, 23309 }, // U+0459
    { 21, 14, 366, 1, 14, 37, 23350 }, // U+045A
    { 15, 19, 246, -1, 19, 36, 23387 }, // U+045B
    { 14, 19, 231, 1, 19, 34, 23423 }, // U+045C
    { 13, 19, 247, 1, 19, 31, 23457 }, // U+045D
    { 15, 25, 237, 0, 19, 47, 23488 }, // U+045E
    { 13, 18, 243, 1, 14, 30, 23535 }, // U+045F
    { 22, 20, 389, 1, 19, 55, 23565 }, // U+0460
    { 20, 15, 350, 1, 14, 38, 23620 }, // U+0461
    { 17, 19, 283, 0, 19, 41, 23658 }, // U+0462
    { 15, 19, 254, 0, 19, 36, 23699 }, // U+0463
    { 23, 20, 398, 1, 19, 58, 23735 }, // U+0464
    { 19, 15, 329, 1, 14, 36, 23793 }, // U+0465
    { 18, 19, 296, 0, 19, 43, 23829 }, // U+0466
    { 15, 14, 235, 0, 14, 27, 23872 }, // U+0467
    { 24, 19, 395, 1, 19, 57, 23899 }, // U+0468
    { 20, 14, 331, 1, 14, 35, 23956 }, // U+0469
    { 20, 19, 351, 1, 19, 48, 23991 }, // U+046A
    { 17, 14, 298, 1, 14, 30, 24039 }, // U+046B
    { 27, 19, 471, 1, 19, 65, 24069 }, // U+046C
    { 24, 14, 406, 1, 14, 42, 24134 }, // U+046D
    { 12, 30, 226, 1, 24, 45, 24176 }, // U+046E
    { 12, 25, 215, 0, 19, 38, 24221 }, // U+046F
    { 20, 19, 356, 1, 19, 48, 24259 }, // U+0470
    { 19, 23, 330, 1, 17, 55, 24307 }, // U+0471
    { 18, 20, 306, 1, 19, 45, 24362 }, // U+0472
    { 15, 15, 242, 0, 14, 29, 24407 }, // U+0473
    { 19, 19, 300, 0, 19, 46, 24436 }, // U+0474
    { 15, 14, 244, 0, 14, 27, 24482 }, // U+0475
    { 19, 24, 300, 0, 24, 57, 24509 }, // U+0476
    { 15, 19, 244, 0, 19, 36, 24566 }, // U+0477
    { 33, 25, 543, 1, 19, 104, 24602 }, // U+0478
    { 30, 20, 472, 0, 14, 75, 24706 }, // U+0479
    { 16, 19, 286, 1, 19, 38, 24781 }, // U+0480
    { 14, 19, 232, 0, 14, 34, 24819 }, // U+0481
    { 14, 17, 265, 1, 17, 30, 24853 }, // U+0482
    { 10, 5, 0, -13, 19, 7, 24883 }, // U+0483
    { 11, 4, 0, -13, 19, 6, 24890 }, // U+0484
    { 4, 6, 0, -9, 21, 3, 24896 }, // U+0485
    { 5, 6, 0, -9, 21, 4, 24899 }, // U+0486
    { 12, 4, 0, -14, 19, 6, 24903 }, // U+0487
    { 25, 22, 0, -20, 18, 69, 24909 }, // U+0488
    { 24, 25, 0, -19, 19, 75, 24978 }, // U+0489
    { 19, 28, 302, 1, 24, 67, 25053 }, // U+048A
    { 16, 23, 247, 1, 19, 46, 25120 }, // U+048B
    { 17, 19, 283, 0, 19, 41, 25166 }, // U+048C
    { 15, 17, 254, 0, 17, 32, 25207 }, // U+048D
    { 15, 19, 261, 1, 19, 36, 25239 }, // U+048E
    { 14, 20, 243, 1, 14, 35, 25275 }, // U+048F
    { 13, 22, 230, 1, 22, 36, 25310 }, // U+0490
    { 10, 17, 180, 1, 17, 22, 25346 }, // U+0491
    { 15, 19, 230, -1, 19, 36, 25368 }, // U+0492
    { 12, 14, 180, -1, 14, 21, 25404 }, // U+0493
    { 15, 21, 264, 1, 19, 40, 25425 }, // U+0494
    { 13, 19, 227, 1, 14, 31, 25465 }, // U+0495
    { 28, 23, 436, 0, 19, 81, 25496 }, // U+0496
    { 23, 18, 356, 0, 14, 52, 25577 }, // U+0497
    { 14, 25, 256, 1, 19, 44, 25629 }, // U+0498
    { 13, 20, 205, 0, 14, 33, 25673 }, // U+0499
    { 18, 23, 302, 1, 19, 52, 25706 }, // U+049A
    { 15, 18, 245, 1, 14, 34, 25758 }, // U+049B
    { 17, 19, 285, 1, 19, 41, 25792 }, // U+049C
    { 15, 14, 251, 1, 14, 27, 25833 }, // U+049D
    { 22, 19, 351, 0, 19, 53, 25860 }, // U+04A0
    { 17, 14, 267, 0, 14, 30, 25913 }, // U+04A1
    { 18, 23, 307, 1, 19, 52, 25943 }, // U+04A2
    { 15, 18, 257, 1, 14, 34, 25995 }, // U+04A3
    { 24, 19, 399, 1, 19, 57, 26029 }, // U+04A4
    { 17, 14, 284, 1, 14, 30, 26086 }, // U+04A5
    { 27, 21, 448, 1, 19, 71, 26116 }, // U+04A6
    { 22, 18, 375, 1, 14, 50, 26187 }, // U+04A7
    { 25, 20, 417, 1, 19, 63, 26237 }, // U+04A8
    { 21, 15, 334, 0, 14, 40, 26300 }, // U+04A9
    { 17, 25, 295, 1, 19, 54, 26340 }, // U+04AA
    { 14, 20, 232, 0, 14, 35, 26394 }, // U+04AB
    { 16, 23, 264, 0, 19, 46, 26429 }, // U+04AC
    { 13, 18, 204, 0, 14, 30, 26475 }, // U+04AD
    { 18, 19, 289, 0, 19, 43, 26505 }, // U+04AE
    { 15, 20, 236, 0, 14, 38, 26548 }, // U+04AF
    { 18, 19, 289, 0, 19, 43, 26586 }, // U+04B0
    { 15, 20, 236, 0, 14, 38, 26629 }, // U+04B1
    { 19, 23, 306, 0, 19, 55, 26667 }, // U+04B2
    { 16, 18, 242, 0, 14, 36, 26722 }, // U+04B3
    { 24, 23, 379, 0, 19, 69, 26758 }, // U+04B4
    { 18, 18, 283, 0, 14, 41, 26827 }, // U+04B5
    { 17, 23, 292, 1, 19, 49, 26868 }, // U+04B6
    { 15, 18, 249, 1, 14, 34, 26917 }, // U+04B7
    { 15, 19, 281, 1, 19, 36, 26951 }, // U+04B8
    { 13, 14, 238, 1, 14, 23, 26987 }, // U+04B9
    { 16, 19, 281, 1, 19, 38, 27010 }, // U+04BA
    { 13, 19, 246, 1, 19, 31, 27048 }, // U+04BB
    { 22, 20, 355, 0, 19, 55, 27079 }, // U+04BC
    { 18, 15, 299, 0, 14, 34, 27134 }, // U+04BD
    { 22, 23, 355, 0, 19, 64, 27168 }, // U+04BE
    { 18, 20, 299, 0, 14, 45, 27232 }, // U+04BF
    { 5, 19, 110, 1, 19, 12, 27277 }, // U+04C0
    { 26, 24, 422, 0, 24, 78, 27289 }, // U+04C1
    { 21, 19, 343, 0, 19, 50, 27367 }, // U+04C2
    { 16, 24, 276, 1, 19, 48, 27417 }, // U+04C3
    { 14, 18, 246, 1, 14, 32, 27465 }, // U+04C4
    { 20, 23, 297, 0, 19, 58, 27497 }, // U+04C5
    { 16, 18, 240, 0, 14, 36, 27555 }, // U+04C6
    { 16, 25, 296, 1, 19, 50, 27591 }, // U+04C7
    { 13, 20, 246, 1, 14, 33, 27641 }, // U+04C8
    { 19, 23, 296, 1, 19, 55, 27674 }, // U+04C9
    { 16, 18, 246, 1, 14, 36, 27729 }, // U+04CA
    { 17, 23, 292, 1, 19, 49, 27765 }, // U+04CB
    { 15, 18, 249, 1, 14, 34, 27814 }, // U+04CC
    { 23, 23, 369, 1, 19, 67, 27848 }, // U+04CD
    { 20, 18, 322, 1, 14, 45, 27915 }, // U+04CE
    { 5, 19, 106, 1, 19, 12, 27960 }, // U+04CF
    { 18, 24, 296, 0, 24, 54, 27972 }, // U+04D0
    { 13, 20, 230, 0, 19, 33, 28026 }, // U+04D1
    { 18, 24, 296, 0, 24, 54, 28059 }, // U+04D2
    { 13, 20, 230, 0, 19, 33, 28113 }, // U+04D3
    { 25, 19, 409, 0, 19, 60, 28146 }, // U+04D4
    { 22, 15, 362, 0, 14, 42, 28206 }, // U+04D5
    { 13, 24, 243, 1, 24, 39, 28248 }, // U+04D6
    { 14, 20, 235, 0, 19, 35, 28287 }, // U+04D7
    { 17, 20, 298, 1, 19, 43, 28322 }, // U+04D8
    { 14, 15, 235, 0, 14, 27, 28365 }, // U+04D9
    { 17, 25, 298, 1, 24, 54, 28392 }, // U+04DA
    { 14, 20, 235, 0, 19, 35, 28446 }, // U+04DB
    { 26, 24, 422, 0, 24, 78, 28481 }, // U+04DC
    { 21, 19, 343, 0, 19, 50, 28559 }, // U+04DD
    { 14, 25, 256, 1, 24, 44, 28609 }, // U+04DE
    { 13, 20, 205, 0, 19, 33, 28653 }, // U+04DF
    { 14, 20, 256, 1, 19, 35, 28686 }, // U+04E0
    { 14, 20, 256, 1, 14, 35, 28721 }, // U+04E1
    { 17, 24, 302, 1, 24, 51, 28756 }, // U+04E2
    { 13, 19, 247, 1, 19, 31, 28807 }, // U+04E3
    { 17, 24, 302, 1, 24, 51, 28838 }, // U+04E4
    { 13, 19, 247, 1, 19, 31, 28889 }, // U+04E5
    { 18, 25, 306, 1, 24, 57, 28920 }, // U+04E6
    { 15, 20, 242, 0, 19, 38, 28977 }, // U+04E7
    { 18, 20, 306, 1, 19, 45, 29015 }, // U+04E8
    { 15, 15, 242, 0, 14, 29, 29060 }, // U+04E9
    { 18, 25, 306, 1, 24, 57, 29089 }, // U+04EA
    { 15, 20, 242, 0, 19, 38, 29146 }, // U+04EB
    { 18, 25, 295, 0, 24, 57, 29184 }, // U+04EC
    { 14, 20, 233, 0, 19, 35, 29241 }, // U+04ED
    { 17, 24, 274, 0, 24, 51, 29276 }, // U+04EE
    { 15, 25, 237, 0, 19, 47, 29327 }, // U+04EF
    { 17, 24, 274, 0, 24, 51, 29374 }, // U+04F0
    { 15, 25, 237, 0, 19, 47, 29425 }, // U+04F1
    { 17, 24, 274, 0, 24, 51, 29472 }, // U+04F2
    { 15, 25, 237, 0, 19, 47, 29523 }, // U+04F3
    { 15, 24, 281, 1, 24, 45, 29570 }, // U+04F4
    { 13, 19, 238, 1, 19, 31, 29615 }, // U+04F5
    { 13, 23, 230, 1, 19, 38, 29646 }, // U+04F6
    { 10, 18, 180, 1, 14, 23, 29684 }, // U+04F7
    { 21, 24, 363, 1, 24, 63, 29707 }, // U+04F8
    { 18, 19, 317, 1, 19, 43, 29770 }, // U+04F9
    { 15, 25, 246, 0, 19, 47, 29813 }, // U+04FA
    { 12, 20, 180, -1, 14, 30, 29860 }, // U+04FB
    { 19, 25, 313, 0, 19, 60, 29890 }, // U+04FC
    { 13, 20, 214, 0, 14, 33, 29950 }, // U+04FD
    { 18, 19, 292, 0, 19, 43, 29983 }, // U+04FE
    { 14, 14, 228, 0, 14, 25, 30026 }, // U+04FF
    { 15, 15, 272, 1, 15, 29, 30051 }, // U+05D0
    { 14, 15, 226, 0, 15, 27, 30080 }, // U+05D1
    { 10, 15, 181, 0, 15, 19, 30107 }, // U+05D2
    { 14, 15, 219, 0, 15, 27, 30126 }, // U+05D3
    { 14, 15, 262, 1, 15, 27, 30153 }, // U+05D4
    { 5, 15, 118, 1, 15, 10, 30180 }, // U+05D5
    { 10, 15, 162, 0, 15, 19, 30190 }, // U+05D6
    { 15, 15, 272, 1, 15, 29, 30209 }, // U+05D7
    { 15, 15, 264, 1, 15, 29, 30238 }, // U+05D8
    { 5, 9, 113, 1, 15, 6, 30267 }, // U+05D9
    { 12, 20, 211, 0, 15, 30, 30273 }, // U+05DA
    { 13, 15, 217, 0, 15, 25, 30303 }, // U+05DB
    { 13, 19, 206, 0, 19, 31, 30328 }, // U+05DC
    { 15, 15, 272, 1, 15, 29, 30359 }, // U+05DD
    { 15, 15, 276, 1, 15, 29, 30388 }, // U+05DE
    { 5, 20, 118, 1, 15, 13, 30417 }, // U+05DF
    { 9, 15, 160, 0, 15, 17, 30430 }, // U+05E0
    { 15, 15, 265, 1, 15, 29, 30447 }, // U+05E1
    { 15, 16, 246, 0, 15, 30, 30476 }, // U+05E2
    { 14, 20, 259, 1, 15, 35, 30506 }, // U+05E3
    { 15, 15, 262, 1, 15, 29, 30541 }, // U+05E4
    { 14, 20, 233, 0, 15, 35, 30570 }, // U+05E5
    { 14, 15, 246, 0, 15, 27, 30605 }, // U+05E6
    { 15, 20, 255, 1, 15, 38, 30632 }, // U+05E7
    { 12, 15, 214, 0, 15, 23, 30670 }, // U+05E8
    { 18, 15, 321, 1, 15, 34, 30693 }, // U+05E9
    { 14, 15, 266, 1, 15, 27, 30727 }, // U+05EA
    { 5, 8, 129, 1, 7, 5, 30754 }, // U+060C
    { 7, 19, 136, 0, 18, 17, 30759 }, // U+061B
    { 13, 20, 205, 0, 19, 33, 30776 }, // U+061F
    { 11, 13, 188, 0, 11, 18, 30809 }, // U+0621
    { 10, 5, 116, 0, 4, 7, 30827 }, // U+0640
    { 6, 7, 229, 4, 11, 6, 30834 }, // U+0660
    { 6, 19, 229, 4, 18, 15, 30840 }, // U+0661
    { 13, 19, 229, 1, 18, 31, 30855 }, // U+0662
    { 14, 19, 229, 0, 18, 34, 30886 }, // U+0663
    { 12, 19, 229, 1, 18, 29, 30920 }, // U+0664
    { 12, 14, 229, 1, 14, 21, 30949 }, // U+0665
    { 13, 19, 229, 1, 18, 31, 30970 }, // U+0666
    { 15, 19, 229, 0, 18, 36, 31001 }, // U+0667
    { 15, 19, 229, 0, 18, 36, 31037 }, // U+0668
    { 12, 18, 229, 1, 18, 27, 31073 }, // U+0669
    { 18, 16, 296, 0, 10, 36, 31100 }, // U+06BA
    { 7, 3, 130, 1, 3, 3, 31136 }, // U+06D4
    { 6, 7, 229, 4, 11, 6, 31139 }, // U+06F0
    { 6, 19, 229, 4, 18, 15, 31145 }, // U+06F1
    { 13, 19, 229, 1, 18, 31, 31160 }, // U+06F2
    { 14, 19, 229, 0, 18, 34, 31191 }, // U+06F3
    { 13, 19, 229, 1, 18, 31, 31225 }, // U+06F4
    { 14, 17, 229, 0, 17, 30, 31256 }, // U+06F5
    { 12, 18, 229, 1, 17, 27, 31286 }, // U+06F6
    { 15, 19, 229, 0, 18, 36, 31313 }, // U+06F7
    { 15, 19, 229, 0, 18, 36, 31349 }, // U+06F8
    { 12, 18, 229, 1, 18, 27, 31385 }, // U+06F9
    { 18, 25, 296, 0, 19, 57, 31412 }, // U+1EA0
    { 13, 20, 230, 0, 14, 33, 31469 }, // U+1EA1
    { 18, 24, 296, 0, 24, 54, 31502 }, // U+1EA2
    { 13, 20, 230, 0, 19, 33, 31556 }, // U+1EA3
    { 18, 28, 296, 0, 28, 63, 31589 }, // U+1EA4
    { 14, 24, 230, 0, 23, 42, 31652 }, // U+1EA5
    { 18, 28, 296, 0, 28, 63, 31694 }, // U+1EA6
    { 13, 24, 230, 0, 23, 39, 31757 }, // U+1EA7
    { 18, 28, 296, 0, 28, 63, 31796 }, // U+1EA8
    { 13, 24, 230, 0, 23, 39, 31859 }, // U+1EA9
    { 18, 28, 296, 0, 28, 63, 31898 }, // U+1EAA
    { 13, 24, 230, 0, 23, 39, 31961 }, // U+1EAB
    { 18, 30, 296, 0, 24, 68, 32000 }, // U+1EAC
    { 13, 25, 230, 0, 19, 41, 32068 }, // U+1EAD
    { 18, 28, 296, 0, 28, 63, 32109 }, // U+1EAE
    { 13, 24, 230, 0, 23, 39, 32172 }, // U+1EAF
    { 18, 28, 296, 0, 28, 63, 32211 }, // U+1EB0
    { 13, 24, 230, 0, 23, 39, 32274 }, // U+1EB1
    { 18, 28, 296, 0, 28, 63, 32313 }, // U+1EB2
    { 13, 24, 230, 0, 23, 39, 32376 }, // U+1EB3
    { 18, 28, 296, 0, 28, 63, 32415 }, // U+1EB4
    { 13, 24, 230, 0, 23, 39, 32478 }, // U+1EB5
    { 18, 30, 296, 0, 24, 68, 32517 }, // U+1EB6
    { 13, 25, 230, 0, 19, 41, 32585 }, // U+1EB7
    { 13, 25, 243, 1, 19, 41, 32626 }, // U+1EB8
    { 14, 20, 235, 0, 14, 35, 32667 }, // U+1EB9
    { 13, 24, 243, 1, 24, 39, 32702 }, // U+1EBA
    { 14, 20, 235, 0, 19, 35, 32741 }, // U+1EBB
    { 13, 24, 243, 1, 24, 39, 32776 }, // U+1EBC
    { 14, 20, 235, 0, 19, 35, 32815 }, // U+1EBD
    { 14, 28, 243, 1, 28, 49, 32850 }, // U+1EBE
    { 14, 24, 235, 0, 23, 42, 32899 }, // U+1EBF
    { 13, 28, 243, 1, 28, 46, 32941 }, // U+1EC0
    { 14, 24, 235, 0, 23, 42, 32987 }, // U+1EC1
    { 13, 28, 243, 1, 28, 46, 33029 }, // U+1EC2
    { 14, 24, 235, 0, 23, 42, 33075 }, // U+1EC3
    { 13, 28, 243, 1, 28, 46, 33117 }, // U+1EC4
    { 14, 24, 235, 0, 23, 42, 33163 }, // U+1EC5
    { 13, 30, 243, 1, 24, 49, 33205 }, // U+1EC6
    { 14, 25, 235, 0, 19, 44, 33254 }, // U+1EC7
    { 5, 24, 110, 1, 24, 15, 33298 }, // U+1EC8
    { 6, 19, 106, 0, 19, 15, 33313 }, // U+1EC9
    { 5, 25, 110, 1, 19, 16, 33328 }, // U+1ECA
    { 5, 25, 106, 1, 19, 16, 33344 }, // U+1ECB
    { 18, 25, 306, 1, 19, 57, 33360 }, // U+1ECC
    { 15, 20, 242, 0, 14, 38, 33417 }, // U+1ECD
    { 18, 25, 306, 1, 24, 57, 33455 }, // U+1ECE
    { 15, 20, 242, 0, 19, 38, 33512 }, // U+1ECF
    { 18, 29, 306, 1, 28, 66, 33550 }, // U+1ED0
    { 15, 24, 242, 0, 23, 45, 33616 }, // U+1ED1
    { 18, 29, 306, 1, 28, 66, 33661 }, // U+1ED2
    { 15, 24, 242, 0, 23, 45, 33727 }, // U+1ED3
    { 18, 29, 306, 1, 28, 66, 33772 }, // U+1ED4
    { 15, 24, 242, 0, 23, 45, 33838 }, // U+1ED5
    { 18, 29, 306, 1, 28, 66, 33883 }, // U+1ED6
    { 15, 24, 242, 0, 23, 45, 33949 }, // U+1ED7
    { 18, 30, 306, 1, 24, 68, 33994 }, // U+1ED8
    { 15, 25, 242, 0, 19, 47, 34062 }, // U+1ED9
    { 18, 25, 309, 1, 24, 57, 34109 }, // U+1EDA
    { 15, 20, 242, 0, 19, 38, 34166 }, // U+1EDB
    { 18, 25, 309, 1, 24, 57, 34204 }, // U+1EDC
    { 15, 20, 242, 0, 19, 38, 34261 }, // U+1EDD
    { 18, 25, 309, 1, 24, 57, 34299 }, // U+1EDE
    { 15, 20, 242, 0, 19, 38, 34356 }, // U+1EDF
    { 18, 25, 309, 1, 24, 57, 34394 }, // U+1EE0
    { 15, 20, 242, 0, 19, 38, 34451 }, // U+1EE1
    { 18, 27, 309, 1, 21, 61, 34489 }, // U+1EE2
    { 15, 23, 242, 0, 17, 44, 34550 }, // U+1EE3
    { 16, 25, 290, 1, 19, 50, 34594 }, // U+1EE4
    { 13, 20, 246, 1, 14, 33, 34644 }, // U+1EE5
    { 16, 25, 290, 1, 24, 50, 34677 }, // U+1EE6
    { 13, 20, 246, 1, 19, 33, 34727 }, // U+1EE7
    { 18, 25, 290, 1, 24, 57, 34760 }, // U+1EE8
    { 15, 20, 263, 1, 19, 38, 34817 }, // U+1EE9
    { 18, 25, 290, 1, 24, 57, 34855 }, // U+1EEA
    { 15, 20, 263, 1, 19, 38, 34912 }, // U+1EEB
    { 18, 25, 290, 1, 24, 57, 34950 }, // U+1EEC
    { 15, 20, 263, 1, 19, 38, 35007 }, // U+1EED
    { 18, 25, 290, 1, 24, 57, 35045 }, // U+1EEE
    { 15, 20, 263, 1, 19, 38, 35102 }, // U+1EEF
    { 18, 27, 290, 1, 21, 61, 35140 }, // U+1EF0
    { 15, 23, 263, 1, 17, 44, 35201 }, // U+1EF1
    { 18, 24, 289, 0, 24, 54, 35245 }, // U+1EF2
    { 15, 25, 237, 0, 19, 47, 35299 }, // U+1EF3
    { 18, 25, 289, 0, 19, 57, 35346 }, // U+1EF4
    { 15, 20, 237, 0, 14, 38, 35403 }, // U+1EF5
    { 18, 24, 289, 0, 24, 54, 35441 }, // U+1EF6
    { 15, 25, 237, 0, 19, 47, 35495 }, // U+1EF7
    { 18, 24, 289, 0, 24, 54, 35542 }, // U+1EF8
    { 15, 25, 237, 0, 19, 47, 35596 }, // U+1EF9
    { 17, 21, 275, 0, 20, 45, 35643 }, // U+1F00
    { 17, 21, 275, 0, 20, 45, 35688 }, // U+1F01
    { 17, 21, 275, 0, 20, 45, 35733 }, // U+1F02
    { 17, 21, 275, 0, 20, 45, 35778 }, // U+1F03
    { 17, 21, 275, 0, 20, 45, 35823 }, // U+1F04
    { 17, 21, 275, 0, 20, 45, 35868 }, // U+1F05
    { 17, 25, 275, 0, 24, 54, 35913 }, // U+1F06
    { 17, 25, 275, 0, 24, 54, 35967 }, // U+1F07
    { 19, 19, 304, 0, 19, 46, 36021 }, // U+1F08
    { 19, 19, 307, 0, 19, 46, 36067 }, // U+1F09
    { 23, 19, 372, 0, 19, 55, 36113 }, // U+1F0A
    { 24, 19, 379, 0, 19, 57, 36168 }, // U+1F0B
    { 23, 19, 374, 0, 19, 55, 36225 }, // U+1F0C
    { 24, 19, 380, 0, 19, 57, 36280 }, // U+1F0D
    { 21, 23, 339, 0, 23, 61, 36337 }, // U+1F0E
    { 21, 23, 343, 0, 23, 61, 36398 }, // U+1F0F
    { 13, 21, 220, 0, 20, 35, 36459 }, // U+1F10
    { 13, 21, 220, 0, 20, 35, 36494 }, // U+1F11
    { 13, 21, 220, 0, 20, 35, 36529 }, // U+1F12
    { 13, 21, 220, 0, 20, 35, 36564 }, // U+1F13
    { 13, 21, 220, 0, 20, 35, 36599 }, // U+1F14
    { 13, 21, 220, 0, 20, 35, 36634 }, // U+1F15
    { 19, 19, 316, 0, 19, 46, 36669 }, // U+1F18
    { 19, 19, 320, 0, 19, 46, 36715 }, // U+1F19
    { 24, 19, 388, 0, 19, 57, 36761 }, // U+1F1A
    { 24, 19, 395, 0, 19, 57, 36818 }, // U+1F1B
    { 24, 19, 390, 0, 19, 57, 36875 }, // U+1F1C
    { 24, 19, 396, 0, 19, 57, 36932 }, // U+1F1D
    { 13, 26, 246, 1, 20, 43, 36989 }, // U+1F20
    { 13, 26, 246, 1, 20, 43, 37032 }, // U+1F21
    { 13, 26, 246, 1, 20, 43, 37075 }, // U+1F22
    { 13, 26, 246, 1, 20, 43, 37118 }, // U+1F23
    { 13, 26, 246, 1, 20, 43, 37161 }, // U+1F24
    { 13, 26, 246, 1, 20, 43, 37204 }, // U+1F25
    { 13, 30, 246, 1, 24, 49, 37247 }, // U+1F26
    { 13, 30, 246, 1, 24, 49, 37296 }, // U+1F27
    { 22, 19, 369, 0, 19, 53, 37345 }, // U+1F28
    { 22, 19, 373, 0, 19, 53, 37398 }, // U+1F29
    { 26, 19, 441, 0, 19, 62, 37451 }, // U+1F2A
    { 27, 19, 448, 0, 19, 65, 37513 }, // U+1F2B
    { 27, 19, 443, 0, 19, 65, 37578 }, // U+1F2C
    { 27, 19, 449, 0, 19, 65, 37643 }, // U+1F2D
    { 24, 23, 407, 0, 23, 69, 37708 }, // U+1F2E
    { 25, 23, 412, 0, 23, 72, 37777 }, // U+1F2F
    { 7, 21, 120, 1, 20, 19, 37849 }, // U+1F30
    { 7, 21, 120, 1, 20, 19, 37868 }, // U+1F31
    { 9, 21, 120, -1, 20, 24, 37887 }, // U+1F32
    { 10, 21, 120, -2, 20, 27, 37911 }, // U+1F33
    { 9, 21, 120, -1, 20, 24, 37938 }, // U+1F34
    { 10, 21, 120, -2, 20, 27, 37962 }, // U+1F35
    { 10, 25, 120, -2, 24, 32, 37989 }, // U+1F36
    { 9, 25, 120, -1, 24, 29, 38021 }, // U+1F37
    { 10, 19, 183, 0, 19, 24, 38050 }, // U+1F38
    { 11, 19, 188, 0, 19, 27, 38074 }, // U+1F39
    { 15, 19, 255, 0, 19, 36, 38101 }, // U+1F3A
    { 15, 19, 263, 0, 19, 36, 38137 }, // U+1F3B
    { 15, 19, 257, 0, 19, 36, 38173 }, // U+1F3C
    { 15, 19, 263, 0, 19, 36, 38209 }, // U+1F3D
    { 13, 23, 222, 0, 23, 38, 38245 }, // U+1F3E
    { 13, 23, 226, 0, 23, 38, 38283 }, // U+1F3F
    { 15, 21, 242, 0, 20, 40, 38321 }, // U+1F40
    { 15, 21, 242, 0, 20, 40, 38361 }, // U+1F41
    { 15, 21, 242, 0, 20, 40, 38401 }, // U+1F42
    { 15, 21, 242, 0, 20, 40, 38441 }, // U+1F43
    { 15, 21, 242, 0, 20, 40, 38481 }, // U+1F44
    { 15, 21, 242, 0, 20, 40, 38521 }, // U+1F45
    { 22, 20, 363, 0, 19, 55, 38561 }, // U+1F48
    { 22, 20, 367, 0, 19, 55, 38616 }, // U+1F49
    { 26, 20, 434, 0, 19, 65, 38671 }, // U+1F4A
    { 27, 20, 442, 0, 19, 68, 38736 }, // U+1F4B
    { 27, 20, 437, 0, 19, 68, 38804 }, // U+1F4C
    { 27, 20, 442, 0, 19, 68, 38872 }, // U+1F4D
    { 13, 21, 246, 1, 20, 35, 38940 }, // U+1F50
    { 13, 21, 246, 1, 20, 35, 38975 }, // U+1F51
    { 13, 21, 246, 1, 20, 35, 39010 }, // U+1F52
    { 13, 21, 246, 1, 20, 35, 39045 }, // U+1F53
    { 13, 21, 246, 1, 20, 35, 39080 }, // U+1F54
    { 13, 21, 246, 1, 20, 35, 39115 }, // U+1F55
    { 13, 25, 246, 1, 24, 41, 39150 }, // U+1F56
    { 13, 25, 246, 1, 24, 41, 39191 }, // U+1F57
    { 24, 19, 383, 0, 19, 57, 39232 }, // U+1F59
    { 29, 19, 458, 0, 19, 69, 39289 }, // U+1F5B
    { 29, 19, 459, 0, 19, 69, 39358 }, // U+1F5D
    { 26, 23, 422, 0, 23, 75, 39427 }, // U+1F5F
    { 20, 21, 331, 0, 20, 53, 39502 }, // U+1F60
    { 20, 21, 331, 0, 20, 53, 39555 }, // U+1F61
    { 20, 21, 331, 0, 20, 53, 39608 }, // U+1F62
    { 20, 21, 331, 0, 20, 53, 39661 }, // U+1F63
    { 20, 21, 331, 0, 20, 53, 39714 }, // U+1F64
    { 20, 21, 331, 0, 20, 53, 39767 }, // U+1F65
    { 20, 25, 331, 0, 24, 63, 39820 }, // U+1F66
    { 20, 25, 331, 0, 24, 63, 39883 }, // U+1F67
    { 22, 19, 365, 0, 19, 53, 39946 }, // U+1F68
    { 22, 19, 369, 0, 19, 53, 39999 }, // U+1F69
    { 26, 19, 436, 0, 19, 62, 40052 }, // U+1F6A
    { 27, 19, 444, 0, 19, 65, 40114 }, // U+1F6B
    { 27, 19, 439, 0, 19, 65, 40179 }, // U+1F6C
    { 27, 19, 444, 0, 19, 65, 40244 }, // U+1F6D
    { 24, 23, 403, 0, 23, 69, 40309 }, // U+1F6E
    { 25, 23, 407, 0, 23, 72, 40378 }, // U+1F6F
    { 17, 20, 275, 0, 19, 43, 40450 }, // U+1F70
    { 17, 20, 275, 0, 19, 43, 40493 }, // U+1F71
    { 13, 20, 220, 0, 19, 33, 40536 }, // U+1F72
    { 13, 20, 220, 0, 19, 33, 40569 }, // U+1F73
    { 13, 25, 246, 1, 19, 41, 40602 }, // U+1F74
    { 13, 25, 246, 1, 19, 41, 40643 }, // U+1F75
    { 8, 20, 120, 0, 19, 20, 40684 }, // U+1F76
    { 7, 20, 120, 1, 19, 18, 40704 }, // U+1F77
    { 15, 20, 242, 0, 19, 38, 40722 }, // U+1F78
    { 15, 20, 242, 0, 19, 38, 40760 }, // U+1F79
    { 13, 20, 246, 1, 19, 33, 40798 }, // U+1F7A
    { 13, 20, 246, 1, 19, 33, 40831 }, // U+1F7B
    { 20, 20, 331, 0, 19, 50, 40864 }, // U+1F7C
    { 20, 20, 331, 0, 19, 50, 40914 }, // U+1F7D
    { 17, 26, 275, 0, 20, 56, 40964 }, // U+1F80
    { 17, 26, 275, 0, 20, 56, 41020 }, // U+1F81
    { 17, 26, 275, 0, 20, 56, 41076 }, // U+1F82
    { 17, 26, 275, 0, 20, 56, 41132 }, // U+1F83
    { 17, 26, 275, 0, 20, 56, 41188 }, // U+1F84
    { 17, 26, 275, 0, 20, 56, 41244 }, // U+1F85
    { 17, 30, 275, 0, 24, 64, 41300 }, // U+1F86
    { 17, 30, 275, 0, 24, 64, 41364 }, // U+1F87
    { 19, 25, 304, 0, 19, 60, 41428 }, // U+1F88
    { 19, 25, 307, 0, 19, 60, 41488 }, // U+1F89
    { 23, 25, 372, 0, 19, 72, 41548 }, // U+1F8A
    { 24, 25, 379, 0, 19, 75, 41620 }, // U+1F8B
    { 23, 25, 374, 0, 19, 72, 41695 }, // U+1F8C
    { 24, 25, 380, 0, 19, 75, 41767 }, // U+1F8D
    { 21, 29, 339, 0, 23, 77, 41842 }, // U+1F8E
    { 21, 29, 343, 0, 23, 77, 41919 }, // U+1F8F
    { 13, 26, 246, 1, 20, 43, 41996 }, // U+1F90
    { 13, 26, 246, 1, 20, 43, 42039 }, // U+1F91
    { 13, 26, 246, 1, 20, 43, 42082 }, // U+1F92
    { 13, 26, 246, 1, 20, 43, 42125 }, // U+1F93
    { 13, 26, 246, 1, 20, 43, 42168 }, // U+1F94
    { 13, 26, 246, 1, 20, 43, 42211 }, // U+1F95
    { 13, 30, 246, 1, 24, 49, 42254 }, // U+1F96
    { 13, 30, 246, 1, 24, 49, 42303 }, // U+1F97
    { 22, 25, 369, 0, 19, 69, 42352 }, // U+1F98
    { 22, 25, 373, 0, 19, 69, 42421 }, // U+1F99
    { 26, 25, 441, 0, 19, 82, 42490 }, // U+1F9A
    { 27, 25, 448, 0, 19, 85, 42572 }, // U+1F9B
    { 27, 25, 443, 0, 19, 85, 42657 }, // U+1F9C
    { 27, 25, 449, 0, 19, 85, 42742 }, // U+1F9D
    { 24, 29, 407, 0, 23, 87, 42827 }, // U+1F9E
    { 25, 29, 412, 0, 23, 91, 42914 }, // U+1F9F
    { 20, 26, 331, 0, 20, 65, 43005 }, // U+1FA0
    { 20, 26, 331, 0, 20, 65, 43070 }, // U+1FA1
    { 20, 26, 331, 0, 20, 65, 43135 }, // U+1FA2
    { 20, 26, 331, 0, 20, 65, 43200 }, // U+1FA3
    { 20, 26, 331, 0, 20, 65, 43265 }, // U+1FA4
    { 20, 26, 331, 0, 20, 65, 43330 }, // U+1FA5
    { 20, 30, 331, 0, 24, 75, 43395 }, // U+1FA6
    { 20, 30, 331, 0, 24, 75, 43470 }, // U+1FA7
    { 22, 25, 365, 0, 19, 69, 43545 }, // U+1FA8
    { 22, 25, 369, 0, 19, 69, 43614 }, // U+1FA9
    { 26, 25, 436, 0, 19, 82, 43683 }, // U+1FAA
    { 27, 25, 444, 0, 19, 85, 43765 }, // U+1FAB
    { 27, 25, 439, 0, 19, 85, 43850 }, // U+1FAC
    { 27, 25, 444, 0, 19, 85, 43935 }, // U+1FAD
    { 24, 29, 403, 0, 23, 87, 44020 }, // U+1FAE
    { 25, 29, 407, 0, 23, 91, 44107 }, // U+1FAF
    { 17, 20, 275, 0, 19, 43, 44198 }, // U+1FB0
    { 17, 20, 275, 0, 19, 43, 44241 }, // U+1FB1
    { 17, 25, 275, 0, 19, 54, 44284 }, // U+1FB2
    { 17, 20, 275, 0, 14, 43, 44338 }, // U+1FB3
    { 17, 25, 275, 0, 19, 54, 44381 }, // U+1FB4
    { 17, 20, 275, 0, 19, 43, 44435 }, // U+1FB6
    { 17, 25, 275, 0, 19, 54, 44478 }, // U+1FB7
    { 18, 24, 296, 0, 24, 54, 44532 }, // U+1FB8
    { 18, 24, 296, 0, 24, 54, 44586 }, // U+1FB9
    { 19, 19, 296, -1, 19, 46, 44640 }, // U+1FBA
    { 18, 19, 308, 1, 19, 43, 44686 }, // U+1FBB
    { 18, 25, 296, 0, 19, 57, 44729 }, // U+1FBC
    { 5, 5, 91, 0, 20, 4, 44786 }, // U+1FBD
    { 5, 5, 116, 1, -1, 4, 44790 }, // U+1FBE
    { 5, 5, 91, 0, 20, 4, 44794 }, // U+1FBF
    { 10, 4, 198, 1, 19, 5, 44798 }, // U+1FC0
    { 10, 8, 184, 1, 23, 10, 44803 }, // U+1FC1
    { 13, 25, 246, 1, 19, 41, 44813 }, // U+1FC2
    { 13, 20, 246, 1, 14, 33, 44854 }, // U+1FC3
    { 13, 25, 246, 1, 19, 41, 44887 }, // U+1FC4
    { 13, 25, 246, 1, 19, 41, 44928 }, // U+1FC6
    { 13, 25, 246, 1, 19, 41, 44969 }, // U+1FC7
    { 21, 19, 308, -2, 19, 50, 45010 }, // U+1FC8
    { 19, 19, 315, 0, 19, 46, 45060 }, // U+1FC9
    { 24, 19, 362, -2, 19, 57, 45106 }, // U+1FCA
    { 22, 19, 368, 0, 19, 53, 45163 }, // U+1FCB
    { 16, 25, 296, 1, 19, 50, 45216 }, // U+1FCC
    { 9, 5, 143, 0, 20, 6, 45266 }, // U+1FCD
    { 10, 5, 159, 0, 20, 7, 45272 }, // U+1FCE
    { 9, 9, 134, 0, 24, 11, 45279 }, // U+1FCF
    { 9, 20, 120, -1, 19, 23, 45290 }, // U+1FD0
    { 9, 20, 120, -1, 19, 23, 45313 }, // U+1FD1
    { 13, 23, 120, -3, 22, 38, 45336 }, // U+1FD2
    { 9, 24, 120, -1, 23, 27, 45374 }, // U+1FD3
    { 9, 20, 120, -1, 19, 23, 45401 }, // U+1FD6
    { 10, 24, 120, -2, 23, 30, 45424 }, // U+1FD7
    { 9, 24, 110, -1, 24, 27, 45454 }, // U+1FD8
    { 8, 24, 110, -1, 24, 24, 45481 }, // U+1FD9
    { 12, 19, 176, -2, 19, 29, 45505 }, // U+1FDA
    { 10, 19, 182, 0, 19, 24, 45534 }, // U+1FDB
    { 9, 5, 150, 0, 20, 6, 45558 }, // U+1FDD
    { 10, 5, 163, 0, 20, 7, 45564 }, // U+1FDE
    { 9, 9, 134, 0, 24, 11, 45571 }, // U+1FDF
    { 13, 20, 246, 1, 19, 33, 45582 }, // U+1FE0
    { 13, 20, 246, 1, 19, 33, 45615 }, // U+1FE1
    { 13, 23, 246, 1, 22, 38, 45648 }, // U+1FE2
    { 13, 23, 246, 1, 22, 38, 45686 }, // U+1FE3
    { 14, 26, 249, 1, 20, 46, 45724 }, // U+1FE4
    { 14, 26, 249, 1, 20, 46, 45770 }, // U+1FE5
    { 13, 20, 246, 1, 19, 33, 45816 }, // U+1FE6
    { 13, 24, 246, 1, 23, 39, 45849 }, // U+1FE7
    { 18, 24, 289, 0, 24, 54, 45888 }, // U+1FE8
    { 18, 24, 289, 0, 24, 54, 45942 }, // U+1FE9
    { 25, 19, 318, -5, 19, 60, 45996 }, // U+1FEA
    { 24, 19, 378, 0, 19, 57, 46056 }, // U+1FEB
    { 21, 19, 340, 0, 19, 50, 46113 }, // U+1FEC
    { 12, 7, 284, 3, 22, 11, 46163 }, // U+1FED
    { 12, 7, 284, 3, 22, 11, 46174 }, // U+1FEE
    { 5, 4, 74, 0, 19, 3, 46185 }, // U+1FEF
    { 20, 25, 331, 0, 19, 63, 46188 }, // U+1FF2
    { 20, 20, 331, 0, 14, 50, 46251 }, // U+1FF3
    { 20, 25, 331, 0, 19, 63, 46301 }, // U+1FF4
    { 20, 20, 331, 0, 19, 50, 46364 }, // U+1FF6
    { 20, 25, 331, 0, 19, 63, 46414 }, // U+1FF7
    { 23, 20, 306, -4, 19, 58, 46477 }, // U+1FF8
    { 22, 20, 362, 0, 19, 55, 46535 }, // U+1FF9
    { 23, 19, 350, -2, 19, 55, 46590 }, // U+1FFA
    { 22, 19, 364, 0, 19, 53, 46645 }, // U+1FFB
    { 18, 25, 310, 1, 19, 57, 46698 }, // U+1FFC
    { 5, 4, 134, 2, 19, 3, 46755 }, // U+1FFD
    { 5, 5, 91, 0, 20, 4, 46758 }, // U+1FFE
    { 0, 0, 227, 0, 0, 0, 46762 }, // U+2000
    { 0, 0, 451, 0, 0, 0, 46762 }, // U+2001
    { 0, 0, 200, 0, 0, 0, 46762 }, // U+2002
    { 0, 0, 400, 0, 0, 0, 46762 }, // U+2003
    { 0, 0, 134, 0, 0, 0, 46762 }, // U+2004
    { 0, 0, 100, 0, 0, 0, 46762 }, // U+2005
    { 0, 0, 66, 0, 0, 0, 46762 }, // U+2006
    { 0, 0, 258, 0, 0, 0, 46762 }, // U+2007
    { 0, 0, 126, 0, 0, 0, 46762 }, // U+2008
    { 0, 0, 61, 0, 0, 0, 46762 }, // U+2009
    { 0, 0, 29, 0, 0, 0, 46762 }, // U+200A
    { 0, 0, 0, 0, 0, 0, 46762 }, // U+200B
    { 0, 0, 0, 0, 0, 0, 46762 }, // U+200C
    { 0, 0, 0, 0, 0, 0, 46762 }, // U+200D
    { 0, 0, 0, 0, 0, 0, 46762 }, // U+200E
    { 0, 0, 0, 0, 0, 0, 46762 }, // U+200F
    { 9, 4, 179, 1, 9, 5, 46762 }, // U+2010
    { 9, 4, 179, 1, 9, 5, 46767 }, // U+2011
    { 16, 4, 258, 0, 10, 8, 46772 }, // U+2012
    { 13, 4, 200, 0, 9, 7, 46780 }, // U+2013
    { 25, 4, 400, 0, 9, 13, 46787 }, // U+2014
    { 25, 4, 400, 0, 9, 13, 46800 }, // U+2015
    { 10, 31, 223, 2, 25, 39, 46813 }, // U+2016
    { 12, 6, 188, 0, 0, 9, 46852 }, // U+2017
    { 6, 9, 117, 1, 19, 7, 46861 }, // U+2018
    { 6, 9, 117, 1, 19, 7, 46868 }, // U+2019
    { 5, 9, 108, 1, 4, 6, 46875 }, // U+201A
    { 6, 9, 117, 0, 19, 7, 46881 }, // U+201B
    { 12, 9, 206, 1, 19, 14, 46888 }, // U+201C
    { 11, 9, 203, 1, 19, 13, 46902 }, // U+201D
    { 11, 9, 195, 1, 4, 13, 46915 }, // U+201E
    { 11, 9, 203, 0, 19, 13, 46928 }, // U+201F
    { 12, 15, 232, 1, 19, 23, 46941 }, // U+2020
    { 12, 19, 232, 1, 19, 29, 46964 }, // U+2021
    { 9, 9, 186, 1, 12, 11, 46993 }, // U+2022
    { 7, 9, 186, 3, 12, 8, 47004 }, // U+2023
    { 6, 5, 126, 1, 4, 4, 47012 }, // U+2024
    { 13, 5, 251, 1, 4, 9, 47016 }, // U+2025
    { 21, 5, 377, 1, 4, 14, 47025 }, // U+2026
    { 6, 5, 126, 1, 11, 4, 47039 }, // U+2027
    { 0, 0, 0, 0, 0, 0, 47043 }, // U+202A
    { 0, 0, 0, 0, 0, 0, 47043 }, // U+202B
    { 0, 0, 0, 0, 0, 0, 47043 }, // U+202C
    { 0, 0, 0, 0, 0, 0, 47043 }, // U+202D
    { 0, 0, 0, 0, 0, 0, 47043 }, // U+202E
    { 0, 0, 61, 0, 0, 0, 47043 }, // U+202F
    { 31, 20, 548, 2, 19, 78, 47043 }, // U+2030
    { 40, 20, 697, 2, 19, 100, 47121 }, // U+2031
    { 5, 8, 108, 1, 19, 5, 47221 }, // U+2032
    { 12, 8, 215, 1, 19, 12, 47226 }, // U+2033
    { 18, 8, 322, 1, 19, 18, 47238 }, // U+2034
    { 5, 8, 108, 1, 19, 5, 47256 }, // U+2035
    { 12, 8, 215, 1, 19, 12, 47261 }, // U+2036
    { 18, 8, 322, 1, 19, 18, 47273 }, // U+2037
    { 12, 6, 217, 1, -1, 9, 47291 }, // U+2038
    { 9, 13, 169, 1, 14, 15, 47300 }, // U+2039
    { 10, 13, 169, 0, 14, 17, 47315 }, // U+203A
    { 17, 16, 321, 2, 16, 34, 47332 }, // U+203B
    { 14, 20, 254, 1, 19, 35, 47366 }, // U+203C
    { 13, 20, 222, 0, 19, 33, 47401 }, // U+203D
    { 13, 3, 197, 0, 21, 5, 47434 }, // U+203E
    { 21, 5, 338, 0, -1, 14, 47439 }, // U+203F
    { 21, 5, 338, 0, 19, 14, 47453 }, // U+2040
    { 11, 14, 189, 0, 8, 20, 47467 }, // U+2041
    { 17, 16, 303, 1, 17, 34, 47487 }, // U+2042
    { 8, 4, 186, 2, 9, 4, 47521 }, // U+2043
    { 16, 19, 82, -5, 19, 38, 47525 }, // U+2044
    { 7, 24, 147, 2, 20, 21, 47563 }, // U+2045
    { 7, 24, 147, 1, 20, 21, 47584 }, // U+2046
    { 27, 20, 449, 0, 19, 68, 47605 }, // U+2047
    { 21, 20, 352, 0, 19, 53, 47673 }, // U+2048
    { 20, 20, 352, 1, 19, 50, 47726 }, // U+2049
    { 11, 20, 184, 0, 14, 28, 47776 }, // U+204A
    { 13, 19, 237, 1, 19, 31, 47804 }, // U+204B
    { 13, 11, 241, 1, 13, 18, 47835 }, // U+204C
    { 13, 11, 241, 1, 13, 18, 47853 }, // U+204D
    { 11, 12, 221, 1, 9, 17, 47871 }, // U+204E
    { 6, 18, 129, 1, 13, 14, 47888 }, // U+204F
    { 21, 25, 337, 0, 19, 66, 47902 }, // U+2050
    { 11, 24, 228, 3, 19, 33, 47968 }, // U+2051
    { 18, 19, 318, 1, 19, 43, 48001 }, // U+2052
    { 17, 7, 302, 1, 12, 15, 48044 }, // U+2053
    { 21, 5, 338, 0, -1, 14, 48059 }, // U+2054
    { 14, 13, 284, 2, 13, 23, 48073 }, // U+2055
    { 25, 8, 429, 1, 19, 25, 48096 }, // U+2057
    { 0, 0, 116, 0, 0, 0, 48121 }, // U+205F
    { 0, 0, 0, 0, 0, 0, 48121 }, // U+2060
    { 0, 0, 0, 0, 0, 0, 48121 }, // U+2061
    { 0, 0, 0, 0, 0, 0, 48121 }, // U+2062
    { 0, 0, 0, 0, 0, 0, 48121 }, // U+2063
    { 0, 0, 0, 0, 0, 0, 48121 }, // U+2064
    { 0, 0, 0, 0, 0, 0, 48121 }, // U+2066
    { 0, 0, 0, 0, 0, 0, 48121 }, // U+2067
    { 0, 0, 0, 0, 0, 0, 48121 }, // U+2068
    { 0, 0, 0, 0, 0, 0, 48121 }, // U+2069
    { 0, 0, 0, 0, 0, 0, 48121 }, // U+206A
    { 0, 0, 0, 0, 0, 0, 48121 }, // U+206B
    { 0, 0, 0, 0, 0, 0, 48121 }, // U+206C
    { 0, 0, 0, 0, 0, 0, 48121 }, // U+206D
    { 0, 0, 0, 0, 0, 0, 48121 }, // U+206E
    { 0, 0, 0, 0, 0, 0, 48121 }, // U+206F
    { 10, 12, 192, 1, 22, 15, 48121 }, // U+2070
    { 4, 12, 86, 1, 22, 6, 48136 }, // U+2071
    { 10, 11, 189, 1, 21, 14, 48142 }, // U+2074
    { 10, 11, 182, 1, 21, 14, 48156 }, // U+2075
    { 10, 12, 184, 1, 22, 15, 48170 }, // U+2076
    { 10, 11, 164, 0, 21, 14, 48185 }, // U+2077
    { 10, 12, 186, 1, 22, 15, 48199 }, // U+2078
    { 10, 12, 184, 1, 22, 15, 48214 }, // U+2079
    { 9, 9, 184, 1, 20, 11, 48229 }, // U+207A
    { 9, 3, 184, 1, 17, 4, 48240 }, // U+207B
    { 9, 7, 184, 1, 19, 8, 48244 }, // U+207C
    { 6, 13, 111, 1, 22, 10, 48252 }, // U+207D
    { 6, 13, 111, 0, 22, 10, 48262 }, // U+207E
    { 9, 9, 178, 1, 19, 11, 48272 }, // U+207F
    { 10, 12, 192, 1, 7, 15, 48283 }, // U+2080
    { 6, 11, 128, 1, 6, 9, 48298 }, // U+2081
    { 9, 12, 178, 1, 7, 14, 48307 }, // U+2082
    { 10, 12, 183, 1, 7, 15, 48321 }, // U+2083
    { 10, 11, 189, 1, 6, 14, 48336 }, // U+2084
    { 10, 11, 182, 1, 6, 14, 48350 }, // U+2085
    { 10, 12, 184, 1, 7, 15, 48364 }, // U+2086
    { 10, 11, 164, 0, 6, 14, 48379 }, // U+2087
    { 10, 12, 186, 1, 7, 15, 48393 }, // U+2088
    { 10, 12, 184, 1, 7, 15, 48408 }, // U+2089
    { 9, 9, 184, 1, 5, 11, 48423 }, // U+208A
    { 9, 3, 184, 1, 2, 4, 48434 }, // U+208B
    { 9, 7, 184, 1, 4, 8, 48438 }, // U+208C
    { 6, 13, 111, 1, 7, 10, 48446 }, // U+208D
    { 6, 13, 111, 0, 7, 10, 48456 }, // U+208E
    { 9, 9, 164, 0, 4, 11, 48466 }, // U+2090
    { 10, 9, 168, 0, 4, 12, 48477 }, // U+2091
    { 10, 9, 173, 0, 4, 12, 48489 }, // U+2092
    { 10, 9, 167, 0, 4, 12, 48501 }, // U+2093
    { 10, 11, 190, 1, 5, 14, 48513 }, // U+2094
    { 9, 11, 178, 1, 6, 13, 48527 }, // U+2095
    { 9, 11, 166, 1, 6, 13, 48540 }, // U+2096
    { 4, 11, 86, 1, 6, 6, 48553 }, // U+2097
    { 14, 9, 253, 1, 4, 16, 48559 }, // U+2098
    { 9, 9, 178, 1, 4, 11, 48575 }, // U+2099
    { 10, 12, 178, 1, 4, 15, 48586 }, // U+209A
    { 10, 9, 161, 0, 4, 12, 48601 }, // U+209B
    { 7, 11, 109, 0, 6, 10, 48613 }, // U+209C
    { 17, 20, 302, 1, 19, 43, 48623 }, // U+20A0
    { 17, 24, 295, 1, 21, 51, 48666 }, // U+20A1
    { 17, 20, 288, 1, 19, 43, 48717 }, // U+20A2
    { 16, 19, 245, -1, 19, 38, 48760 }, // U+20A3
    { 14, 19, 253, 1, 19, 34, 48798 }, // U+20A4
    { 20, 18, 343, 1, 16, 45, 48832 }, // U+20A5
    { 19, 19, 301, 0, 19, 46, 48877 }, // U+20A6
    { 24, 20, 399, 1, 19, 60, 48923 }, // U+20A7
    { 28, 20, 466, 1, 19, 70, 48983 }, // U+20A8
    { 25, 19, 414, 0, 19, 60, 49053 }, // U+20A9
    { 21, 14, 366, 1, 14, 37, 49113 }, // U+20AA
    { 16, 24, 249, 0, 19, 48, 49150 }, // U+20AB
    { 16, 20, 272, 0, 19, 40, 49198 }, // U+20AC
    { 20, 19, 318, 0, 19, 48, 49238 }, // U+20AD
    { 16, 19, 264, 0, 19, 38, 49286 }, // U+20AE
    { 36, 27, 580, 0, 21, 122, 49324 }, // U+20AF
    { 18, 19, 283, 0, 19, 43, 49446 }, // U+20B1
    { 17, 24, 299, 1, 21, 51, 49489 }, // U+20B2
    { 18, 19, 296, 0, 19, 43, 49540 }, // U+20B3
    { 15, 20, 293, 2, 19, 38, 49583 }, // U+20B4
    { 17, 24, 295, 1, 21, 51, 49621 }, // U+20B5
    { 16, 19, 265, 0, 19, 38, 49672 }, // U+20B8
    { 14, 19, 226, 0, 19, 34, 49710 }, // U+20B9
    { 14, 20, 256, 1, 19, 35, 49744 }, // U+20BA
    { 17, 14, 302, 1, 14, 30, 49779 }, // U+20BC
    { 17, 19, 294, 1, 19, 41, 49809 }, // U+20BD
    { 17, 19, 302, 1, 19, 41, 49850 }, // U+20BE
    { 15, 24, 263, 1, 21, 45, 49891 }, // U+20BF
    { 19, 18, 380, 2, 17, 43, 49936 }, // U+2190
    { 19, 19, 360, 2, 19, 46, 49979 }, // U+2191
    { 19, 18, 380, 3, 17, 43, 50025 }, // U+2192
    { 19, 20, 360, 2, 19, 48, 50068 }, // U+2193
    { 29, 18, 534, 2, 17, 66, 50116 }, // U+2194
    { 17, 30, 342, 2, 23, 64, 50182 }, // U+2195
    { 15, 15, 307, 2, 14, 29, 50246 }, // U+2196
    { 15, 15, 307, 2, 14, 29, 50275 }, // U+2197
    { 15, 14, 307, 2, 14, 27, 50304 }, // U+2198
    { 15, 14, 307, 2, 14, 27, 50331 }, // U+2199
    { 25, 20, 461, 2, 19, 63, 50358 }, // U+21A9
    { 25, 20, 461, 2, 19, 63, 50421 }, // U+21AA
    { 21, 19, 403, 2, 19, 50, 50484 }, // U+21B0
    { 21, 19, 403, 2, 19, 50, 50534 }, // U+21B1
    { 14, 17, 360, 4, 17, 30, 50584 }, // U+21B2
    { 21, 18, 403, 2, 19, 48, 50614 }, // U+21B3
    { 18, 20, 356, 2, 19, 45, 50662 }, // U+21B4
    { 21, 18, 403, 2, 19, 48, 50707 }, // U+21B5
    { 22, 16, 360, 0, 17, 44, 50755 }, // U+21B6
    { 22, 16, 360, 0, 17, 44, 50799 }, // U+21B7
    { 19, 23, 380, 2, 23, 55, 50843 }, // U+21BA
    { 19, 23, 380, 2, 23, 55, 50898 }, // U+21BB
    { 19, 21, 360, 2, 19, 50, 50953 }, // U+21C4
    { 19, 21, 360, 2, 19, 50, 51003 }, // U+21C6
    { 19, 18, 380, 2, 17, 43, 51053 }, // U+21D0
    { 19, 18, 380, 3, 17, 43, 51096 }, // U+21D2
    { 29, 18, 534, 2, 17, 66, 51139 }, // U+21D4
    { 13, 19, 252, 1, 19, 31, 51205 }, // U+21DE
    { 13, 20, 252, 1, 19, 33, 51236 }, // U+21DF
    { 22, 13, 418, 2, 16, 36, 51269 }, // U+21E4
    { 22, 13, 418, 2, 16, 36, 51305 }, // U+21E5
    { 25, 20, 438, 1, 20, 63, 51341 }, // U+21E7
    { 25, 25, 438, 1, 20, 79, 51404 }, // U+21EA
    { 14, 20, 266, 1, 19, 35, 51483 }, // U+2202
    { 15, 16, 274, 1, 15, 30, 51518 }, // U+2205
    { 18, 19, 293, 0, 19, 43, 51548 }, // U+2206
    { 15, 23, 304, 2, 19, 44, 51591 }, // U+220F
    { 16, 23, 294, 1, 19, 46, 51635 }, // U+2211
    { 13, 4, 269, 2, 9, 7, 51681 }, // U+2212
    { 17, 17, 59, -7, 17, 37, 51688 }, // U+2215
    { 15, 19, 266, 1, 19, 36, 51725 }, // U+221A
    { 24, 12, 390, 0, 14, 36, 51761 }, // U+221E
    { 11, 26, 152, -1, 20, 36, 51797 }, // U+222B
    { 6, 14, 126, 1, 16, 11, 51833 }, // U+2236
    { 14, 12, 269, 1, 13, 21, 51844 }, // U+2248
    { 13, 15, 269, 2, 15, 25, 51865 }, // U+2260
    { 13, 15, 269, 2, 15, 25, 51890 }, // U+2264
    { 13, 15, 269, 2, 15, 25, 51915 }, // U+2265
    { 35, 35, 556, 0, 27, 154, 51940 }, // U+2295
    { 35, 35, 556, 0, 27, 154, 52094 }, // U+2296
    { 35, 35, 556, 0, 27, 154, 52248 }, // U+2297
    { 35, 35, 556, 0, 27, 154, 52402 }, // U+2298
    { 15, 19, 259, 0, 19, 36, 52556 }, // U+FB01
    { 17, 19, 266, 0, 19, 41, 52592 }, // U+FB02
    { 25, 21, 410, 0, 12, 66, 52633 }, // U+FB56
    { 31, 19, 457, 0, 10, 74, 52699 }, // U+FB57
    { 8, 21, 144, 0, 12, 21, 52773 }, // U+FB58
    { 13, 18, 164, 0, 9, 30, 52794 }, // U+FB59
    { 25, 19, 410, 0, 18, 60, 52824 }, // U+FB66
    { 31, 19, 457, 0, 18, 74, 52884 }, // U+FB67
    { 8, 22, 127, 0, 21, 22, 52958 }, // U+FB68
    { 13, 19, 164, 0, 18, 31, 52980 }, // U+FB69
    { 17, 23, 275, 0, 13, 49, 53011 }, // U+FB7A
    { 21, 23, 304, 0, 13, 61, 53060 }, // U+FB7B
    { 16, 20, 252, 0, 11, 40, 53121 }, // U+FB7C
    { 19, 20, 262, 0, 11, 48, 53161 }, // U+FB7D
    { 12, 23, 207, 0, 22, 35, 53209 }, // U+FB88
    { 17, 23, 228, 0, 22, 49, 53244 }, // U+FB89
    { 11, 26, 164, -1, 20, 36, 53293 }, // U+FB8A
    { 15, 26, 180, -1, 20, 49, 53329 }, // U+FB8B
    { 11, 26, 164, -1, 20, 36, 53378 }, // U+FB8C
    { 15, 26, 180, -1, 20, 49, 53414 }, // U+FB8D
    { 23, 19, 364, 0, 18, 55, 53463 }, // U+FB8E
    { 26, 19, 381, 0, 18, 62, 53518 }, // U+FB8F
    { 12, 19, 182, 0, 18, 29, 53580 }, // U+FB90
    { 15, 19, 203, 0, 18, 36, 53609 }, // U+FB91
    { 23, 23, 364, 0, 22, 67, 53645 }, // U+FB92
    { 26, 23, 381, 0, 22, 75, 53712 }, // U+FB93
    { 13, 23, 182, -1, 22, 38, 53787 }, // U+FB94
    { 16, 23, 203, -1, 22, 46, 53825 }, // U+FB95
    { 18, 16, 296, 0, 10, 36, 53871 }, // U+FB9E
    { 23, 15, 322, 0, 9, 44, 53907 }, // U+FB9F
    { 11, 15, 188, 0, 14, 21, 53951 }, // U+FBA6
    { 17, 11, 234, 0, 10, 24, 53972 }, // U+FBA7
    { 7, 17, 127, 0, 12, 15, 53996 }, // U+FBA8
    { 15, 13, 206, 0, 6, 25, 54011 }, // U+FBA9
    { 19, 15, 308, 0, 14, 36, 54036 }, // U+FBAA
    { 20, 18, 274, 0, 12, 45, 54072 }, // U+FBAB
    { 16, 15, 256, 0, 14, 30, 54117 }, // U+FBAC
    { 17, 18, 228, 0, 12, 39, 54147 }, // U+FBAD
    { 23, 14, 377, 0, 13, 41, 54186 }, // U+FBAE
    { 17, 12, 224, 0, 4, 26, 54227 }, // U+FBAF
    { 23, 21, 377, 0, 20, 61, 54253 }, // U+FBB0
    { 17, 19, 224, 0, 11, 41, 54314 }, // U+FBB1
    { 21, 18, 328, 0, 12, 48, 54355 }, // U+FBFC
    { 22, 13, 320, 0, 7, 36, 54403 }, // U+FBFD
    { 8, 18, 144, 0, 12, 18, 54439 }, // U+FBFE
    { 13, 15, 164, 0, 9, 25, 54457 }, // U+FBFF
    { 11, 13, 188, 0, 11, 18, 54482 }, // U+FE80
    { 10, 23, 108, -2, 23, 29, 54500 }, // U+FE81
    { 12, 25, 127, -2, 24, 38, 54529 }, // U+FE82
    { 6, 25, 108, 0, 25, 19, 54567 }, // U+FE83
    { 10, 27, 127, 0, 26, 34, 54586 }, // U+FE84
    { 12, 24, 199, 0, 18, 36, 54620 }, // U+FE85
    { 16, 24, 210, 0, 18, 48, 54656 }, // U+FE86
    { 6, 27, 109, 1, 19, 21, 54704 }, // U+FE87
    { 9, 27, 127, 1, 19, 31, 54725 }, // U+FE88
    { 21, 19, 328, 0, 13, 50, 54756 }, // U+FE89
    { 22, 19, 320, 0, 13, 53, 54806 }, // U+FE8A
    { 7, 21, 127, 0, 20, 19, 54859 }, // U+FE8B
    { 12, 18, 154, 0, 17, 27, 54878 }, // U+FE8C
    { 5, 19, 109, 1, 19, 12, 54905 }, // U+FE8D
    { 9, 20, 127, 1, 19, 23, 54917 }, // U+FE8E
    { 25, 19, 410, 0, 12, 60, 54940 }, // U+FE8F
    { 31, 17, 457, 0, 10, 66, 55000 }, // U+FE90
    { 7, 18, 127, 0, 12, 16, 55066 }, // U+FE91
    { 12, 15, 154, 0, 9, 23, 55082 }, // U+FE92
    { 11, 21, 188, 0, 20, 29, 55105 }, // U+FE93
    { 16, 23, 222, 0, 22, 46, 55134 }, // U+FE94
    { 25, 16, 410, 0, 15, 50, 55180 }, // U+FE95
    { 31, 16, 457, 0, 15, 62, 55230 }, // U+FE96
    { 9, 19, 127, -1, 18, 22, 55292 }, // U+FE97
    { 13, 16, 164, 0, 15, 26, 55314 }, // U+FE98
    { 25, 19, 410, 0, 18, 60, 55340 }, // U+FE99
    { 31, 19, 457, 0, 18, 74, 55400 }, // U+FE9A
    { 8, 22, 127, 0, 21, 22, 55474 }, // U+FE9B
    { 13, 19, 164, 0, 18, 31, 55496 }, // U+FE9C
    { 17, 23, 275, 0, 13, 49, 55527 }, // U+FE9D
    { 21, 23, 296, 0, 13, 61, 55576 }, // U+FE9E
    { 16, 17, 252, 0, 11, 34, 55637 }, // U+FE9F
    { 19, 17, 262, 0, 11, 41, 55671 }, // U+FEA0
    { 17, 23, 275, 0, 13, 49, 55712 }, // U+FEA1
    { 21, 23, 296, 0, 13, 61, 55761 }, // U+FEA2
    { 16, 12, 252, 0, 11, 24, 55822 }, // U+FEA3
    { 19, 12, 262, 0, 11, 29, 55846 }, // U+FEA4
    { 17, 29, 275, 0, 19, 62, 55875 }, // U+FEA5
    { 21, 29, 296, 0, 19, 77, 55937 }, // U+FEA6
    { 16, 19, 252, 0, 18, 38, 56014 }, // U+FEA7
    { 19, 19, 262, 0, 18, 46, 56052 }, // U+FEA8
    { 12, 14, 207, 0, 13, 21, 56098 }, // U+FEA9
    { 17, 14, 228, 0, 13, 30, 56119 }, // U+FEAA
    { 12, 20, 207, 0, 19, 30, 56149 }, // U+FEAB
    { 17, 20, 228, 0, 19, 43, 56179 }, // U+FEAC
    { 10, 16, 164, -1, 10, 20, 56222 }, // U+FEAD
    { 15, 16, 180, -1, 10, 30, 56242 }, // U+FEAE
    { 10, 23, 164, -1, 17, 29, 56272 }, // U+FEAF
    { 15, 23, 180, -1, 17, 44, 56301 }, // U+FEB0
    { 33, 18, 548, 0, 12, 75, 56345 }, // U+FEB1
    { 38, 17, 576, 0, 11, 81, 56420 }, // U+FEB2
    { 23, 13, 380, 0, 12, 38, 56501 }, // U+FEB3
    { 28, 12, 408, 0, 11, 42, 56539 }, // U+FEB4
    { 33, 25, 548, 0, 19, 104, 56581 }, // U+FEB5
    { 38, 25, 576, 0, 19, 119, 56685 }, // U+FEB6
    { 23, 20, 380, 0, 19, 58, 56804 }, // U+FEB7
    { 28, 20, 408, 0, 19, 70, 56862 }, // U+FEB8
    { 35, 17, 569, 0, 11, 75, 56932 }, // U+FEB9
    { 39, 17, 577, 0, 11, 83, 57007 }, // U+FEBA
    { 24, 12, 390, 0, 11, 36, 57090 }, // U+FEBB
    { 28, 12, 402, 0, 11, 42, 57126 }, // U+FEBC
    { 35, 24, 569, 0, 18, 105, 57168 }, // U+FEBD
    { 39, 24, 577, 0, 18, 117, 57273 }, // U+FEBE
    { 24, 19, 390, 0, 18, 57, 57390 }, // U+FEBF
    { 28, 19, 402, 0, 18, 67, 57447 }, // U+FEC0
    { 21, 20, 338, 0, 19, 53, 57514 }, // U+FEC1
    { 24, 20, 344, 0, 19, 60, 57567 }, // U+FEC2
    { 18, 20, 295, 0, 19, 45, 57627 }, // U+FEC3
    { 22, 20, 305, 0, 19, 55, 57672 }, // U+FEC4
    { 21, 20, 338, 0, 19, 53, 57727 }, // U+FEC5
    { 24, 20, 344, 0, 19, 60, 57780 }, // U+FEC6
    { 18, 20, 295, 0, 19, 45, 57840 }, // U+FEC7
    { 22, 20, 305, 0, 19, 55, 57885 }, // U+FEC8
    { 17, 24, 228, 0, 14, 51, 57940 }, // U+FEC9
    { 17, 22, 228, 0, 12, 47, 57991 }, // U+FECA
    { 13, 14, 223, 0, 13, 23, 58038 }, // U+FECB
    { 17, 13, 221, -1, 12, 28, 58061 }, // U+FECC
    { 17, 31, 228, 0, 21, 66, 58089 }, // U+FECD
    { 17, 28, 228, 0, 18, 60, 58155 }, // U+FECE
    { 13, 20, 223, 0, 19, 33, 58215 }, // U+FECF
    { 17, 19, 221, -1, 18, 41, 58248 }, // U+FED0
    { 25, 22, 410, 0, 21, 69, 58289 }, // U+FED1
    { 30, 20, 446, 0, 19, 75, 58358 }, // U+FED2
    { 12, 22, 202, 0, 21, 33, 58433 }, // U+FED3
    { 16, 20, 212, 0, 19, 40, 58466 }, // U+FED4
    { 20, 23, 333, 0, 18, 58, 58506 }, // U+FED5
    { 24, 23, 342, 0, 16, 69, 58564 }, // U+FED6
    { 12, 22, 202, 0, 21, 33, 58633 }, // U+FED7
    { 16, 20, 212, 0, 19, 40, 58666 }, // U+FED8
    { 23, 20, 372, 0, 19, 58, 58706 }, // U+FED9
    { 27, 20, 390, 0, 19, 68, 58764 }, // U+FEDA
    { 12, 19, 182, 0, 18, 29, 58832 }, // U+FEDB
    { 15, 19, 203, 0, 18, 36, 58861 }, // U+FEDC
    { 18, 25, 296, 0, 19, 57, 58897 }, // U+FEDD
    { 22, 25, 316, 0, 19, 69, 58954 }, // U+FEDE
    { 7, 20, 119, 0, 19, 18, 59023 }, // U+FEDF
    { 11, 20, 138, 0, 19, 28, 59041 }, // U+FEE0
    { 13, 22, 219, 0, 12, 36, 59069 }, // U+FEE1
    { 19, 21, 264, 0, 11, 50, 59105 }, // U+FEE2
    { 14, 12, 233, 0, 11, 21, 59155 }, // U+FEE3
    { 18, 12, 250, 0, 11, 27, 59176 }, // U+FEE4
    { 18, 21, 296, 0, 15, 48, 59203 }, // U+FEE5
    { 23, 21, 322, 0, 15, 61, 59251 }, // U+FEE6
    { 7, 19, 127, 0, 18, 17, 59312 }, // U+FEE7
    { 12, 17, 154, 0, 16, 26, 59329 }, // U+FEE8
    { 11, 15, 188, 0, 14, 21, 59355 }, // U+FEE9
    { 16, 16, 222, 0, 15, 32, 59376 }, // U+FEEA
    { 16, 15, 256, 0, 14, 30, 59408 }, // U+FEEB
    { 17, 18, 228, 0, 12, 39, 59438 }, // U+FEEC
    { 12, 17, 199, 0, 11, 26, 59477 }, // U+FEED
    { 16, 17, 210, 0, 11, 34, 59503 }, // U+FEEE
    { 21, 18, 328, 0, 12, 48, 59537 }, // U+FEEF
    { 22, 13, 320, 0, 7, 36, 59585 }, // U+FEF0
    { 21, 24, 328, 0, 12, 63, 59621 }, // U+FEF1
    { 22, 19, 320, 0, 7, 53, 59684 }, // U+FEF2
    { 8, 18, 144, 0, 12, 18, 59737 }, // U+FEF3
    { 13, 15, 164, 0, 9, 25, 59755 }, // U+FEF4
    { 17, 21, 253, -2, 21, 45, 59780 }, // U+FEF5
    { 20, 22, 272, 0, 21, 55, 59825 }, // U+FEF6
    { 15, 23, 253, 0, 23, 44, 59880 }, // U+FEF7
    { 19, 24, 272, 1, 23, 57, 59924 }, // U+FEF8
    { 14, 27, 253, 1, 19, 48, 59981 }, // U+FEF9
    { 19, 27, 272, 1, 19, 65, 60029 }, // U+FEFA
    { 14, 19, 253, 1, 19, 34, 60094 }, // U+FEFB
    { 19, 20, 272, 1, 19, 48, 60128 }, // U+FEFC
};

static const EpdUnicodeInterval inter_12_boldIntervals[] = {
    { 0x0, 0x148, 0x0 },
    { 0x14A, 0x17F, 0x149 },
    { 0x1A0, 0x1A1, 0x17F },
    { 0x1AF, 0x1B0, 0x181 },
    { 0x1C5, 0x21F, 0x183 },
    { 0x300, 0x304, 0x1DE },
    { 0x306, 0x30C, 0x1E3 },
    { 0x30F, 0x30F, 0x1EA },
    { 0x312, 0x313, 0x1EB },
    { 0x315, 0x315, 0x1ED },
    { 0x31B, 0x31B, 0x1EE },
    { 0x323, 0x323, 0x1EF },
    { 0x326, 0x328, 0x1F0 },
    { 0x32C, 0x32C, 0x1F3 },
    { 0x337, 0x338, 0x1F4 },
    { 0x342, 0x343, 0x1F6 },
    { 0x346, 0x36F, 0x1F8 },
    { 0x374, 0x376, 0x222 },
    { 0x37A, 0x37F, 0x225 },
    { 0x384, 0x38A, 0x22B },
    { 0x38C, 0x38C, 0x232 },
    { 0x38E, 0x3A1, 0x233 },
    { 0x3A3, 0x3D7, 0x247 },
    { 0x3DC, 0x3DD, 0x27C },
    { 0x3F0, 0x3F6, 0x27E },
    { 0x3F9, 0x3FA, 0x285 },
    { 0x3FC, 0x479, 0x287 },
    { 0x480, 0x49D, 0x305 },
    { 0x4A0, 0x4FF, 0x323 },
    { 0x5D0, 0x5EA, 0x383 },
    { 0x60C, 0x60C, 0x39E },
    { 0x61B, 0x61B, 0x39F },
    { 0x61F, 0x61F, 0x3A0 },
    { 0x621, 0x621, 0x3A1 },
    { 0x640, 0x640, 0x3A2 },
    { 0x660, 0x669, 0x3A3 },
    { 0x6BA, 0x6BA, 0x3AD },
    { 0x6D4, 0x6D4, 0x3AE },
    { 0x6F0, 0x6F9, 0x3AF },
    { 0x1EA0, 0x1EF9, 0x3B9 },
    { 0x1F00, 0x1F15, 0x413 },
    { 0x1F18, 0x1F1D, 0x429 },
    { 0x1F20, 0x1F45, 0x42F },
    { 0x1F48, 0x1F4D, 0x455 },
    { 0x1F50, 0x1F57, 0x45B },
    { 0x1F59, 0x1F59, 0x463 },
    { 0x1F5B, 0x1F5B, 0x464 },
    { 0x1F5D, 0x1F5D, 0x465 },
    { 0x1F5F, 0x1F7D, 0x466 },
    { 0x1F80, 0x1FB4, 0x485 },
    { 0x1FB6, 0x1FC4, 0x4BA },
    { 0x1FC6, 0x1FD3, 0x4C9 },
    { 0x1FD6, 0x1FDB, 0x4D7 },
    { 0x1FDD, 0x1FEF, 0x4DD },
    { 0x1FF2, 0x1FF4, 0x4F0 },
    { 0x1FF6, 0x1FFE, 0x4F3 },
    { 0x2000, 0x2027, 0x4FC },
    { 0x202A, 0x2055, 0x524 },
    { 0x2057, 0x2057, 0x550 },
    { 0x205F, 0x2064, 0x551 },
    { 0x2066, 0x2071, 0x557 },
    { 0x2074, 0x208E, 0x563 },
    { 0x2090, 0x209C, 0x57E },
    { 0x20A0, 0x20AF, 0x58B },
    { 0x20B1, 0x20B5, 0x59B },
    { 0x20B8, 0x20BA, 0x5A0 },
    { 0x20BC, 0x20BF, 0x5A3 },
    { 0x2190, 0x2199, 0x5A7 },
    { 0x21A9, 0x21AA, 0x5B1 },
    { 0x21B0, 0x21B7, 0x5B3 },
    { 0x21BA, 0x21BB, 0x5BB },
    { 0x21C4, 0x21C4, 0x5BD },
    { 0x21C6, 0x21C6, 0x5BE },
    { 0x21D0, 0x21D0, 0x5BF },
    { 0x21D2, 0x21D2, 0x5C0 },
    { 0x21D4, 0x21D4, 0x5C1 },
    { 0x21DE, 0x21DF, 0x5C2 },
    { 0x21E4, 0x21E5, 0x5C4 },
    { 0x21E7, 0x21E7, 0x5C6 },
    { 0x21EA, 0x21EA, 0x5C7 },
    { 0x2202, 0x2202, 0x5C8 },
    { 0x2205, 0x2206, 0x5C9 },
    { 0x220F, 0x220F, 0x5CB },
    { 0x2211, 0x2212, 0x5CC },
    { 0x2215, 0x2215, 0x5CE },
    { 0x221A, 0x221A, 0x5CF },
    { 0x221E, 0x221E, 0x5D0 },
    { 0x222B, 0x222B, 0x5D1 },
    { 0x2236, 0x2236, 0x5D2 },
    { 0x2248, 0x2248, 0x5D3 },
    { 0x2260, 0x2260, 0x5D4 },
    { 0x2264, 0x2265, 0x5D5 },
    { 0x2295, 0x2298, 0x5D7 },
    { 0xFB01, 0xFB02, 0x5DB },
    { 0xFB56, 0xFB59, 0x5DD },
    { 0xFB66, 0xFB69, 0x5E1 },
    { 0xFB7A, 0xFB7D, 0x5E5 },
    { 0xFB88, 0xFB95, 0x5E9 },
    { 0xFB9E, 0xFB9F, 0x5F7 },
    { 0xFBA6, 0xFBB1, 0x5F9 },
    { 0xFBFC, 0xFBFF, 0x605 },
    { 0xFE80, 0xFEFC, 0x609 },
};

static const uint16_t inter_12_boldKernLeftCodepoints[] = {
    0x0022, 0x0024, 0x0025, 0x0026, 0x0027, 0x0028, 0x0029, 0x002A, 0x002B, 0x002C, 0x002D, 0x002E,
    0x002F, 0x0030, 0x0031, 0x0032, 0x0033, 0x0034, 0x0035, 0x0036, 0x0037, 0x0038, 0x0039, 0x003A,
    0x003B, 0x003D, 0x003E, 0x003F, 0x0040, 0x0041, 0x0042, 0x0043, 0x0044, 0x0045, 0x0046, 0x0047,
    0x0048, 0x0049, 0x004A, 0x004B, 0x004C, 0x004D, 0x004E, 0x004F, 0x0050, 0x0051, 0x0052, 0x0053,
    0x0054, 0x0055, 0x0056, 0x0057, 0x0058, 0x0059, 0x005A, 0x005B, 0x005C, 0x005D, 0x005E, 0x005F,
    0x0061, 0x0062, 0x0063, 0x0064, 0x0065, 0x0066, 0x0067, 0x0068, 0x0069, 0x006A, 0x006B, 0x006C,
    0x006D, 0x006E, 0x006F, 0x0070, 0x0071, 0x0072, 0x0073, 0x0074, 0x0075, 0x0076, 0x0077, 0x0078,
    0x0079, 0x007A, 0x007B, 0x007C, 0x007D, 0x007E, 0x00A1, 0x00A2, 0x00A5, 0x00A9, 0x00AA, 0x00AB,
    0x00AC, 0x00AD, 0x00AE, 0x00B0, 0x00B1, 0x00B2, 0x00B3, 0x00B5, 0x00B6, 0x00B7, 0x00B9, 0x00BA,
    0x00BB, 0x00BF, 0x00C0, 0x00C1, 0x00C2, 0x00C3, 0x00C4, 0x00C5, 0x00C6, 0x00C7, 0x00C8, 0x00C9,
    0x00CA, 0x00CB, 0x00CC, 0x00CD, 0x00CE, 0x00CF, 0x00D0, 0x00D1, 0x00D2, 0x00D3, 0x00D4, 0x00D5,
    0x00D6, 0x00D7, 0x00D8, 0x00D9, 0x00DA, 0x00DB, 0x00DC, 0x00DD, 0x00DE, 0x00DF, 0x00E0, 0x00E1,
    0x00E2, 0x00E3, 0x00E4, 0x00E5, 0x00E6, 0x00E7, 0x00E8, 0x00E9, 0x00EA, 0x00EB, 0x00EC, 0x00ED,
    0x00EE, 0x00EF, 0x00F0, 0x00F1, 0x00F2, 0x00F3, 0x00F4, 0x00F5, 0x00F6, 0x00F7, 0x00F8, 0x00F9,
    0x00FA, 0x00FB, 0x00FC, 0x00FD, 0x00FE, 0x00FF, 0x0100, 0x0101, 0x0102, 0x0103, 0x0104, 0x0105,
    0x0106, 0x0107, 0x0108, 0x0109, 0x010A, 0x010B, 0x010C, 0x010D, 0x010E, 0x010F, 0x0111, 0x0112,
    0x0113, 0x0114, 0x0115, 0x0116, 0x0117, 0x0118, 0x0119, 0x011A, 0x011B, 0x011C, 0x011D, 0x011E,
    0x011F, 0x0120, 0x0121, 0x0122, 0x0123, 0x0124, 0x0125, 0x0126, 0x0127, 0x0128, 0x0129, 0x012A,
    0x012B, 0x012C, 0x012D, 0x012E, 0x012F, 0x0130, 0x0131, 0x0133, 0x0134, 0x0135, 0x0136, 0x0137,
    0x0138, 0x0139, 0x013A, 0x013B, 0x013C, 0x013D, 0x013E, 0x013F, 0x0140, 0x0141, 0x0142, 0x0143,
    0x0144, 0x0145, 0x0146, 0x0147, 0x0148, 0x014A, 0x014C, 0x014D, 0x014E, 0x014F, 0x0150, 0x0151,
    0x0152, 0x0153, 0x0154, 0x0155, 0x0156, 0x0157, 0x0158, 0x0159, 0x015A, 0x015B, 0x015C, 0x015D,
    0x015E, 0x015F, 0x0160, 0x0161, 0x0162, 0x0163, 0x0164, 0x0165, 0x0166, 0x0167, 0x0168, 0x0169,
    0x016A, 0x016B, 0x016C, 0x016D, 0x016E, 0x016F, 0x0170, 0x0171, 0x0172, 0x0173, 0x0174, 0x0175,
    0x0176, 0x0177, 0x0178, 0x0179, 0x017A, 0x017B, 0x017C, 0x017D, 0x017E, 0x017F, 0x01A0, 0x01A1,
    0x01AF, 0x01B0, 0x01C5, 0x01C6, 0x01C8, 0x01C9, 0x01CB, 0x01CC, 0x01CD, 0x01CE, 0x01CF, 0x01D0,
    0x01D1, 0x01D2, 0x01D3, 0x01D4, 0x01D5, 0x01D6, 0x01D7, 0x01D8, 0x01D9, 0x01DA, 0x01DB, 0x01DC,
    0x01DD, 0x01DE, 0x01DF, 0x01E0, 0x01E1, 0x01E2, 0x01E3, 0x01E4, 0x01E5, 0x01E6, 0x01E7, 0x01E8,
    0x01E9, 0x01EA, 0x01EB, 0x01EC, 0x01ED, 0x01F0, 0x01F1, 0x01F2, 0x01F3, 0x01F4, 0x01F5, 0x01F6,
    0x01F8, 0x01F9, 0x01FA, 0x01FB, 0x01FC, 0x01FD, 0x01FE, 0x01FF, 0x0200, 0x0201, 0x0202, 0x0203,
    0x0204, 0x0205, 0x0206, 0x0207, 0x0208, 0x0209, 0x020A, 0x020B, 0x020C, 0x020D, 0x020E, 0x020F,
    0x0210, 0x0211, 0x0212, 0x0213, 0x0214, 0x0215, 0x0216, 0x0217, 0x0218, 0x0219, 0x021A, 0x021B,
    0x021E, 0x021F, 0x0376, 0x037F, 0x0386, 0x0387, 0x0388, 0x0389, 0x038A, 0x038C, 0x038E, 0x0390,
    0x0391, 0x0392, 0x0393, 0x0395, 0x0396, 0x0397, 0x0398, 0x0399, 0x039A, 0x039B, 0x039C, 0x039D,
    0x039E, 0x039F, 0x03A0, 0x03A1, 0x03A3, 0x03A4, 0x03A5, 0x03A6, 0x03A7, 0x03A8, 0x03AA, 0x03AB,
    0x03AC, 0x03AD, 0x03B0, 0x03B1, 0x03B2, 0x03B3, 0x03B4, 0x03B5, 0x03B6, 0x03B8, 0x03BB, 0x03BD,
    0x03BE, 0x03BF, 0x03C0, 0x03C1, 0x03C3, 0x03C4, 0x03C5, 0x03C6, 0x03C7, 0x03C8, 0x03C9, 0x03CA,
    0x03CB, 0x03CC, 0x03CD, 0x03CE, 0x03CF, 0x03D5, 0x03D7, 0x03DC, 0x03F2, 0x03F3, 0x03F4, 0x03F9,
    0x03FA, 0x03FC, 0x0400, 0x0401, 0x0402, 0x0403, 0x0404, 0x0405, 0x0406, 0x0407, 0x0408, 0x0409,
    0x040A, 0x040B, 0x040C, 0x040D, 0x040F, 0x0410, 0x0411, 0x0412, 0x0413, 0x0414, 0x0415, 0x0416,
    0x0417, 0x0418, 0x0419, 0x041A, 0x041B, 0x041C, 0x041D, 0x041E, 0x041F, 0x0420, 0x0421, 0x0422,
    0x0423, 0x0424, 0x0425, 0x0426, 0x0427, 0x0428, 0x0429, 0x042A, 0x042B, 0x042C, 0x042D, 0x042E,
    0x0430, 0x0432, 0x0433, 0x0434, 0x0435, 0x0436, 0x0437, 0x0438, 0x0439, 0x043A, 0x043B, 0x043C,
    0x043D, 0x043E, 0x043F, 0x0440, 0x0441, 0x0442, 0x0443, 0x0444, 0x0445, 0x0446, 0x0447, 0x0448,
    0x0449, 0x044A, 0x044B, 0x044C, 0x044D, 0x044E, 0x044F, 0x0450, 0x0451, 0x0452, 0x0453, 0x0454,
    0x0455, 0x0456, 0x0457, 0x0458, 0x0459, 0x045A, 0x045B, 0x045C, 0x045D, 0x045E, 0x045F, 0x0460,
    0x0462, 0x0463, 0x0464, 0x0465, 0x0466, 0x0467, 0x0468, 0x046E, 0x0472, 0x0473, 0x0474, 0x0475,
    0x0476, 0x0477, 0x0479, 0x0481, 0x048A, 0x048B, 0x048C, 0x048D, 0x048E, 0x048F, 0x0490, 0x0491,
    0x0492, 0x0493, 0x0497, 0x0498, 0x049A, 0x049B, 0x049C, 0x049D, 0x04A0, 0x04A1, 0x04A2, 0x04A3,
    0x04A4, 0x04A5, 0x04A6, 0x04A7, 0x04A9, 0x04AA, 0x04AB, 0x04AC, 0x04AD, 0x04AE, 0x04AF, 0x04B0,
    0x04B1, 0x04B3, 0x04B5, 0x04B7, 0x04B9, 0x04BA, 0x04BB, 0x04BD, 0x04BF, 0x04C0, 0x04C1, 0x04C3,
    0x04C4, 0x04C6, 0x04C7, 0x04C8, 0x04C9, 0x04CA, 0x04CC, 0x04CD, 0x04CE, 0x04CF, 0x04D0, 0x04D1,
    0x04D2, 0x04D3, 0x04D4, 0x04D5, 0x04D6, 0x04D7, 0x04D9, 0x04DA, 0x04DB, 0x04DC, 0x04E0, 0x04E2,
    0x04E3, 0x04E4, 0x04E5, 0x04E6, 0x04E7, 0x04E8, 0x04E9, 0x04EA, 0x04EB, 0x04ED, 0x04EF, 0x04F1,
    0x04F3, 0x04F5, 0x04F6, 0x04F7, 0x04F9, 0x04FA, 0x04FB, 0x04FC, 0x04FD, 0x04FE, 0x04FF, 0x05D0,
    0x05D1, 0x05D2, 0x05D3, 0x05D4, 0x05D5, 0x05D6, 0x05D7, 0x05D9, 0x05DA, 0x05DB, 0x05DC, 0x05DD,
    0x05DE, 0x05DF, 0x05E0, 0x05E1, 0x05E2, 0x05E6, 0x05E7, 0x05E8, 0x05EA, 0x1EA0, 0x1EA1, 0x1EA2,
    0x1EA3, 0x1EA4, 0x1EA5, 0x1EA6, 0x1EA7, 0x1EA8, 0x1EA9, 0x1EAA, 0x1EAB, 0x1EAC, 0x1EAD, 0x1EAE,
    0x1EAF, 0x1EB0, 0x1EB1, 0x1EB2, 0x1EB3, 0x1EB4, 0x1EB5, 0x1EB6, 0x1EB7, 0x1EB8, 0x1EB9, 0x1EBA,
    0x1EBB, 0x1EBC, 0x1EBD, 0x1EBE, 0x1EBF, 0x1EC0, 0x1EC1, 0x1EC2, 0x1EC3, 0x1EC4, 0x1EC5, 0x1EC6,
    0x1EC7, 0x1EC8, 0x1EC9, 0x1ECA, 0x1ECB, 0x1ECC, 0x1ECD, 0x1ECE, 0x1ECF, 0x1ED0, 0x1ED1, 0x1ED2,
    0x1ED3, 0x1ED4, 0x1ED5, 0x1ED6, 0x1ED7, 0x1ED8, 0x1ED9, 0x1EDA, 0x1EDB, 0x1EDC, 0x1EDD, 0x1EDE,
    0x1EDF, 0x1EE0, 0x1EE1, 0x1EE2, 0x1EE3, 0x1EE4, 0x1EE5, 0x1EE6, 0x1EE7, 0x1EE8, 0x1EE9, 0x1EEA,
    0x1EEB, 0x1EEC, 0x1EED, 0x1EEE, 0x1EEF, 0x1EF0, 0x1EF1, 0x1EF2, 0x1EF3, 0x1EF4, 0x1EF5, 0x1EF6,
    0x1EF7, 0x1EF8, 0x1EF9, 0x1F00, 0x1F01, 0x1F02, 0x1F03, 0x1F04, 0x1F05, 0x1F06, 0x1F07, 0x1F08,
    0x1F09, 0x1F0A, 0x1F0B, 0x1F0C, 0x1F0D, 0x1F0E, 0x1F0F, 0x1F10, 0x1F11, 0x1F12, 0x1F13, 0x1F14,
    0x1F15, 0x1F18, 0x1F19, 0x1F1A, 0x1F1B, 0x1F1C, 0x1F1D, 0x1F28, 0x1F29, 0x1F2A, 0x1F2B, 0x1F2C,
    0x1F2D, 0x1F2E, 0x1F2F, 0x1F32, 0x1F33, 0x1F34, 0x1F35, 0x1F36, 0x1F37, 0x1F38, 0x1F39, 0x1F3A,
    0x1F3B, 0x1F3C, 0x1F3D, 0x1F3E, 0x1F3F, 0x1F40, 0x1F41, 0x1F42, 0x1F43, 0x1F44, 0x1F45, 0x1F48,
    0x1F49, 0x1F4A, 0x1F4B, 0x1F4C, 0x1F4D, 0x1F50, 0x1F51, 0x1F52, 0x1F53, 0x1F54, 0x1F55, 0x1F56,
    0x1F57, 0x1F59, 0x1F5B, 0x1F5D, 0x1F5F, 0x1F60, 0x1F61, 0x1F62, 0x1F63, 0x1F64, 0x1F65, 0x1F66,
    0x1F67, 0x1F70, 0x1F72, 0x1F78, 0x1F7A, 0x1F7C, 0x1F80, 0x1F81, 0x1F82, 0x1F83, 0x1F84, 0x1F85,
    0x1F86, 0x1F87, 0x1F88, 0x1F89, 0x1F8A, 0x1F8B, 0x1F8C, 0x1F8D, 0x1F8E, 0x1F8F, 0x1F98, 0x1F99,
    0x1F9A, 0x1F9B, 0x1F9C, 0x1F9D, 0x1F9E, 0x1F9F, 0x1FA0, 0x1FA1, 0x1FA2, 0x1FA3, 0x1FA4, 0x1FA5,
    0x1FA6, 0x1FA7, 0x1FB0, 0x1FB1, 0x1FB2, 0x1FB3, 0x1FB4, 0x1FB6, 0x1FB7, 0x1FB8, 0x1FB9, 0x1FBA,
    0x1FBB, 0x1FBC, 0x1FC8, 0x1FC9, 0x1FCA, 0x1FCB, 0x1FCC, 0x1FD0, 0x1FD1, 0x1FD2, 0x1FD6, 0x1FD7,
    0x1FD8, 0x1FD9, 0x1FDA, 0x1FDB, 0x1FE0, 0x1FE1, 0x1FE2, 0x1FE4, 0x1FE5, 0x1FE6, 0x1FE7, 0x1FE8,
    0x1FE9, 0x1FEA, 0x1FEB, 0x1FEC, 0x1FF2, 0x1FF3, 0x1FF4, 0x1FF6, 0x1FF7, 0x1FF8, 0x1FF9, 0x2018,
    0x2019, 0x201A, 0x201C, 0x201D, 0x201E, 0x2020, 0x2021, 0x2022, 0x2023, 0x2026, 0x2034, 0x2039,
    0x203A, 0x203D, 0x2043, 0x204B, 0x204C, 0x204D, 0x204F, 0x2070, 0x2071, 0x2074, 0x2075, 0x2076,
    0x2077, 0x2078, 0x2079, 0x207A, 0x207B, 0x207D, 0x2080, 0x2081, 0x2082, 0x2083, 0x2084, 0x2085,
    0x2086, 0x2087, 0x2088, 0x2089, 0x208A, 0x208B, 0x208C, 0x208D, 0x208E, 0x2090, 0x2091, 0x2092,
    0x2093, 0x2095, 0x2096, 0x2097, 0x2098, 0x2099, 0x209A, 0x209B, 0x209C, 0x20A1, 0x20A7, 0x20A8,
    0x20A9, 0x20AC, 0x20AF, 0x20B2, 0x20B5, 0x20BD, 0x20BF, 0x2190, 0x21D0, 0x2206, 0x2212, 0x221E,
    0x2248, 0x2260, 0x2264, 0x2265, 0xFB02, 0xFB8C, 0xFEAD, 0xFEAE, 0xFEAF,
};

static const uint8_t inter_12_boldKernLeftClassIds[] = {
      1,   2,   3,   4,   1,   5,   6,   7,   8,   9,   8,   9,  10,  11,  12,  13,
     14,  15,  16,  17,  18,  14,  11,  19,  19,  20,  21,  22,  23,  24,  25,  26,
     23,  27,  28,  29,  12,  12,  30,  31,  32,  12,  12,  23,  33,  23,  34,   2,
     35,  30,  36,  37,  38,  39,  40,  41,  42,   6,   7,  43,  44,  45,  45,  12,
     45,  46,  47,  44,  48,  48,  49,  12,  44,  44,  45,  45,  47,  50,  51,  52,
     53,  54,  55,  56,  54,  57,   5,  12,   6,  58,  59,  45,  60,  23,  61,  62,
     63,  64,  65,   7,  20,  66,  67,  68,  12,  69,  70,  61,  71,  72,  24,  24,
     24,  24,  24,  24,  27,  26,  27,  27,  27,  27,  12,  12,  73,  73,  23,  12,
     23,  23,  23,  23,  23,  74,  23,  30,  30,  30,  30,  39,  75,  76,  44,  44,
     44,  44,  44,  44,  77,  45,  45,  45,  45,  45,  48,  48,  78,  79,  45,  80,
     45,  45,  45,  81,  81,   8,  45,  53,  53,  53,  53,  54,  45,  54,  24,  82,
     24,  44,  24,  44,  26,  45,  26,  45,  26,  45,  26,  45,  23,  83,  84,  27,
     45,  27,  45,  27,  45,  27,  45,  27,  45,  29,  47,  29,  47,  29,  47,  29,
     47,  12,  44,  12,  44,  73,  85,  73,  86,  73,  87,  12,  48,  12,  48,  48,
     30,  88,  31,  49,  49,  89,  90,  32,  12,  91,  12,  92,  93,  94,  95,  12,
     44,  12,  44,  12,  44,  12,  23,  45,  23,  45,  23,  45,  27,  45,  34,  50,
     34,  50,  34,  50,   2,  51,   2,  51,   2,  51,   2,  51,  96,  52,  97,  52,
     98,  52,  30,  53,  30,  53,  30,  53,  30,  53,  30,  53,  30,  53,  37,  55,
     39,  54,  39,  40,  57,  40,  57,  40,  57,  99, 100, 101, 102, 103, 104,  57,
     48,  48,  48,  48,  24,  44,  90, 105,  23,  45,  30,  53,  30,  53,  30,  53,
     30,  53,  30,  53, 106,  24,  44,  24,  44,  27,  77,  29,  47,  29,  47,  31,
     49,  23,  45,  23,  45,  48, 107,  57,  57,  29,  47, 108,  12,  44,  24,  44,
     27,  77,  23,  45,  24,  44,  24,  44,  27,  45,  27,  45, 109, 110,  73, 111,
     23,  45,  23,  45,  34,  50,  34,  50,  30,  53,  30,  53,   2,  51,  35,  52,
     12,  44,  12,  30,  24,   1,  27,  12,  12,  23,  39, 112,  24,  25, 113,  27,
     40,  12,  23,  12,  31,  24,  12,  12,  27,  23,  12,  33, 114,  35,  39,  23,
     38, 115,  73,  39, 116, 117,  53, 116,  25, 118, 119,  51, 120, 121, 122,  54,
    123,  45,  52,  45, 124,  50,  53,  45, 125, 126, 127, 112,  53,  45,  53, 127,
     31,  45,  49,  28,  45,  48,  23,  26,  12,  45,  27,  27,  45,  35, 128,   2,
     12,  73,  30,  45,  45,  44,  31,  12,  12,  24,  25,  25,  35, 129,  27, 130,
     14,  12,  12,  31,  12,  12,  12,  23,  12,  33,  26,  35,  39, 131,  38, 129,
     12,  12, 129,  45,  12,  45,  23, 132,  44,  51,  50, 133,  45,  56,  44,  44,
     44,  49,  44,  44,  44,  45,  44,  45,  45, 134,  54,  45,  56, 133,  44,  44,
    133, 135,  48, 135,  45,  45,  44,  45,  45,  44,  50,  45,  51,  48,  79,  48,
    135, 135,  44,  49,  44,  54,  53,  12,  45,  45,  26,  45,  24,  24,  24,  25,
     23,  45,  36,  54,  36,  54,  46,  45,  12,  52,  45,  45,  33,  45,  35,  50,
     35,  50,  56,  14,  31,  49,  31,  49,  31,  49,  52,  52,  35,  50,  45, 135,
     77,  26,  45,  35,  50,  39,  54, 136,  54,  56, 133,  52,  44,  44,  44,  45,
     77,  12,  38,  25,  44,  52,  12,  44,  52,  52,  44,  12,  52,  12,  24,  44,
     24,  44,  27,  77,  27,  45,  45,  23,  45,  38,  14,  12,  44,  12,  44,  23,
     45,  23,  45,  23,  45,  45,  54,  54,  54,  44,  35,  50,  44,  35,  50,  38,
     56,  38,  56, 137, 138, 138, 139, 140, 141, 142, 140, 143, 139, 138, 144, 140,
    141, 141, 138, 145, 146, 147, 140, 139, 148,  24,  44,  24,  44,  24,  44,  24,
     44,  24,  44,  24,  44,  24,  44,  24,  44,  24,  44,  24,  44,  24,  44,  24,
     44,  27,  45,  27,  45,  27,  45,  27,  45,  27,  45,  27,  45,  27,  45,  27,
     45,  12, 110,  12, 149,  23,  45,  23,  45,  23,  45,  23,  45,  23, 150,  23,
     45,  23,  45,  23,  45,  23,  45,  23,  45,  23,  45,  23,  45,  30,  53,  30,
     53, 151,  53, 151,  53, 151, 103, 151,  53, 151,  53,  39,  54, 152,  54, 152,
     54, 152,  54, 116, 116, 116, 116, 116, 116, 116, 116,  24,  24,  24,  24,  24,
     24,  24,  24, 117, 117, 117, 117, 117, 117,  27,  27,  27,  27,  27,  27,  12,
     12,  12,  12,  12,  12,  12,  12, 112, 112, 112, 112, 112, 112,  12,  12,  12,
     12,  12,  12,  12,  12,  45,  45,  45,  45,  45,  45,  23,  23,  23,  23,  23,
     23,  53,  53,  53,  53,  53,  53,  53,  53,  39,  39,  39,  39, 127, 127, 127,
    127, 127, 127, 127, 127, 116, 117,  45,  53, 127, 116, 116, 116, 116, 116, 116,
    116, 116,  24,  24,  24,  24,  24,  24,  24,  24,  12,  12,  12,  12,  12,  12,
     12,  12, 127, 127, 127, 127, 127, 127, 127, 127, 116, 116, 116, 116, 116, 116,
    116,  24,  24,  24,  24,  24,  27,  27,  12,  12,  12, 112, 112, 112, 112, 112,
     73,  73,  12,  12,  53,  53,  53,  45,  45,  53,  53,  39,  39,  39,  39,  33,
    127, 127, 127, 127, 127,  23,  23, 153, 154, 155, 153, 154, 155,  61,  61, 156,
    156, 157, 154,  62,  71,  22, 156,  33,  44, 156,  19,  67, 158, 159,  67,  67,
    160,  67,  67, 161, 161, 162, 163, 163, 163, 163, 163, 164, 163, 165, 163, 163,
    163, 163, 163, 163, 163, 163, 163, 163, 163, 163, 163, 163, 163, 163, 163, 163,
    163,  26,  52,  51, 166, 167,  45,  29,  26, 168,  25,   8,  20,  24,   8,  92,
     20,  20,  20,  20, 169, 170, 170, 170, 170,
};

static const uint16_t inter_12_boldKernRightCodepoints[] = {
    0x0020, 0x0021, 0x0022, 0x0023, 0x0024, 0x0025, 0x0026, 0x0027, 0x0028, 0x0029, 0x002A, 0x002B,
    0x002C, 0x002D, 0x002E, 0x002F, 0x0030, 0x0031, 0x0032, 0x0033, 0x0034, 0x0035, 0x0036, 0x0037,
    0x0038, 0x0039, 0x003A, 0x003B, 0x003C, 0x003D, 0x003F, 0x0040, 0x0041, 0x0042, 0x0043, 0x0044,
    0x0045, 0x0046, 0x0047, 0x0048, 0x0049, 0x004A, 0x004B, 0x004C, 0x004D, 0x004E, 0x004F, 0x0050,
    0x0051, 0x0052, 0x0053, 0x0054, 0x0055, 0x0056, 0x0057, 0x0058, 0x0059, 0x005A, 0x005B, 0x005C,
    0x005D, 0x005E, 0x005F, 0x0061, 0x0062, 0x0063, 0x0064, 0x0065, 0x0066, 0x0067, 0x0068, 0x0069,
    0x006A, 0x006B, 0x006C, 0x006D, 0x006E, 0x006F, 0x0070, 0x0071, 0x0072, 0x0073, 0x0074, 0x0075,
    0x0076, 0x0077, 0x0078, 0x0079, 0x007A, 0x007B, 0x007C, 0x007D, 0x007E, 0x00A2, 0x00A5, 0x00A9,
    0x00AA, 0x00AB, 0x00AC, 0x00AD, 0x00AE, 0x00B0, 0x00B1, 0x00B2, 0x00B5, 0x00B6, 0x00B7, 0x00B9,
    0x00BA, 0x00BB, 0x00BF, 0x00C0, 0x00C1, 0x00C2, 0x00C3, 0x00C4, 0x00C5, 0x00C6, 0x00C7, 0x00C8,
    0x00C9, 0x00CA, 0x00CB, 0x00CC, 0x00CD, 0x00CE, 0x00CF, 0x00D0, 0x00D1, 0x00D2, 0x00D3, 0x00D4,
    0x00D5, 0x00D6, 0x00D7, 0x00D8, 0x00D9, 0x00DA, 0x00DB, 0x00DC, 0x00DD, 0x00DE, 0x00DF, 0x00E0,
    0x00E1, 0x00E2, 0x00E3, 0x00E4, 0x00E5, 0x00E6, 0x00E7, 0x00E8, 0x00E9, 0x00EA, 0x00EB, 0x00EC,
    0x00ED, 0x00EE, 0x00EF, 0x00F0, 0x00F1, 0x00F2, 0x00F3, 0x00F4, 0x00F5, 0x00F6, 0x00F7, 0x00F8,
    0x00F9, 0x00FA, 0x00FB, 0x00FC, 0x00FD, 0x00FE, 0x00FF, 0x0100, 0x0101, 0x0102, 0x0103, 0x0104,
    0x0105, 0x0106, 0x0107, 0x0108, 0x0109, 0x010A, 0x010B, 0x010C, 0x010D, 0x010E, 0x010F, 0x0110,
    0x0111, 0x0112, 0x0113, 0x0114, 0x0115, 0x0116, 0x0117, 0x0118, 0x0119, 0x011A, 0x011B, 0x011C,
    0x011D, 0x011E, 0x011F, 0x0120, 0x0121, 0x0122, 0x0123, 0x0124, 0x0125, 0x0126, 0x0127, 0x0128,
    0x0129, 0x012A, 0x012B, 0x012C, 0x012D, 0x012E, 0x012F, 0x0130, 0x0131, 0x0133, 0x0134, 0x0135,
    0x0136, 0x0137, 0x0138, 0x0139, 0x013A, 0x013B, 0x013C, 0x013D, 0x013E, 0x0140, 0x0141, 0x0142,
    0x0143, 0x0144, 0x0145, 0x0146, 0x0147, 0x0148, 0x014A, 0x014B, 0x014C, 0x014D, 0x014E, 0x014F,
    0x0150, 0x0151, 0x0152, 0x0153, 0x0154, 0x0155, 0x0156, 0x0157, 0x0158, 0x0159, 0x015A, 0x015B,
    0x015C, 0x015D, 0x015E, 0x015F, 0x0160, 0x0161, 0x0162, 0x0163, 0x0164, 0x0165, 0x0166, 0x0167,
    0x0168, 0x0169, 0x016A, 0x016B, 0x016C, 0x016D, 0x016E, 0x016F, 0x0170, 0x0171, 0x0172, 0x0173,
    0x0174, 0x0175, 0x0176, 0x0177, 0x0178, 0x0179, 0x017A, 0x017B, 0x017C, 0x017D, 0x017E, 0x017F,
    0x01A0, 0x01A1, 0x01AF, 0x01B0, 0x01C5, 0x01C6, 0x01C8, 0x01C9, 0x01CB, 0x01CC, 0x01CD, 0x01CE,
    0x01CF, 0x01D0, 0x01D1, 0x01D2, 0x01D3, 0x01D4, 0x01D5, 0x01D6, 0x01D7, 0x01D8, 0x01D9, 0x01DA,
    0x01DB, 0x01DC, 0x01DD, 0x01DE, 0x01DF, 0x01E0, 0x01E1, 0x01E2, 0x01E3, 0x01E4, 0x01E5, 0x01E6,
    0x01E7, 0x01E8, 0x01E9, 0x01EA, 0x01EB, 0x01EC, 0x01ED, 0x01EF, 0x01F0, 0x01F2, 0x01F3, 0x01F4,
    0x01F5, 0x01F6, 0x01F8, 0x01F9, 0x01FA, 0x01FB, 0x01FC, 0x01FD, 0x01FE, 0x01FF, 0x0200, 0x0201,
    0x0202, 0x0203, 0x0204, 0x0205, 0x0206, 0x0207, 0x0208, 0x0209, 0x020A, 0x020B, 0x020C, 0x020D,
    0x020E, 0x020F, 0x0210, 0x0211, 0x0212, 0x0213, 0x0214, 0x0215, 0x0216, 0x0217, 0x0218, 0x0219,
    0x021A, 0x021B, 0x021E, 0x021F, 0x0376, 0x037E, 0x037F, 0x0386, 0x0387, 0x0389, 0x038C, 0x038E,
    0x0390, 0x0391, 0x0392, 0x0393, 0x0395, 0x0396, 0x0397, 0x0398, 0x0399, 0x039A, 0x039B, 0x039C,
    0x039D, 0x039F, 0x03A0, 0x03A1, 0x03A3, 0x03A4, 0x03A5, 0x03A6, 0x03A7, 0x03A8, 0x03A9, 0x03AA,
    0x03AB, 0x03AC, 0x03AD, 0x03AE, 0x03B0, 0x03B1, 0x03B2, 0x03B3, 0x03B4, 0x03B5, 0x03B6, 0x03B7,
    0x03B8, 0x03BB, 0x03BD, 0x03BE, 0x03BF, 0x03C0, 0x03C1, 0x03C2, 0x03C3, 0x03C4, 0x03C5, 0x03C6,
    0x03C7, 0x03C8, 0x03C9, 0x03CA, 0x03CB, 0x03CC, 0x03CD, 0x03CE, 0x03CF, 0x03D5, 0x03D7, 0x03DC,
    0x03DD, 0x03F2, 0x03F3, 0x03F4, 0x03F9, 0x03FA, 0x03FC, 0x0400, 0x0401, 0x0402, 0x0403, 0x0404,
    0x0405, 0x0406, 0x0407, 0x0408, 0x0409, 0x040A, 0x040B, 0x040C, 0x040D, 0x040F, 0x0410, 0x0411,
    0x0412, 0x0413, 0x0414, 0x0415, 0x0416, 0x0417, 0x0418, 0x0419, 0x041A, 0x041B, 0x041C, 0x041D,
    0x041E, 0x041F, 0x0420, 0x0421, 0x0422, 0x0423, 0x0424, 0x0425, 0x0426, 0x0427, 0x0428, 0x0429,
    0x042A, 0x042B, 0x042C, 0x042D, 0x042E, 0x0430, 0x0431, 0x0432, 0x0433, 0x0434, 0x0435, 0x0436,
    0x0437, 0x0438, 0x0439, 0x043A, 0x043B, 0x043C, 0x043D, 0x043E, 0x043F, 0x0440, 0x0441, 0x0442,
    0x0443, 0x0444, 0x0445, 0x0446, 0x0447, 0x0448, 0x0449, 0x044A, 0x044B, 0x044C, 0x044D, 0x044E,
    0x044F, 0x0450, 0x0451, 0x0452, 0x0453, 0x0454, 0x0455, 0x0456, 0x0457, 0x0458, 0x0459, 0x045A,
    0x045B, 0x045C, 0x045D, 0x045E, 0x045F, 0x0460, 0x0463, 0x0464, 0x0465, 0x0466, 0x0467, 0x0468,
    0x046C, 0x046E, 0x0472, 0x0473, 0x0474, 0x0475, 0x0476, 0x0477, 0x0478, 0x0479, 0x0481, 0x048A,
    0x048B, 0x048D, 0x048E, 0x048F, 0x0490, 0x0491, 0x0493, 0x0494, 0x0495, 0x0497, 0x049A, 0x049B,
    0x049C, 0x049D, 0x04A0, 0x04A1, 0x04A2, 0x04A3, 0x04A4, 0x04A5, 0x04A6, 0x04A7, 0x04A9, 0x04AA,
    0x04AB, 0x04AC, 0x04AD, 0x04AE, 0x04AF, 0x04B0, 0x04B1, 0x04B2, 0x04B3, 0x04B4, 0x04B5, 0x04B7,
    0x04B9, 0x04BA, 0x04BB, 0x04BD, 0x04C0, 0x04C1, 0x04C3, 0x04C4, 0x04C6, 0x04C7, 0x04C8, 0x04C9,
    0x04CA, 0x04CD, 0x04CE, 0x04CF, 0x04D0, 0x04D1, 0x04D2, 0x04D3, 0x04D4, 0x04D5, 0x04D6, 0x04D7,
    0x04D9, 0x04DA, 0x04DB, 0x04DC, 0x04E1, 0x04E2, 0x04E3, 0x04E4, 0x04E5, 0x04E6, 0x04E7, 0x04E8,
    0x04E9, 0x04EA, 0x04EB, 0x04ED, 0x04EF, 0x04F1, 0x04F3, 0x04F7, 0x04F9, 0x04FB, 0x04FC, 0x04FD,
    0x04FE, 0x04FF, 0x05D0, 0x05D1, 0x05D2, 0x05D3, 0x05D4, 0x05D6, 0x05D7, 0x05D8, 0x05D9, 0x05DA,
    0x05DB, 0x05DC, 0x05DD, 0x05DE, 0x05E0, 0x05E1, 0x05E2, 0x05E3, 0x05E4, 0x05E5, 0x05E7, 0x05E8,
    0x05E9, 0x05EA, 0x1EA0, 0x1EA1, 0x1EA2, 0x1EA3, 0x1EA4, 0x1EA5, 0x1EA6, 0x1EA7, 0x1EA8, 0x1EA9,
    0x1EAA, 0x1EAB, 0x1EAC, 0x1EAD, 0x1EAE, 0x1EAF, 0x1EB0, 0x1EB1, 0x1EB2, 0x1EB3, 0x1EB4, 0x1EB5,
    0x1EB6, 0x1EB7, 0x1EB8, 0x1EB9, 0x1EBA, 0x1EBB, 0x1EBC, 0x1EBD, 0x1EBE, 0x1EBF, 0x1EC0, 0x1EC1,
    0x1EC2, 0x1EC3, 0x1EC4, 0x1EC5, 0x1EC6, 0x1EC7, 0x1EC8, 0x1EC9, 0x1ECA, 0x1ECB, 0x1ECC, 0x1ECD,
    0x1ECE, 0x1ECF, 0x1ED0, 0x1ED1, 0x1ED2, 0x1ED3, 0x1ED4, 0x1ED5, 0x1ED6, 0x1ED7, 0x1ED8, 0x1ED9,
    0x1EDA, 0x1EDB, 0x1EDC, 0x1EDD, 0x1EDE, 0x1EDF, 0x1EE0, 0x1EE1, 0x1EE2, 0x1EE3, 0x1EE4, 0x1EE5,
    0x1EE6, 0x1EE7, 0x1EE8, 0x1EE9, 0x1EEA, 0x1EEB, 0x1EEC, 0x1EED, 0x1EEE, 0x1EEF, 0x1EF0, 0x1EF1,
    0x1EF2, 0x1EF3, 0x1EF4, 0x1EF5, 0x1EF6, 0x1EF7, 0x1EF8, 0x1EF9, 0x1F00, 0x1F01, 0x1F02, 0x1F03,
    0x1F04, 0x1F05, 0x1F06, 0x1F07, 0x1F08, 0x1F09, 0x1F0A, 0x1F0B, 0x1F0C, 0x1F0D, 0x1F0E, 0x1F0F,
    0x1F10, 0x1F11, 0x1F12, 0x1F13, 0x1F14, 0x1F15, 0x1F20, 0x1F21, 0x1F22, 0x1F23, 0x1F24, 0x1F25,
    0x1F26, 0x1F27, 0x1F28, 0x1F29, 0x1F2A, 0x1F2B, 0x1F2C, 0x1F2D, 0x1F2E, 0x1F2F, 0x1F32, 0x1F33,
    0x1F34, 0x1F35, 0x1F36, 0x1F37, 0x1F40, 0x1F41, 0x1F42, 0x1F43, 0x1F44, 0x1F45, 0x1F48, 0x1F49,
    0x1F4A, 0x1F4B, 0x1F4C, 0x1F4D, 0x1F50, 0x1F51, 0x1F52, 0x1F53, 0x1F54, 0x1F55, 0x1F56, 0x1F57,
    0x1F60, 0x1F61, 0x1F62, 0x1F63, 0x1F64, 0x1F65, 0x1F66, 0x1F67, 0x1F70, 0x1F71, 0x1F72, 0x1F74,
    0x1F78, 0x1F7A, 0x1F7C, 0x1F80, 0x1F81, 0x1F82, 0x1F83, 0x1F84, 0x1F85, 0x1F86, 0x1F87, 0x1F88,
    0x1F89, 0x1F8A, 0x1F8B, 0x1F8C, 0x1F8D, 0x1F8E, 0x1F8F, 0x1F90, 0x1F91, 0x1F92, 0x1F93, 0x1F94,
    0x1F95, 0x1F96, 0x1F97, 0x1F98, 0x1F99, 0x1F9A, 0x1F9B, 0x1F9C, 0x1F9D, 0x1F9E, 0x1F9F, 0x1FA0,
    0x1FA1, 0x1FA2, 0x1FA3, 0x1FA4, 0x1FA5, 0x1FA6, 0x1FA7, 0x1FB0, 0x1FB1, 0x1FB2, 0x1FB3, 0x1FB4,
    0x1FB6, 0x1FB7, 0x1FB8, 0x1FB9, 0x1FBA, 0x1FBB, 0x1FBC, 0x1FC2, 0x1FC3, 0x1FC4, 0x1FC6, 0x1FC7,
    0x1FC9, 0x1FCA, 0x1FCB, 0x1FCC, 0x1FD0, 0x1FD1, 0x1FD2, 0x1FD6, 0x1FD7, 0x1FD8, 0x1FD9, 0x1FE0,
    0x1FE1, 0x1FE2, 0x1FE4, 0x1FE5, 0x1FE6, 0x1FE7, 0x1FE8, 0x1FE9, 0x1FEC, 0x1FF2, 0x1FF3, 0x1FF4,
    0x1FF6, 0x1FF7, 0x1FF8, 0x1FF9, 0x2018, 0x2019, 0x201A, 0x201B, 0x201C, 0x201D, 0x201E, 0x201F,
    0x2020, 0x2021, 0x2022, 0x2023, 0x2026, 0x2034, 0x2039, 0x203A, 0x203D, 0x2043, 0x2044, 0x204A,
    0x204B, 0x204C, 0x204D, 0x204F, 0x2074, 0x2077, 0x2079, 0x207E, 0x207F, 0x2080, 0x2081, 0x2082,
    0x2083, 0x2084, 0x2086, 0x2087, 0x2088, 0x2089, 0x208A, 0x208B, 0x208C, 0x208D, 0x208E, 0x2091,
    0x2092, 0x2093, 0x2095, 0x2096, 0x2097, 0x2098, 0x2099, 0x209A, 0x209B, 0x209C, 0x20A1, 0x20A7,
    0x20A8, 0x20A9, 0x20AB, 0x20B2, 0x20B4, 0x20B5, 0x20B8, 0x20BF, 0x2192, 0x21D2, 0x2206, 0x2212,
    0x221E, 0x222B, 0x2236, 0x2248, 0x2260, 0x2264, 0x2265, 0xFB8E, 0xFBA6, 0xFBAA, 0xFE8D, 0xFEA3,
    0xFEA9, 0xFEB1, 0xFEB3, 0xFEB9, 0xFEBB, 0xFEC1, 0xFEC3, 0xFEC9, 0xFECB, 0xFECD, 0xFEDB, 0xFEDF,
    0xFEE1, 0xFEE3, 0xFEE9, 0xFEEB,
};

static const uint8_t inter_12_boldKernRightClassIds[] = {
      1,   2,   3,   4,   5,   6,   7,   3,   8,   9,  10,  11,  12,  13,  14,  15,
     16,  17,  18,  19,  20,  21,  16,  22,  23,  24,  25,  25,  26,  27,  28,  29,
     30,  31,  32,  31,  31,  31,  32,  31,  31,  33,  31,  31,  31,  31,  32,  31,
     32,  31,   5,  34,  35,  36,  37,  38,  39,  40,   8,  36,   9,  41,  42,  43,
     31,  44,  44,  44,  45,  44,  31,  46,  47,  31,  31,  48,  48,  44,  48,  44,
     48,  49,  50,  51,  52,  53,  54,  52,  55,   8,  31,   9,  56,  44,  57,  32,
     58,  59,  60,  61,  62,  63,  27,  64,  65,  66,  67,  68,  58,  69,  70,  30,
     30,  30,  30,  30,  30,  30,  32,  31,  31,  31,  31,  31,  31,  71,  71,  72,
     31,  32,  32,  32,  32,  32,  73,  32,  35,  35,  35,  35,  39,  31,  31,  43,
     43,  43,  74,  75,  43,  43,  44,  44,  44,  44,  76,  77,  78,  79,  80,  44,
     48,  44,  44,  44,  81,  76,  11,  44,  51,  51,  51,  82,  52,  31,  83,  30,
     84,  30,  43,  30,  43,  32,  44,  32,  44,  32,  44,  32,  44,  31,  44,  85,
     44,  31,  44,  31,  44,  31,  44,  31,  44,  31,  44,  32,  44,  32,  44,  32,
     44,  32,  44,  31,  31,  31,  86,  71,  87,  71,  88,  71,  80,  31,  46,  31,
     46,  46,  33,  89,  31,  31,  48,  31,  31,  31,  31,  31,  31,  31,  31,  31,
     31,  48,  31,  48,  31,  48,  31,  48,  32,  90,  32,  44,  32,  44,  32,  44,
     31,  48,  31,  48,  31,  48,   5,  49,   5,  49,   5,  49,   5,  49,  91,  50,
     92,  50,  93,  50,  35,  94,  35,  51,  35,  51,  35,  51,  35,  51,  35,  51,
     37,  53,  39,  52,  39,  40,  55,  40,  55,  40,  55,  31,  32,  44,  35,  51,
     95,  44,  31,  31,  31,  48,  30,  43,  31,  96,  32,  44,  35,  51,  35,  51,
     35,  51,  35,  51,  35,  51,  90,  30,  43,  30,  43,  30,  43,  32,  44,  32,
     44,  31,  31,  32,  44,  32,  44,  50,  47,  31,  90,  32,  44,  95,  31,  48,
     30,  43,  30,  43,  32,  44,  30,  43,  30,  43,  31,  44,  31,  44,  71,  97,
     71,  98,  32,  44,  32,  44,  31,  48,  31,  48,  35,  51,  35,  51,   5,  49,
     34,  50,  31,  31,  95,  99,  33,  30,   3,  31,  32,  39, 100,  30,  31,  31,
     31,  40,  31,  32,  31,  31,  30,  31,  31,  32,  31,  31, 101,  34,  39,  32,
     38, 102, 103,  71,  39,  44, 104,  48,  48,  90,  48, 105, 106,  49, 107,  48,
    108, 109,  52, 110,  44, 111, 112, 106,  44, 113,  48,  44,  52, 114, 115, 100,
     48,  44,  48, 115,  31,  44,  48,  31,  48,  44,  47,  32,  32,  31,  48,  31,
     31,  34,  31,  32,   5,  31,  71,  33, 116,  31,  34,  31,  31,  31,  30,  31,
     31,  31, 117,  31, 118, 119,  95,  31,  31, 116,  31,  31,  32,  31,  31,  32,
     34,  36, 120,  38,  31, 121,  31,  31, 122,  31,  31,  32,  31,  43,  16,  48,
     48, 123,  44,  54,  44,  48,  48,  48, 124,  48,  48,  44,  48,  48,  44, 125,
     52,  44,  54,  48, 126,  48,  48, 127,  46,  48,  44,  48, 128,  44,  44,  31,
     48,  44,  49,  46,  80,  47, 124,  48,  31,  48,  48,  52,  51,  31,  50,  31,
     48,  30,  30,  31,  31,  31,  32,  44,  36,  52,  36,  52,  32,  44,  44,  95,
     48,  50,  31,  48,  31,  48,  50,  31,  48,  54,  31,  48,  31,  48,  34,  50,
     31,  48,  31,  48,  31,  48,  44,  32,  44,  34,  50,  39,  52, 129,  52,  38,
     54,  34,  50,  43,  43,  31,  31,  50,  31,  38,  31,  48, 124,  95,  48,  31,
     48,  31,  48,  31,  30,  43,  30,  43,  30,  43,  31,  44,  44,  32,  44,  38,
     50,  31,  48,  31,  48,  32,  44,  32,  44,  32,  44,  44,  52,  52,  52,  48,
     48,  50,  38,  54,  38,  54, 130, 131, 132, 133, 134, 135, 134, 136, 137, 134,
    136, 138, 134, 134, 139, 136, 140, 134, 136, 141, 138, 134, 140, 134,  30,  43,
     30,  43,  30,  43,  30,  43,  30,  43,  30,  43,  30,  43,  30,  43,  30,  43,
     30,  43,  30,  43,  30,  43,  31,  44,  31,  44,  31,  44,  31,  44,  31,  44,
     31,  44,  31,  44,  31,  44,  31,  46,  31,  46,  32,  44,  32,  44,  32,  44,
     32,  44,  32,  44,  32,  44,  32,  44,  32,  44,  32,  44,  32,  44,  32,  44,
     32,  44,  35,  51,  35,  51,  35,  51,  35,  51,  35,  51,  35,  51,  35,  51,
     39,  52, 142,  52, 142,  52, 142,  52,  44,  44,  44,  44,  44,  44,  44,  44,
     30,  30, 143,  30,  30,  30,  30,  30, 104, 104, 104, 104, 104, 104,  48,  48,
     48,  48,  48,  48,  48,  48,  31,  31,  31,  31,  31,  31,  31,  31, 100, 100,
    100, 100, 100, 100,  44,  44,  44,  44,  44,  44,  32,  32,  32,  32,  32,  32,
     48,  48,  48,  48,  48,  48,  48,  48, 115, 115, 115, 115, 115, 115, 115, 115,
     44,  44, 104,  48,  44,  48, 115,  44,  44,  44,  44,  44,  44,  44,  44,  30,
     30, 144, 145,  30, 145, 146, 146,  48,  48,  48,  48,  48,  48,  48,  48,  31,
     31,  31,  31,  31,  31,  31,  31, 115, 115, 115, 115, 115, 115, 115, 115,  44,
     44,  44,  44,  44,  44,  44,  30,  30,  30,  30,  30,  48,  48,  48,  48,  48,
     31,  31,  31,  31, 100, 100, 100, 100, 100,  71,  71,  48,  48,  48,  48,  48,
     48,  48,  39,  39,  31, 115, 115, 115, 115, 115,  32,  32, 147, 148, 149, 150,
    147, 148, 149, 151,  58,  58, 152, 152, 153, 154,  59,  69,  28, 152, 155,  50,
     31, 152,  48,  25, 156, 157, 158, 159, 160, 161, 161, 161, 161, 162, 161, 163,
    161, 161, 161, 161, 161, 161, 161, 161, 161, 161, 161, 161, 161, 161, 161, 161,
    161, 161,  32,  31,  31,  57,  44,  32, 164,  32, 165,  31,  11,  27,  30,  11,
    166,  47,  25,  27,  27,  27,  27, 167, 167, 167, 168, 167, 169, 169, 169, 169,
    169, 169, 169, 170, 168, 170, 167, 168, 167, 167, 167, 167,
};

static const uint16_t inter_12_boldKernRowOffsets[] = {
        0,    19,    38,    41,    59,    71,    73,    91,   120,   150,   162,   187,   204,   205,   215,   231,
      244,   249,   302,   310,   332,   357,   362,   390,   464,   474,   488,   493,   524,   545,   557,   595,
      638,   668,   689,   771,   824,   869,   907,   967,   983,   995,  1069,  1115,  1134,  1170,  1226,  1233,
     1245,  1264,  1330,  1353,  1402,  1426,  1484,  1512,  1538,  1547,  1576,  1587,  1593,  1604,  1618,  1623,
     1626,  1652,  1653,  1654,  1678,  1707,  1708,  1742,  1754,  1759,  1776,  1795,  1805,  1810,  1822,  1856,
     1875,  1911,  1930,  1965,  1985,  2019,  2053,  2087,  2099,  2142,  2159,  2202,  2205,  2222,  2265,  2282,
     2364,  2446,  2528,  2555,  2563,  2568,  2573,  2584,  2593,  2605,  2641,  2642,  2666,  2671,  2683,  2717,
     2735,  2817,  2832,  2858,  2868,  2869,  2886,  2893,  2896,  2897,  2971,  2977,  3043,  3055,  3060,  3062,
     3065,  3073,  3111,  3139,  3144,  3177,  3243,  3266,  3326,  3328,  3331,  3339,  3341,  3345,  3346,  3349,
     3354,  3355,  3356,  3359,  3362,  3374,  3410,  3414,  3474,  3498,  3564,  3592,  3609,  3639,  3640,  3642,
     3646,  3648,  3649,  3672,  3673,  3674,  3675,  3676,  3681,  3682,  3686,
};

static const uint8_t inter_12_boldKernSparseCols[] = {
      6,  11,  13,  19,  29,  32,  43,  48,  75,  80,  89, 115, 116, 127, 142, 143,
    144, 145, 152,  21,  29,  33,  37,  79,  86,  87,  90,  91,  92,  97, 106, 117,
    121, 142, 143, 144, 145, 161, 146, 147, 153,   2,  33,  35,  36,  38,  51,  52,
     57,  61,  82,  90,  91,  92, 101, 121, 128, 141, 146,  30,  43,  46,  47,  75,
     80,  85,  88,  89,  94,  96, 111,  96, 146,   6,  11,  13,  19,  28,  29,  31,
     32,  41,  71, 115, 116, 119, 142, 143, 144, 145, 152,  17,  18,  21,  29,  32,
     33,  35,  36,  37,  38,  51,  53,  65,  82,  90,  91,  92, 101, 106, 117, 118,
    121, 128, 141, 142, 143, 144, 145, 146,   0,   1,   2,  15,  16,  18,  20,  21,
     22,  23,  27,  28,  31,  33,  38,  65,  90,  91,  92, 106, 118, 119, 121, 125,
    128, 141, 147, 149, 150, 153,  11,  13,  29,  32,  35,  36,  96, 142, 143, 144,
    145, 152,  11,  13,  21,  29,  35,  37,  38,  41,  49, 101, 106, 110, 112, 117,
    124, 126, 128, 141, 142, 143, 144, 145, 146, 148, 152,   8,  41,  49,  51,  71,
     79,  82,  84,  86,  87,  96,  97,  99, 110, 112, 124, 126,  19,   9,  11,  13,
     37,  40,  58,  62, 117, 148, 152,   9,  11,  13,  16,  21,  40,  49,  61,  62,
     65, 106, 110, 112, 124, 126, 152,   9,  11,  13,  16,  40,  49,  61,  62, 110,
    112, 124, 126, 152,  11,  13,  41, 148, 152,   3,   5,   6,   9,  11,  13,  15,
     18,  19,  20,  21,  22,  23,  24,  25,  29,  32,  40,  41,  42,  43,  47,  48,
     58,  62,  73,  74,  75,  79,  80,  83,  86,  87,  89,  97,  99, 103, 105, 106,
    107, 111, 114, 115, 116, 118, 127, 142, 143, 144, 145, 148, 152, 161,  33,  35,
     90,  91,  92, 101, 121, 146,  29,  33,  35,  36,  37,  38,  51,  53,  82,  90,
     91,  92, 117, 121, 128, 141, 142, 143, 144, 145, 146, 164,  21,  29,  33,  35,
     36,  37,  38,  39,  90,  91,  92, 101, 106, 115, 116, 117, 121, 128, 141, 142,
    143, 144, 145, 146, 164,  29, 142, 143, 144, 145,  11,  13,  14,  29,  33,  35,
     36,  37,  38,  41,  61,  90,  91,  92,  96, 117, 121, 128, 141, 142, 143, 144,
    145, 146, 148, 152, 160, 161,   2,   4,   9,  10,  12,  14,  15,  16,  25,  26,
     27,  28,  29,  31,  33,  34,  35,  36,  38,  40,  43,  44,  45,  48,  49,  51,
     52,  55,  57,  58,  59,  61,  62,  65,  66,  68,  72,  75,  76,  77,  78,  80,
     82,  89,  90,  91,  92,  95, 101, 103, 104, 105, 110, 112, 113, 114, 119, 121,
    124, 125, 126, 127, 128, 141, 142, 143, 144, 145, 146, 147, 151, 153, 154, 164,
     33,  79,  86,  87,  90,  91,  92,  97, 121, 146,  29,  37,  41,  51,  79,  82,
     86,  87,  97, 117, 142, 143, 144, 145,  79,  86,  87,  96,  97,  11,  13,  14,
     29,  32,  41,  42,  43,  47,  50,  51,  54,  64,  73,  74,  75,  80,  81,  82,
     83,  89,  93,  96, 111, 142, 143, 144, 145, 148, 152, 161,  29,  33,  35,  37,
     38,  79,  86,  87,  90,  91,  92,  96,  97, 117, 121, 128, 141, 142, 143, 144,
    145,  11,  13,  14,  29,  41,  96, 142, 143, 144, 145, 148, 152,   4,  10,  12,
     25,  26,  28,  31,  43,  45,  50,  51,  52,  55,  58,  59,  61,  64,  66,  72,
     75,  76,  77,  78,  79,  80,  81,  82,  86,  87,  89,  93,  95,  96,  97, 119,
    125, 151, 165,   2,   9,  10,  12,  16,  27,  28,  31,  33,  35,  36,  38,  40,
     49,  51,  55,  57,  58,  59,  61,  62,  65,  66,  72,  82,  90,  91,  92, 110,
    112, 119, 121, 124, 125, 126, 128, 141, 146, 147, 149, 150, 151, 153,   6,  10,
     11,  12,  13,  29,  32,  33,  42,  43,  55,  59,  66,  73,  74,  75,  80,  83,
     89,  90,  91,  92, 121, 142, 143, 144, 145, 148, 152, 161,  33,  35,  38,  42,
     43,  73,  74,  75,  79,  80,  83,  86,  87,  89,  90,  91,  92,  97, 121, 128,
    141,   4,   6,  10,  11,  12,  13,  14,  15,  19,  21,  24,  25,  26,  28,  29,
     31,  32,  38,  41,  42,  43,  44,  47,  48,  49,  50,  51,  52,  53,  54,  55,
     58,  59,  64,  66,  68,  72,  73,  74,  75,  79,  80,  81,  82,  83,  86,  87,
     89,  93,  96,  97,  99, 102, 103, 104, 105, 106, 107, 108, 109, 110, 111, 112,
    113, 114, 115, 116, 119, 124, 125, 126, 127, 128, 141, 142, 143, 144, 145, 148,
    151, 152, 161,   6,  10,  11,  12,  13,  14,  15,  19,  24,  25,  26,  28,  29,
     31,  32,  35,  41,  42,  43,  47,  48,  55,  58,  59,  66,  69,  72,  73,  74,
     75,  79,  80,  83,  86,  87,  89,  96,  97, 111, 115, 116, 119, 125, 127, 142,
    143, 144, 145, 148, 151, 152, 160, 161,   4,   6,  10,  11,  12,  13,  14,  19,
     24,  25,  26,  28,  29,  31,  32,  35,  36,  42,  43,  47,  48,  55,  58,  59,
     66,  69,  73,  74,  75,  80,  83,  89,  96, 111, 119, 125, 127, 142, 143, 144,
    145, 148, 152, 160, 161,   4,  10,  12,  15,  18,  19,  22,  25,  26,  28,  31,
     33,  42,  43,  55,  58,  59,  61,  66,  72,  73,  74,  75,  80,  83,  89,  90,
     91,  92,  96, 118, 119, 120, 121, 124, 125, 151, 163,   6,  10,  11,  12,  13,
     19,  24,  25,  26,  28,  29,  31,  32,  33,  42,  43,  45,  47,  48,  50,  55,
     58,  59,  61,  64,  66,  68,  72,  73,  74,  75,  76,  77,  78,  80,  81,  83,
     89,  90,  91,  92,  93,  95,  96,  98, 111, 119, 121, 125, 127, 142, 143, 144,
    145, 148, 151, 152, 160, 161, 165,  10,  12,  25,  28,  31,  55,  58,  59,  66,
     79,  86,  87,  96,  97, 119, 125,  30,  43,  46,  47,  75,  80,  85,  88,  89,
     94,  96, 111,   2,   4,   9,  10,  12,  14,  15,  16,  25,  26,  27,  28,  29,
     31,  33,  34,  35,  36,  38,  40,  43,  44,  45,  48,  49,  51,  52,  55,  57,
     58,  59,  61,  62,  65,  66,  68,  72,  75,  76,  77,  78,  80,  82,  89,  90,
     91,  92,  95, 101, 103, 104, 105, 110, 112, 113, 114, 119, 121, 124, 125, 126,
    127, 128, 141, 142, 143, 144, 145, 146, 147, 151, 153, 154, 164,   9,  15,  16,
     18,  19,  20,  22,  23,  28,  30,  31,  33,  34,  35,  40,  45,  46,  47,  51,
     62,  65,  76,  77,  78,  82,  85,  88,  90,  91,  92,  94,  95, 101, 104, 111,
    115, 116, 118, 119, 120, 121, 122, 123, 125, 146, 164,   2,  16,  33,  35,  36,
     38,  51,  61,  82,  90,  91,  92,  96, 121, 128, 141, 146, 147, 153,   2,   8,
     16,  29,  33,  35,  36,  37,  38,  42,  51,  52,  53,  54,  57,  61,  73,  74,
     82,  83,  90,  91,  92,  96, 117, 121, 125, 128, 141, 142, 143, 144, 145, 146,
    147, 153,  10,  11,  12,  13,  14,  19,  29,  32,  38,  41,  42,  43,  44,  45,
     46,  48,  49,  52,  55,  58,  59,  66,  72,  73,  74,  75,  76,  77,  78,  79,
     80,  83,  86,  87,  88,  89,  95,  96,  97, 110, 112, 115, 116, 124, 126, 127,
    128, 141, 142, 143, 144, 145, 148, 151, 152, 161,  33,  46,  88,  90,  91,  92,
    121,   8,  49,  56,  79,  86,  87,  96,  97, 110, 112, 124, 126,  10,  12,  19,
     25,  33,  43,  51,  55,  58,  59,  66,  75,  80,  82,  89,  90,  91,  92, 121,
     10,  11,  12,  13,  14,  25,  29,  30,  32,  33,  39,  42,  43,  44,  45,  46,
     47,  49,  51,  52,  53,  55,  59,  66,  73,  74,  75,  76,  77,  78,  79,  80,
     82,  83,  85,  86,  87,  88,  89,  90,  91,  92,  94,  95,  96,  97, 105, 108,
    110, 111, 112, 121, 122, 123, 124, 126, 142, 143, 144, 145, 146, 147, 148, 152,
    153, 161,   2,  33,  35,  36,  38,  49,  51,  61,  82,  90,  91,  92,  96, 110,
    112, 121, 124, 125, 126, 128, 141, 146, 148,  10,  12,  19,  25,  30,  33,  35,
     36,  38,  42,  43,  44,  46,  48,  49,  51,  52,  55,  59,  66,  72,  73,  74,
     75,  80,  82,  83,  85,  88,  89,  90,  91,  92,  94,  96, 105, 110, 112, 121,
    124, 126, 127, 128, 141, 146, 147, 151, 153, 161,  10,  12,  14,  25,  33,  38,
     41,  55,  59,  66,  71,  84,  90,  91,  92,  99, 108, 121, 128, 141, 146, 147,
    153, 161,  10,  11,  12,  13,  14,  25,  26,  29,  30,  32,  33,  38,  41,  42,
     43,  44,  48,  49,  55,  58,  59,  66,  73,  74,  75,  79,  80,  83,  85,  86,
     87,  89,  90,  91,  92,  94,  96,  97, 108, 110, 112, 121, 122, 123, 124, 126,
    127, 128, 141, 142, 143, 144, 145, 147, 148, 152, 153, 161,   6,  11,  13,  29,
     32,  33,  39,  42,  43,  58,  73,  74,  75,  80,  83,  89,  90,  91,  92, 121,
    142, 143, 144, 145, 147, 148, 152, 153,  10,  12,  26,  33,  42,  43,  44,  49,
     55,  58,  59,  66,  73,  74,  75,  80,  83,  89,  90,  91,  92, 110, 112, 121,
    124, 126,  33,  43,  75,  80,  89,  90,  91,  92, 121,  17,  18,  21,  29,  32,
     33,  35,  36,  37,  38,  51,  53,  65,  82,  90,  91,  92, 101, 106, 117, 118,
    121, 128, 141, 142, 143, 144, 145, 146,  33,  35,  38,  90,  91,  92, 101, 121,
    128, 141, 146,  45,  76,  77,  78,  95,  96,   6,  29,  32,  43,  75,  80,  89,
    142, 143, 144, 145,  29,  33,  38,  90,  91,  92, 101, 121, 128, 141, 142, 143,
    144, 145,  33,  90,  91,  92, 121, 129, 130, 132,   6,  19,  28,  29,  31,  32,
     37,  38,  42,  43,  48,  73,  74,  75,  80,  83,  89, 117, 119, 127, 128, 141,
    142, 143, 144, 145, 155, 156,  10,  12,  14,  25,  33,  38,  41,  55,  59,  66,
     71,  84,  90,  91,  92,  99, 108, 121, 128, 141, 146, 147, 153, 161,  17,  18,
     21,  29,  32,  33,  35,  36,  37,  38,  51,  53,  65,  82,  90,  91,  92, 101,
    106, 117, 118, 121, 128, 141, 142, 143, 144, 145, 146, 158,  16,  17,  18,  21,
     22,  29,  33,  35,  36,  37,  38,  39,  51,  52,  53,  82,  90,  91,  92, 101,
    104, 106, 115, 116, 117, 118, 121, 128, 141, 142, 143, 144, 145, 146,  33,  35,
     36,  90,  91,  92, 101, 104, 121, 146, 147, 153,  79,  86,  87,  96,  97,  29,
     33,  35,  37,  38,  90,  91,  92, 117, 121, 128, 141, 142, 143, 144, 145, 164,
     11,  13,  29,  32,  33,  35,  39,  90,  91,  92, 101, 121, 142, 143, 144, 145,
    146, 148, 152,  33,  79,  86,  87,  90,  91,  92,  97, 121, 146,  33,  90,  91,
     92, 121,   8,  49,  56,  79,  86,  87,  96,  97, 110, 112, 124, 126,  16,  21,
     30,  33,  35,  39,  44,  45,  46,  47,  49,  70,  76,  77,  78,  79,  85,  86,
     87,  88,  90,  91,  92,  94,  95,  96,  97, 106, 110, 111, 112, 121, 124, 126,
      2,  16,  33,  35,  36,  38,  51,  61,  82,  90,  91,  92,  96, 121, 128, 141,
    146, 147, 153,   2,   8,  16,  29,  33,  35,  36,  37,  38,  42,  51,  52,  53,
     54,  57,  61,  73,  74,  82,  83,  90,  91,  92,  96, 117, 121, 125, 128, 141,
    142, 143, 144, 145, 146, 147, 153,   2,  16,  33,  35,  36,  38,  51,  61,  82,
     90,  91,  92,  96, 121, 128, 141, 146, 147, 153,   2,   7,   8,   9,  16,  21,
     30,  33,  40,  45,  46,  47,  57,  61,  62,  76,  77,  78,  79,  85,  86,  87,
     88,  90,  91,  92,  94,  95,  96,  97, 106, 111, 121, 146, 161,  30,  33,  45,
     46,  76,  77,  78,  79,  85,  86,  87,  88,  90,  91,  92,  94,  95,  96,  97,
    121,  16,  21,  30,  33,  35,  39,  44,  45,  46,  47,  49,  70,  76,  77,  78,
     79,  85,  86,  87,  88,  90,  91,  92,  94,  95,  96,  97, 106, 110, 111, 112,
    121, 124, 126,  16,  21,  30,  33,  35,  39,  44,  45,  46,  47,  49,  70,  76,
     77,  78,  79,  85,  86,  87,  88,  90,  91,  92,  94,  95,  96,  97, 106, 110,
    111, 112, 121, 124, 126,  16,  21,  30,  33,  35,  39,  44,  45,  46,  47,  49,
     70,  76,  77,  78,  79,  85,  86,  87,  88,  90,  91,  92,  94,  95,  96,  97,
    106, 110, 111, 112, 121, 124, 126,   8,  49,  56,  79,  86,  87,  96,  97, 110,
    112, 124, 126,   2,   9,  10,  12,  16,  27,  28,  31,  33,  35,  36,  38,  40,
     49,  51,  55,  57,  58,  59,  61,  62,  65,  66,  72,  82,  90,  91,  92, 110,
    112, 119, 121, 124, 125, 126, 128, 141, 146, 147, 149, 150, 151, 153,   8,  41,
     49,  51,  71,  79,  82,  84,  86,  87,  96,  97,  99, 110, 112, 124, 126,   2,
      9,  10,  12,  16,  27,  28,  31,  33,  35,  36,  38,  40,  49,  51,  55,  57,
     58,  59,  61,  62,  65,  66,  72,  82,  90,  91,  92, 110, 112, 119, 121, 124,
    125, 126, 128, 141, 146, 147, 149, 150, 151, 153,  38, 128, 141,   8,  41,  49,
     51,  71,  79,  82,  84,  86,  87,  96,  97,  99, 110, 112, 124, 126,   2,   9,
     10,  12,  16,  27,  28,  31,  33,  35,  36,  38,  40,  49,  51,  55,  57,  58,
     59,  61,  62,  65,  66,  72,  82,  90,  91,  92, 110, 112, 119, 121, 124, 125,
    126, 128, 141, 146, 147, 149, 150, 151, 153,   8,  41,  49,  51,  71,  79,  82,
     84,  86,  87,  96,  97,  99, 110, 112, 124, 126,   4,   6,  10,  11,  12,  13,
     14,  15,  19,  21,  24,  25,  26,  28,  29,  31,  32,  38,  41,  42,  43,  44,
     47,  48,  49,  50,  51,  52,  53,  54,  55,  58,  59,  64,  66,  68,  72,  73,
     74,  75,  79,  80,  81,  82,  83,  86,  87,  89,  93,  96,  97,  99, 102, 103,
    104, 105, 106, 107, 108, 109, 110, 111, 112, 113, 114, 115, 116, 119, 124, 125,
    126, 127, 128, 141, 142, 143, 144, 145, 148, 151, 152, 161,   4,   6,  10,  11,
     12,  13,  14,  15,  19,  21,  24,  25,  26,  28,  29,  31,  32,  38,  41,  42,
     43,  44,  47,  48,  49,  50,  51,  52,  53,  54,  55,  58,  59,  64,  66,  68,
     72,  73,  74,  75,  79,  80,  81,  82,  83,  86,  87,  89,  93,  96,  97,  99,
    102, 103, 104, 105, 106, 107, 108, 109, 110, 111, 112, 113, 114, 115, 116, 119,
    124, 125, 126, 127, 128, 141, 142, 143, 144, 145, 148, 151, 152, 161,   4,   6,
     10,  11,  12,  13,  14,  15,  19,  21,  24,  25,  26,  28,  29,  31,  32,  38,
     41,  42,  43,  44,  47,  48,  49,  50,  51,  52,  53,  54,  55,  58,  59,  64,
     66,  68,  72,  73,  74,  75,  79,  80,  81,  82,  83,  86,  87,  89,  93,  96,
     97,  99, 102, 103, 104, 105, 106, 107, 108, 109, 110, 111, 112, 113, 114, 115,
    116, 119, 124, 125, 126, 127, 128, 141, 142, 143, 144, 145, 148, 151, 152, 161,
     42,  43,  44,  47,  48,  49,  50,  51,  52,  53,  54,  64,  73,  74,  75,  80,
     81,  82,  83,  89,  93, 110, 111, 112, 124, 126, 127,  11,  13,  29, 142, 143,
    144, 145, 152,   7,   8,  11,  13, 152,  33,  90,  91,  92, 121,  43,  49,  51,
     75,  80,  82,  89, 110, 112, 124, 126,  33,  43,  75,  80,  89,  90,  91,  92,
    121,   8,  49,  56,  79,  86,  87,  96,  97, 110, 112, 124, 126,   2,   8,  16,
     29,  33,  35,  36,  37,  38,  42,  51,  52,  53,  54,  57,  61,  73,  74,  82,
     83,  90,  91,  92,  96, 117, 121, 125, 128, 141, 142, 143, 144, 145, 146, 147,
    153,  96,  10,  12,  14,  25,  33,  38,  41,  55,  59,  66,  71,  84,  90,  91,
     92,  99, 108, 121, 128, 141, 146, 147, 153, 161,  79,  86,  87,  96,  97,   8,
     49,  56,  79,  86,  87,  96,  97, 110, 112, 124, 126,  16,  21,  30,  33,  35,
     39,  44,  45,  46,  47,  49,  70,  76,  77,  78,  79,  85,  86,  87,  88,  90,
     91,  92,  94,  95,  96,  97, 106, 110, 111, 112, 121, 124, 126,  10,  12,  14,
     21,  25,  30,  41,  55,  59,  66,  85,  94,  99, 106, 146, 147, 153, 161,   4,
      6,  10,  11,  12,  13,  14,  15,  19,  21,  24,  25,  26,  28,  29,  31,  32,
     38,  41,  42,  43,  44,  47,  48,  49,  50,  51,  52,  53,  54,  55,  58,  59,
     64,  66,  68,  72,  73,  74,  75,  79,  80,  81,  82,  83,  86,  87,  89,  93,
     96,  97,  99, 102, 103, 104, 105, 106, 107, 108, 109, 110, 111, 112, 113, 114,
    115, 116, 119, 124, 125, 126, 127, 128, 141, 142, 143, 144, 145, 148, 151, 152,
    161,  10,  12,  25,  49,  55,  58,  59,  66,  72, 104, 110, 112, 124, 126, 151,
      6,  10,  11,  12,  13,  14,  15,  19,  24,  25,  41,  47,  50,  55,  58,  59,
     64,  66,  68,  81,  93, 109, 111, 148, 152, 161,  10,  12,  14,  25,  55,  59,
     66, 146, 147, 153, 101,  10,  11,  12,  13,  14,  25,  41,  55,  59,  66, 100,
    108, 146, 147, 148, 152, 153,  49, 101, 110, 112, 124, 126, 146,  41,  99, 101,
    146,   2,   4,   9,  10,  12,  14,  15,  16,  25,  26,  27,  28,  29,  31,  33,
     34,  35,  36,  38,  40,  43,  44,  45,  48,  49,  51,  52,  55,  57,  58,  59,
     61,  62,  65,  66,  68,  72,  75,  76,  77,  78,  80,  82,  89,  90,  91,  92,
     95, 101, 103, 104, 105, 110, 112, 113, 114, 119, 121, 124, 125, 126, 127, 128,
    141, 142, 143, 144, 145, 146, 147, 151, 153, 154, 164,  41,  43,  75,  80,  89,
    101,  10,  11,  12,  13,  14,  25,  29,  30,  32,  33,  39,  42,  43,  44,  45,
     46,  47,  49,  51,  52,  53,  55,  59,  66,  73,  74,  75,  76,  77,  78,  79,
     80,  82,  83,  85,  86,  87,  88,  89,  90,  91,  92,  94,  95,  96,  97, 105,
    108, 110, 111, 112, 121, 122, 123, 124, 126, 142, 143, 144, 145, 146, 147, 148,
    152, 153, 161,  30,  33,  46,  47,  85,  88,  90,  91,  92,  94, 111, 121,  21,
    101, 106, 108, 146, 101, 146,  11,  13, 152,  33,  41,  90,  91,  92, 115, 116,
    121,   4,  10,  12,  15,  18,  19,  22,  25,  26,  28,  31,  33,  42,  43,  55,
     58,  59,  61,  66,  72,  73,  74,  75,  80,  83,  89,  90,  91,  92,  96, 118,
    119, 120, 121, 124, 125, 151, 163,  11,  13,  14,  29,  33,  35,  36,  37,  38,
     41,  61,  90,  91,  92,  96, 117, 121, 128, 141, 142, 143, 144, 145, 146, 148,
    152, 160, 161,  11,  13,  41, 148, 152,   2,   9,  10,  11,  12,  13,  15,  19,
     22,  23,  40,  43,  44,  49,  51,  52,  55,  59,  62,  65,  66,  75,  80,  82,
     89, 110, 112, 124, 125, 126, 147, 152, 153,  10,  11,  12,  13,  14,  25,  29,
     30,  32,  33,  39,  42,  43,  44,  45,  46,  47,  49,  51,  52,  53,  55,  59,
     66,  73,  74,  75,  76,  77,  78,  79,  80,  82,  83,  85,  86,  87,  88,  89,
     90,  91,  92,  94,  95,  96,  97, 105, 108, 110, 111, 112, 121, 122, 123, 124,
    126, 142, 143, 144, 145, 146, 147, 148, 152, 153, 161,   8,  33,  35,  37,  38,
     49,  51,  52,  53,  57,  82,  90,  91,  92, 110, 112, 117, 121, 124, 126, 128,
    141, 146,   6,  10,  11,  12,  13,  19,  24,  25,  26,  28,  29,  31,  32,  33,
     42,  43,  45,  47,  48,  50,  55,  58,  59,  61,  64,  66,  68,  72,  73,  74,
     75,  76,  77,  78,  80,  81,  83,  89,  90,  91,  92,  93,  95,  96,  98, 111,
    119, 121, 125, 127, 142, 143, 144, 145, 148, 151, 152, 160, 161, 165,  60, 134,
     60, 137, 139,  60, 129, 130, 131, 132, 133, 135, 137, 132, 135, 134, 135, 137,
    140, 135, 130, 131, 137,  60, 131, 133, 135, 137, 136, 135, 131, 134, 135,  60,
    135, 138,   8,  49,  56,  79,  86,  87,  96,  97, 110, 112, 124, 126,   2,   8,
     16,  29,  33,  35,  36,  37,  38,  42,  51,  52,  53,  54,  57,  61,  73,  74,
     82,  83,  90,  91,  92,  96, 117, 121, 125, 128, 141, 142, 143, 144, 145, 146,
    147, 153,  11,  13,  96, 152,   6,  10,  11,  12,  13,  19,  24,  25,  26,  28,
     29,  31,  32,  33,  42,  43,  45,  47,  48,  50,  55,  58,  59,  61,  64,  66,
     68,  72,  73,  74,  75,  76,  77,  78,  80,  81,  83,  89,  90,  91,  92,  93,
     95,  96,  98, 111, 119, 121, 125, 127, 142, 143, 144, 145, 148, 151, 152, 160,
    161, 165,   6,  11,  13,  14,  19,  29,  32,  43,  48,  69,  75,  80,  89, 115,
    116, 122, 123, 127, 142, 143, 144, 145, 148, 152,   3,   6,  10,  11,  12,  13,
     14,  15,  19,  21,  22,  24,  25,  26,  28,  29,  31,  32,  41,  42,  43,  47,
     48,  49,  50,  51,  55,  58,  59,  64,  65,  66,  69,  73,  74,  75,  80,  81,
     82,  83,  89,  93,  99, 103, 105, 106, 107, 109, 110, 111, 112, 113, 114, 115,
    116, 119, 122, 123, 124, 126, 127, 142, 143, 144, 145, 152,  16,  33,  35,  36,
     38,  42,  51,  73,  74,  82,  83,  90,  91,  92, 101, 104, 115, 116, 120, 121,
    122, 123, 124, 128, 141, 146, 147, 153,  29,  33,  35,  37,  38,  90,  91,  92,
    117, 121, 128, 141, 142, 143, 144, 145, 164,   0,   1,   2,  15,  16,  18,  20,
     21,  22,  23,  27,  28,  31,  33,  38,  65,  90,  91,  92, 106, 118, 119, 121,
    125, 128, 141, 147, 149, 150, 153, 158,  67, 156, 155, 156, 157, 159,  63, 156,
    159,  16,  28,  31,  33,  35,  36,  38,  46,  51,  82,  88,  90,  91,  92, 101,
    104, 119, 120, 121, 128, 141, 161, 162, 160, 161,  96,  15,  11,  13,  14,  41,
    152,  60, 166, 167, 168, 169,
};

static const int8_t inter_12_boldKernSparseValues[] = {
     -13,  -36,  -36,  -25,  -32,  -66,   -9,   -5,   -9,   -9,   -9,  -18,  -18,   -5,  -32,  -32,
     -32,  -32,  -36,   -1,   -6,   -4,   -6,   18,   18,   18,   -4,   -4,   -4,   18,   -1,   -6,
      -4,   -6,   -6,   -6,   -6,  -25,  -25,  -27,  -27,  -13,  -23,  -25,  -16,  -29,  -13,  -13,
     -16,   -9,  -13,  -23,  -23,  -23,  -29,  -23,  -29,  -29,  -36,    6,   -2,    5,    6,   -2,
      -2,    6,    5,   -2,    6,   44,    6,    9,  -13,  -13,  -54,  -54,  -18,   -5,  -38,   -5,
     -38,  -27,    7,  -13,  -13,   -5,  -38,  -38,  -38,  -38,  -54,   -9,   -2,  -11,  -13,  -18,
     -31,  -18,  -11,  -17,  -26,   -2,   -9,   -3,   -2,  -54,  -54,  -31,  -15,  -11,  -44,  -12,
     -60,  -26,  -26,  -13,  -13,  -13,  -13,  -12,  -12,   -5,  -40,  -12,  -38,   -8,   -3,  -11,
     -10,   -5,  -40,  -18,  -18,  -13,  -26,  -24,  -13,  -13,  -13,  -11,   -8,  -18,  -13,  -17,
     -26,  -39,  -38,  -54,  -54,  -38,  -16,  -16,  -13,  -25,    3,    3,   21,  -13,  -13,  -13,
     -13,  -16,  -12,  -12,   -8,   -3,  -12,  -15,  -13,  -18,    7,  -13,   -8,    7,    7,  -15,
       7,    7,  -13,  -13,   -3,   -3,   -3,   -3,  -18,  -20,  -12,    6,    6,    5,    4,   14,
      27,    4,   14,   27,   27,   16,   27,   20,    5,    5,    5,    5,   -6,   -4,   -8,   -8,
      -9,   -4,  -13,   -4,   -9,  -20,   -8,  -16,  -13,  -13,  -16,   -4,  -16,   -3,   -2,  -16,
     -18,   -4,   -3,   -3,   -3,   -3,  -13,   -3,   -9,   -9,   -2,   -3,   -1,   -2,   -3,   -1,
      -1,   -1,   -1,   -9,  -12,  -12,  -18,  -18,  -12,  -23,    1,  -18,    2,  -50,  -50,   -6,
      -7,  -23,   -4,    8,   -6,   -4,  -13,  -36,  -43,  -38,    2,  -63,  -18,  -20,  -20,  -18,
     -25,    2,  -18,  -18,  -20,   36,  -20,  -18,   36,   36,  -20,   36,  -20,  -20,  -20,  -12,
     -20,  -20,  -20,  -44,  -44,   -7,  -18,  -43,  -43,  -43,  -43,  -57,  -50,  -17,  -13,  -25,
     -13,  -13,  -13,  -25,  -34,  -18,  -20,  -18,  -27,  -25,  -20,  -38,  -16,  -13,  -16,  -18,
     -18,  -18,  -20,  -18,  -38,  -38,  -20,  -20,  -20,  -20,  -23,  -16,  -29,  -15,  -32,  -29,
     -29,  -23,  -36,  -25,  -32,  -32,  -32,  -36,  -29,  -13,  -13,  -20,  -29,  -36,  -36,  -15,
     -15,  -15,  -15,  -38,  -29,  -25,  -25,  -25,  -25,  -25,  -18,  -18,  -16,  -17,  -13,  -16,
     -10,  -22,  -18,  -16,   -2,  -13,  -13,  -13,   10,  -42,  -27,  -18,  -18,  -17,  -17,  -17,
     -17,  -13,  -16,  -18,  -16,  -40,  -32,   -6,  -38,  -13,  -13,    5,   -3,  -24,  -15,  -20,
     -25,  -17,    6,  -17,  -36,  -10,  -34,  -30,  -34,  -38,   -9,   -5,    1,   -4,  -12,  -27,
     -27,  -13,  -29,  -13,  -13,  -28,  -38,  -21,  -13,  -13,  -13,   -9,    1,    1,    1,   -9,
     -27,   -9,  -36,  -36,  -59,    1,  -16,   -6,  -20,  -16,  -39,  -50,  -13,  -16,  -17,  -36,
     -12,  -27,  -12,   -4,  -34,  -34,    6,    6,    6,    6,  -52,  -41,  -13,  -41,   -5,  -20,
     -20,   13,   13,   13,  -20,  -20,  -20,   13,  -20,  -23,  -11,   -6,  -16,    2,   13,    2,
      13,   13,   13,   -6,  -11,  -11,  -11,  -11,   29,   29,   29,   18,   29,  -16,  -29,   -3,
     -36,  -27,  -13,   -7,  -10,   -7,  -13,  -13,  -13,  -13,   -7,   -7,  -10,  -10,  -13,  -13,
      -7,  -10,  -13,   37,   -7,  -36,  -36,  -36,  -36,  -48,  -50,  -10,  -12,  -12,   -9,   -6,
     -11,   13,   13,   13,  -12,  -12,  -12,   14,   13,   -6,  -12,  -11,  -11,  -12,  -12,  -12,
     -12,  -13,  -13,  -23,  -10,  -20,   16,  -10,  -10,  -10,  -10,  -32,  -13,   -6,  -31,  -31,
     -27,  -13,  -17,  -17,  -16,    2,  -13,  -16,  -25,  -31,  -20,  -51,   -6,  -13,  -49,  -13,
     -16,    2,    2,    2,   34,  -16,  -13,  -16,   34,   34,  -16,  -13,    2,   34,   34,  -17,
     -44,  -13,  -13,  -36,  -68,  -27,  -47,  -18,   -3,  -11,  -11,  -37,  -31,  -15,  -39,  -52,
      -9,  -27,  -42,  -38,  -25,  -79,  -32,  -70,  -32,  -52,  -13,  -27,  -37,  -37,  -37,   -9,
      -9,  -11,  -37,   -9,  -50,   -9,  -39,  -57,  -34,  -35,  -18,  -18,  -13,  -62,  -13,   -8,
     -16,   -8,  -29,  -33,  -38,   -1,   -6,   -5,   -8,   -8,   -8,   -6,   -6,   -5,   -5,   -6,
      -5,   -1,   -1,   -1,   -1,  -33,  -33,  -33,  -33,  -57,  -54,  -15,   -2,   -8,  -12,   -3,
      -6,   -3,   -3,   -6,   18,   -6,   -3,   18,   18,   -6,   -2,   -2,   -2,   18,   -2,  -12,
     -12,   -2,  -13,  -23,  -13,  -23,  -13,  -52,  -13,  -27,  -32,  -13,  -32,  -13,  -13,  -36,
     -13,  -36,    3,  -23,  -32,  -35,   -1,  -24,  -31,  -37,  -32,  -27,  -27,  -14,  -21,  -23,
     -52,  -23,  -73,  -55,  -20,  -13,  -48,  -48,  -55,   36,  -55,  -57,  -40,  -32,   36,   36,
     -35,  -48,   57,   36,   41,  -13,  -52,  -41,  -24,  -32,  -32,  -13,  -23,  -78,  -76,  -78,
     -52,  -52,  -54,  -54,  -13,  -37,  -23,  -37,  -31,    3,    3,  -36,  -36,  -36,  -36,  -48,
     -13,  -47,  -23,  -20,  -23,  -38,  -23,  -38,  -22,  -12,  -13,  -25,  -29,  -25,  -30,  -34,
     -16,  -38,    6,  -32,  -25,  -26,   -6,  -18,  -23,  -23,  -48,  -39,  -12,  -16,  -25,  -41,
     -26,   34,  -44,  -25,   34,   34,  -26,   16,   34,   -6,  -48,  -48,  -16,   -7,  -18,  -34,
     -34,  -34,  -34,  -45,  -16,  -38,  -57,  -61,   -2,  -20,  -17,  -38,  -17,  -38,  -12,  -13,
     -20,  -29,  -25,  -10,  -30,  -10,  -25,    2,    8,  -23,  -21,  -13,  -13,  -17,  -23,  -17,
     -30,  -12,  -23,  -23,  -21,  -21,  -23,  -21,   34,  -13,  -10,  -13,  -13,  -30,  -30,  -30,
     -30,  -43,  -38,  -40,  -45,   -6,  -17,  -17,  -15,   -9,  -16,   -9,  -23,  -20,  -22,  -22,
     -12,  -23,  -11,  -30,  -16,  -37,   -3,  -35,  -18,  -23,  -23,  -11,  -11,  -23,  -11,  -12,
     -12,  -12,   34,   -9,  -42,  -13,  -12,  -25,  -35,  -18,  -13,  -25,  -26,  -26,  -26,  -26,
     -27,  -25,  -41,  -38,  -18,  -34,  -18,  -13,    3,  -42,  -45,   -8,  -19,  -27,  -16,  -26,
     -36,  -46,   -3,  -16,  -46,  -25,  -34,  -69,  -62,  -45,   -8,  -23,   -8,  -45,  -16,  -79,
     -67,    3,    3,    3,  -16,   -8,   34,  -25,  -19,  -18,    3,  -23,  -27,  -34,  -34,  -34,
     -34,  -43,  -16,  -64,  -70,  -75,  -13,  -15,  -15,  -25,  -13,  -13,  -15,  -13,  -15,  -28,
      34,   34,   34,   13,   34,  -13,  -11,    6,   -2,    5,    6,   -2,   -2,    6,    5,   -2,
       6,   35,    6,  -32,   -6,  -38,  -13,  -13,    5,   -3,  -24,  -15,  -20,  -25,  -17,    6,
     -17,  -52,  -10,  -56,  -53,  -34,  -38,   -9,   -5,    1,   -4,  -12,  -47,  -27,  -13,  -29,
     -13,  -13,  -28,  -38,  -21,  -13,  -13,  -13,   -9,    1,    1,    1,   -9,  -47,   -9,  -52,
     -52,  -52,    1,  -16,   -6,  -20,  -16,  -39,  -50,  -13,  -16,  -17,  -52,  -12,  -27,  -12,
      -4,  -34,  -34,    6,    6,    6,    6,  -69,  -63,  -13,  -63,   -5,  -20,  -27,  -18,  -43,
     -18,  -23,  -18,  -18,  -18,  -16,   11,  -16,  -23,  -16,  -32,  -27,    5,   38,   12,  -32,
     -27,  -18,    5,    5,    5,  -32,   11,   38,  -23,  -23,  -23,   11,    5,  -38,  -23,   12,
      23,   23,  -18,  -16,  -43,  -20,   16,   16,   -4,  -16,  -20,  -10,  -16,  -31,  -20,  -20,
     -39,   -7,   -3,   -7,  -31,  -31,  -31,    2,  -31,  -39,  -39,  -18,  -11,  -11,  -10,   -5,
     -13,  -13,  -35,  -26,  -21,  -11,  -46,    4,   -7,   -5,   -9,   -8,  -13,   -4,    4,    4,
      -7,    4,  -35,  -35,  -35,   16,  -11,  -35,   -5,  -89,  -46,  -13,  -13,  -13,  -13,  -25,
      -9,   -9,   -8,  -23,   -8,  -23,   -5,  -25,  -13,  -25,    2,   -6,   -8,   -8,  -18,    3,
       2,   -7,  -16,    8,   -8,  -16,   -8,   -8,   -7,   -8,   -8,   -8,    3,    3,    3,   41,
      -8,   -8,   41,   56,    2,   -8,    3,   18,   54,  -16,  -16,  -32,  -32,  -16,  -16,   -7,
       2,    2,  -13,  -13,  -13,  -13,  -36,   -7,  -23,   -7,  -20,    4,    4,  -20,  -20,  -20,
     -20,    1,    1,    1,   26,   40,   26,   35,   40,    1,    1,    1,    1,  -23,  -23,  -18,
     -34,  -23,   -9,    3,  -23,  -20,  -50,  -23,   -9,   -9,    3,   -9,  -23,  -23,  -23,  -23,
     -13,  -25,  -13,  -25,  -12,  -14,  -16,    5,  -23,  -23,  -13,   -5,   -8,    8,    2,    5,
       3,    8,    6,    4,    6,  -13,  -25,  -13,   -5,   -5,   -8,    2,    2,    2,    5,   -8,
       6,   -5,    5,    5,    5,    5,   -8,  -23,  -23,  -23,    5,    2,   14,    5,  -16,  -27,
       8,    3,    8,  -23,   -9,   -9,    8,    8,  -16,  -16,  -16,  -16,  -16,    6,  -32,  -25,
       6,   -9,   -5,  -29,  -18,  -13,  -29,    1,   -1,   -3,   -1,  -29,  -29,  -29,    2,    1,
       1,  -29,    1,   -1,    1,  -29,  -29,  -20,   -2,   -7,   -7,   -3,  -11,    1,  -13,   -2,
      -2,   -3,    2,   -4,  -13,    3,   -3,   -7,    9,    8,   -7,   -7,   -7,   -2,    2,    2,
      -4,   -4,    9,    2,    1,    3,   -4,  -13,  -13,  -13,    1,   18,  -13,   -7,   -7,  -13,
      -7,   -7,   -3,   -3,   -3,  -16,    6,   -2,    6,    6,  -15,  -15,  -13,  -16,  -20,  -23,
     -13,  -15,  -28,  -15,    2,    9,  -20,  -50,  -20,    8,   -7,  -20,  -23,  -23,  -16,    6,
       6,  -12,  -14,  -18,  -14,  -18,  -23,  -13,  -16,  -27,    1,  -25,  -13,  -13,  -32,   -5,
      -7,    6,   -1,    7,  -14,  -16,  -14,  -14,   -5,   -5,   -7,    8,   -7,   -5,    1,    8,
       8,   -7,  -13,  -38,  -13,    1,    1,    8,   -2,    7,    7,  -13,  -18,  -18,    7,    7,
      -1,  -13,  -13,  -27,  -27,  -27,  -27,    3,  -32,  -48,    3,   -9,  -13,  -29,  -29,  -27,
     -23,  -20,  -13,   -2,   -5,  -13,   -2,   -2,   -5,   -5,   -2,   -5,  -20,  -20,  -20,  -20,
     -27,  -27,  -27,  -27,    4,  -32,  -29,    4,   -9,   -9,  -13,  -13,   -2,   -9,    6,    6,
      -9,  -13,   -9,   -9,   -2,   -2,   -9,   -9,   -2,   -9,  -13,  -13,  -13,    6,    6,  -13,
       6,    6,  -13,   -8,   -8,   -8,   -8,  -13,  -13,  -13,  -13,   -9,   -2,  -11,  -13,  -18,
     -31,  -18,  -11,  -33,  -26,   -2,   -9,   -3,   -2,  -54,  -54,  -31,  -15,  -11,  -33,  -12,
     -60,  -26,  -26,  -13,  -13,  -13,  -13,  -12,  -27,  -13,  -27,  -27,  -27,  -27,  -27,  -27,
     -27,  -27,  -13,   12,   12,   12,   12,   12,   18,  -16,  -29,  -29,  -13,  -13,  -13,  -13,
     -50,  -53,  -51,  -55,  -13,  -20,  -25,  -20,  -20,  -20,  -25,  -47,  -25,  -25,  -13,  -13,
     -13,  -13,  -20,  -20,  -20,  -20,  -20,   -6,   -8,   -8,  -13,  -20,   -2,  -28,   -2,  -28,
      -3,   -3,   -4,  -11,   -4,   -4,   -4,  -11,  -11,   -4,  -11,   -3,   -2,   -4,   -3,   -3,
     -28,  -28,  -28,  -28,   -4,   -1,  -15,  -15,  -13,  -16,  -20,  -23,  -13,  -15,  -28,  -15,
       2,    9,  -20,  -50,  -20,    8,   -7,  -20,  -23,  -23,  -36,    6,    6,  -12,   -9,   -2,
     -11,  -13,  -18,  -62,  -34,  -11,  -35,  -46,   -2,   -9,   -3,   -2,  -62,  -62,  -62,  -15,
     -11,  -35,  -12,  -62,  -46,  -46,  -13,  -13,  -13,  -13,  -12,    5,  -16,  -20,  -18,  -20,
     -13,  -13,  -52,  -25,  -23,  -16,  -36,  -13,  -13,  -13,  -13,  -13,  -52,  -52,  -52,  -36,
     -13,  -20,  -13,  -13,  -36,  -18,  -79,  -36,  -36,  -13,  -13,  -13,  -13,  -34,  -27,  -48,
     -40,  -27,  -27,  -27,  -36,  -13,  -27,  -25,  -13,  -13,   16,   16,   16,   16,   16,  -13,
     -36,  -16,  -18,  -18,  -36,  -36,  -36,  -18,  -36,  -18,  -18,  -13,  -13,  -13,  -13,  -13,
     -41,  -41,  -16,  -16,  -23,  -20,  -16,  -23,  -23,  -23,  -23,  -23,  -16,  -16,  -16,  -16,
     -23,  -50,  -41,  -20,   13,   13,   13,  -20,  -20,  -20,   13,  -20,  -50,  -32,  -32,  -32,
     -32,  -32,    1,    1,    1,   41,   42,   41,   30,   41,    1,    1,    1,    1,   18,   36,
      27,   36,   34,   36,   16,   26,   26,    5,   20,   16,   39,   26,   39,   66,   27,   66,
      66,   39,   36,   36,   36,   56,   39,   20,   66,   36,   20,    5,   20,   36,   20,   20,
     -10,  -16,  -51,  -20,  -20,  -39,   -7,   -3,   -7,  -51,  -51,  -51,    2,  -51,  -39,  -39,
     -18,  -11,  -11,  -10,   -5,  -13,  -13,  -55,  -26,  -21,  -11,  -46,    4,   -7,   -5,   -9,
      -8,  -13,   -4,    4,    4,   -7,    4,  -55,  -55,  -55,   16,  -11,  -55,   -5,  -89,  -46,
     -13,  -13,  -13,  -13,  -25,   -9,   -9,  -10,  -16,  -60,  -20,  -20,  -39,   -7,   -3,   -7,
     -60,  -60,  -60,    2,  -60,  -39,  -39,  -18,  -11,  -11,   13,    3,   49,   23,   18,   18,
      12,   16,   23,   16,   11,   11,   16,    7,   23,   16,   16,   32,   16,   12,   16,   16,
      11,   16,   16,   16,   12,   32,   18,   16,   18,   11,   16,   13,   -7,   14,   13,   13,
      16,   13,   13,   16,   16,   16,   16,   16,   16,   13,   13,   13,   14,   13,   16,   16,
      13,   18,   36,   27,   36,   34,   36,   16,   43,   39,    5,   20,   16,   43,   43,   43,
      66,   27,   66,   66,   39,   36,   36,   36,   56,   43,   43,   66,   36,   20,    5,   20,
      36,   20,   20,   18,   36,   27,   36,   34,   36,   16,   43,   43,    5,   20,   16,   43,
      43,   43,   66,   27,   66,   66,   43,   36,   36,   36,   56,   43,   20,   66,   36,   20,
       5,   20,   36,   20,   20,   18,   36,   27,   36,   34,   36,   16,   43,   26,    5,   20,
      16,   43,   43,   43,   66,   27,   66,   66,   39,   36,   36,   36,   56,   43,   20,   66,
      36,   20,    5,   20,   36,   20,   20,    1,    1,    1,   41,   42,   41,   30,   42,    1,
       1,    1,    1,  -36,  -70,  -46,  -46,  -18,   -3,  -11,  -11,  -37,  -31,  -15,  -39,  -70,
      -9,  -27,  -45,  -38,  -25,  -46,  -32,  -70,  -32,  -46,  -13,  -27,  -37,  -37,  -37,   -9,
      -9,  -11,  -37,   -9,  -50,   -9,  -39,  -57,  -34,  -35,  -18,  -18,  -13,  -62,    6,    6,
       5,    4,   14,   27,    4,   14,   27,   27,   32,   27,   20,    5,    5,    5,    5,  -36,
     -68,  -41,  -41,  -18,   -3,  -11,  -11,  -37,  -31,  -15,  -39,  -52,   -9,  -27,  -40,  -38,
     -25,  -41,  -32,  -70,  -32,  -41,  -13,  -27,  -37,  -37,  -37,   -9,   -9,  -11,  -37,   -9,
     -50,   -9,  -39,  -57,  -34,  -35,  -18,  -18,  -13,  -62,  -13,  -13,  -13,    6,    6,    5,
       4,   27,   27,    4,   13,   27,   27,   16,   27,   20,    5,    5,    5,    5,  -36,  -66,
     -27,  -47,  -18,   -3,  -11,  -11,  -37,  -31,  -15,  -57,  -66,   -9,  -27,  -42,  -38,  -25,
     -79,  -32,  -66,  -32,  -52,  -13,  -27,  -37,  -37,  -37,   -9,   -9,  -11,  -37,   -9,  -50,
      -9,  -57,  -57,  -34,  -48,  -18,  -18,  -13,  -48,    6,    6,   13,    4,   27,   27,    4,
      13,   27,   27,   16,   27,   20,   13,   13,   13,   13,   -2,  -13,  -39,  -13,  -39,  -13,
     -52,  -13,  -27,  -32,  -13,  -32,  -13,  -13,  -36,  -13,  -36,    3,  -23,  -32,  -35,   -1,
     -24,  -31,  -37,  -56,  -27,  -27,  -34,  -37,  -39,  -52,  -39,  -56,  -39,  -20,  -13,  -48,
     -48,  -55,   36,  -55,  -56,  -40,  -32,   36,   36,  -35,  -56,   57,   36,   41,  -13,  -52,
     -41,  -24,  -32,  -32,  -13,  -23,  -78,  -76,  -78,  -52,  -52,  -54,  -54,  -13,  -37,  -23,
     -37,  -31,    3,    3,  -36,  -36,  -36,  -36,  -48,  -13,  -47,  -23,   -2,  -13,  -39,  -13,
     -39,  -13,  -52,  -13,  -27,  -32,  -13,  -32,  -13,  -13,  -36,  -13,  -36,    3,  -23,  -32,
     -35,   -1,  -24,  -31,  -37,  -32,  -27,  -27,  -14,  -21,  -39,  -52,  -39,  -73,  -39,  -20,
     -13,  -48,  -48,  -55,   36,  -55,  -57,  -40,  -32,   36,   36,  -35,  -48,   57,   36,   41,
     -13,  -52,  -41,  -24,  -32,  -32,  -13,  -23,  -78,  -76,  -78,  -52,  -52,  -54,  -54,  -13,
     -37,  -23,  -37,  -31,    3,    3,  -36,  -36,  -36,  -36,  -48,  -13,  -47,  -23,   -2,  -13,
     -23,  -13,  -23,  -13,  -52,  -13,  -27,  -32,  -13,  -32,  -13,  -13,  -61,  -13,  -84,    3,
     -23,  -32,  -35,   -1,  -24,  -31,  -37,  -32,  -27,  -27,  -14,  -21,  -23,  -52,  -23,  -73,
     -55,  -20,  -13,  -48,  -48,  -55,   36,  -55,  -57,  -40,  -32,   36,   36,  -35,  -48,   57,
      36,   41,  -13,  -52,  -41,  -24,  -32,  -32,  -13,  -23,  -78,  -76,  -78,  -52,  -52,  -54,
     -54,  -13,  -37,  -23,  -37,  -31,    3,    3,  -61,  -61,  -61,  -61,  -48,  -13,  -47,  -37,
     -24,  -25,  -16,  -24,  -24,  -16,  -24,  -23,  -22,  -23,  -24,  -24,  -24,  -24,  -25,  -25,
     -24,  -23,  -24,  -25,  -24,  -16,  -24,  -16,  -16,  -16,  -24,  -18,  -18,  -14,  -14,  -14,
     -14,  -14,  -18,    3,    9,  -18,  -18,  -18,   20,   20,   20,   20,   20,  -22,   12,    7,
     -22,  -22,    7,  -22,   12,   12,   12,   12,  -29,   -8,   -8,   -8,   -8,  -29,  -29,  -29,
     -29,    1,    1,    1,   41,   41,   41,   42,   41,    1,    1,    1,    1,  -10,   -5,  -13,
     -13,  -66,  -26,  -21,  -11,  -46,    4,   -7,   -5,   -9,   -8,  -13,   -4,    4,    4,   -7,
       4,  -66,  -66,  -66,   16,  -11,  -66,   -5,  -89,  -46,  -13,  -13,  -13,  -13,  -25,   -9,
      -9,   13,  -15,  -15,  -13,  -16,  -38,  -23,  -13,  -15,  -28,  -15,    2,    9,  -38,  -38,
     -38,    8,   -7,  -38,  -23,  -23,  -16,    6,    6,  -12,   16,   16,   16,   29,   16,    1,
       1,    1,   41,   41,   41,   35,   41,    1,    1,    1,    1,   18,   36,   27,   36,   34,
      36,   16,   39,   43,    5,   20,   16,   39,   39,   39,   66,   27,   66,   66,   43,   36,
      36,   36,   56,   39,   38,   81,   36,   20,    5,   20,   36,   20,   20,  -15,  -15,  -13,
       4,  -16,    7,  -13,  -15,  -28,  -15,    7,    7,   36,    4,  -20,    3,    3,  -12,   -2,
     -13,  -23,  -47,  -23,  -47,  -52,  -13,  -27,  -32,  -29,  -32,  -13,  -13,  -36,  -13,  -36,
       3,  -27,  -32,  -35,   -1,  -24,  -31,  -37,  -32,  -27,  -27,  -14,  -21,  -23,  -52,  -23,
     -73,  -55,  -20,  -13,  -48,  -48,  -55,   36,  -55,  -57,  -40,  -32,   36,   36,  -35,  -48,
      57,   36,   41,  -13,  -52,  -41,  -24,  -32,  -32,  -13,  -23,  -78,  -76,  -78,  -52,  -52,
     -54,  -54,  -13,  -37,  -23,  -37,  -31,    3,    3,  -36,  -36,  -36,  -36,  -48,  -13,  -47,
     -33,   -7,   -7,  -25,  -13,   -7,  -13,   -7,   -7,  -13,  -20,  -13,  -27,  -13,  -13,  -13,
     -13,  -15,  -38,  -15,  -38,  -27,  -13,  -27,  -25,  -36,  -41,  -13,  -23,  -15,  -19,  -15,
     -23,  -15,   -8,  -23,  -23,  -13,  -13,  -48,  -38,  -21,  -15,  -15,  -13,  -16,  -15,  -28,
     -15,  -20,    9,    9,  -18,  -15,  -29,  -15,  -29,  -13,  -16,  -16,  -15,  -28,  -15,  -13,
     -16,  -25,    9,  -32,  -29,    9,  -13,  -34,  -13,  -13,  -13,  -13,  -25,   27,  -13,  -18,
     -25,  -32,   -6,  -38,  -13,  -13,    5,   -3,  -47,  -15,  -20,  -25,  -17,    6,  -17,  -36,
     -10,  -34,  -30,  -34,  -38,   -9,   -5,    1,   -4,  -12,  -27,  -27,  -13,  -29,  -13,  -13,
     -28,  -38,  -21,  -13,  -13,  -13,   -9,    1,    1,    1,   -9,  -27,   -9,  -36,  -36,  -59,
       1,  -16,   -6,  -43,  -16,  -39,  -50,  -13,  -16,  -17,  -36,  -12,  -27,  -12,   -4,  -34,
     -34,    6,    6,    6,    6,  -52,  -41,  -13,  -41,   -5,  -20,   27,  -13,  -13,  -13,  -13,
     -18,  -27,  -54,  -27,  -54,  -26,  -14,  -16,    5,  -23,  -23,  -13,   -5,   -8,    8,    2,
       5,    3,    8,    6,    4,    6,  -27,  -27,  -27,   -5,   -5,   -8,    2,    2,    2,    5,
      -8,    6,   -5,    5,    5,    5,    5,   -8,  -23,  -23,  -23,    5,    2,   14,    5,  -16,
     -27,    8,    3,    8,  -23,   -9,   -9,    8,    8,  -16,  -16,  -16,  -16,  -16,    6,  -32,
     -54,    6,  -16,    2,  -16,   17,    2,    2,   17,  -16,  -16,  -16,    2,    2,  -16,  -13,
     -34,  -13,  -16,  -25,  -34,  -25,  -18,  -18,  -18,  -23,   25,  -23,  -23,  -23,    8,    8,
     -23,   -6,  -46,  -46,  -15,   -9,  -16,   -9,  -20,  -20,  -22,  -22,  -12,  -23,  -11,  -46,
     -36,  -46,   -3,  -46,  -18,  -23,  -23,  -11,  -11,  -23,  -11,  -12,  -12,  -12,   34,   -9,
     -42,  -13,  -12,  -25,  -35,  -18,  -13,  -18,  -18,  -16,  -17,  -13,  -16,  -10,  -22,  -18,
     -16,   -2,  -13,  -13,  -13,   10,  -42,  -27,  -18,  -18,  -17,  -17,  -17,  -17,  -13,  -36,
     -18,  -16,  -40,  -18,  -18,  -16,  -13,  -18,  -13,  -13,  -13,    8,  -13,    8,   -7,   -5,
      -4,   -1,  -13,   -8,  -12,  -12,  -11,  -12,  -13,  -13,  -13,  -12,  -13,   -8,   -8,  -11,
      -8,  -12,  -12,  -12,  -17,  -12,  -13,    8,  -13,  -13,  -50,  -13,  -50,  -12,  -14,  -16,
       5,  -23,  -23,  -13,   -5,   -8,    8,    2,    5,    3,    8,    6,    4,    6,  -13,  -25,
     -13,   -5,   -5,   -8,    2,    2,    2,    5,   -8,    6,   -5,    5,    5,    5,    5,   -8,
     -23,  -23,  -23,    5,    2,   14,    5,  -16,  -27,    8,    3,    8,  -23,   -9,   -9,    8,
       8,  -16,  -16,  -16,  -16,  -16,    6,  -61,  -50,    6,   -9,  -11,  -43,  -43,  -11,  -68,
     -13,  -14,  -11,   -7,  -20,  -14,  -43,  -43,  -43,  -13,  -13,  -11,  -43,  -13,  -47,  -68,
     -68,  -28,  -25,  -26,  -26,  -26,  -26,  -27,  -25,  -41,  -38,  -18,  -34,  -18,  -13,    3,
     -42,  -87,   -8,  -19,  -27,  -16,  -26,  -36,  -46,   -3,  -16,  -46,  -25,  -34,  -69,  -62,
     -87,   -8,  -23,   -8,  -87,  -16,  -79,  -87,    3,    3,    3,  -16,   -8,   34,  -25,  -19,
     -18,    3,  -23,  -27,  -34,  -34,  -34,  -34,  -43,  -16,  -64,  -70,  -75,  -13,   -8,   -8,
      -8,    4,   -4,  -18,   -2,   -8,  -16,    4,   -8,   -8,    6,   -4,   -4,   -8,   -4,   -4,
      -4,    4,  -12,   -8,    4,  -18,   -8,   -8,  -12,    8,    8,   -4,   -4,   -4,   -4,   -8,
      -4,   -2,    1,    1,    1,   26,   40,   26,   30,   40,    1,    1,    1,    1,  -10,   -5,
     -13,  -13,  -35,  -26,  -21,  -11,  -46,    4,   -7,   -5,   -9,   -8,  -13,   -4,    4,    4,
      -7,    4,  -35,  -35,  -35,   32,  -11,  -35,   -5,  -89,  -46,  -13,  -13,  -13,  -13,  -25,
      -9,   -9,  -13,  -13,   16,  -13,  -25,  -26,  -39,  -26,  -39,  -27,  -25,  -41,  -38,  -18,
     -34,  -18,  -13,    3,  -42,  -45,   -8,  -19,  -27,  -16,  -26,  -36,  -46,   -3,  -16,  -46,
     -25,  -34,  -69,  -62,  -45,   -8,  -23,   -8,  -45,  -16,  -79,  -67,    3,    3,    3,  -16,
      -8,   34,  -25,  -19,  -18,    3,  -23,  -27,  -34,  -34,  -34,  -34,  -43,  -16,  -39,  -70,
     -75,  -13,  -25,  -43,  -43,  -38,  -25,  -38,  -59,  -16,   -8,  -25,  -16,  -16,  -16,  -25,
     -45,  -57,  -34,   -8,  -38,  -38,  -38,  -38,  -38,  -43,  -50,  -27,  -21,  -52,  -21,  -52,
     -57,  -18,  -38,  -25,  -16,  -23,  -38,  -23,  -23,  -55,  -23,  -50,  -16,  -23,  -25,  -12,
     -28,    4,  -16,    4,  -39,  -34,  -21,  -34,   -4,  -21,  -27,  -23,  -23,  -25,  -25,  -16,
       4,  -23,  -25,  -16,  -25,  -25,  -25,  -25,  -27,  -27,    4,  -37,    4,  -16,  -25,  -20,
     -36,  -23,  -48,  -25,    4,    4,  -41,  -55,  -55,  -55,  -55,  -52,  -27,  -38,  -36,  -25,
     -43,  -13,  -20,  -13,  -13,  -20,  -13,  -38,  -38,  -38,  -41,  -20,   20,   20,  -25,  -59,
      25,   25,  -20,  -43,  -43,  -50,  -38,  -38,  -13,  -13,  -16,  -18,  -18,  -13,  -13,  -13,
     -18,  -43,  -18,  -18,  -13,  -13,  -13,  -13,  -13,  -12,   -5,  -40,  -12,  -38,   -8,   -3,
     -11,  -10,   -5,  -40,  -18,  -18,  -13,  -26,  -24,  -13,  -13,  -13,  -11,   -8,  -18,  -13,
     -17,  -26,  -39,  -38,  -54,  -73,  -38,    9,   -3,   -6,  -20,    5,   -3,  -13,   -6,   -7,
       4,  -17,  -16,  -16,  -23,  -57,  -40,  -70,    3,   -9,   -9,    3,  -23,  -23,  -37,  -21,
      -9,  -16,   -7,  -29,  -70,  -70,  -11,   -6,   -6,  -17,   16,   -3,  -27,  -27,  -16,  -20,
     -27,   -4,  -16,  -10,  -12,   20,
};

static constexpr EpdFontData inter_12_bold = {
    inter_12_boldBitmaps,
    inter_12_boldGlyphs,
    inter_12_boldIntervals,
    102,
    30,
    25,
    -7,
    false,
    nullptr,
    0,
    nullptr,
    nullptr,  // kernLeftClasses: built-in fonts use split arrays
    nullptr,  // kernRightClasses
    inter_12_boldKernLeftCodepoints,
    inter_12_boldKernLeftClassIds,
    inter_12_boldKernRightCodepoints,
    inter_12_boldKernRightClassIds,
    nullptr,  // kernMatrix: built-in fonts use sparse rows
    inter_12_boldKernRowOffsets,
    inter_12_boldKernSparseCols,
    inter_12_boldKernSparseValues,
    1017,
    1036,
    170,
    170,
    nullptr,
    0,
};
