/**
 * generated by fontconvert.py
 * name: inter_10_bold
 * size: 10
 * mode: 1-bit
 * Command used: C:\Users\cmaga\Documents\Crossink-MyDev\CrossInk-X4-Pro\lib\EpdFont\scripts\fontconvert.py inter_10_bold 10 C:\Users\cmaga\Documents\Crossink-MyDev\CrossInk-X4-Pro\lib\EpdFont\builtinFonts\source\Inter\Inter-Bold.ttf C:\Users\cmaga\Documents\Crossink-MyDev\CrossInk-X4-Pro\lib\EpdFont\builtinFonts\source\IBMPlexSansHebrew\IBMPlexSansHebrew-Bold.ttf C:\Users\cmaga\Documents\Crossink-MyDev\CrossInk-X4-Pro\lib\EpdFont\builtinFonts\source\NotoSansArabic\NotoSansArabic-Bold.ttf --additional-intervals 0x05D0,0x05EA --additional-intervals 0x0370,0x03FF --additional-intervals 0x1F00,0x1FFF --additional-intervals 0x060C,0x060C --additional-intervals 0x061B,0x061B --additional-intervals 0x061F,0x061F --additional-intervals 0x0621,0x0621 --additional-intervals 0x0640,0x0640 --additional-intervals 0x0660,0x0669 --additional-intervals 0x06BA,0x06BA --additional-intervals 0x06D4,0x06D4 --additional-intervals 0x06F0,0x06F9 --additional-intervals 0xFB56,0xFB59 --additional-intervals 0xFB66,0xFB69 --additional-intervals 0xFB7A,0xFB7D --additional-intervals 0xFB88,0xFB95 --additional-intervals 0xFB9E,0xFB9F --additional-intervals 0xFBA6,0xFBB1 --additional-intervals 0xFBFC,0xFBFF --additional-intervals 0xFE80,0xFEFC
 */
#pragma once
#include "EpdFontData.h"

static const uint8_t inter_10_boldBitmaps[42913] = {
    0x77, 0xBD, 0xEF, 0x7B, 0xDE, 0xF7, 0x9C, 0xE2, 0x7B, 0xDE, 0x20, 0x73, 0x3B, 0xDD, 0xCE, 0xE7,
    0x73, 0xB9, 0xDC, 0x00, 0x0C, 0x20, 0x39, 0xC1, 0xE7, 0x07, 0x1C, 0x7F, 0xF9, 0xFF, 0xE7, 0xFF,
    0x87, 0x38, 0x3C, 0xE0, 0xE3, 0x8F, 0xFF, 0xBF, 0xFC, 0xFF, 0xF0, 0xE7, 0x03, 0x9C, 0x1C, 0x70,
    0x03, 0x00, 0x18, 0x01, 0xE0, 0x3F, 0xC3, 0xFF, 0x3F, 0xFD, 0xED, 0xEF, 0x67, 0x7F, 0x01, 0xFE,
    0x07, 0xFC, 0x0F, 0xF0, 0x3F, 0xB9, 0xBD, 0xED, 0xEF, 0xFF, 0x3F, 0xF0, 0xFF, 0x00, 0xC0, 0x06,
    0x00, 0x00, 0x00, 0x1C, 0x02, 0x0F, 0xC0, 0xE1, 0xFC, 0x38, 0x73, 0x8E, 0x0E, 0x71, 0xC1, 0xCE,
    0x70, 0x1F, 0x9C, 0x03, 0xF7, 0x00, 0x08, 0xE3, 0x00, 0x39, 0xF0, 0x0E, 0x7F, 0x01, 0xCE, 0xE0,
    0x71, 0xCC, 0x1C, 0x3B, 0x83, 0x87, 0xF0, 0xE0, 0x7C, 0x00, 0x03, 0x00, 0x07, 0x00, 0x7E, 0x03,
    0xFC, 0x0F, 0xF0, 0x39, 0xC0, 0xE7, 0x03, 0xFC, 0x07, 0xE0, 0x3F, 0x39, 0xFE, 0xE7, 0xFF, 0xBC,
    0xFE, 0xF1, 0xF9, 0xFF, 0xC7, 0xFF, 0x8F, 0xFF, 0x06, 0x00, 0x77, 0x77, 0x77, 0x70, 0x00, 0x78,
    0xF1, 0xC7, 0x8F, 0x1E, 0x38, 0xF1, 0xE3, 0xC7, 0x8F, 0x1E, 0x1E, 0x3C, 0x78, 0x70, 0xF0, 0xE0,
    0x01, 0xE1, 0xE3, 0xC3, 0x87, 0x8F, 0x1E, 0x3C, 0x38, 0x70, 0xE3, 0xC7, 0x8F, 0x1E, 0x38, 0xF1,
    0xE7, 0x80, 0x08, 0x0E, 0x1B, 0x7F, 0xF7, 0xF1, 0xFB, 0xFE, 0xDF, 0x1C, 0x06, 0x00, 0x06, 0x00,
    0xF0, 0x0F, 0x00, 0xF0, 0x7F, 0xEF, 0xFF, 0xFF, 0xF7, 0xFE, 0x0F, 0x00, 0xF0, 0x0F, 0x00, 0x60,
    0x7F, 0xFF, 0xEE, 0xE0, 0xFE, 0xFF, 0xFF, 0x00, 0x27, 0xBD, 0xE2, 0x00, 0x07, 0x0F, 0x0E, 0x0E,
    0x0E, 0x1E, 0x1C, 0x1C, 0x3C, 0x3C, 0x38, 0x38, 0x78, 0x78, 0x70, 0x70, 0xF0, 0xE0, 0xE0, 0x07,
    0x80, 0x7F, 0x83, 0xFF, 0x0F, 0xFC, 0x78, 0x79, 0xE1, 0xE7, 0x87, 0x9C, 0x0E, 0x70, 0x39, 0xC1,
    0xE7, 0x87, 0x9E, 0x1E, 0x78, 0x78, 0xFF, 0xC3, 0xFF, 0x07, 0xF8, 0x03, 0x00, 0x0E, 0x1F, 0x7F,
    0xFF, 0xFF, 0xCF, 0x0F, 0x0F, 0x0F, 0x0F, 0x0F, 0x0F, 0x0F, 0x0F, 0x0F, 0x0F, 0x0E, 0x07, 0xF1,
    0xFF, 0x7F, 0xFF, 0x1F, 0xC3, 0xC0, 0x78, 0x1E, 0x07, 0xC1, 0xF0, 0x7C, 0x1F, 0x07, 0xC1, 0xFF,
    0xFF, 0xFF, 0xFF, 0x07, 0x00, 0xFF, 0x0F, 0xFC, 0xFB, 0xE7, 0x8F, 0x18, 0x78, 0x03, 0xC0, 0xFC,
    0x07, 0xE0, 0x3F, 0x80, 0x3E, 0xE0, 0xF7, 0x87, 0xBF, 0xF8, 0xFF, 0xC3, 0xFC, 0x07, 0x00, 0x00,
    0xE0, 0x0F, 0xC0, 0x3F, 0x01, 0xFC, 0x07, 0xF0, 0x3F, 0xC1, 0xEF, 0x07, 0x3C, 0x3C, 0xF1, 0xE3,
    0xC7, 0xFF, 0x9F, 0xFF, 0x7F, 0xFD, 0xFF, 0xE0, 0x0F, 0x00, 0x3C, 0x3F, 0xE7, 0xFF, 0x7F, 0xF7,
    0xFE, 0x78, 0x07, 0x80, 0x7F, 0xC7, 0xFE, 0x7F, 0xF3, 0x0F, 0x00, 0x77, 0x07, 0x78, 0xF7, 0xFF,
    0x3F, 0xE1, 0xFC, 0x06, 0x00, 0x07, 0x80, 0xFF, 0x0F, 0xFC, 0x7F, 0xE7, 0x87, 0xBC, 0x01, 0xDF,
    0x8F, 0xFE, 0x7F, 0xF3, 0xC3, 0xDE, 0x1E, 0xF0, 0xF7, 0x87, 0x9F, 0xF8, 0xFF, 0xC3, 0xFC, 0x03,
    0x00, 0x7F, 0xEF, 0xFF, 0xFF, 0xFF, 0xFF, 0x01, 0xE0, 0x1E, 0x03, 0xC0, 0x3C, 0x07, 0x80, 0x78,
    0x0F, 0x00, 0xF0, 0x1E, 0x01, 0xE0, 0x3C, 0x03, 0xC0, 0x07, 0x80, 0xFF, 0x0F, 0xFC, 0xFB, 0xE7,
    0x8F, 0x3C, 0x78, 0xF3, 0xC7, 0xFC, 0x3F, 0xE3, 0xFF, 0x9E, 0x3E, 0xE0, 0xF7, 0x87, 0xBE, 0xFD,
    0xFF, 0xC3, 0xFC, 0x07, 0x00, 0x07, 0x00, 0xFE, 0x0F, 0xF8, 0xFB, 0xE7, 0x8F, 0x38, 0x3D, 0xC1,
    0xEF, 0x1F, 0x7F, 0xF9, 0xFF, 0xC7, 0xDE, 0xE0, 0xE7, 0x8F, 0x3F, 0xF8, 0xFF, 0x83, 0xF8, 0x07,
    0x00, 0x27, 0xBD, 0xE2, 0x00, 0x04, 0xF7, 0xBC, 0x40, 0x23, 0xBE, 0xE2, 0x00, 0x00, 0x77, 0xBD,
    0xEE, 0x73, 0x80, 0x00, 0x60, 0x3C, 0x1F, 0x9F, 0xFF, 0xF1, 0xF8, 0x3F, 0x03, 0xFC, 0x1F, 0xE0,
    0xFC, 0x07, 0x80, 0x30, 0x7F, 0xE7, 0xFE, 0x7F, 0xE0, 0x00, 0x00, 0x07, 0xFE, 0x7F, 0xE7, 0xFE,
    0xC0, 0x1E, 0x03, 0xF0, 0x7F, 0xC1, 0xFE, 0x0F, 0xC1, 0xF8, 0xFE, 0xFF, 0x1F, 0x83, 0xC0, 0x60,
    0x00, 0x0F, 0x07, 0xF9, 0xFF, 0x3F, 0xFF, 0x1E, 0x03, 0xC0, 0xF8, 0x3E, 0x0F, 0x81, 0xE0, 0x38,
    0x07, 0x00, 0x40, 0x1C, 0x07, 0xC0, 0x70, 0x04, 0x00, 0x00, 0x00, 0x00, 0x1F, 0xF0, 0x03, 0xFF,
    0xE0, 0x3F, 0xFF, 0x83, 0xE0, 0x1E, 0x1E, 0x7B, 0x79, 0xE7, 0xF9, 0xCE, 0x7F, 0xCE, 0x73, 0x8E,
    0x7B, 0xBC, 0x73, 0xDD, 0xC3, 0x9E, 0xEE, 0x1C, 0xE7, 0x38, 0xE7, 0x39, 0xFF, 0xF9, 0xE7, 0xFF,
    0x8F, 0x1E, 0x78, 0x3C, 0x00, 0x00, 0xFC, 0x38, 0x03, 0xFF, 0xC0, 0x0F, 0xFE, 0x00, 0x0F, 0x80,
    0x00, 0x03, 0x80, 0x0F, 0x80, 0x1F, 0x80, 0x7F, 0x00, 0xFE, 0x01, 0xDE, 0x07, 0xBC, 0x0F, 0x78,
    0x1E, 0x78, 0x78, 0xF0, 0xFF, 0xE1, 0xFF, 0xE7, 0xFF, 0xCF, 0x07, 0x9E, 0x07, 0xF8, 0x0F, 0x7E,
    0x0F, 0xFC, 0xFF, 0xEF, 0xFF, 0xF0, 0xFF, 0x0F, 0xF1, 0xEF, 0xFC, 0xFF, 0xEF, 0xFF, 0xF0, 0xFF,
    0x0F, 0xF0, 0xFF, 0xFF, 0xFF, 0xEF, 0xFC, 0x03, 0xC0, 0x1F, 0xE0, 0x7F, 0xE1, 0xFF, 0xE7, 0xC3,
    0xEF, 0x03, 0xDE, 0x00, 0x38, 0x00, 0x70, 0x00, 0xE0, 0x01, 0xE0, 0x73, 0xC0, 0xF7, 0xC3, 0xC7,
    0xFF, 0x87, 0xFE, 0x07, 0xF8, 0x01, 0x80, 0x7C, 0x03, 0xFF, 0x0F, 0xFE, 0x3F, 0xFC, 0xF0, 0xFB,
    0xC1, 0xEF, 0x07, 0xBC, 0x0E, 0xF0, 0x3B, 0xC0, 0xEF, 0x07, 0xBC, 0x1E, 0xF0, 0xFB, 0xFF, 0xCF,
    0xFE, 0x3F, 0xF0, 0x7F, 0xDF, 0xFF, 0xFF, 0xFF, 0xFF, 0x01, 0xE0, 0x3C, 0x07, 0xFE, 0xFF, 0xDF,
    0xFB, 0xC0, 0x78, 0x0F, 0x01, 0xFF, 0xFF, 0xFF, 0xFF, 0x7F, 0xDF, 0xFF, 0xFF, 0xFF, 0xFF, 0x01,
    0xE0, 0x3C, 0x07, 0xFE, 0xFF, 0xDF, 0xFB, 0xC0, 0x78, 0x0F, 0x01, 0xE0, 0x3C, 0x07, 0x80, 0x03,
    0xC0, 0x1F, 0xE0, 0x7F, 0xE1, 0xFF, 0xE7, 0xC3, 0xEF, 0x03, 0xDE, 0x00, 0x38, 0x00, 0x70, 0xFE,
    0xE1, 0xFD, 0xE3, 0xFB, 0xC0, 0xF7, 0xC3, 0xC7, 0xFF, 0x87, 0xFE, 0x07, 0xF8, 0x01, 0x80, 0x60,
    0x3B, 0xC0, 0xEF, 0x03, 0xBC, 0x0E, 0xF0, 0x3B, 0xC0, 0xEF, 0x03, 0xBF, 0xFE, 0xFF, 0xFB, 0xFF,
    0xEF, 0x03, 0xBC, 0x0E, 0xF0, 0x3B, 0xC0, 0xEF, 0x03, 0xBC, 0x0E, 0x6F, 0xFF, 0xFF, 0xFF, 0xFF,
    0xFF, 0xFF, 0xFF, 0x00, 0xC0, 0x3C, 0x07, 0x80, 0xF0, 0x1E, 0x03, 0xC0, 0x78, 0x0F, 0x01, 0xE0,
    0x3F, 0xC7, 0xF8, 0xFF, 0x1E, 0xFF, 0xDF, 0xF1, 0xFC, 0x06, 0x00, 0x60, 0x3B, 0xC3, 0xEF, 0x0F,
    0x3C, 0x78, 0xF3, 0xE3, 0xDF, 0x0F, 0xF8, 0x3F, 0xC0, 0xFF, 0x83, 0xFE, 0x0F, 0xBC, 0x3C, 0xF8,
    0xF1, 0xE3, 0xC3, 0xCF, 0x0F, 0xBC, 0x1E, 0x60, 0x1E, 0x03, 0xC0, 0x78, 0x0F, 0x01, 0xE0, 0x3C,
    0x07, 0x80, 0xF0, 0x1E, 0x03, 0xC0, 0x78, 0x0F, 0x01, 0xFF, 0xBF, 0xF7, 0xFE, 0x78, 0x0F, 0xFE,
    0x07, 0xFF, 0x07, 0xFF, 0x83, 0xFF, 0xE1, 0xFF, 0xF1, 0xFF, 0xF8, 0xFF, 0xFE, 0xFF, 0xFF, 0x7F,
    0xFB, 0xBF, 0xFD, 0xFD, 0xFE, 0xFE, 0xFF, 0x3F, 0x7F, 0x9F, 0x3F, 0xCF, 0x9F, 0xE3, 0x8F, 0x60,
    0x1B, 0xE0, 0xFF, 0x83, 0xFF, 0x0F, 0xFC, 0x3F, 0xF8, 0xFF, 0xF3, 0xFF, 0xCF, 0xF7, 0xBF, 0xDF,
    0xFF, 0x3F, 0xFC, 0x7F, 0xF1, 0xFF, 0xC3, 0xFF, 0x07, 0xFC, 0x1F, 0x03, 0xC0, 0x0F, 0xF0, 0x1F,
    0xF8, 0x3F, 0xFC, 0x7C, 0x3E, 0x78, 0x1E, 0x78, 0x1E, 0x70, 0x1E, 0x70, 0x0E, 0x70, 0x1E, 0x78,
    0x1E, 0x78, 0x1E, 0x7C, 0x3E, 0x3F, 0xFC, 0x1F, 0xF8, 0x0F, 0xF0, 0x01, 0x80, 0x7E, 0x0F, 0xFC,
    0xFF, 0xEF, 0xFF, 0xF0, 0xFF, 0x0F, 0xF0, 0xFF, 0x0F, 0xFF, 0xEF, 0xFE, 0xFF, 0xCF, 0x00, 0xF0,
    0x0F, 0x00, 0xF0, 0x0F, 0x00, 0x03, 0xC0, 0x0F, 0xF0, 0x1F, 0xF8, 0x3F, 0xFC, 0x7C, 0x3E, 0x78,
    0x1E, 0x78, 0x1E, 0x70, 0x1E, 0x70, 0x0E, 0x70, 0x1E, 0x79, 0xDE, 0x79, 0xFE, 0x7C, 0xFE, 0x3F,
    0xFC, 0x1F, 0xF8, 0x0F, 0xFC, 0x01, 0x9E, 0x00, 0x0E, 0x7E, 0x07, 0xFE, 0x3F, 0xF9, 0xFF, 0xEF,
    0x0F, 0x78, 0x7B, 0xC3, 0xDE, 0x3E, 0xFF, 0xE7, 0xFF, 0x3F, 0xF1, 0xE7, 0x8F, 0x1E, 0x78, 0xF3,
    0xC3, 0xDE, 0x1E, 0x07, 0x80, 0xFF, 0x0F, 0xFC, 0xFF, 0xF7, 0x87, 0xBC, 0x1D, 0xF8, 0x07, 0xF8,
    0x1F, 0xF0, 0x3F, 0xC0, 0x3E, 0xE0, 0xF7, 0x87, 0xBF, 0xFC, 0xFF, 0xC3, 0xFC, 0x03, 0x00, 0x7F,
    0xFB, 0xFF, 0xEF, 0xFF, 0xBF, 0xFE, 0x07, 0x80, 0x1E, 0x00, 0x78, 0x01, 0xE0, 0x07, 0x80, 0x1E,
    0x00, 0x78, 0x01, 0xE0, 0x07, 0x80, 0x1E, 0x00, 0x78, 0x01, 0xE0, 0x60, 0x3F, 0x83, 0xFC, 0x1F,
    0xE0, 0xFF, 0x07, 0xF8, 0x3F, 0xC1, 0xFE, 0x0F, 0xF0, 0x7F, 0x83, 0xFC, 0x1F, 0xE0, 0xFF, 0x8F,
    0xBF, 0xF9, 0xFF, 0xC3, 0xFC, 0x07, 0x00, 0x70, 0x0F, 0xE0, 0x3D, 0xE0, 0x7B, 0xC1, 0xE7, 0x83,
    0xC7, 0x87, 0x8F, 0x1E, 0x1E, 0x3C, 0x1E, 0x78, 0x3D, 0xE0, 0x7B, 0xC0, 0x7F, 0x80, 0xFE, 0x01,
    0xFC, 0x01, 0xF8, 0x03, 0xE0, 0x70, 0x70, 0x3B, 0xC1, 0xE1, 0xEF, 0x8F, 0x87, 0x9E, 0x3E, 0x1E,
    0x78, 0xFC, 0xF1, 0xE3, 0xF3, 0xC3, 0x9F, 0xCF, 0x0F, 0x7F, 0x3C, 0x3D, 0xDF, 0xE0, 0xF7, 0x7F,
    0x81, 0xFC, 0xFE, 0x07, 0xF3, 0xF8, 0x1F, 0x8F, 0xC0, 0x7E, 0x3F, 0x00, 0xF8, 0x7C, 0x03, 0xE1,
    0xE0, 0x70, 0x1C, 0xF0, 0x78, 0xF1, 0xF1, 0xF3, 0xC1, 0xEF, 0x01, 0xFE, 0x03, 0xF8, 0x03, 0xE0,
    0x07, 0xC0, 0x0F, 0xC0, 0x3F, 0x80, 0xF7, 0x83, 0xEF, 0x87, 0x8F, 0x1E, 0x0F, 0x7C, 0x1F, 0x70,
    0x1D, 0xF0, 0x7D, 0xE0, 0xF1, 0xE3, 0xC3, 0xC7, 0x83, 0xDE, 0x07, 0xFC, 0x07, 0xF0, 0x07, 0xE0,
    0x0F, 0x80, 0x0F, 0x00, 0x1C, 0x00, 0x38, 0x00, 0x70, 0x00, 0xE0, 0x01, 0xC0, 0xFF, 0xEF, 0xFF,
    0xFF, 0xFF, 0xFF, 0x01, 0xE0, 0x3C, 0x07, 0x80, 0xF8, 0x0F, 0x01, 0xE0, 0x3E, 0x07, 0xC0, 0x78,
    0x0F, 0xFF, 0xFF, 0xFF, 0xFF, 0x03, 0xFF, 0xFF, 0xF3, 0xCF, 0x3C, 0xF3, 0xCF, 0x3C, 0xF3, 0xCF,
    0x3C, 0xF3, 0xFF, 0xFF, 0xE0, 0xF0, 0xF0, 0x70, 0x70, 0x78, 0x38, 0x38, 0x38, 0x3C, 0x1C, 0x1C,
    0x1E, 0x1E, 0x0E, 0x0E, 0x0F, 0x07, 0x07, 0x01, 0xF7, 0xDF, 0x1C, 0x71, 0xC7, 0x1C, 0x71, 0xC7,
    0x1C, 0x71, 0xC7, 0x1D, 0xF7, 0xDF, 0x1E, 0x07, 0x83, 0xF0, 0xFC, 0x73, 0x9C, 0xEE, 0x1C, 0xFF,
    0xFF, 0xFF, 0xFC, 0xF3, 0x8E, 0x70, 0x0F, 0x07, 0xF9, 0xFF, 0xBC, 0xF0, 0x1E, 0x3F, 0xDF, 0xFB,
    0xEF, 0xF1, 0xFE, 0x7D, 0xFF, 0xBF, 0xF1, 0x80, 0x60, 0x0F, 0x00, 0xF0, 0x0F, 0x00, 0xF7, 0x0F,
    0xFC, 0xFF, 0xEF, 0xBE, 0xF1, 0xEF, 0x0F, 0xF0, 0xFF, 0x0F, 0xF1, 0xEF, 0xFE, 0xFF, 0xCF, 0xFC,
    0x02, 0x00, 0x0F, 0x01, 0xFC, 0x3F, 0xE7, 0xDE, 0x78, 0xFF, 0x00, 0xF0, 0x0F, 0x00, 0x78, 0xF7,
    0xFE, 0x3F, 0xE1, 0xFC, 0x06, 0x00, 0x00, 0x60, 0x0F, 0x00, 0xF0, 0x0F, 0x0E, 0xF3, 0xFF, 0x7F,
    0xF7, 0xDF, 0x78, 0xFF, 0x0F, 0xF0, 0xFF, 0x0F, 0x78, 0xF7, 0xFF, 0x3F, 0xF3, 0xFF, 0x04, 0x00,
    0x0F, 0x01, 0xFC, 0x3F, 0xE7, 0x9E, 0x70, 0xFF, 0xFF, 0xFF, 0xFF, 0xFE, 0x70, 0xE7, 0xDF, 0x3F,
    0xE1, 0xFC, 0x06, 0x00, 0x0F, 0x3F, 0x3F, 0x3C, 0xFF, 0xFF, 0xFF, 0x3C, 0x3C, 0x3C, 0x3C, 0x3C,
    0x3C, 0x3C, 0x3C, 0x3C, 0x0E, 0x73, 0xFF, 0x7F, 0xF7, 0xDF, 0x78, 0xFF, 0x0F, 0xF0, 0xFF, 0x0F,
    0x78, 0xF7, 0xFF, 0x3F, 0xF1, 0xFF, 0x00, 0xF7, 0x8F, 0x7F, 0xE3, 0xFE, 0x0F, 0x80, 0x60, 0x1E,
    0x03, 0xC0, 0x78, 0x0F, 0x71, 0xFF, 0xBF, 0xF7, 0xFF, 0xF1, 0xFE, 0x3F, 0xC7, 0xF8, 0xFF, 0x1F,
    0xE3, 0xFC, 0x7F, 0x8F, 0xEF, 0xF6, 0xEF, 0xFF, 0xFF, 0xFF, 0xFF, 0xFF, 0x38, 0xF3, 0xC6, 0x38,
    0xF3, 0xCF, 0x3C, 0xF3, 0xCF, 0x3C, 0xF3, 0xCF, 0x3D, 0xFF, 0xBE, 0xC0, 0x60, 0x1E, 0x03, 0xC0,
    0x78, 0x0F, 0x1F, 0xE7, 0xFD, 0xF7, 0xFC, 0xFF, 0x1F, 0xC3, 0xF8, 0x7F, 0x8F, 0xF9, 0xEF, 0xBC,
    0xF7, 0x8F, 0x6F, 0xFF, 0xFF, 0xFF, 0xFF, 0xFF, 0xFF, 0xFF, 0xE7, 0x1C, 0x7F, 0xDF, 0xBF, 0xFF,
    0xFF, 0xFF, 0xFF, 0x1C, 0x7F, 0x8E, 0x3F, 0xC7, 0x1F, 0xE3, 0x8F, 0xF1, 0xC7, 0xF8, 0xE3, 0xFC,
    0x71, 0xFE, 0x38, 0xF0, 0xE7, 0x1F, 0xFB, 0xFF, 0x7F, 0xFF, 0x1F, 0xE3, 0xFC, 0x7F, 0x8F, 0xF1,
    0xFE, 0x3F, 0xC7, 0xF8, 0xF0, 0x0F, 0x01, 0xFC, 0x3F, 0xE7, 0xDF, 0x78, 0xFF, 0x0F, 0xF0, 0xFF,
    0x0F, 0x78, 0xF7, 0xFF, 0x3F, 0xE1, 0xFC, 0x06, 0x00, 0xE7, 0x0F, 0xFC, 0xFF, 0xEF, 0xBE, 0xF1,
    0xEF, 0x0F, 0xF0, 0xFF, 0x0F, 0xF1, 0xEF, 0xFE, 0xFF, 0xCF, 0xFC, 0xF2, 0x0F, 0x00, 0xF0, 0x0F,
    0x00, 0xE0, 0x00, 0x0E, 0x73, 0xFF, 0x7F, 0xF7, 0xDF, 0x78, 0xFF, 0x0F, 0xF0, 0xFF, 0x0F, 0x78,
    0xF7, 0xFF, 0x3F, 0xF3, 0xFF, 0x04, 0xF0, 0x0F, 0x00, 0xF0, 0x0F, 0x00, 0x70, 0xE7, 0xFF, 0xFF,
    0xFF, 0x1E, 0x3C, 0x78, 0xF1, 0xE3, 0xC7, 0x80, 0x0F, 0x07, 0xF9, 0xFF, 0x3C, 0xF7, 0x80, 0xFF,
    0x0F, 0xF0, 0x7F, 0x71, 0xEF, 0x3D, 0xFF, 0x9F, 0xE0, 0xE0, 0x78, 0x78, 0xFE, 0xFE, 0xFE, 0x78,
    0x78, 0x78, 0x78, 0x78, 0x78, 0x7E, 0x3E, 0x3F, 0x00, 0xE0, 0xFE, 0x3F, 0xC7, 0xF8, 0xFF, 0x1F,
    0xE3, 0xFC, 0x7F, 0x8F, 0xF1, 0xFF, 0xFD, 0xFF, 0xBF, 0xF0, 0x80, 0xE0, 0x7F, 0x0F, 0x70, 0xF7,
    0x8E, 0x79, 0xE3, 0x9E, 0x3D, 0xC3, 0xFC, 0x1F, 0xC1, 0xF8, 0x1F, 0x80, 0xF0, 0xE1, 0xC3, 0xBC,
    0x78, 0xEF, 0x1E, 0x79, 0xCF, 0x9E, 0x7B, 0xE7, 0x9E, 0xFD, 0xC3, 0xBF, 0xF0, 0xFD, 0xFC, 0x3F,
    0x7E, 0x07, 0xCF, 0x81, 0xF3, 0xE0, 0x78, 0xF0, 0x70, 0xE7, 0x9E, 0x79, 0xE3, 0xFC, 0x1F, 0x81,
    0xF8, 0x1F, 0x01, 0xF8, 0x3F, 0xC3, 0xBC, 0x79, 0xEF, 0x0F, 0xE0, 0x77, 0x87, 0x9C, 0x3C, 0xF1,
    0xC7, 0x9E, 0x1C, 0xF0, 0xF7, 0x07, 0xF8, 0x1F, 0x80, 0xFC, 0x03, 0xE0, 0x1E, 0x00, 0xF0, 0x1F,
    0x81, 0xF8, 0x0F, 0x80, 0x78, 0x00, 0xFF, 0xBF, 0xFF, 0xFF, 0xFE, 0x0F, 0x07, 0xC1, 0xE0, 0xF0,
    0x78, 0x3F, 0xFF, 0xFF, 0xFF, 0x00, 0x0F, 0x1F, 0x3F, 0x3C, 0x3C, 0x3C, 0x3C, 0x7C, 0xF8, 0xF0,
    0xF8, 0x3C, 0x3C, 0x3C, 0x3C, 0x3C, 0x3F, 0x1F, 0x0F, 0x0F, 0xFF, 0xFF, 0xFF, 0xFF, 0xFF, 0xFF,
    0xFF, 0xFF, 0xFF, 0xFF, 0xFF, 0xFF, 0x00, 0x3C, 0x1F, 0x0F, 0x81, 0xC0, 0xE0, 0x70, 0x38, 0x1E,
    0x0F, 0xC3, 0xE3, 0xF1, 0xE0, 0xE0, 0x70, 0x38, 0x1C, 0x3E, 0x1F, 0x0F, 0x00, 0x38, 0x07, 0xE7,
    0x7F, 0xFF, 0xFE, 0xE3, 0xE0, 0x08, 0x67, 0xBC, 0xE0, 0x39, 0xDE, 0xF7, 0xBD, 0xEF, 0x7B, 0xDE,
    0x02, 0x00, 0x60, 0x0F, 0x01, 0xFC, 0x3F, 0xE7, 0xFE, 0x7E, 0xFF, 0x60, 0xF6, 0x0F, 0x60, 0x7E,
    0xF7, 0xFE, 0x3F, 0xE1, 0xFC, 0x07, 0x00, 0x60, 0x03, 0x80, 0x7F, 0x07, 0xFC, 0x7F, 0xE3, 0xC7,
    0x9E, 0x30, 0xF0, 0x0F, 0xF0, 0x7F, 0xC3, 0xFC, 0x0F, 0x00, 0x78, 0x03, 0xC7, 0xBF, 0xFD, 0xFF,
    0xCF, 0xFE, 0x67, 0x9B, 0xFF, 0xF7, 0xFF, 0x9C, 0x1E, 0x70, 0x3B, 0x80, 0x6E, 0x01, 0xB8, 0x06,
    0xE0, 0x39, 0xC0, 0xE7, 0x87, 0xBF, 0xFF, 0x7F, 0xD8, 0x0C, 0x00, 0x60, 0x6F, 0x0F, 0x79, 0xE7,
    0x9E, 0x3B, 0xC3, 0xFC, 0x3F, 0x81, 0xF8, 0x7F, 0xE7, 0xFE, 0x0F, 0x07, 0xFE, 0x7F, 0xE0, 0xF0,
    0x0F, 0x00, 0xF0, 0xFF, 0xFF, 0xFF, 0x00, 0x7F, 0xFF, 0xFF, 0x80, 0x0E, 0x07, 0xF0, 0xFF, 0x3D,
    0xE7, 0x9C, 0xF8, 0x0F, 0xC1, 0xFE, 0x77, 0xEE, 0x3D, 0xE3, 0xBF, 0xF3, 0xFC, 0x1F, 0x80, 0x73,
    0x8F, 0x7F, 0xC7, 0xF8, 0x7E, 0x00, 0x00, 0x77, 0x7B, 0xFD, 0xC4, 0x40, 0x03, 0xC0, 0x07, 0xFC,
    0x07, 0xFF, 0x07, 0xCF, 0xC7, 0xBE, 0xF3, 0xBF, 0xB9, 0xFF, 0xFD, 0xFC, 0x7F, 0xEE, 0x07, 0xFF,
    0x1F, 0xDF, 0xFD, 0xCE, 0xFF, 0xE7, 0x9F, 0xF1, 0xFF, 0xF0, 0x7F, 0xF0, 0x1F, 0xF0, 0x01, 0xC0,
    0x00, 0x1E, 0x3F, 0x9F, 0xEC, 0x73, 0xFB, 0xFF, 0x8F, 0xFF, 0x7F, 0x9D, 0xC0, 0x0F, 0x78, 0xF7,
    0x8F, 0xF8, 0xFF, 0x87, 0xFC, 0x3D, 0xE0, 0xF7, 0x83, 0xFE, 0x0F, 0xF0, 0x7B, 0xC0, 0xFF, 0xFF,
    0xFF, 0xFC, 0x0F, 0x03, 0xC0, 0x00, 0x07, 0x00, 0xFF, 0x0F, 0xFC, 0xEE, 0xE6, 0xFB, 0xB7, 0xED,
    0xBE, 0x6D, 0xF3, 0x6F, 0xBB, 0xA7, 0x8F, 0x7C, 0x3F, 0xC0, 0x78, 0x00, 0x7D, 0xFF, 0xF8, 0x18,
    0x7C, 0xFE, 0xE7, 0xE7, 0xFF, 0xFE, 0x7C, 0x0F, 0x00, 0xF0, 0x0F, 0x0F, 0xFF, 0xFF, 0xF7, 0xFE,
    0x0F, 0x00, 0xF0, 0x00, 0x0F, 0xFF, 0xFF, 0xF7, 0xFE, 0x3E, 0x3F, 0x9F, 0xCC, 0xE0, 0xF0, 0xF0,
    0xF0, 0xFF, 0x7F, 0x80, 0x1E, 0x3F, 0x9F, 0xE0, 0xF1, 0xF0, 0xFD, 0xCE, 0xFF, 0x3F, 0x00, 0x00,
    0x7B, 0x9D, 0xC0, 0xE0, 0xEF, 0x1E, 0xF1, 0xEF, 0x1E, 0xF1, 0xEF, 0x1E, 0xF1, 0xEF, 0x1E, 0xF1,
    0xEF, 0xFF, 0xFF, 0xFF, 0xEF, 0xF0, 0x0F, 0x00, 0xF0, 0x0F, 0x00, 0xE0, 0x00, 0x07, 0xE3, 0xFE,
    0x7F, 0xE7, 0xFE, 0xFE, 0xEF, 0xEE, 0xFE, 0xE7, 0xEE, 0x7E, 0xE3, 0xEE, 0x0E, 0xE0, 0x0E, 0x00,
    0xE0, 0x0E, 0x00, 0xE0, 0x0E, 0x27, 0xBD, 0xE2, 0x00, 0x43, 0x3C, 0x7F, 0x70, 0x1D, 0xF7, 0xD7,
    0x1C, 0x71, 0xC7, 0x1C, 0x1E, 0x0F, 0xC7, 0xFB, 0xCF, 0xF1, 0xFC, 0x7F, 0x3D, 0xFE, 0x3F, 0x07,
    0x80, 0x7F, 0xC3, 0xFE, 0x0F, 0x78, 0x3D, 0xE0, 0xF7, 0x87, 0xFC, 0x7B, 0xC7, 0xBC, 0x7B, 0xC3,
    0xBC, 0x00, 0x38, 0x04, 0x3C, 0x07, 0x3E, 0x07, 0x1F, 0x07, 0x03, 0x87, 0x01, 0xC3, 0x80, 0xE3,
    0x80, 0x73, 0x8E, 0x39, 0xCF, 0x01, 0xC7, 0x81, 0xC7, 0xC0, 0xE7, 0xE0, 0xE3, 0xF0, 0xE3, 0xFC,
    0x71, 0xFE, 0x70, 0x0E, 0x38, 0x04, 0x1E, 0x03, 0x8F, 0x81, 0xC3, 0xE0, 0xE0, 0x38, 0x70, 0x0E,
    0x1C, 0x03, 0x8E, 0x00, 0xE7, 0x3C, 0x39, 0xDF, 0x80, 0xE7, 0xF0, 0x70, 0x9C, 0x1C, 0x0E, 0x0E,
    0x07, 0x07, 0x03, 0x81, 0xC1, 0xFC, 0xE0, 0x7F, 0x3C, 0x03, 0x0F, 0xC0, 0xE1, 0xF8, 0x38, 0x07,
    0x07, 0x01, 0xE1, 0xC0, 0x3C, 0x70, 0x19, 0xCE, 0x03, 0xFB, 0x9E, 0x7E, 0xE3, 0xC0, 0x1C, 0xF8,
    0x07, 0x1F, 0x01, 0xC7, 0xE0, 0x39, 0xDC, 0x0E, 0x3F, 0xC3, 0x87, 0xF8, 0xE0, 0x0E, 0x06, 0x01,
    0xE0, 0x3C, 0x03, 0x80, 0x00, 0x0E, 0x03, 0xC0, 0x78, 0x3E, 0x0F, 0xC1, 0xE0, 0x38, 0x77, 0x9E,
    0xFF, 0xDF, 0xF1, 0xFC, 0x00, 0x00, 0x0F, 0x00, 0x0E, 0x00, 0x0E, 0x00, 0x1C, 0x00, 0x38, 0x00,
    0xF8, 0x01, 0xF8, 0x07, 0xF0, 0x0F, 0xE0, 0x1D, 0xE0, 0x7B, 0xC0, 0xF7, 0x81, 0xE7, 0x87, 0x8F,
    0x0F, 0xFE, 0x1F, 0xFE, 0x7F, 0xFC, 0xF0, 0x79, 0xE0, 0x7F, 0x80, 0xF0, 0x00, 0xE0, 0x03, 0x80,
    0x07, 0x00, 0x1C, 0x00, 0x38, 0x00, 0xF8, 0x01, 0xF8, 0x07, 0xF0, 0x0F, 0xE0, 0x1D, 0xE0, 0x7B,
    0xC0, 0xF7, 0x81, 0xE7, 0x87, 0x8F, 0x0F, 0xFE, 0x1F, 0xFE, 0x7F, 0xFC, 0xF0, 0x79, 0xE0, 0x7F,
    0x80, 0xF0, 0x03, 0xC0, 0x0F, 0xC0, 0x3B, 0xC0, 0x63, 0x80, 0x38, 0x00, 0xF8, 0x01, 0xF8, 0x07,
    0xF0, 0x0F, 0xE0, 0x1D, 0xE0, 0x7B, 0xC0, 0xF7, 0x81, 0xE7, 0x87, 0x8F, 0x0F, 0xFE, 0x1F, 0xFE,
    0x7F, 0xFC, 0xF0, 0x79, 0xE0, 0x7F, 0x80, 0xF0, 0x07, 0x60, 0x1F, 0xC0, 0x3F, 0x80, 0x00, 0x00,
    0x38, 0x00, 0xF8, 0x01, 0xF8, 0x07, 0xF0, 0x0F, 0xE0, 0x1D, 0xE0, 0x7B, 0xC0, 0xF7, 0x81, 0xE7,
    0x87, 0x8F, 0x0F, 0xFE, 0x1F, 0xFE, 0x7F, 0xFC, 0xF0, 0x79, 0xE0, 0x7F, 0x80, 0xF0, 0x0E, 0x60,
    0x1D, 0xE0, 0x3B, 0xC0, 0x23, 0x00, 0x38, 0x00, 0xF8, 0x01, 0xF8, 0x07, 0xF0, 0x0F, 0xE0, 0x1D,
    0xE0, 0x7B, 0xC0, 0xF7, 0x81, 0xE7, 0x87, 0x8F, 0x0F, 0xFE, 0x1F, 0xFE, 0x7F, 0xFC, 0xF0, 0x79,
    0xE0, 0x7F, 0x80, 0xF0, 0x03, 0xC0, 0x0F, 0x80, 0x1B, 0x80, 0x3F, 0x00, 0x7C, 0x00, 0x70, 0x01,
    0xF0, 0x03, 0xF0, 0x0F, 0xE0, 0x1F, 0xC0, 0x3B, 0xC0, 0xF7, 0x81, 0xEF, 0x03, 0xCF, 0x0F, 0x1E,
    0x1F, 0xFC, 0x3F, 0xFC, 0xFF, 0xF9, 0xE0, 0xF3, 0xC0, 0xFF, 0x01, 0xE0, 0x01, 0xFF, 0xF0, 0x1F,
    0xFF, 0xC0, 0xFF, 0xFE, 0x0F, 0x7F, 0xE0, 0x7B, 0x80, 0x03, 0xDC, 0x00, 0x3C, 0xE0, 0x01, 0xE7,
    0xFE, 0x1E, 0x3F, 0xF0, 0xF1, 0xFF, 0x8F, 0xFE, 0x00, 0x7F, 0xF0, 0x03, 0xFF, 0x80, 0x3C, 0x1F,
    0xFD, 0xE0, 0xFF, 0xFE, 0x07, 0xFF, 0x03, 0xC0, 0x1F, 0xE0, 0x7F, 0xE1, 0xFF, 0xE7, 0xC3, 0xEF,
    0x03, 0xDE, 0x00, 0x38, 0x00, 0x70, 0x00, 0xE0, 0x01, 0xE0, 0x73, 0xC0, 0xF7, 0xC3, 0xC7, 0xFF,
    0x87, 0xFE, 0x07, 0xF8, 0x01, 0x80, 0x03, 0xC0, 0x03, 0x80, 0x1F, 0x00, 0x18, 0x00, 0x3C, 0x03,
    0x80, 0x78, 0x07, 0x07, 0xFD, 0xFF, 0xFF, 0xFF, 0xFF, 0xF0, 0x1E, 0x03, 0xC0, 0x7F, 0xEF, 0xFD,
    0xFF, 0xBC, 0x07, 0x80, 0xF0, 0x1F, 0xFF, 0xFF, 0xFF, 0xF0, 0x07, 0x80, 0xE0, 0x3C, 0x07, 0x07,
    0xFD, 0xFF, 0xFF, 0xFF, 0xFF, 0xF0, 0x1E, 0x03, 0xC0, 0x7F, 0xEF, 0xFD, 0xFF, 0xBC, 0x07, 0x80,
    0xF0, 0x1F, 0xFF, 0xFF, 0xFF, 0xF0, 0x0E, 0x03, 0xE0, 0xEE, 0x18, 0xC7, 0xFD, 0xFF, 0xFF, 0xFF,
    0xFF, 0xF0, 0x1E, 0x03, 0xC0, 0x7F, 0xEF, 0xFD, 0xFF, 0xBC, 0x07, 0x80, 0xF0, 0x1F, 0xFF, 0xFF,
    0xFF, 0xF0, 0x3B, 0x8F, 0x78, 0xEE, 0x08, 0x87, 0xFD, 0xFF, 0xFF, 0xFF, 0xFF, 0xF0, 0x1E, 0x03,
    0xC0, 0x7F, 0xEF, 0xFD, 0xFF, 0xBC, 0x07, 0x80, 0xF0, 0x1F, 0xFF, 0xFF, 0xFF, 0xF0, 0x71, 0xE3,
    0x86, 0x18, 0xF3, 0xCF, 0x3C, 0xF3, 0xCF, 0x3C, 0xF3, 0xCF, 0x3C, 0xF3, 0xCF, 0x39, 0xE7, 0x18,
    0x63, 0xCF, 0x3C, 0xF3, 0xCF, 0x3C, 0xF3, 0xCF, 0x3C, 0xF3, 0xCF, 0x3C, 0x1E, 0x1F, 0x9F, 0xEE,
    0x70, 0xC0, 0xF0, 0x78, 0x3C, 0x1E, 0x0F, 0x07, 0x83, 0xC1, 0xE0, 0xF0, 0x78, 0x3C, 0x1E, 0x0F,
    0x07, 0x83, 0xC0, 0xE7, 0xEF, 0xEF, 0x42, 0x18, 0x3C, 0x3C, 0x3C, 0x3C, 0x3C, 0x3C, 0x3C, 0x3C,
    0x3C, 0x3C, 0x3C, 0x3C, 0x3C, 0x3C, 0x3C, 0x3F, 0x00, 0x7F, 0xE0, 0xFF, 0xE1, 0xFF, 0xE3, 0xC3,
    0xC7, 0x83, 0xCF, 0x07, 0xFF, 0xCF, 0xFF, 0x9F, 0xFF, 0x3C, 0xF0, 0x79, 0xE0, 0xF3, 0xC3, 0xC7,
    0xFF, 0x8F, 0xFE, 0x1F, 0xF0, 0x0E, 0xE0, 0x7F, 0x81, 0xFC, 0x00, 0x00, 0x60, 0x1B, 0xE0, 0xFF,
    0x83, 0xFF, 0x0F, 0xFC, 0x3F, 0xF8, 0xFF, 0xF3, 0xFF, 0xCF, 0xF7, 0xBF, 0xDF, 0xFF, 0x3F, 0xFC,
    0x7F, 0xF1, 0xFF, 0xC3, 0xFF, 0x07, 0xFC, 0x1F, 0x07, 0x00, 0x07, 0x80, 0x03, 0x80, 0x01, 0x80,
    0x03, 0xC0, 0x0F, 0xF0, 0x1F, 0xF8, 0x3F, 0xFC, 0x7C, 0x3E, 0x78, 0x1E, 0x78, 0x1E, 0x70, 0x1E,
    0x70, 0x0E, 0x70, 0x1E, 0x78, 0x1E, 0x78, 0x1E, 0x7C, 0x3E, 0x3F, 0xFC, 0x1F, 0xF8, 0x0F, 0xF0,
    0x01, 0x80, 0x00, 0xE0, 0x01, 0xE0, 0x01, 0xC0, 0x01, 0x80, 0x03, 0xC0, 0x0F, 0xF0, 0x1F, 0xF8,
    0x3F, 0xFC, 0x7C, 0x3E, 0x78, 0x1E, 0x78, 0x1E, 0x70, 0x1E, 0x70, 0x0E, 0x70, 0x1E, 0x78, 0x1E,
    0x78, 0x1E, 0x7C, 0x3E, 0x3F, 0xFC, 0x1F, 0xF8, 0x0F, 0xF0, 0x01, 0x80, 0x03, 0xC0, 0x07, 0xE0,
    0x0F, 0xF0, 0x0E, 0x70, 0x03, 0xC0, 0x0F, 0xF0, 0x1F, 0xF8, 0x3F, 0xFC, 0x7C, 0x3E, 0x78, 0x1E,
    0x78, 0x1E, 0x70, 0x1E, 0x70, 0x0E, 0x70, 0x1E, 0x78, 0x1E, 0x78, 0x1E, 0x7C, 0x3E, 0x3F, 0xFC,
    0x1F, 0xF8, 0x0F, 0xF0, 0x01, 0x80, 0x07, 0x30, 0x0F, 0xF0, 0x0F, 0xE0, 0x00, 0x00, 0x03, 0xC0,
    0x0F, 0xF0, 0x1F, 0xF8, 0x3F, 0xFC, 0x7C, 0x3E, 0x78, 0x1E, 0x78, 0x1E, 0x70, 0x1E, 0x70, 0x0E,
    0x70, 0x1E, 0x78, 0x1E, 0x78, 0x1E, 0x7C, 0x3E, 0x3F, 0xFC, 0x1F, 0xF8, 0x0F, 0xF0, 0x01, 0x80,
    0x0E, 0x70, 0x0F, 0xF0, 0x0E, 0xF0, 0x04, 0x20, 0x03, 0xC0, 0x0F, 0xF0, 0x1F, 0xF8, 0x3F, 0xFC,
    0x7C, 0x3E, 0x78, 0x1E, 0x78, 0x1E, 0x70, 0x1E, 0x70, 0x0E, 0x70, 0x1E, 0x78, 0x1E, 0x78, 0x1E,
    0x7C, 0x3E, 0x3F, 0xFC, 0x1F, 0xF8, 0x0F, 0xF0, 0x01, 0x80, 0x20, 0x47, 0x0E, 0x79, 0xF7, 0xFE,
    0x3F, 0xC1, 0xF8, 0x1F, 0x83, 0xFC, 0x7F, 0xE7, 0x9F, 0x70, 0xE0, 0x00, 0x03, 0xCC, 0x0F, 0xFE,
    0x1F, 0xFC, 0x3F, 0xFC, 0x7C, 0x7E, 0x78, 0xFE, 0x78, 0xFE, 0x71, 0xDE, 0x73, 0xCE, 0x73, 0x9E,
    0x7F, 0x1E, 0x7E, 0x1E, 0x7E, 0x3E, 0x3F, 0xFC, 0x3F, 0xF8, 0x7F, 0xF0, 0x31, 0x80, 0x1E, 0x00,
    0x70, 0x03, 0xC0, 0x0E, 0x06, 0x03, 0xF8, 0x3F, 0xC1, 0xFE, 0x0F, 0xF0, 0x7F, 0x83, 0xFC, 0x1F,
    0xE0, 0xFF, 0x07, 0xF8, 0x3F, 0xC1, 0xFE, 0x0F, 0xF8, 0xFB, 0xFF, 0x9F, 0xFC, 0x3F, 0xC0, 0x70,
    0x00, 0x03, 0xC0, 0x1C, 0x01, 0xE0, 0x0E, 0x06, 0x03, 0xF8, 0x3F, 0xC1, 0xFE, 0x0F, 0xF0, 0x7F,
    0x83, 0xFC, 0x1F, 0xE0, 0xFF, 0x07, 0xF8, 0x3F, 0xC1, 0xFE, 0x0F, 0xF8, 0xFB, 0xFF, 0x9F, 0xFC,
    0x3F, 0xC0, 0x70, 0x00, 0x07, 0x80, 0x7C, 0x07, 0x70, 0x31, 0xC6, 0x03, 0xF8, 0x3F, 0xC1, 0xFE,
    0x0F, 0xF0, 0x7F, 0x83, 0xFC, 0x1F, 0xE0, 0xFF, 0x07, 0xF8, 0x3F, 0xC1, 0xFE, 0x0F, 0xF8, 0xFB,
    0xFF, 0x9F, 0xFC, 0x3F, 0xC0, 0x70, 0x00, 0x1D, 0xC1, 0xEF, 0x07, 0x78, 0x11, 0x06, 0x03, 0xF8,
    0x3F, 0xC1, 0xFE, 0x0F, 0xF0, 0x7F, 0x83, 0xFC, 0x1F, 0xE0, 0xFF, 0x07, 0xF8, 0x3F, 0xC1, 0xFE,
    0x0F, 0xF8, 0xFB, 0xFF, 0x9F, 0xFC, 0x3F, 0xC0, 0x70, 0x00, 0x01, 0xE0, 0x03, 0x80, 0x0F, 0x00,
    0x1C, 0x07, 0x01, 0xDF, 0x07, 0xDE, 0x0F, 0x1E, 0x3C, 0x3C, 0x78, 0x3D, 0xE0, 0x7F, 0xC0, 0x7F,
    0x00, 0x7E, 0x00, 0xF8, 0x00, 0xF0, 0x01, 0xC0, 0x03, 0x80, 0x07, 0x00, 0x0E, 0x00, 0x1C, 0x00,
    0x60, 0x0F, 0x00, 0xF0, 0x0F, 0xF0, 0xFF, 0xCF, 0xFE, 0xF3, 0xEF, 0x0F, 0xF0, 0xFF, 0x1E, 0xFF,
    0xEF, 0xFC, 0xFF, 0x8F, 0x00, 0xF0, 0x0F, 0x00, 0x0E, 0x03, 0xFC, 0x7F, 0xEF, 0xFE, 0xF1, 0xEF,
    0x1E, 0xF1, 0xEF, 0x7C, 0xF7, 0xEF, 0x7F, 0xF0, 0xFF, 0x0F, 0xF0, 0xFF, 0x7F, 0xF7, 0xEF, 0x7C,
    0x1C, 0x03, 0xC0, 0x38, 0x03, 0x00, 0xF0, 0x7F, 0x9F, 0xFB, 0xCF, 0x01, 0xE3, 0xFD, 0xFF, 0xBE,
    0xFF, 0x1F, 0xE7, 0xDF, 0xFB, 0xFF, 0x18, 0x00, 0x03, 0x80, 0xF0, 0x1C, 0x03, 0x00, 0xF0, 0x7F,
    0x9F, 0xFB, 0xCF, 0x01, 0xE3, 0xFD, 0xFF, 0xBE, 0xFF, 0x1F, 0xE7, 0xDF, 0xFB, 0xFF, 0x18, 0x00,
    0x0F, 0x03, 0xF0, 0xFF, 0x1C, 0xE0, 0xF0, 0x7F, 0x9F, 0xFB, 0xCF, 0x01, 0xE3, 0xFD, 0xFF, 0xBE,
    0xFF, 0x1F, 0xE7, 0xDF, 0xFB, 0xFF, 0x18, 0x00, 0x1D, 0xC7, 0xF8, 0xFE, 0x00, 0x00, 0xF0, 0x7F,
    0x9F, 0xFB, 0xCF, 0x01, 0xE3, 0xFD, 0xFF, 0xBE, 0xFF, 0x1F, 0xE7, 0xDF, 0xFB, 0xFF, 0x18, 0x00,
    0x39, 0xC7, 0xF8, 0xEF, 0x08, 0x40, 0xF0, 0x7F, 0x9F, 0xFB, 0xCF, 0x01, 0xE3, 0xFD, 0xFF, 0xBE,
    0xFF, 0x1F, 0xE7, 0xDF, 0xFB, 0xFF, 0x18, 0x00, 0x04, 0x01, 0xE0, 0x7E, 0x0C, 0xC1, 0xF8, 0x1E,
    0x03, 0xC1, 0xFE, 0x7F, 0xEF, 0x3C, 0x07, 0x8F, 0xF7, 0xFE, 0xFB, 0xFC, 0x7F, 0x9F, 0x7F, 0xEF,
    0xFC, 0x60, 0x00, 0x0F, 0x1E, 0x07, 0xFF, 0xE1, 0xFF, 0xFE, 0x3C, 0xF9, 0xE0, 0x1E, 0x1C, 0x3F,
    0xFF, 0x9F, 0xFF, 0xF3, 0xFF, 0xFE, 0xF1, 0xE1, 0xDE, 0x7E, 0x79, 0xFF, 0xFF, 0x3F, 0xBF, 0xC0,
    0xC0, 0xC0, 0x0F, 0x01, 0xFC, 0x3F, 0xE7, 0xDE, 0x78, 0xFF, 0x00, 0xF0, 0x0F, 0x00, 0x78, 0xF7,
    0xFE, 0x3F, 0xE1, 0xFC, 0x07, 0x00, 0x78, 0x01, 0x80, 0x78, 0x07, 0x00, 0x1C, 0x01, 0xE0, 0x0E,
    0x00, 0x60, 0x0F, 0x01, 0xFC, 0x3F, 0xE7, 0x9E, 0x70, 0xFF, 0xFF, 0xFF, 0xFF, 0xFE, 0x70, 0xE7,
    0xDF, 0x3F, 0xE1, 0xFC, 0x06, 0x00, 0x03, 0x80, 0x78, 0x07, 0x00, 0x60, 0x0F, 0x01, 0xFC, 0x3F,
    0xE7, 0x9E, 0x70, 0xFF, 0xFF, 0xFF, 0xFF, 0xFE, 0x70, 0xE7, 0xDF, 0x3F, 0xE1, 0xFC, 0x06, 0x00,
    0x0F, 0x01, 0xF8, 0x3F, 0xC3, 0x9C, 0x0F, 0x01, 0xFC, 0x3F, 0xE7, 0x9E, 0x70, 0xFF, 0xFF, 0xFF,
    0xFF, 0xFE, 0x70, 0xE7, 0xDF, 0x3F, 0xE1, 0xFC, 0x06, 0x00, 0x39, 0xC3, 0xDC, 0x3D, 0xC1, 0x08,
    0x0F, 0x01, 0xFC, 0x3F, 0xE7, 0x9E, 0x70, 0xFF, 0xFF, 0xFF, 0xFF, 0xFE, 0x70, 0xE7, 0xDF, 0x3F,
    0xE1, 0xFC, 0x06, 0x00, 0xF1, 0xC3, 0x8E, 0x38, 0xF3, 0xCF, 0x3C, 0xF3, 0xCF, 0x3C, 0xF3, 0xCF,
    0x3B, 0x9C, 0xCE, 0x7B, 0xDE, 0xF7, 0xBD, 0xEF, 0x7B, 0xDE, 0x1E, 0x1F, 0x9D, 0xEC, 0x71, 0xC0,
    0xF0, 0x78, 0x3C, 0x1E, 0x0F, 0x07, 0x83, 0xC1, 0xE0, 0xF0, 0x78, 0x3C, 0x73, 0x3B, 0xDD, 0xE4,
    0x61, 0xC0, 0xF0, 0x78, 0x3C, 0x1E, 0x0F, 0x07, 0x83, 0xC1, 0xE0, 0xF0, 0x78, 0x3C, 0x38, 0xC3,
    0xFC, 0x0F, 0x83, 0xF8, 0x3B, 0xC1, 0xFE, 0x3F, 0xE7, 0xFF, 0x78, 0xF7, 0x0F, 0xF0, 0xFF, 0x0F,
    0x70, 0xF7, 0xFE, 0x3F, 0xE1, 0xFC, 0x06, 0x00, 0x1D, 0x87, 0xF0, 0xFE, 0x00, 0x0E, 0x71, 0xFF,
    0xBF, 0xF7, 0xFF, 0xF1, 0xFE, 0x3F, 0xC7, 0xF8, 0xFF, 0x1F, 0xE3, 0xFC, 0x7F, 0x8F, 0x1C, 0x00,
    0xE0, 0x0E, 0x00, 0x60, 0x0F, 0x01, 0xFC, 0x3F, 0xE7, 0xDF, 0x78, 0xFF, 0x0F, 0xF0, 0xFF, 0x0F,
    0x78, 0xF7, 0xFF, 0x3F, 0xE1, 0xFC, 0x06, 0x00, 0x03, 0xC0, 0x38, 0x07, 0x00, 0x70, 0x0F, 0x01,
    0xFC, 0x3F, 0xE7, 0xDF, 0x78, 0xFF, 0x0F, 0xF0, 0xFF, 0x0F, 0x78, 0xF7, 0xFF, 0x3F, 0xE1, 0xFC,
    0x06, 0x00, 0x0F, 0x01, 0xF8, 0x3D, 0xC3, 0x8C, 0x0F, 0x01, 0xFC, 0x3F, 0xE7, 0xDF, 0x78, 0xFF,
    0x0F, 0xF0, 0xFF, 0x0F, 0x78, 0xF7, 0xFF, 0x3F, 0xE1, 0xFC, 0x06, 0x00, 0x1C, 0xC1, 0xFC, 0x3F,
    0xC0, 0x00, 0x0F, 0x01, 0xFC, 0x3F, 0xE7, 0xDF, 0x78, 0xFF, 0x0F, 0xF0, 0xFF, 0x0F, 0x78, 0xF7,
    0xFF, 0x3F, 0xE1, 0xFC, 0x06, 0x00, 0x19, 0xC3, 0xDC, 0x3D, 0xC1, 0x88, 0x0F, 0x01, 0xFC, 0x3F,
    0xE7, 0xDF, 0x78, 0xFF, 0x0F, 0xF0, 0xFF, 0x0F, 0x78, 0xF7, 0xFF, 0x3F, 0xE1, 0xFC, 0x06, 0x00,
    0x0F, 0x00, 0xF0, 0x0F, 0x00, 0x60, 0x7F, 0xEF, 0xFF, 0xFF, 0xF7, 0xFE, 0x06, 0x00, 0xF0, 0x0F,
    0x00, 0x60, 0x0F, 0x31, 0xFF, 0x3F, 0xE7, 0xDF, 0x79, 0xFF, 0x3F, 0xF7, 0xFF, 0xEF, 0x7C, 0xF7,
    0xFF, 0x7F, 0xE7, 0xFC, 0x46, 0x00, 0x3C, 0x03, 0x80, 0x78, 0x07, 0x0E, 0x0F, 0xE3, 0xFC, 0x7F,
    0x8F, 0xF1, 0xFE, 0x3F, 0xC7, 0xF8, 0xFF, 0x1F, 0xFF, 0xDF, 0xFB, 0xFF, 0x08, 0x00, 0x07, 0x80,
    0xE0, 0x38, 0x07, 0x0E, 0x0F, 0xE3, 0xFC, 0x7F, 0x8F, 0xF1, 0xFE, 0x3F, 0xC7, 0xF8, 0xFF, 0x1F,
    0xFF, 0xDF, 0xFB, 0xFF, 0x08, 0x00, 0x1E, 0x03, 0xE0, 0xEE, 0x38, 0xCE, 0x0F, 0xE3, 0xFC, 0x7F,
    0x8F, 0xF1, 0xFE, 0x3F, 0xC7, 0xF8, 0xFF, 0x1F, 0xFF, 0xDF, 0xFB, 0xFF, 0x08, 0x00, 0x3B, 0x8F,
    0x79, 0xEE, 0x08, 0x8E, 0x0F, 0xE3, 0xFC, 0x7F, 0x8F, 0xF1, 0xFE, 0x3F, 0xC7, 0xF8, 0xFF, 0x1F,
    0xFF, 0xDF, 0xFB, 0xFF, 0x08, 0x00, 0x03, 0x80, 0x3C, 0x01, 0xC0, 0x0C, 0x0E, 0x07, 0x78, 0x79,
    0xC3, 0xCF, 0x1C, 0x79, 0xE1, 0xCF, 0x0F, 0x70, 0x7F, 0x81, 0xF8, 0x0F, 0xC0, 0x3E, 0x01, 0xE0,
    0x0F, 0x01, 0xF8, 0x1F, 0x80, 0xF8, 0x07, 0x80, 0x00, 0x60, 0x0F, 0x00, 0xF0, 0x0F, 0x00, 0xF7,
    0x0F, 0xFC, 0xFF, 0xEF, 0xBE, 0xF1, 0xEF, 0x0F, 0xF0, 0xFF, 0x0F, 0xF1, 0xEF, 0xFE, 0xFF, 0xCF,
    0xFC, 0xF2, 0x0F, 0x00, 0xF0, 0x0F, 0x00, 0xE0, 0x00, 0x39, 0xC1, 0xEE, 0x0F, 0x70, 0x21, 0x0E,
    0x07, 0x78, 0x79, 0xC3, 0xCF, 0x1C, 0x79, 0xE1, 0xCF, 0x0F, 0x70, 0x7F, 0x81, 0xF8, 0x0F, 0xC0,
    0x3E, 0x01, 0xE0, 0x0F, 0x01, 0xF8, 0x1F, 0x80, 0xF8, 0x07, 0x80, 0x00, 0x07, 0xC0, 0x1F, 0xC0,
    0x3F, 0x80, 0x00, 0x00, 0x38, 0x00, 0xF8, 0x01, 0xF8, 0x07, 0xF0, 0x0F, 0xE0, 0x1D, 0xE0, 0x7B,
    0xC0, 0xF7, 0x81, 0xE7, 0x87, 0x8F, 0x0F, 0xFE, 0x1F, 0xFE, 0x7F, 0xFC, 0xF0, 0x79, 0xE0, 0x7F,
    0x80, 0xF0, 0x1F, 0x83, 0xF0, 0x7E, 0x00, 0x00, 0xF0, 0x7F, 0x9F, 0xFB, 0xCF, 0x01, 0xE3, 0xFD,
    0xFF, 0xBE, 0xFF, 0x1F, 0xE7, 0xDF, 0xFB, 0xFF, 0x18, 0x00, 0x0C, 0x60, 0x1F, 0xC0, 0x1F, 0x80,
    0x1C, 0x00, 0x38, 0x00, 0xF8, 0x01, 0xF8, 0x07, 0xF0, 0x0F, 0xE0, 0x1D, 0xE0, 0x7B, 0xC0, 0xF7,
    0x81, 0xE7, 0x87, 0x8F, 0x0F, 0xFE, 0x1F, 0xFE, 0x7F, 0xFC, 0xF0, 0x79, 0xE0, 0x7F, 0x80, 0xF0,
    0x39, 0xC7, 0xF8, 0x7E, 0x03, 0x00, 0xF0, 0x7F, 0x9F, 0xFB, 0xCF, 0x01, 0xE3, 0xFD, 0xFF, 0xBE,
    0xFF, 0x1F, 0xE7, 0xDF, 0xFB, 0xFF, 0x18, 0x00, 0x03, 0x80, 0x07, 0xC0, 0x07, 0xE0, 0x0F, 0xE0,
    0x0F, 0xE0, 0x0E, 0xF0, 0x1E, 0xF0, 0x1E, 0xF0, 0x1E, 0x78, 0x3C, 0x78, 0x3F, 0xF8, 0x3F, 0xFC,
    0x7F, 0xFC, 0x78, 0x3C, 0x78, 0x1E, 0xF0, 0x1E, 0x00, 0x1E, 0x00, 0x3C, 0x00, 0x3E, 0x00, 0x1F,
    0x00, 0x0E, 0x0F, 0x03, 0xFC, 0x7F, 0xE7, 0x9E, 0x01, 0xE1, 0xFE, 0x7F, 0xE7, 0xDE, 0xF1, 0xEF,
    0x3E, 0x7F, 0xE7, 0xFE, 0x19, 0xE0, 0x3C, 0x03, 0xE0, 0x3E, 0x00, 0xC0, 0x00, 0xE0, 0x03, 0xC0,
    0x07, 0x00, 0x0C, 0x00, 0x3C, 0x01, 0xFE, 0x07, 0xFE, 0x1F, 0xFE, 0x7C, 0x3E, 0xF0, 0x3D, 0xE0,
    0x03, 0x80, 0x07, 0x00, 0x0E, 0x00, 0x1E, 0x07, 0x3C, 0x0F, 0x7C, 0x3C, 0x7F, 0xF8, 0x7F, 0xE0,
    0x7F, 0x80, 0x18, 0x00, 0x03, 0xC0, 0x38, 0x07, 0x00, 0x70, 0x0F, 0x01, 0xFC, 0x3F, 0xE7, 0xDE,
    0x78, 0xFF, 0x00, 0xF0, 0x0F, 0x00, 0x78, 0xF7, 0xFE, 0x3F, 0xE1, 0xFC, 0x06, 0x00, 0x03, 0xC0,
    0x0F, 0xC0, 0x3F, 0xC0, 0x73, 0x80, 0x3C, 0x01, 0xFE, 0x07, 0xFE, 0x1F, 0xFE, 0x7C, 0x3E, 0xF0,
    0x3D, 0xE0, 0x03, 0x80, 0x07, 0x00, 0x0E, 0x00, 0x1E, 0x07, 0x3C, 0x0F, 0x7C, 0x3C, 0x7F, 0xF8,
    0x7F, 0xE0, 0x7F, 0x80, 0x18, 0x00, 0x0F, 0x01, 0xF8, 0x3D, 0xC3, 0x8C, 0x0F, 0x01, 0xFC, 0x3F,
    0xE7, 0xDE, 0x78, 0xFF, 0x00, 0xF0, 0x0F, 0x00, 0x78, 0xF7, 0xFE, 0x3F, 0xE1, 0xFC, 0x06, 0x00,
    0x03, 0x80, 0x07, 0x80, 0x0F, 0x00, 0x0C, 0x00, 0x3C, 0x01, 0xFE, 0x07, 0xFE, 0x1F, 0xFE, 0x7C,
    0x3E, 0xF0, 0x3D, 0xE0, 0x03, 0x80, 0x07, 0x00, 0x0E, 0x00, 0x1E, 0x07, 0x3C, 0x0F, 0x7C, 0x3C,
    0x7F, 0xF8, 0x7F, 0xE0, 0x7F, 0x80, 0x18, 0x00, 0x07, 0x00, 0xF0, 0x0F, 0x00, 0x60, 0x0F, 0x01,
    0xFC, 0x3F, 0xE7, 0xDE, 0x78, 0xFF, 0x00, 0xF0, 0x0F, 0x00, 0x78, 0xF7, 0xFE, 0x3F, 0xE1, 0xFC,
    0x06, 0x00, 0x0E, 0x70, 0x0F, 0xC0, 0x0F, 0x00, 0x0C, 0x00, 0x3C, 0x01, 0xFE, 0x07, 0xFE, 0x1F,
    0xFE, 0x7C, 0x3E, 0xF0, 0x3D, 0xE0, 0x03, 0x80, 0x07, 0x00, 0x0E, 0x00, 0x1E, 0x07, 0x3C, 0x0F,
    0x7C, 0x3C, 0x7F, 0xF8, 0x7F, 0xE0, 0x7F, 0x80, 0x18, 0x00, 0x3D, 0xC1, 0xFC, 0x0F, 0x80, 0x70,
    0x0F, 0x01, 0xFC, 0x3F, 0xE7, 0xDE, 0x78, 0xFF, 0x00, 0xF0, 0x0F, 0x00, 0x78, 0xF7, 0xFE, 0x3F,
    0xE1, 0xFC, 0x06, 0x00, 0x73, 0x80, 0xFC, 0x01, 0xE0, 0x03, 0x00, 0x7C, 0x03, 0xFF, 0x0F, 0xFE,
    0x3F, 0xFC, 0xF0, 0xFB, 0xC1, 0xEF, 0x07, 0xBC, 0x0E, 0xF0, 0x3B, 0xC0, 0xEF, 0x07, 0xBC, 0x1E,
    0xF0, 0xFB, 0xFF, 0xCF, 0xFE, 0x3F, 0xF0, 0x00, 0x67, 0x00, 0xF7, 0x00, 0xF6, 0x00, 0xF6, 0x0E,
    0xF0, 0x3F, 0xF0, 0x7F, 0xF0, 0x7D, 0xF0, 0x78, 0xF0, 0xF0, 0xF0, 0xF0, 0xF0, 0xF0, 0xF0, 0x78,
    0xF0, 0x7F, 0xF0, 0x3F, 0xF0, 0x3F, 0xF0, 0x04, 0x00, 0x3F, 0x00, 0x7F, 0xE0, 0xFF, 0xE1, 0xFF,
    0xE3, 0xC3, 0xC7, 0x83, 0xCF, 0x07, 0xFF, 0xCF, 0xFF, 0x9F, 0xFF, 0x3C, 0xF0, 0x79, 0xE0, 0xF3,
    0xC3, 0xC7, 0xFF, 0x8F, 0xFE, 0x1F, 0xF0, 0x00, 0x60, 0x1F, 0xE0, 0x7F, 0x81, 0xFE, 0x0E, 0xF0,
    0xFF, 0xC7, 0xFF, 0x1F, 0x7C, 0x78, 0xF3, 0xC3, 0xCF, 0x0F, 0x3C, 0x3C, 0x78, 0xF1, 0xFF, 0xC3,
    0xFF, 0x0F, 0xFC, 0x04, 0x00, 0x1F, 0x07, 0xF0, 0xFE, 0x00, 0x07, 0xFD, 0xFF, 0xFF, 0xFF, 0xFF,
    0xF0, 0x1E, 0x03, 0xC0, 0x7F, 0xEF, 0xFD, 0xFF, 0xBC, 0x07, 0x80, 0xF0, 0x1F, 0xFF, 0xFF, 0xFF,
    0xF0, 0x1F, 0x81, 0xF8, 0x1F, 0x80, 0x00, 0x0F, 0x01, 0xFC, 0x3F, 0xE7, 0x9E, 0x70, 0xFF, 0xFF,
    0xFF, 0xFF, 0xFE, 0x70, 0xE7, 0xDF, 0x3F, 0xE1, 0xFC, 0x06, 0x00, 0x31, 0x87, 0xF0, 0x7C, 0x07,
    0x07, 0xFD, 0xFF, 0xFF, 0xFF, 0xFF, 0xF0, 0x1E, 0x03, 0xC0, 0x7F, 0xEF, 0xFD, 0xFF, 0xBC, 0x07,
    0x80, 0xF0, 0x1F, 0xFF, 0xFF, 0xFF, 0xF0, 0x39, 0xC1, 0xFC, 0x1F, 0x80, 0x70, 0x0F, 0x01, 0xFC,
    0x3F, 0xE7, 0x9E, 0x70, 0xFF, 0xFF, 0xFF, 0xFF, 0xFE, 0x70, 0xE7, 0xDF, 0x3F, 0xE1, 0xFC, 0x06,
    0x00, 0x0E, 0x03, 0xC0, 0x38, 0x02, 0x07, 0xFD, 0xFF, 0xFF, 0xFF, 0xFF, 0xF0, 0x1E, 0x03, 0xC0,
    0x7F, 0xEF, 0xFD, 0xFF, 0xBC, 0x07, 0x80, 0xF0, 0x1F, 0xFF, 0xFF, 0xFF, 0xF0, 0x07, 0x00, 0xF0,
    0x0F, 0x00, 0x60, 0x0F, 0x01, 0xFC, 0x3F, 0xE7, 0x9E, 0x70, 0xFF, 0xFF, 0xFF, 0xFF, 0xFE, 0x70,
    0xE7, 0xDF, 0x3F, 0xE1, 0xFC, 0x06, 0x00, 0x7F, 0xCF, 0xFE, 0xFF, 0xEF, 0xFE, 0xF0, 0x0F, 0x00,
    0xF0, 0x0F, 0xFC, 0xFF, 0xCF, 0xFC, 0xF0, 0x0F, 0x00, 0xF0, 0x0F, 0xFE, 0xFF, 0xEF, 0xFE, 0x01,
    0xC0, 0x38, 0x03, 0xE0, 0x3E, 0x00, 0xE0, 0x0F, 0x01, 0xFC, 0x3F, 0xE7, 0x9E, 0x70, 0xFF, 0xFF,
    0xFF, 0xFF, 0xFE, 0x70, 0xE7, 0xDF, 0x3F, 0xE1, 0xFE, 0x07, 0xC0, 0x3C, 0x03, 0xE0, 0x3E, 0x00,
    0xE0, 0x7B, 0xC7, 0xF0, 0x7C, 0x07, 0x07, 0xFD, 0xFF, 0xFF, 0xFF, 0xFF, 0xF0, 0x1E, 0x03, 0xC0,
    0x7F, 0xEF, 0xFD, 0xFF, 0xBC, 0x07, 0x80, 0xF0, 0x1F, 0xFF, 0xFF, 0xFF, 0xF0, 0x39, 0xC1, 0xF8,
    0x0F, 0x80, 0x60, 0x0F, 0x01, 0xFC, 0x3F, 0xE7, 0x9E, 0x70, 0xFF, 0xFF, 0xFF, 0xFF, 0xFE, 0x70,
    0xE7, 0xDF, 0x3F, 0xE1, 0xFC, 0x06, 0x00, 0x03, 0xC0, 0x0F, 0xC0, 0x3F, 0xC0, 0x73, 0x80, 0x3C,
    0x01, 0xFE, 0x07, 0xFE, 0x1F, 0xFE, 0x7C, 0x3E, 0xF0, 0x3D, 0xE0, 0x03, 0x80, 0x07, 0x0F, 0xEE,
    0x1F, 0xDE, 0x3F, 0xBC, 0x0F, 0x7C, 0x3C, 0x7F, 0xF8, 0x7F, 0xE0, 0x7F, 0x80, 0x18, 0x00, 0x0F,
    0x01, 0xF8, 0x3D, 0xC3, 0x8C, 0x0E, 0x73, 0xFF, 0x7F, 0xF7, 0xDF, 0x78, 0xFF, 0x0F, 0xF0, 0xFF,
    0x0F, 0x78, 0xF7, 0xFF, 0x3F, 0xF1, 0xFF, 0x00, 0xF7, 0x8F, 0x7F, 0xE3, 0xFE, 0x0F, 0x80, 0x0E,
    0x70, 0x1F, 0xC0, 0x1F, 0x80, 0x1C, 0x00, 0x3C, 0x01, 0xFE, 0x07, 0xFE, 0x1F, 0xFE, 0x7C, 0x3E,
    0xF0, 0x3D, 0xE0, 0x03, 0x80, 0x07, 0x0F, 0xEE, 0x1F, 0xDE, 0x3F, 0xBC, 0x0F, 0x7C, 0x3C, 0x7F,
    0xF8, 0x7F, 0xE0, 0x7F, 0x80, 0x18, 0x00, 0x18, 0xC1, 0xFC, 0x1F, 0x80, 0x70, 0x0E, 0x73, 0xFF,
    0x7F, 0xF7, 0xDF, 0x78, 0xFF, 0x0F, 0xF0, 0xFF, 0x0F, 0x78, 0xF7, 0xFF, 0x3F, 0xF1, 0xFF, 0x00,
    0xF7, 0x8F, 0x7F, 0xE3, 0xFE, 0x0F, 0x80, 0x03, 0x80, 0x07, 0x80, 0x0F, 0x00, 0x0C, 0x00, 0x3C,
    0x01, 0xFE, 0x07, 0xFE, 0x1F, 0xFE, 0x7C, 0x3E, 0xF0, 0x3D, 0xE0, 0x03, 0x80, 0x07, 0x0F, 0xEE,
    0x1F, 0xDE, 0x3F, 0xBC, 0x0F, 0x7C, 0x3C, 0x7F, 0xF8, 0x7F, 0xE0, 0x7F, 0x80, 0x18, 0x00, 0x07,
    0x00, 0xF0, 0x0F, 0x00, 0x20, 0x0E, 0x73, 0xFF, 0x7F, 0xF7, 0xDF, 0x78, 0xFF, 0x0F, 0xF0, 0xFF,
    0x0F, 0x78, 0xF7, 0xFF, 0x3F, 0xF1, 0xFF, 0x00, 0xF7, 0x8F, 0x7F, 0xE3, 0xFE, 0x0F, 0x80, 0x03,
    0xC0, 0x1F, 0xE0, 0x7F, 0xE1, 0xFF, 0xE7, 0xC3, 0xEF, 0x03, 0xDE, 0x00, 0x38, 0x00, 0x70, 0xFE,
    0xE1, 0xFD, 0xE3, 0xFB, 0xC0, 0xF7, 0xC3, 0xC7, 0xFF, 0x87, 0xFE, 0x07, 0xF8, 0x01, 0x80, 0x07,
    0x00, 0x0E, 0x00, 0x1C, 0x00, 0x70, 0x00, 0x00, 0x00, 0x30, 0x07, 0x00, 0x70, 0x07, 0x00, 0x70,
    0x0E, 0x73, 0xFF, 0x7F, 0xF7, 0xDF, 0x78, 0xFF, 0x0F, 0xF0, 0xFF, 0x0F, 0x78, 0xF7, 0xFF, 0x3F,
    0xF1, 0xFF, 0x00, 0xF7, 0x8F, 0x7F, 0xE3, 0xFE, 0x0F, 0x80, 0x07, 0x80, 0x3F, 0x01, 0xDE, 0x06,
    0x38, 0x60, 0x3B, 0xC0, 0xEF, 0x03, 0xBC, 0x0E, 0xF0, 0x3B, 0xC0, 0xEF, 0x03, 0xBF, 0xFE, 0xFF,
    0xFB, 0xFF, 0xEF, 0x03, 0xBC, 0x0E, 0xF0, 0x3B, 0xC0, 0xEF, 0x03, 0xBC, 0x0E, 0x1E, 0x00, 0xFC,
    0x07, 0x78, 0x18, 0xE0, 0x0C, 0x00, 0x78, 0x01, 0xE0, 0x07, 0x80, 0x1E, 0xE0, 0x7F, 0xE1, 0xFF,
    0x87, 0xFF, 0x1E, 0x3C, 0x78, 0xF1, 0xE3, 0xC7, 0x8F, 0x1E, 0x3C, 0x78, 0xF1, 0xE3, 0xC7, 0x8F,
    0x38, 0x0C, 0x38, 0x1E, 0x38, 0x1E, 0xFF, 0xFF, 0xFF, 0xFF, 0x7F, 0xFF, 0x38, 0x1E, 0x3F, 0xFE,
    0x3F, 0xFE, 0x3F, 0xFE, 0x38, 0x1E, 0x38, 0x1E, 0x38, 0x1E, 0x38, 0x1E, 0x38, 0x1E, 0x38, 0x1E,
    0x18, 0x03, 0xF8, 0x3F, 0xE0, 0xFE, 0x03, 0xDC, 0x1F, 0xF8, 0xFF, 0xC7, 0xFF, 0x3C, 0x79, 0xE3,
    0xCF, 0x1E, 0x78, 0xF3, 0xC7, 0x9E, 0x3C, 0xF1, 0xE7, 0x8F, 0x77, 0xFF, 0xFE, 0x00, 0x18, 0x3C,
    0x3C, 0x3C, 0x3C, 0x3C, 0x3C, 0x3C, 0x3C, 0x3C, 0x3C, 0x3C, 0x3C, 0x3C, 0x3C, 0x3C, 0x77, 0xFE,
    0xFE, 0x00, 0x38, 0x3C, 0x3C, 0x3C, 0x3C, 0x3C, 0x3C, 0x3C, 0x3C, 0x3C, 0x3C, 0x3C, 0x7E, 0xFD,
    0xF8, 0x01, 0x87, 0x8F, 0x1E, 0x3C, 0x78, 0xF1, 0xE3, 0xC7, 0x8F, 0x1E, 0x3C, 0x78, 0xF1, 0xE0,
    0x7F, 0xFF, 0xF8, 0x03, 0x87, 0x8F, 0x1E, 0x3C, 0x78, 0xF1, 0xE3, 0xC7, 0x8F, 0x1E, 0xE7, 0xFE,
    0x7E, 0x38, 0x18, 0x3C, 0x3C, 0x3C, 0x3C, 0x3C, 0x3C, 0x3C, 0x3C, 0x3C, 0x3C, 0x3C, 0x3C, 0x3C,
    0x3C, 0x3C, 0xC7, 0xFE, 0x7E, 0x38, 0x38, 0x3C, 0x3C, 0x3C, 0x3C, 0x3C, 0x3C, 0x3C, 0x3C, 0x3C,
    0x3C, 0x3C, 0x33, 0xDE, 0xF7, 0xBD, 0xEF, 0x7B, 0xDE, 0xF7, 0xBD, 0xEF, 0xF7, 0x3F, 0xF7, 0x00,
    0x38, 0xF3, 0xC6, 0x38, 0xF3, 0xCF, 0x3C, 0xF3, 0xCF, 0x3C, 0xF3, 0xCF, 0x79, 0xC7, 0xDF, 0x38,
    0xEF, 0xF6, 0x6F, 0xFF, 0xFF, 0xFF, 0xFF, 0xFF, 0xFF, 0xFF, 0xEF, 0xFF, 0xFF, 0xFF, 0xFF, 0xFF,
    0x60, 0x06, 0xF0, 0x0F, 0xF0, 0x0F, 0xF0, 0x0F, 0xF0, 0x0F, 0xF0, 0x0F, 0xF0, 0x0F, 0xF0, 0x0F,
    0xF0, 0x0F, 0xF0, 0x0F, 0xF7, 0x8F, 0xF7, 0x8F, 0xF7, 0x8F, 0xF7, 0xFF, 0xF3, 0xFE, 0xF1, 0xFC,
    0x00, 0x70, 0xE3, 0xFB, 0xFD, 0xEC, 0x6E, 0x3F, 0xBF, 0xDF, 0xEF, 0xF7, 0xFB, 0xFD, 0xFE, 0xFF,
    0x7F, 0xBF, 0xDF, 0xEF, 0x07, 0x87, 0xC3, 0xE1, 0xE0, 0xC0, 0x01, 0xE0, 0x0F, 0xC0, 0x7B, 0x81,
    0xC6, 0x00, 0xC0, 0x07, 0x80, 0x1E, 0x00, 0x78, 0x01, 0xE0, 0x07, 0x80, 0x1E, 0x00, 0x78, 0x01,
    0xE0, 0x07, 0x8F, 0x1E, 0x3C, 0x78, 0xF1, 0xE1, 0xFF, 0x87, 0xFC, 0x0F, 0xE0, 0x06, 0x00, 0x1E,
    0x1F, 0x9D, 0xEC, 0x71, 0xC0, 0xF0, 0x78, 0x3C, 0x1E, 0x0F, 0x07, 0x83, 0xC1, 0xE0, 0xF0, 0x78,
    0x3C, 0x1E, 0x1F, 0x1F, 0x0F, 0x86, 0x00, 0x60, 0x3B, 0xC3, 0xEF, 0x0F, 0x3C, 0x78, 0xF3, 0xE3,
    0xDF, 0x0F, 0xF8, 0x3F, 0xC0, 0xFF, 0x83, 0xFE, 0x0F, 0xBC, 0x3C, 0xF8, 0xF1, 0xE3, 0xC3, 0xCF,
    0x0F, 0xBC, 0x1E, 0x00, 0x00, 0x3C, 0x00, 0xF0, 0x03, 0x80, 0x0E, 0x00, 0x60, 0x1E, 0x03, 0xC0,
    0x78, 0x0F, 0x1F, 0xE7, 0xFD, 0xF7, 0xFC, 0xFF, 0x1F, 0xC3, 0xF8, 0x7F, 0x8F, 0xF9, 0xEF, 0xBC,
    0xF7, 0x8F, 0x00, 0x03, 0xC0, 0x70, 0x0E, 0x01, 0x80, 0xE1, 0xEF, 0x3E, 0xF3, 0xCF, 0x78, 0xFF,
    0x8F, 0xF0, 0xFE, 0x0F, 0xF0, 0xFF, 0x8F, 0x7C, 0xF3, 0xCF, 0x3E, 0x38, 0x0F, 0x01, 0xC0, 0x30,
    0x06, 0x01, 0xE0, 0x3C, 0x07, 0x80, 0xF0, 0x1E, 0x03, 0xC0, 0x78, 0x0F, 0x01, 0xE0, 0x3C, 0x07,
    0x80, 0xF0, 0x1F, 0xFB, 0xFF, 0x7F, 0xE0, 0x3B, 0x9C, 0xC6, 0x7B, 0xDE, 0xF7, 0xBD, 0xEF, 0x7B,
    0xDE, 0xF7, 0xBD, 0xE0, 0x60, 0x1E, 0x03, 0xC0, 0x78, 0x0F, 0x01, 0xE0, 0x3C, 0x07, 0x80, 0xF0,
    0x1E, 0x03, 0xC0, 0x78, 0x0F, 0x01, 0xFF, 0xBF, 0xF7, 0xFE, 0x00, 0x03, 0xC0, 0x70, 0x0E, 0x01,
    0xC0, 0x33, 0xDE, 0xF7, 0xBD, 0xEF, 0x7B, 0xDE, 0xF7, 0xBD, 0xEF, 0x03, 0x9D, 0xEE, 0x00, 0x67,
    0x1E, 0xE3, 0xDC, 0x7B, 0x8F, 0x01, 0xE0, 0x3C, 0x07, 0x80, 0xF0, 0x1E, 0x03, 0xC0, 0x78, 0x0F,
    0x01, 0xFF, 0xBF, 0xF7, 0xFE, 0x6F, 0xFF, 0xFF, 0xFF, 0x1E, 0x3C, 0x78, 0xF1, 0xE3, 0xC7, 0x8F,
    0x1E, 0x3C, 0x78, 0x60, 0x1E, 0x03, 0xC0, 0x78, 0x0F, 0x01, 0xEE, 0x3D, 0xE7, 0xB8, 0xF2, 0x1E,
    0x03, 0xC0, 0x78, 0x0F, 0x01, 0xFF, 0xBF, 0xF7, 0xFE, 0x60, 0x78, 0x3C, 0x1E, 0x0F, 0x07, 0x83,
    0xD9, 0xFE, 0xFF, 0x7F, 0xBC, 0x9E, 0x0F, 0x07, 0x83, 0xC1, 0xE0, 0x38, 0x03, 0xC0, 0x3C, 0x03,
    0xC0, 0x3D, 0x83, 0xF8, 0x3F, 0x83, 0xF0, 0xFC, 0x0F, 0xC0, 0xFC, 0x0B, 0xC0, 0x3C, 0x03, 0xFF,
    0x3F, 0xF3, 0xFF, 0x18, 0x78, 0xF1, 0xE3, 0xC7, 0xCF, 0xBF, 0xFD, 0xF8, 0xF1, 0xE3, 0xC7, 0x8F,
    0x1E, 0x01, 0xC0, 0x0F, 0x00, 0x38, 0x00, 0xC0, 0x60, 0x1B, 0xE0, 0xFF, 0x83, 0xFF, 0x0F, 0xFC,
    0x3F, 0xF8, 0xFF, 0xF3, 0xFF, 0xCF, 0xF7, 0xBF, 0xDF, 0xFF, 0x3F, 0xFC, 0x7F, 0xF1, 0xFF, 0xC3,
    0xFF, 0x07, 0xFC, 0x1F, 0x07, 0x80, 0xE0, 0x38, 0x07, 0x0E, 0x71, 0xFF, 0xBF, 0xF7, 0xFF, 0xF1,
    0xFE, 0x3F, 0xC7, 0xF8, 0xFF, 0x1F, 0xE3, 0xFC, 0x7F, 0x8F, 0x60, 0x1B, 0xE0, 0xFF, 0x83, 0xFF,
    0x0F, 0xFC, 0x3F, 0xF8, 0xFF, 0xF3, 0xFF, 0xCF, 0xF7, 0xBF, 0xDF, 0xFF, 0x3F, 0xFC, 0x7F, 0xF1,
    0xFF, 0xC3, 0xFF, 0x07, 0xFC, 0x1F, 0x00, 0x00, 0x1C, 0x00, 0x70, 0x01, 0xC0, 0x0E, 0x00, 0xE7,
    0x1F, 0xFB, 0xFF, 0x7F, 0xFF, 0x1F, 0xE3, 0xFC, 0x7F, 0x8F, 0xF1, 0xFE, 0x3F, 0xC7, 0xF8, 0xF0,
    0x00, 0x1C, 0x07, 0x80, 0xE0, 0x1C, 0x00, 0x1C, 0xE0, 0x3F, 0x00, 0xF8, 0x00, 0xC0, 0x60, 0x1B,
    0xE0, 0xFF, 0x83, 0xFF, 0x0F, 0xFC, 0x3F, 0xF8, 0xFF, 0xF3, 0xFF, 0xCF, 0xF7, 0xBF, 0xDF, 0xFF,
    0x3F, 0xFC, 0x7F, 0xF1, 0xFF, 0xC3, 0xFF, 0x07, 0xFC, 0x1F, 0x7B, 0x87, 0xF0, 0x7C, 0x07, 0x0E,
    0x71, 0xFF, 0xBF, 0xF7, 0xFF, 0xF1, 0xFE, 0x3F, 0xC7, 0xF8, 0xFF, 0x1F, 0xE3, 0xFC, 0x7F, 0x8F,
    0x60, 0x1B, 0xE0, 0xFF, 0x83, 0xFF, 0x0F, 0xFC, 0x3F, 0xF8, 0xFF, 0xF3, 0xFF, 0xCF, 0xF7, 0xBF,
    0xDF, 0xFF, 0x3F, 0xFC, 0x7F, 0xF1, 0xFF, 0xC3, 0xFF, 0x07, 0xFC, 0x1F, 0x00, 0x3C, 0x01, 0xF0,
    0x0F, 0xC0, 0x3E, 0x00, 0xE0, 0xE7, 0x1F, 0xFB, 0xFF, 0x7F, 0xFF, 0x1F, 0xE3, 0xFC, 0x7F, 0x8F,
    0xF1, 0xFE, 0x3F, 0xC7, 0xF8, 0xF0, 0x1E, 0x03, 0xC1, 0xF8, 0x3E, 0x07, 0x80, 0x07, 0xE0, 0x07,
    0xE0, 0x07, 0xE0, 0x00, 0x00, 0x03, 0xC0, 0x0F, 0xF0, 0x1F, 0xF8, 0x3F, 0xFC, 0x7C, 0x3E, 0x78,
    0x1E, 0x78, 0x1E, 0x70, 0x1E, 0x70, 0x0E, 0x70, 0x1E, 0x78, 0x1E, 0x78, 0x1E, 0x7C, 0x3E, 0x3F,
    0xFC, 0x1F, 0xF8, 0x0F, 0xF0, 0x01, 0x80, 0x0F, 0x81, 0xFC, 0x1F, 0xC0, 0x00, 0x0F, 0x01, 0xFC,
    0x3F, 0xE7, 0xDF, 0x78, 0xFF, 0x0F, 0xF0, 0xFF, 0x0F, 0x78, 0xF7, 0xFF, 0x3F, 0xE1, 0xFC, 0x06,
    0x00, 0x0E, 0x70, 0x0F, 0xF0, 0x07, 0xE0, 0x01, 0x80, 0x03, 0xC0, 0x0F, 0xF0, 0x1F, 0xF8, 0x3F,
    0xFC, 0x7C, 0x3E, 0x78, 0x1E, 0x78, 0x1E, 0x70, 0x1E, 0x70, 0x0E, 0x70, 0x1E, 0x78, 0x1E, 0x78,
    0x1E, 0x7C, 0x3E, 0x3F, 0xFC, 0x1F, 0xF8, 0x0F, 0xF0, 0x01, 0x80, 0x18, 0xC1, 0xFC, 0x1F, 0x80,
    0x70, 0x0F, 0x01, 0xFC, 0x3F, 0xE7, 0xDF, 0x78, 0xFF, 0x0F, 0xF0, 0xFF, 0x0F, 0x78, 0xF7, 0xFF,
    0x3F, 0xE1, 0xFC, 0x06, 0x00, 0x07, 0x78, 0x07, 0x70, 0x0E, 0xE0, 0x0E, 0xC0, 0x03, 0xC0, 0x0F,
    0xF0, 0x1F, 0xF8, 0x3F, 0xFC, 0x7C, 0x3E, 0x78, 0x1E, 0x78, 0x1E, 0x70, 0x1E, 0x70, 0x0E, 0x70,
    0x1E, 0x78, 0x1E, 0x78, 0x1E, 0x7C, 0x3E, 0x3F, 0xFC, 0x1F, 0xF8, 0x0F, 0xF0, 0x01, 0x80, 0x1F,
    0xE1, 0xDC, 0x1F, 0xC1, 0xB8, 0x0F, 0x01, 0xFC, 0x3F, 0xE7, 0xDF, 0x78, 0xFF, 0x0F, 0xF0, 0xFF,
    0x0F, 0x78, 0xF7, 0xFF, 0x3F, 0xE1, 0xFC, 0x06, 0x00, 0x00, 0xFF, 0xF0, 0x7F, 0xFF, 0xC7, 0xFF,
    0xFE, 0x7F, 0xFF, 0xE7, 0xC3, 0x80, 0x3C, 0x1C, 0x01, 0xE0, 0xE0, 0x0E, 0x07, 0xFE, 0x70, 0x3F,
    0xF3, 0x81, 0xFF, 0x9E, 0x0E, 0x00, 0xF0, 0x70, 0x07, 0xC3, 0x80, 0x1F, 0xFF, 0xFC, 0x7F, 0xFF,
    0xE1, 0xFF, 0xFF, 0x0F, 0x07, 0x01, 0xFD, 0xFC, 0x3F, 0xFF, 0xE7, 0xDF, 0x9E, 0x78, 0xF0, 0xFF,
    0x0F, 0xFF, 0xF0, 0xFF, 0xFF, 0x0F, 0xFE, 0x78, 0xF8, 0xE7, 0xFF, 0xDF, 0x3F, 0xFF, 0xE1, 0xFD,
    0xFC, 0x06, 0x07, 0x00, 0x03, 0x80, 0x38, 0x01, 0xC0, 0x0C, 0x07, 0xE0, 0x7F, 0xE3, 0xFF, 0x9F,
    0xFE, 0xF0, 0xF7, 0x87, 0xBC, 0x3D, 0xE3, 0xEF, 0xFE, 0x7F, 0xF3, 0xFF, 0x1E, 0x78, 0xF1, 0xE7,
    0x8F, 0x3C, 0x3D, 0xE1, 0xE0, 0x1E, 0x38, 0xF1, 0xCE, 0x7F, 0xFF, 0xFF, 0xF1, 0xE3, 0xC7, 0x8F,
    0x1E, 0x3C, 0x78, 0x7E, 0x07, 0xFE, 0x3F, 0xF9, 0xFF, 0xEF, 0x0F, 0x78, 0x7B, 0xC3, 0xDE, 0x3E,
    0xFF, 0xE7, 0xFF, 0x3F, 0xF1, 0xE7, 0x8F, 0x1E, 0x78, 0xF3, 0xC3, 0xDE, 0x1E, 0x00, 0x00, 0x78,
    0x03, 0x80, 0x1C, 0x01, 0xC0, 0x00, 0x73, 0x7F, 0x7F, 0x7F, 0x78, 0x78, 0x78, 0x78, 0x78, 0x78,
    0x78, 0x78, 0x00, 0x70, 0x70, 0xF0, 0xE0, 0x3B, 0xC1, 0xFC, 0x07, 0xC0, 0x1C, 0x07, 0xE0, 0x7F,
    0xE3, 0xFF, 0x9F, 0xFE, 0xF0, 0xF7, 0x87, 0xBC, 0x3D, 0xE3, 0xEF, 0xFE, 0x7F, 0xF3, 0xFF, 0x1E,
    0x78, 0xF1, 0xE7, 0x8F, 0x3C, 0x3D, 0xE1, 0xE0, 0xF7, 0xBF, 0x8F, 0x83, 0x87, 0x33, 0xF9, 0xFC,
    0xFE, 0x78, 0x3C, 0x1E, 0x0F, 0x07, 0x83, 0xC1, 0xE0, 0xF0, 0x01, 0xC0, 0x1E, 0x00, 0xE0, 0x06,
    0x00, 0x78, 0x0F, 0xF0, 0xFF, 0xCF, 0xFF, 0x78, 0x7B, 0xC1, 0xDF, 0x80, 0x7F, 0x81, 0xFF, 0x03,
    0xFC, 0x03, 0xEE, 0x0F, 0x78, 0x7B, 0xFF, 0xCF, 0xFC, 0x3F, 0xC0, 0x30, 0x00, 0x03, 0x80, 0xF0,
    0x1C, 0x03, 0x00, 0xF0, 0x7F, 0x9F, 0xF3, 0xCF, 0x78, 0x0F, 0xF0, 0xFF, 0x07, 0xF7, 0x1E, 0xF3,
    0xDF, 0xF9, 0xFE, 0x0E, 0x00, 0x07, 0x80, 0x7E, 0x07, 0x78, 0x39, 0xC0, 0x78, 0x0F, 0xF0, 0xFF,
    0xCF, 0xFF, 0x78, 0x7B, 0xC1, 0xDF, 0x80, 0x7F, 0x81, 0xFF, 0x03, 0xFC, 0x03, 0xEE, 0x0F, 0x78,
    0x7B, 0xFF, 0xCF, 0xFC, 0x3F, 0xC0, 0x30, 0x00, 0x0F, 0x03, 0xF0, 0xEF, 0x18, 0xE0, 0xF0, 0x7F,
    0x9F, 0xF3, 0xCF, 0x78, 0x0F, 0xF0, 0xFF, 0x07, 0xF7, 0x1E, 0xF3, 0xDF, 0xF9, 0xFE, 0x0E, 0x00,
    0x07, 0x80, 0xFF, 0x0F, 0xFC, 0xFF, 0xF7, 0x87, 0xBC, 0x1D, 0xF8, 0x07, 0xF8, 0x1F, 0xF0, 0x3F,
    0xC0, 0x3E, 0xE0, 0xF7, 0x87, 0xBF, 0xFC, 0xFF, 0xC3, 0xFC, 0x03, 0x00, 0x1C, 0x00, 0x70, 0x0F,
    0x00, 0x30, 0x00, 0x0F, 0x07, 0xF9, 0xFF, 0x3C, 0xF7, 0x80, 0xFF, 0x0F, 0xF0, 0x7F, 0x71, 0xEF,
    0x3D, 0xFF, 0x9F, 0xE0, 0xE0, 0x0E, 0x00, 0xE0, 0x78, 0x06, 0x00, 0x1C, 0xE0, 0xFE, 0x03, 0xE0,
    0x0E, 0x00, 0x78, 0x0F, 0xF0, 0xFF, 0xCF, 0xFF, 0x78, 0x7B, 0xC1, 0xDF, 0x80, 0x7F, 0x81, 0xFF,
    0x03, 0xFC, 0x03, 0xEE, 0x0F, 0x78, 0x7B, 0xFF, 0xCF, 0xFC, 0x3F, 0xC0, 0x30, 0x00, 0x3B, 0xC7,
    0xF0, 0x7C, 0x07, 0x00, 0xF0, 0x7F, 0x9F, 0xF3, 0xCF, 0x78, 0x0F, 0xF0, 0xFF, 0x07, 0xF7, 0x1E,
    0xF3, 0xDF, 0xF9, 0xFE, 0x0E, 0x00, 0x7F, 0xFB, 0xFF, 0xEF, 0xFF, 0xBF, 0xFE, 0x07, 0x80, 0x1E,
    0x00, 0x78, 0x01, 0xE0, 0x07, 0x80, 0x1E, 0x00, 0x78, 0x01, 0xE0, 0x07, 0x80, 0x1E, 0x00, 0x78,
    0x01, 0xE0, 0x03, 0x00, 0x0F, 0x00, 0x1C, 0x01, 0xF0, 0x03, 0x00, 0x78, 0x78, 0xFE, 0xFE, 0xFE,
    0x78, 0x78, 0x78, 0x78, 0x78, 0x78, 0x7E, 0x3E, 0x3F, 0x0C, 0x0E, 0x07, 0x1E, 0x1C, 0x1C, 0xE0,
    0x3F, 0x00, 0xF8, 0x00, 0xC0, 0x7F, 0xFB, 0xFF, 0xEF, 0xFF, 0xBF, 0xFE, 0x07, 0x80, 0x1E, 0x00,
    0x78, 0x01, 0xE0, 0x07, 0x80, 0x1E, 0x00, 0x78, 0x01, 0xE0, 0x07, 0x80, 0x1E, 0x00, 0x78, 0x01,
    0xE0, 0x03, 0x81, 0xC0, 0xEF, 0x67, 0x87, 0xF3, 0xF9, 0xFC, 0x78, 0x3C, 0x1E, 0x0F, 0x07, 0x83,
    0xC1, 0xF8, 0x7C, 0x3F, 0x00, 0x00, 0x7F, 0xFB, 0xFF, 0xEF, 0xFF, 0xBF, 0xFE, 0x07, 0x80, 0x1E,
    0x00, 0x78, 0x0F, 0xFC, 0x3F, 0xF0, 0xFF, 0xC0, 0x78, 0x01, 0xE0, 0x07, 0x80, 0x1E, 0x00, 0x78,
    0x01, 0xE0, 0x78, 0x78, 0xFE, 0xFE, 0xFE, 0x78, 0xFE, 0xFE, 0xFE, 0x78, 0x78, 0x7E, 0x3E, 0x3F,
    0x00, 0x0E, 0xC0, 0xFE, 0x07, 0xF0, 0x00, 0x06, 0x03, 0xF8, 0x3F, 0xC1, 0xFE, 0x0F, 0xF0, 0x7F,
    0x83, 0xFC, 0x1F, 0xE0, 0xFF, 0x07, 0xF8, 0x3F, 0xC1, 0xFE, 0x0F, 0xF8, 0xFB, 0xFF, 0x9F, 0xFC,
    0x3F, 0xC0, 0x70, 0x00, 0x1D, 0x87, 0xF0, 0xFE, 0x00, 0x0E, 0x0F, 0xE3, 0xFC, 0x7F, 0x8F, 0xF1,
    0xFE, 0x3F, 0xC7, 0xF8, 0xFF, 0x1F, 0xFF, 0xDF, 0xFB, 0xFF, 0x08, 0x00, 0x0F, 0x80, 0xFE, 0x07,
    0xF0, 0x00, 0x06, 0x03, 0xF8, 0x3F, 0xC1, 0xFE, 0x0F, 0xF0, 0x7F, 0x83, 0xFC, 0x1F, 0xE0, 0xFF,
    0x07, 0xF8, 0x3F, 0xC1, 0xFE, 0x0F, 0xF8, 0xFB, 0xFF, 0x9F, 0xFC, 0x3F, 0xC0, 0x70, 0x00, 0x1F,
    0x07, 0xF0, 0xFE, 0x00, 0x0E, 0x0F, 0xE3, 0xFC, 0x7F, 0x8F, 0xF1, 0xFE, 0x3F, 0xC7, 0xF8, 0xFF,
    0x1F, 0xFF, 0xDF, 0xFB, 0xFF, 0x08, 0x00, 0x18, 0xC0, 0xFE, 0x03, 0xF0, 0x0E, 0x06, 0x03, 0xF8,
    0x3F, 0xC1, 0xFE, 0x0F, 0xF0, 0x7F, 0x83, 0xFC, 0x1F, 0xE0, 0xFF, 0x07, 0xF8, 0x3F, 0xC1, 0xFE,
    0x0F, 0xF8, 0xFB, 0xFF, 0x9F, 0xFC, 0x3F, 0xC0, 0x70, 0x00, 0x31, 0x87, 0xF0, 0xFC, 0x07, 0x0E,
    0x0F, 0xE3, 0xFC, 0x7F, 0x8F, 0xF1, 0xFE, 0x3F, 0xC7, 0xF8, 0xFF, 0x1F, 0xFF, 0xDF, 0xFB, 0xFF,
    0x08, 0x00, 0x07, 0x00, 0x7C, 0x07, 0x70, 0x1F, 0x80, 0xF8, 0x31, 0x1F, 0xC1, 0xFE, 0x0F, 0xF0,
    0x7F, 0x83, 0xFC, 0x1F, 0xE0, 0xFF, 0x07, 0xF8, 0x3F, 0xC1, 0xFE, 0x0F, 0xF0, 0x7F, 0xC7, 0xDF,
    0xFC, 0xFF, 0xE1, 0xFE, 0x03, 0x80, 0x04, 0x03, 0xE0, 0xFC, 0x1D, 0xC1, 0xF0, 0x3E, 0x38, 0x3F,
    0x8F, 0xF1, 0xFE, 0x3F, 0xC7, 0xF8, 0xFF, 0x1F, 0xE3, 0xFC, 0x7F, 0xFF, 0x7F, 0xEF, 0xFC, 0x20,
    0x00, 0x0E, 0xE0, 0xFF, 0x07, 0x70, 0x37, 0x06, 0x03, 0xF8, 0x3F, 0xC1, 0xFE, 0x0F, 0xF0, 0x7F,
    0x83, 0xFC, 0x1F, 0xE0, 0xFF, 0x07, 0xF8, 0x3F, 0xC1, 0xFE, 0x0F, 0xF8, 0xFB, 0xFF, 0x9F, 0xFC,
    0x3F, 0xC0, 0x70, 0x00, 0x3D, 0xC7, 0x70, 0xFE, 0x1B, 0x8E, 0x0F, 0xE3, 0xFC, 0x7F, 0x8F, 0xF1,
    0xFE, 0x3F, 0xC7, 0xF8, 0xFF, 0x1F, 0xFF, 0xDF, 0xFB, 0xFF, 0x08, 0x00, 0x60, 0x3F, 0x83, 0xFC,
    0x1F, 0xE0, 0xFF, 0x07, 0xF8, 0x3F, 0xC1, 0xFE, 0x0F, 0xF0, 0x7F, 0x83, 0xFC, 0x1F, 0xE0, 0xFF,
    0x8F, 0xBF, 0xFD, 0xFF, 0xC3, 0xFC, 0x07, 0x80, 0x78, 0x03, 0xE0, 0x0F, 0x80, 0x38, 0x00, 0xE0,
    0xFE, 0x3F, 0xC7, 0xF8, 0xFF, 0x1F, 0xE3, 0xFC, 0x7F, 0x8F, 0xF1, 0xFF, 0xFD, 0xFF, 0xBF, 0xF0,
    0xBC, 0x07, 0x00, 0xF8, 0x1F, 0x00, 0xC0, 0x00, 0x78, 0x00, 0x03, 0xF0, 0x00, 0x1D, 0xE0, 0x00,
    0x63, 0x80, 0x70, 0x70, 0x3B, 0xC1, 0xE1, 0xEF, 0x8F, 0x87, 0x9E, 0x3E, 0x1E, 0x78, 0xFC, 0xF1,
    0xE3, 0xF3, 0xC3, 0x9F, 0xCF, 0x0F, 0x7F, 0x3C, 0x3D, 0xDF, 0xE0, 0xF7, 0x7F, 0x81, 0xFC, 0xFE,
    0x07, 0xF3, 0xF8, 0x1F, 0x8F, 0xC0, 0x7E, 0x3F, 0x00, 0xF8, 0x7C, 0x03, 0xE1, 0xE0, 0x01, 0xE0,
    0x00, 0xFC, 0x00, 0x77, 0x80, 0x18, 0xE0, 0xE1, 0xC3, 0xBC, 0x78, 0xEF, 0x1E, 0x79, 0xCF, 0x9E,
    0x7B, 0xE7, 0x9E, 0xFD, 0xC3, 0xBF, 0xF0, 0xFD, 0xFC, 0x3F, 0x7E, 0x07, 0xCF, 0x81, 0xF3, 0xE0,
    0x78, 0xF0, 0x03, 0x80, 0x0F, 0x80, 0x3B, 0x80, 0x63, 0x07, 0x01, 0xDF, 0x07, 0xDE, 0x0F, 0x1E,
    0x3C, 0x3C, 0x78, 0x3D, 0xE0, 0x7F, 0xC0, 0x7F, 0x00, 0x7E, 0x00, 0xF8, 0x00, 0xF0, 0x01, 0xC0,
    0x03, 0x80, 0x07, 0x00, 0x0E, 0x00, 0x1C, 0x00, 0x0F, 0x00, 0xFC, 0x0F, 0xF0, 0x73, 0x8E, 0x07,
    0x78, 0x79, 0xC3, 0xCF, 0x1C, 0x79, 0xE1, 0xCF, 0x0F, 0x70, 0x7F, 0x81, 0xF8, 0x0F, 0xC0, 0x3E,
    0x01, 0xE0, 0x0F, 0x01, 0xF8, 0x1F, 0x80, 0xF8, 0x07, 0x80, 0x00, 0x0E, 0xE0, 0x3D, 0xE0, 0x3B,
    0xC0, 0x22, 0x07, 0x01, 0xDF, 0x07, 0xDE, 0x0F, 0x1E, 0x3C, 0x3C, 0x78, 0x3D, 0xE0, 0x7F, 0xC0,
    0x7F, 0x00, 0x7E, 0x00, 0xF8, 0x00, 0xF0, 0x01, 0xC0, 0x03, 0x80, 0x07, 0x00, 0x0E, 0x00, 0x1C,
    0x00, 0x03, 0x80, 0x78, 0x07, 0x00, 0x60, 0xFF, 0xEF, 0xFF, 0xFF, 0xFF, 0xFF, 0x01, 0xE0, 0x3C,
    0x07, 0x80, 0xF8, 0x0F, 0x01, 0xE0, 0x3E, 0x07, 0xC0, 0x78, 0x0F, 0xFF, 0xFF, 0xFF, 0xFF, 0x07,
    0x03, 0xC0, 0xE0, 0x30, 0xFF, 0xBF, 0xFF, 0xFF, 0xFE, 0x0F, 0x07, 0xC1, 0xE0, 0xF0, 0x78, 0x3F,
    0xFF, 0xFF, 0xFF, 0x0E, 0x00, 0xF0, 0x0F, 0x00, 0x60, 0xFF, 0xEF, 0xFF, 0xFF, 0xFF, 0xFF, 0x01,
    0xE0, 0x3C, 0x07, 0x80, 0xF8, 0x0F, 0x01, 0xE0, 0x3E, 0x07, 0xC0, 0x78, 0x0F, 0xFF, 0xFF, 0xFF,
    0xFF, 0x1C, 0x07, 0x81, 0xE0, 0x30, 0xFF, 0xBF, 0xFF, 0xFF, 0xFE, 0x0F, 0x07, 0xC1, 0xE0, 0xF0,
    0x78, 0x3F, 0xFF, 0xFF, 0xFF, 0x39, 0xC1, 0xF8, 0x1F, 0x00, 0x60, 0xFF, 0xEF, 0xFF, 0xFF, 0xFF,
    0xFF, 0x01, 0xE0, 0x3C, 0x07, 0x80, 0xF8, 0x0F, 0x01, 0xE0, 0x3E, 0x07, 0xC0, 0x78, 0x0F, 0xFF,
    0xFF, 0xFF, 0xFF, 0x73, 0x9F, 0xC3, 0xE0, 0x70, 0xFF, 0xBF, 0xFF, 0xFF, 0xFE, 0x0F, 0x07, 0xC1,
    0xE0, 0xF0, 0x78, 0x3F, 0xFF, 0xFF, 0xFF, 0x3D, 0xFF, 0xFC, 0xF3, 0xCF, 0x3C, 0xF3, 0xCF, 0x3C,
    0xF3, 0xCF, 0x3C, 0x00, 0x0E, 0x00, 0x0F, 0x03, 0xFE, 0x0F, 0xFE, 0x1F, 0xFE, 0x3F, 0xFC, 0x7C,
    0x3E, 0x78, 0x1E, 0x78, 0x1E, 0x70, 0x1E, 0x70, 0x0E, 0x70, 0x1E, 0x78, 0x1E, 0x78, 0x1E, 0x7C,
    0x3E, 0x3F, 0xFC, 0x1F, 0xF8, 0x0F, 0xF0, 0x01, 0x80, 0x00, 0x38, 0x01, 0xC3, 0xFE, 0x3F, 0xE3,
    0xFE, 0x3E, 0xF9, 0xE3, 0xDE, 0x1E, 0xF0, 0xF7, 0x87, 0x9E, 0x3C, 0xFF, 0xE3, 0xFE, 0x0F, 0xE0,
    0x18, 0x00, 0x00, 0x0E, 0x00, 0x3D, 0x80, 0xFF, 0x83, 0xFF, 0x07, 0xDE, 0x0F, 0x3C, 0x1E, 0x78,
    0x3C, 0xF0, 0x79, 0xE0, 0xF3, 0xC1, 0xE7, 0x83, 0xCF, 0x07, 0x9E, 0x0F, 0x3E, 0x3E, 0x3F, 0xF8,
    0x7F, 0xF0, 0x3F, 0xC0, 0x1C, 0x00, 0x00, 0x38, 0x01, 0xF8, 0x3F, 0xE3, 0xEF, 0x1F, 0x78, 0xF3,
    0xC7, 0x9E, 0x3C, 0xF1, 0xE7, 0x8F, 0x3C, 0x79, 0xFF, 0xC7, 0xFE, 0x3F, 0xF0, 0x20, 0x00, 0x7C,
    0x00, 0xEF, 0x7F, 0xE0, 0x7F, 0x3F, 0xF8, 0x1F, 0x1F, 0xFE, 0x07, 0x0F, 0x0F, 0x9F, 0xF7, 0x83,
    0xCF, 0xFF, 0xC1, 0xE7, 0xFF, 0xE0, 0x73, 0xFE, 0xF0, 0x38, 0x1E, 0x78, 0x1C, 0x1F, 0x3C, 0x1E,
    0x0F, 0x1E, 0x0F, 0x0F, 0x0F, 0x0F, 0x8F, 0x07, 0xFF, 0x8F, 0xFF, 0xFF, 0x87, 0xFF, 0xFF, 0x83,
    0xFF, 0x00, 0x61, 0xDE, 0x00, 0xF1, 0xFC, 0x00, 0xF0, 0xF8, 0x00, 0xF0, 0x70, 0x0E, 0xF3, 0xFE,
    0x3F, 0xF3, 0xFF, 0x7F, 0xF3, 0xFF, 0x7D, 0xF3, 0xFE, 0x78, 0xF0, 0x3C, 0xF0, 0xF0, 0x7C, 0xF0,
    0xF0, 0x78, 0xF0, 0xF0, 0xF0, 0x78, 0xF1, 0xE0, 0x7F, 0xF3, 0xFF, 0x3F, 0xF3, 0xFF, 0x3F, 0xF3,
    0xFF, 0x04, 0x00, 0x00, 0x60, 0x00, 0x1B, 0xC0, 0x00, 0xFF, 0x00, 0x03, 0xFC, 0x00, 0x0F, 0xF0,
    0x00, 0x3F, 0xC0, 0x00, 0xFF, 0x00, 0x03, 0xFC, 0x00, 0x0F, 0xF0, 0x00, 0x3F, 0xC0, 0x00, 0xFF,
    0x01, 0xE3, 0xFC, 0x07, 0x8F, 0xF0, 0x1E, 0x3F, 0xFF, 0x7F, 0xFF, 0xFC, 0xFF, 0xBF, 0xF1, 0xFC,
    0x00, 0x01, 0x80, 0x60, 0x0E, 0xF0, 0x1E, 0xF0, 0x0E, 0xF0, 0x04, 0xF0, 0x0E, 0xF0, 0x0E, 0xF0,
    0x0E, 0xF0, 0x0E, 0xF0, 0x0E, 0xF0, 0x0E, 0xF0, 0x0E, 0xF0, 0x0E, 0xF0, 0x0E, 0xFF, 0xCE, 0xFF,
    0xCE, 0xFF, 0xCE, 0x00, 0x0E, 0x00, 0x3E, 0x00, 0x3E, 0x00, 0x3C, 0x00, 0x30, 0x63, 0xFB, 0xFD,
    0xFE, 0x6F, 0x3F, 0xBF, 0xDF, 0xEF, 0xF7, 0xFB, 0xFD, 0xFE, 0xFF, 0x7F, 0xBF, 0xDF, 0xEF, 0x07,
    0x87, 0xC3, 0xE1, 0xE0, 0xC0, 0x60, 0x18, 0x01, 0xBE, 0x0F, 0x00, 0xFF, 0x83, 0xC0, 0x3F, 0xF0,
    0xF0, 0x0F, 0xFC, 0x3C, 0x03, 0xFF, 0x8F, 0x00, 0xFF, 0xF3, 0xC0, 0x3F, 0xFC, 0xF0, 0x0F, 0xF7,
    0xBC, 0x03, 0xFD, 0xFF, 0x00, 0xFF, 0x3F, 0xDE, 0x3F, 0xC7, 0xF7, 0x8F, 0xF1, 0xFD, 0xE3, 0xFC,
    0x3F, 0x7F, 0xEF, 0x07, 0xCF, 0xFB, 0xC1, 0xF1, 0xFC, 0x00, 0x00, 0x18, 0x00, 0x60, 0x18, 0xEF,
    0x83, 0xDE, 0xF8, 0x3C, 0xEF, 0xC3, 0xC4, 0xFC, 0x3C, 0xEF, 0xE3, 0xCE, 0xFF, 0x3C, 0xEF, 0xF3,
    0xCE, 0xF7, 0xBC, 0xEF, 0x7F, 0xCE, 0xF3, 0xFC, 0xEF, 0x1F, 0xCE, 0xF1, 0xFC, 0xEF, 0x0F, 0xCE,
    0xF0, 0x7C, 0xEF, 0x07, 0xCE, 0x00, 0x00, 0xE0, 0x00, 0x3E, 0x00, 0x03, 0xE0, 0x00, 0x3C, 0x00,
    0x03, 0x00, 0x00, 0x07, 0x00, 0x03, 0xC0, 0x01, 0xC0, 0x00, 0x4E, 0x70, 0x77, 0xFE, 0x3B, 0xFF,
    0x1D, 0xFF, 0xCE, 0xF1, 0xE7, 0x78, 0xF3, 0xBC, 0x79, 0xDE, 0x3C, 0xEF, 0x1E, 0x77, 0x8F, 0x3B,
    0xC7, 0x9D, 0xE3, 0xCE, 0x00, 0x07, 0x00, 0x0F, 0x80, 0x07, 0xC0, 0x03, 0xC0, 0x01, 0x80, 0x0E,
    0xF0, 0x1F, 0xC0, 0x1F, 0x00, 0x1C, 0x00, 0x38, 0x00, 0xF8, 0x01, 0xF8, 0x07, 0xF0, 0x0F, 0xE0,
    0x1D, 0xE0, 0x7B, 0xC0, 0xF7, 0x81, 0xE7, 0x87, 0x8F, 0x0F, 0xFE, 0x1F, 0xFE, 0x7F, 0xFC, 0xF0,
    0x79, 0xE0, 0x7F, 0x80, 0xF0, 0x39, 0xC3, 0xF0, 0x3C, 0x03, 0x00, 0xF0, 0x7F, 0x9F, 0xFB, 0xCF,
    0x01, 0xE3, 0xFD, 0xFF, 0xBE, 0xFF, 0x1F, 0xE7, 0xDF, 0xFB, 0xFF, 0x18, 0x00, 0x73, 0x9F, 0x8F,
    0x81, 0x80, 0xC0, 0xF0, 0x78, 0x3C, 0x1E, 0x0F, 0x07, 0x83, 0xC1, 0xE0, 0xF0, 0x78, 0x3C, 0x1E,
    0x0F, 0x07, 0x83, 0xC0, 0x77, 0xBF, 0x8F, 0x83, 0x81, 0xC0, 0xF0, 0x78, 0x3C, 0x1E, 0x0F, 0x07,
    0x83, 0xC1, 0xE0, 0xF0, 0x78, 0x3C, 0x0E, 0x70, 0x07, 0xE0, 0x03, 0xC0, 0x01, 0x80, 0x03, 0xC0,
    0x0F, 0xF0, 0x1F, 0xF8, 0x3F, 0xFC, 0x7C, 0x3E, 0x78, 0x1E, 0x78, 0x1E, 0x70, 0x1E, 0x70, 0x0E,
    0x70, 0x1E, 0x78, 0x1E, 0x78, 0x1E, 0x7C, 0x3E, 0x3F, 0xFC, 0x1F, 0xF8, 0x0F, 0xF0, 0x01, 0x80,
    0x3D, 0xC1, 0xFC, 0x0F, 0x80, 0x70, 0x0F, 0x01, 0xFC, 0x3F, 0xE7, 0xDF, 0x78, 0xFF, 0x0F, 0xF0,
    0xFF, 0x0F, 0x78, 0xF7, 0xFF, 0x3F, 0xE1, 0xFC, 0x06, 0x00, 0x3D, 0xE0, 0xFE, 0x03, 0xE0, 0x0E,
    0x06, 0x03, 0xF8, 0x3F, 0xC1, 0xFE, 0x0F, 0xF0, 0x7F, 0x83, 0xFC, 0x1F, 0xE0, 0xFF, 0x07, 0xF8,
    0x3F, 0xC1, 0xFE, 0x0F, 0xF8, 0xFB, 0xFF, 0x9F, 0xFC, 0x3F, 0xC0, 0x70, 0x00, 0x7B, 0x87, 0xF0,
    0x7C, 0x07, 0x0E, 0x0F, 0xE3, 0xFC, 0x7F, 0x8F, 0xF1, 0xFE, 0x3F, 0xC7, 0xF8, 0xFF, 0x1F, 0xFF,
    0xDF, 0xFB, 0xFF, 0x08, 0x00, 0x1F, 0xC0, 0xFE, 0x03, 0xF0, 0x31, 0x83, 0xDE, 0x1E, 0xF0, 0x63,
    0x0C, 0x07, 0xF0, 0x7F, 0x83, 0xFC, 0x1F, 0xE0, 0xFF, 0x07, 0xF8, 0x3F, 0xC1, 0xFE, 0x0F, 0xF0,
    0x7F, 0x83, 0xFC, 0x1F, 0xF1, 0xF7, 0xFF, 0x3F, 0xF8, 0x7F, 0x80, 0xE0, 0x3F, 0x87, 0xF0, 0xFC,
    0x18, 0xC7, 0xB8, 0xF7, 0x0C, 0x67, 0x07, 0xF1, 0xFE, 0x3F, 0xC7, 0xF8, 0xFF, 0x1F, 0xE3, 0xFC,
    0x7F, 0x8F, 0xFF, 0xEF, 0xFD, 0xFF, 0x84, 0x00, 0x00, 0x00, 0x1C, 0x00, 0xE0, 0x0E, 0x01, 0x8C,
    0x1E, 0xF0, 0xF7, 0x83, 0x18, 0x60, 0x3F, 0x83, 0xFC, 0x1F, 0xE0, 0xFF, 0x07, 0xF8, 0x3F, 0xC1,
    0xFE, 0x0F, 0xF0, 0x7F, 0x83, 0xFC, 0x1F, 0xE0, 0xFF, 0x8F, 0xBF, 0xF9, 0xFF, 0xC3, 0xFC, 0x07,
    0x00, 0x00, 0x00, 0xE0, 0x1C, 0x07, 0x03, 0x18, 0xF7, 0x1E, 0xE1, 0x8C, 0xE0, 0xFE, 0x3F, 0xC7,
    0xF8, 0xFF, 0x1F, 0xE3, 0xFC, 0x7F, 0x8F, 0xF1, 0xFF, 0xFD, 0xFF, 0xBF, 0xF0, 0x80, 0x00, 0x00,
    0xEE, 0x03, 0xE0, 0x0E, 0x01, 0x8C, 0x1E, 0xF0, 0xF7, 0x83, 0x18, 0x60, 0x3F, 0x83, 0xFC, 0x1F,
    0xE0, 0xFF, 0x07, 0xF8, 0x3F, 0xC1, 0xFE, 0x0F, 0xF0, 0x7F, 0x83, 0xFC, 0x1F, 0xE0, 0xFF, 0x8F,
    0xBF, 0xF9, 0xFF, 0xC3, 0xFC, 0x07, 0x00, 0x00, 0x07, 0x70, 0x7C, 0x07, 0x03, 0x18, 0xF7, 0x1E,
    0xE1, 0x8C, 0xE0, 0xFE, 0x3F, 0xC7, 0xF8, 0xFF, 0x1F, 0xE3, 0xFC, 0x7F, 0x8F, 0xF1, 0xFF, 0xFD,
    0xFF, 0xBF, 0xF0, 0x80, 0x00, 0x00, 0x70, 0x03, 0x80, 0x0E, 0x01, 0x8C, 0x1E, 0xF0, 0xF7, 0x83,
    0x18, 0x60, 0x3F, 0x83, 0xFC, 0x1F, 0xE0, 0xFF, 0x07, 0xF8, 0x3F, 0xC1, 0xFE, 0x0F, 0xF0, 0x7F,
    0x83, 0xFC, 0x1F, 0xE0, 0xFF, 0x8F, 0xBF, 0xF9, 0xFF, 0xC3, 0xFC, 0x07, 0x00, 0x00, 0x07, 0x80,
    0x70, 0x06, 0x03, 0x18, 0xF7, 0x1E, 0xE1, 0x8C, 0xE0, 0xFE, 0x3F, 0xC7, 0xF8, 0xFF, 0x1F, 0xE3,
    0xFC, 0x7F, 0x8F, 0xF1, 0xFF, 0xFD, 0xFF, 0xBF, 0xF0, 0x80, 0x0F, 0x03, 0xFC, 0x7F, 0xE7, 0x9E,
    0x00, 0xF7, 0xFF, 0xFF, 0xFF, 0xFF, 0x70, 0xF7, 0xFE, 0x3F, 0xC1, 0xF8, 0x06, 0x00, 0x07, 0xE0,
    0x1F, 0xC0, 0x1F, 0x80, 0x73, 0x00, 0xEF, 0x01, 0xDE, 0x03, 0x98, 0x01, 0xC0, 0x07, 0xC0, 0x0F,
    0xC0, 0x3F, 0x80, 0x7F, 0x00, 0xEF, 0x03, 0xDE, 0x07, 0xBC, 0x0F, 0x3C, 0x3C, 0x78, 0x7F, 0xF0,
    0xFF, 0xF3, 0xFF, 0xE7, 0x83, 0xCF, 0x03, 0xFC, 0x07, 0x80, 0x1F, 0x83, 0xF0, 0x7E, 0x0C, 0xC3,
    0xBC, 0x77, 0x86, 0x60, 0x78, 0x3F, 0xCF, 0xFD, 0xE7, 0x80, 0xF1, 0xFE, 0xFF, 0xDF, 0x7F, 0x8F,
    0xF3, 0xEF, 0xFD, 0xFF, 0x8C, 0x00, 0x07, 0xE0, 0x1F, 0xC0, 0x1F, 0x80, 0x1C, 0x00, 0x3C, 0x00,
    0x78, 0x00, 0xE0, 0x01, 0xC0, 0x07, 0xC0, 0x0F, 0xC0, 0x3F, 0x80, 0x7F, 0x00, 0xEF, 0x03, 0xDE,
    0x07, 0xBC, 0x0F, 0x3C, 0x3C, 0x78, 0x7F, 0xF0, 0xFF, 0xF3, 0xFF, 0xE7, 0x83, 0xCF, 0x03, 0xFC,
    0x07, 0x80, 0x1F, 0x83, 0xF0, 0x7E, 0x03, 0x00, 0xF0, 0x1E, 0x01, 0x80, 0x78, 0x3F, 0xCF, 0xFD,
    0xE7, 0x80, 0xF1, 0xFE, 0xFF, 0xDF, 0x7F, 0x8F, 0xF3, 0xEF, 0xFD, 0xFF, 0x8C, 0x00, 0x00, 0x1F,
    0x00, 0x01, 0xFC, 0x00, 0x0F, 0xE0, 0x00, 0x00, 0x00, 0x1F, 0xFF, 0x01, 0xFF, 0xFC, 0x0F, 0xFF,
    0xE0, 0xF7, 0xFE, 0x07, 0xB8, 0x00, 0x3D, 0xC0, 0x03, 0xCE, 0x00, 0x1E, 0x7F, 0xE1, 0xE3, 0xFF,
    0x0F, 0x1F, 0xF8, 0xFF, 0xE0, 0x07, 0xFF, 0x00, 0x3F, 0xF8, 0x03, 0xC1, 0xFF, 0xDE, 0x0F, 0xFF,
    0xE0, 0x7F, 0xF0, 0x03, 0xF0, 0x00, 0x7F, 0x00, 0x0F, 0xE0, 0x00, 0x00, 0x00, 0xF1, 0xE0, 0x7F,
    0xFE, 0x1F, 0xFF, 0xE3, 0xCF, 0x9E, 0x01, 0xE1, 0xC3, 0xFF, 0xF9, 0xFF, 0xFF, 0x3F, 0xFF, 0xEF,
    0x1E, 0x1D, 0xE7, 0xE7, 0x9F, 0xFF, 0xF3, 0xFB, 0xFC, 0x0C, 0x0C, 0x00, 0x03, 0xC0, 0x0F, 0xF0,
    0x1F, 0xF8, 0x3F, 0xFC, 0x7C, 0x3E, 0x78, 0x1E, 0x78, 0x00, 0x70, 0x00, 0x70, 0xFE, 0x70, 0xFE,
    0x78, 0xFE, 0x78, 0xFF, 0x7C, 0xFF, 0x3F, 0xFC, 0x1F, 0xF8, 0x0F, 0xF0, 0x01, 0x80, 0x0E, 0x70,
    0xFF, 0xC7, 0xFF, 0x1F, 0x7C, 0x78, 0xF3, 0xC7, 0xFF, 0x3F, 0xFC, 0x3C, 0x78, 0xF1, 0xFF, 0xC3,
    0xFF, 0x07, 0xFC, 0x00, 0xF1, 0xE3, 0xC7, 0xFE, 0x0F, 0xF8, 0x0F, 0x80, 0x0E, 0x70, 0x0F, 0xC0,
    0x1F, 0x00, 0x0C, 0x00, 0x3C, 0x01, 0xFE, 0x07, 0xFE, 0x1F, 0xFE, 0x7C, 0x3E, 0xF0, 0x3D, 0xE0,
    0x03, 0x80, 0x07, 0x0F, 0xEE, 0x1F, 0xDE, 0x3F, 0xBC, 0x0F, 0x7C, 0x3C, 0x7F, 0xF8, 0x7F, 0xE0,
    0x7F, 0x80, 0x18, 0x00, 0x3D, 0xC1, 0xFC, 0x0F, 0x80, 0x70, 0x0E, 0x73, 0xFF, 0x7F, 0xF7, 0xDF,
    0x78, 0xFF, 0x0F, 0xF0, 0xFF, 0x0F, 0x78, 0xF7, 0xFF, 0x3F, 0xF1, 0xFF, 0x00, 0xF7, 0x8F, 0x7F,
    0xE3, 0xFE, 0x0F, 0x80, 0x3D, 0xC0, 0x7F, 0x00, 0xF8, 0x01, 0xC0, 0x60, 0x3B, 0xC3, 0xEF, 0x0F,
    0x3C, 0x78, 0xF3, 0xE3, 0xDF, 0x0F, 0xF8, 0x3F, 0xC0, 0xFF, 0x83, 0xFE, 0x0F, 0xBC, 0x3C, 0xF8,
    0xF1, 0xE3, 0xC3, 0xCF, 0x0F, 0xBC, 0x1E, 0x77, 0x81, 0xFC, 0x03, 0xE0, 0x07, 0x00, 0x0C, 0x00,
    0x78, 0x01, 0xE0, 0x07, 0x80, 0x1E, 0x3C, 0x79, 0xF1, 0xEF, 0x87, 0xFC, 0x1F, 0xE0, 0x7F, 0x01,
    0xFC, 0x07, 0xF8, 0x1F, 0xF0, 0x7B, 0xE1, 0xE7, 0x87, 0x8F, 0x03, 0xC0, 0x0F, 0xF0, 0x1F, 0xF8,
    0x3F, 0xFC, 0x7C, 0x3E, 0x78, 0x1E, 0x78, 0x1E, 0x70, 0x1E, 0x70, 0x0E, 0x70, 0x1E, 0x78, 0x1E,
    0x78, 0x1E, 0x7C, 0x3E, 0x3F, 0xFC, 0x1F, 0xF8, 0x0F, 0xF0, 0x03, 0xC0, 0x03, 0x80, 0x03, 0xE0,
    0x03, 0xE0, 0x01, 0xC0, 0x0F, 0x01, 0xFC, 0x3F, 0xE7, 0xDF, 0x78, 0xFF, 0x0F, 0xF0, 0xFF, 0x0F,
    0x78, 0xF7, 0xFF, 0x3F, 0xE1, 0xFC, 0x0F, 0x00, 0xE0, 0x0F, 0x80, 0xF8, 0x03, 0x00, 0x07, 0xE0,
    0x07, 0xE0, 0x07, 0xE0, 0x00, 0x00, 0x03, 0xC0, 0x0F, 0xF0, 0x1F, 0xF8, 0x3F, 0xFC, 0x7C, 0x3E,
    0x78, 0x1E, 0x78, 0x1E, 0x70, 0x1E, 0x70, 0x0E, 0x70, 0x1E, 0x78, 0x1E, 0x78, 0x1E, 0x7C, 0x3E,
    0x3F, 0xFC, 0x1F, 0xF8, 0x0F, 0xF0, 0x03, 0xC0, 0x03, 0x80, 0x03, 0xE0, 0x03, 0xE0, 0x01, 0xC0,
    0x0F, 0x81, 0xFC, 0x1F, 0xC0, 0x00, 0x0F, 0x01, 0xFC, 0x3F, 0xE7, 0xDF, 0x78, 0xFF, 0x0F, 0xF0,
    0xFF, 0x0F, 0x78, 0xF7, 0xFF, 0x3F, 0xE1, 0xFC, 0x0F, 0x00, 0xE0, 0x0F, 0x80, 0xF8, 0x03, 0x00,
    0x1C, 0xE0, 0x3F, 0x00, 0x78, 0x00, 0xC0, 0x3F, 0xF9, 0xFF, 0xE7, 0xFF, 0x9F, 0xFE, 0x00, 0xF0,
    0x07, 0x80, 0x3C, 0x01, 0xE0, 0x0F, 0xE0, 0x1F, 0xC0, 0x0F, 0x80, 0x1E, 0x00, 0x3C, 0x00, 0xF0,
    0x03, 0xFC, 0x0F, 0x78, 0x79, 0xFF, 0xE3, 0xFF, 0x07, 0xF8, 0x07, 0x80, 0x1D, 0xE0, 0xFE, 0x03,
    0xE0, 0x0E, 0x03, 0xFE, 0x3F, 0xF9, 0xFF, 0xC7, 0xFE, 0x03, 0xE0, 0x3E, 0x03, 0xE0, 0x1F, 0x80,
    0xFF, 0x00, 0x78, 0x01, 0xEE, 0x0F, 0x78, 0x7B, 0xFF, 0x8F, 0xFC, 0x3F, 0xC0, 0x70, 0x00, 0x77,
    0xBF, 0x8F, 0x83, 0x81, 0xC0, 0xF0, 0x78, 0x3C, 0x1E, 0x0F, 0x07, 0x83, 0xC1, 0xE0, 0xF0, 0x78,
    0x3C, 0x1E, 0x1F, 0x1F, 0x0F, 0x86, 0x00, 0x7C, 0x01, 0xFF, 0xDF, 0xF8, 0x3F, 0xFF, 0xFF, 0x87,
    0xFF, 0xFF, 0xF8, 0xFF, 0xFF, 0x0F, 0x80, 0x3D, 0xE0, 0xF0, 0x0F, 0x3C, 0x1E, 0x03, 0xC7, 0x81,
    0xC0, 0xF8, 0xF0, 0x38, 0x1E, 0x1E, 0x07, 0x07, 0x83, 0xC1, 0xE1, 0xE0, 0x78, 0x3C, 0x7C, 0x0F,
    0x0F, 0x8F, 0x01, 0xFF, 0xE3, 0xFF, 0xFF, 0xF8, 0x7F, 0xFF, 0xFE, 0x0F, 0xFF, 0x7C, 0x00, 0x00,
    0x7F, 0xE0, 0x00, 0x3F, 0xF8, 0x00, 0x1F, 0xFE, 0x00, 0x0F, 0x0F, 0x9F, 0xF7, 0x83, 0xCF, 0xFF,
    0xC1, 0xE7, 0xFF, 0xE0, 0x73, 0xFE, 0xF0, 0x38, 0x1E, 0x78, 0x1C, 0x1F, 0x3C, 0x1E, 0x0F, 0x1E,
    0x0F, 0x0F, 0x0F, 0x0F, 0x8F, 0x07, 0xFF, 0x8F, 0xFF, 0xFF, 0x87, 0xFF, 0xFF, 0x83, 0xFF, 0x00,
    0x60, 0x00, 0x00, 0xF0, 0x00, 0x00, 0xF0, 0x00, 0x00, 0xF0, 0x00, 0x0E, 0xF3, 0xFE, 0x3F, 0xF3,
    0xFF, 0x7F, 0xF3, 0xFF, 0x7D, 0xF3, 0xFE, 0x78, 0xF0, 0x3C, 0xF0, 0xF0, 0x7C, 0xF0, 0xF0, 0x78,
    0xF0, 0xF0, 0xF0, 0x78, 0xF1, 0xE0, 0x7F, 0xF3, 0xFF, 0x3F, 0xF3, 0xFF, 0x3F, 0xF3, 0xFF, 0x04,
    0x00, 0x00, 0x00, 0xE0, 0x03, 0xC0, 0x07, 0x00, 0x0C, 0x00, 0x3C, 0x01, 0xFE, 0x07, 0xFE, 0x1F,
    0xFE, 0x7C, 0x3E, 0xF0, 0x3D, 0xE0, 0x03, 0x80, 0x07, 0x0F, 0xEE, 0x1F, 0xDE, 0x3F, 0xBC, 0x0F,
    0x7C, 0x3C, 0x7F, 0xF8, 0x7F, 0xE0, 0x7F, 0x80, 0x18, 0x00, 0x03, 0xC0, 0x38, 0x07, 0x00, 0x70,
    0x0E, 0x73, 0xFF, 0x7F, 0xF7, 0xDF, 0x78, 0xFF, 0x0F, 0xF0, 0xFF, 0x0F, 0x78, 0xF7, 0xFF, 0x3F,
    0xF1, 0xFF, 0x00, 0xF7, 0x8F, 0x7F, 0xE3, 0xFE, 0x0F, 0x80, 0x60, 0x38, 0x07, 0x81, 0xC0, 0x3C,
    0x0E, 0x01, 0xE0, 0x70, 0x0F, 0x03, 0x80, 0x78, 0x1C, 0x3F, 0xC0, 0xE1, 0xFF, 0xFF, 0x0F, 0xFF,
    0xF8, 0x7F, 0xFF, 0xC3, 0xFC, 0x0E, 0x1F, 0xE0, 0x78, 0xFF, 0x03, 0xC7, 0xF8, 0x1F, 0xFF, 0xC0,
    0x7F, 0xDE, 0x01, 0xFC, 0x00, 0x03, 0x80, 0x67, 0x07, 0xFE, 0x3F, 0xFD, 0xFF, 0xEF, 0x0F, 0xF8,
    0x3F, 0xC1, 0xFE, 0x0F, 0xF0, 0x7F, 0x83, 0xFC, 0x1F, 0xE1, 0xEF, 0x1F, 0x79, 0xF3, 0xFF, 0x1F,
    0xF0, 0xFE, 0x07, 0xC0, 0x3C, 0x01, 0xE0, 0x07, 0x00, 0x00, 0x0E, 0x00, 0x38, 0x00, 0x70, 0x00,
    0xC0, 0x60, 0x1B, 0xE0, 0xFF, 0x83, 0xFF, 0x0F, 0xFC, 0x3F, 0xF8, 0xFF, 0xF3, 0xFF, 0xCF, 0xF7,
    0xBF, 0xDF, 0xFF, 0x3F, 0xFC, 0x7F, 0xF1, 0xFF, 0xC3, 0xFF, 0x07, 0xFC, 0x1F, 0x3C, 0x03, 0x80,
    0x70, 0x07, 0x0E, 0x71, 0xFF, 0xBF, 0xF7, 0xFF, 0xF1, 0xFE, 0x3F, 0xC7, 0xF8, 0xFF, 0x1F, 0xE3,
    0xFC, 0x7F, 0x8F, 0x00, 0x00, 0x03, 0xC0, 0x07, 0x00, 0x1C, 0x00, 0x7C, 0x00, 0xDC, 0x01, 0xB8,
    0x03, 0xE0, 0x03, 0xC0, 0x0F, 0x80, 0x1F, 0x80, 0x7F, 0x00, 0xFE, 0x01, 0xDE, 0x07, 0xBC, 0x0F,
    0x78, 0x1E, 0x78, 0x78, 0xF0, 0xFF, 0xE1, 0xFF, 0xE7, 0xFF, 0xCF, 0x07, 0x9E, 0x07, 0xF8, 0x0F,
    0x03, 0x80, 0xE0, 0x18, 0x07, 0x81, 0xF8, 0x33, 0x07, 0xE0, 0x78, 0x0F, 0x07, 0xF9, 0xFF, 0xBC,
    0xF0, 0x1E, 0x3F, 0xDF, 0xFB, 0xEF, 0xF1, 0xFE, 0x7D, 0xFF, 0xBF, 0xF1, 0x80, 0x00, 0x07, 0x80,
    0x00, 0x38, 0x00, 0x01, 0xC0, 0x00, 0x1C, 0x00, 0x1F, 0xFF, 0x01, 0xFF, 0xFC, 0x0F, 0xFF, 0xE0,
    0xF7, 0xFE, 0x07, 0xB8, 0x00, 0x3D, 0xC0, 0x03, 0xCE, 0x00, 0x1E, 0x7F, 0xE1, 0xE3, 0xFF, 0x0F,
    0x1F, 0xF8, 0xFF, 0xE0, 0x07, 0xFF, 0x00, 0x3F, 0xF8, 0x03, 0xC1, 0xFF, 0xDE, 0x0F, 0xFF, 0xE0,
    0x7F, 0xF0, 0x00, 0x78, 0x00, 0x0E, 0x00, 0x03, 0x80, 0x00, 0x70, 0x00, 0xF1, 0xE0, 0x7F, 0xFE,
    0x1F, 0xFF, 0xE3, 0xCF, 0x9E, 0x01, 0xE1, 0xC3, 0xFF, 0xF9, 0xFF, 0xFF, 0x3F, 0xFF, 0xEF, 0x1E,
    0x1D, 0xE7, 0xE7, 0x9F, 0xFF, 0xF3, 0xFB, 0xFC, 0x0C, 0x0C, 0x00, 0x00, 0xE0, 0x01, 0xE0, 0x01,
    0xC0, 0x01, 0x80, 0x03, 0xCC, 0x0F, 0xFE, 0x1F, 0xFC, 0x3F, 0xFC, 0x7C, 0x7E, 0x78, 0xFE, 0x78,
    0xFE, 0x71, 0xDE, 0x73, 0xCE, 0x73, 0x9E, 0x7F, 0x1E, 0x7E, 0x1E, 0x7E, 0x3E, 0x3F, 0xFC, 0x3F,
    0xF8, 0x7F, 0xF0, 0x31, 0x80, 0x03, 0xC0, 0x38, 0x07, 0x00, 0x70, 0x0F, 0x31, 0xFF, 0x3F, 0xE7,
    0xDF, 0x79, 0xFF, 0x3F, 0xF7, 0xFF, 0xEF, 0x7C, 0xF7, 0xFF, 0x7F, 0xE7, 0xFC, 0x46, 0x00, 0x3D,
    0xC0, 0x3B, 0x80, 0x3B, 0x80, 0x37, 0x00, 0x38, 0x00, 0xF8, 0x01, 0xF8, 0x07, 0xF0, 0x0F, 0xE0,
    0x1D, 0xE0, 0x7B, 0xC0, 0xF7, 0x81, 0xE7, 0x87, 0x8F, 0x0F, 0xFE, 0x1F, 0xFE, 0x7F, 0xFC, 0xF0,
    0x79, 0xE0, 0x7F, 0x80, 0xF0, 0x77, 0x0F, 0xF0, 0xEE, 0x0D, 0xC0, 0xF0, 0x7F, 0x9F, 0xFB, 0xCF,
    0x01, 0xE3, 0xFD, 0xFF, 0xBE, 0xFF, 0x1F, 0xE7, 0xDF, 0xFB, 0xFF, 0x18, 0x00, 0x07, 0xC0, 0x1F,
    0xC0, 0x39, 0x80, 0x63, 0x00, 0x38, 0x00, 0xF8, 0x01, 0xF8, 0x07, 0xF0, 0x0F, 0xE0, 0x1D, 0xE0,
    0x7B, 0xC0, 0xF7, 0x81, 0xE7, 0x87, 0x8F, 0x0F, 0xFE, 0x1F, 0xFE, 0x7F, 0xFC, 0xF0, 0x79, 0xE0,
    0x7F, 0x80, 0xF0, 0x1F, 0x03, 0xF0, 0xE7, 0x18, 0x60, 0xF0, 0x7F, 0x9F, 0xFB, 0xCF, 0x01, 0xE3,
    0xFD, 0xFF, 0xBE, 0xFF, 0x1F, 0xE7, 0xDF, 0xFB, 0xFF, 0x18, 0x00, 0xFF, 0x0E, 0xE0, 0xFC, 0x1D,
    0x87, 0xFD, 0xFF, 0xFF, 0xFF, 0xFF, 0xF0, 0x1E, 0x03, 0xC0, 0x7F, 0xEF, 0xFD, 0xFF, 0xBC, 0x07,
    0x80, 0xF0, 0x1F, 0xFF, 0xFF, 0xFF, 0xF0, 0x77, 0x07, 0xF8, 0x3B, 0x81, 0xD8, 0x0F, 0x01, 0xFC,
    0x3F, 0xE7, 0x9E, 0x70, 0xFF, 0xFF, 0xFF, 0xFF, 0xFE, 0x70, 0xE7, 0xDF, 0x3F, 0xE1, 0xFC, 0x06,
    0x00, 0x1F, 0x07, 0xF0, 0xC6, 0x18, 0xC7, 0xFD, 0xFF, 0xFF, 0xFF, 0xFF, 0xF0, 0x1E, 0x03, 0xC0,
    0x7F, 0xEF, 0xFD, 0xFF, 0xBC, 0x07, 0x80, 0xF0, 0x1F, 0xFF, 0xFF, 0xFF, 0xF0, 0x0F, 0x81, 0xFC,
    0x39, 0xC1, 0x0C, 0x0F, 0x01, 0xFC, 0x3F, 0xE7, 0x9E, 0x70, 0xFF, 0xFF, 0xFF, 0xFF, 0xFE, 0x70,
    0xE7, 0xDF, 0x3F, 0xE1, 0xFC, 0x06, 0x00, 0x77, 0x3F, 0x8E, 0xE3, 0x70, 0x60, 0x78, 0x3C, 0x1E,
    0x0F, 0x07, 0x83, 0xC1, 0xE0, 0xF0, 0x78, 0x3C, 0x1E, 0x0F, 0x07, 0x83, 0xC1, 0xE0, 0xF7, 0x3F,
    0x8E, 0xE3, 0x70, 0xE0, 0x78, 0x3C, 0x1E, 0x0F, 0x07, 0x83, 0xC1, 0xE0, 0xF0, 0x78, 0x3C, 0x1E,
    0x7C, 0xFE, 0xE7, 0xC2, 0x18, 0x3C, 0x3C, 0x3C, 0x3C, 0x3C, 0x3C, 0x3C, 0x3C, 0x3C, 0x3C, 0x3C,
    0x3C, 0x3C, 0x3C, 0x3C, 0x7C, 0xFE, 0xE7, 0xC6, 0x38, 0x3C, 0x3C, 0x3C, 0x3C, 0x3C, 0x3C, 0x3C,
    0x3C, 0x3C, 0x3C, 0x3C, 0x1D, 0xC0, 0x1F, 0xE0, 0x0E, 0xE0, 0x06, 0xE0, 0x03, 0xC0, 0x0F, 0xF0,
    0x1F, 0xF8, 0x3F, 0xFC, 0x7C, 0x3E, 0x78, 0x1E, 0x78, 0x1E, 0x70, 0x1E, 0x70, 0x0E, 0x70, 0x1E,
    0x78, 0x1E, 0x78, 0x1E, 0x7C, 0x3E, 0x3F, 0xFC, 0x1F, 0xF8, 0x0F, 0xF0, 0x01, 0x80, 0x77, 0x83,
    0xB8, 0x3F, 0x81, 0xD8, 0x0F, 0x01, 0xFC, 0x3F, 0xE7, 0xDF, 0x78, 0xFF, 0x0F, 0xF0, 0xFF, 0x0F,
    0x78, 0xF7, 0xFF, 0x3F, 0xE1, 0xFC, 0x06, 0x00, 0x07, 0xC0, 0x07, 0xE0, 0x0E, 0x70, 0x0C, 0x30,
    0x03, 0xC0, 0x0F, 0xF0, 0x1F, 0xF8, 0x3F, 0xFC, 0x7C, 0x3E, 0x78, 0x1E, 0x78, 0x1E, 0x70, 0x1E,
    0x70, 0x0E, 0x70, 0x1E, 0x78, 0x1E, 0x78, 0x1E, 0x7C, 0x3E, 0x3F, 0xFC, 0x1F, 0xF8, 0x0F, 0xF0,
    0x01, 0x80, 0x0F, 0x81, 0xFC, 0x39, 0xC1, 0x8C, 0x0F, 0x01, 0xFC, 0x3F, 0xE7, 0xDF, 0x78, 0xFF,
    0x0F, 0xF0, 0xFF, 0x0F, 0x78, 0xF7, 0xFF, 0x3F, 0xE1, 0xFC, 0x06, 0x00, 0xF7, 0x03, 0xB8, 0x0E,
    0xE0, 0x37, 0x07, 0xE0, 0x7F, 0xE3, 0xFF, 0x9F, 0xFE, 0xF0, 0xF7, 0x87, 0xBC, 0x3D, 0xE3, 0xEF,
    0xFE, 0x7F, 0xF3, 0xFF, 0x1E, 0x78, 0xF1, 0xE7, 0x8F, 0x3C, 0x3D, 0xE1, 0xE0, 0xFF, 0x3B, 0x8F,
    0xE7, 0x73, 0x99, 0xFC, 0xFE, 0x7F, 0x3C, 0x1E, 0x0F, 0x07, 0x83, 0xC1, 0xE0, 0xF0, 0x78, 0x1F,
    0x01, 0xFC, 0x0E, 0x70, 0x63, 0x07, 0xE0, 0x7F, 0xE3, 0xFF, 0x9F, 0xFE, 0xF0, 0xF7, 0x87, 0xBC,
    0x3D, 0xE3, 0xEF, 0xFE, 0x7F, 0xF3, 0xFF, 0x1E, 0x78, 0xF1, 0xE7, 0x8F, 0x3C, 0x3D, 0xE1, 0xE0,
    0x7C, 0xFE, 0xC6, 0xC6, 0xE6, 0xFE, 0xFE, 0xFE, 0xF0, 0xF0, 0xF0, 0xF0, 0xF0, 0xF0, 0xF0, 0xF0,
    0x7F, 0x81, 0xDC, 0x07, 0xF0, 0x3B, 0x86, 0x03, 0xF8, 0x3F, 0xC1, 0xFE, 0x0F, 0xF0, 0x7F, 0x83,
    0xFC, 0x1F, 0xE0, 0xFF, 0x07, 0xF8, 0x3F, 0xC1, 0xFE, 0x0F, 0xF8, 0xFB, 0xFF, 0x9F, 0xFC, 0x3F,
    0xC0, 0x70, 0x00, 0xFF, 0x0E, 0xE1, 0xFC, 0x1D, 0x8E, 0x0F, 0xE3, 0xFC, 0x7F, 0x8F, 0xF1, 0xFE,
    0x3F, 0xC7, 0xF8, 0xFF, 0x1F, 0xFF, 0xDF, 0xFB, 0xFF, 0x08, 0x00, 0x0F, 0x80, 0xFE, 0x06, 0x30,
    0x31, 0x86, 0x03, 0xF8, 0x3F, 0xC1, 0xFE, 0x0F, 0xF0, 0x7F, 0x83, 0xFC, 0x1F, 0xE0, 0xFF, 0x07,
    0xF8, 0x3F, 0xC1, 0xFE, 0x0F, 0xF8, 0xFB, 0xFF, 0x9F, 0xFC, 0x3F, 0xC0, 0x70, 0x00, 0x1F, 0x07,
    0xF0, 0xCE, 0x18, 0xCE, 0x0F, 0xE3, 0xFC, 0x7F, 0x8F, 0xF1, 0xFE, 0x3F, 0xC7, 0xF8, 0xFF, 0x1F,
    0xFF, 0xDF, 0xFB, 0xFF, 0x08, 0x00, 0x07, 0x80, 0xFF, 0x0F, 0xFC, 0xFF, 0xF7, 0x87, 0xBC, 0x1D,
    0xF8, 0x07, 0xF8, 0x1F, 0xF0, 0x3F, 0xC0, 0x3E, 0xE0, 0xF7, 0x87, 0xBF, 0xFC, 0xFF, 0xC3, 0xFC,
    0x03, 0x00, 0x38, 0x01, 0xC0, 0x0E, 0x00, 0xE0, 0x00, 0x0F, 0x07, 0xF9, 0xFF, 0x3C, 0xF7, 0x80,
    0xFF, 0x0F, 0xF0, 0x7F, 0x71, 0xEF, 0x3D, 0xFF, 0x9F, 0xE0, 0xE0, 0x1C, 0x03, 0x80, 0xF0, 0x1C,
    0x00, 0x7F, 0xFB, 0xFF, 0xEF, 0xFF, 0xBF, 0xFE, 0x07, 0x80, 0x1E, 0x00, 0x78, 0x01, 0xE0, 0x07,
    0x80, 0x1E, 0x00, 0x78, 0x01, 0xE0, 0x07, 0x80, 0x1E, 0x00, 0x78, 0x01, 0xE0, 0x00, 0x00, 0x1C,
    0x00, 0x70, 0x01, 0xC0, 0x0E, 0x00, 0x78, 0x78, 0xFE, 0xFE, 0xFE, 0x78, 0x78, 0x78, 0x78, 0x78,
    0x78, 0x7E, 0x3E, 0x3F, 0x00, 0x3C, 0x3C, 0x38, 0x38, 0x0F, 0x03, 0xFC, 0x7F, 0xEF, 0xFE, 0xF0,
    0xF0, 0x0F, 0x00, 0xF0, 0x1E, 0x03, 0xE1, 0xFE, 0x7F, 0xE7, 0xCF, 0x70, 0xF0, 0x0F, 0x01, 0xF0,
    0x1E, 0x07, 0xE3, 0xFC, 0x7F, 0x07, 0xC0, 0x60, 0x00, 0x1E, 0x1F, 0xEF, 0xFF, 0xCF, 0xE3, 0xC0,
    0xF0, 0x78, 0xFE, 0x7F, 0xDE, 0xF4, 0x3C, 0x0F, 0x07, 0x8F, 0xE7, 0xF1, 0xF0, 0x60, 0x00, 0x1D,
    0xE0, 0x7F, 0x00, 0xF8, 0x01, 0xC0, 0x60, 0x3B, 0xC0, 0xEF, 0x03, 0xBC, 0x0E, 0xF0, 0x3B, 0xC0,
    0xEF, 0x03, 0xBF, 0xFE, 0xFF, 0xFB, 0xFF, 0xEF, 0x03, 0xBC, 0x0E, 0xF0, 0x3B, 0xC0, 0xEF, 0x03,
    0xBC, 0x0E, 0x77, 0x81, 0xFC, 0x03, 0xE0, 0x07, 0x00, 0x0C, 0x00, 0x78, 0x01, 0xE0, 0x07, 0x80,
    0x1E, 0xE0, 0x7F, 0xE1, 0xFF, 0x87, 0xFF, 0x1E, 0x3C, 0x78, 0xF1, 0xE3, 0xC7, 0x8F, 0x1E, 0x3C,
    0x78, 0xF1, 0xE3, 0xC7, 0x8F, 0xF3, 0x8E, 0x70, 0x7B, 0x9D, 0xC0, 0x1E, 0x1F, 0x9D, 0xEC, 0x70,
    0x73, 0x7F, 0xFE, 0x00, 0x7D, 0xFF, 0xF8, 0x63, 0x7F, 0x3E, 0x1C, 0xEF, 0xF6, 0x77, 0x7B, 0xFD,
    0xC4, 0x40, 0xFF, 0x76, 0x23, 0xEF, 0xF3, 0xFD, 0xE0, 0x33, 0x1E, 0xE7, 0x7B, 0xDC, 0xE6, 0x00,
    0x77, 0xBF, 0x8F, 0x83, 0x80, 0xF7, 0x3B, 0x8E, 0xE3, 0x70, 0x73, 0xBD, 0xEE, 0x70, 0x73, 0x9C,
    0xE7, 0x30, 0x00, 0x73, 0x9C, 0xE7, 0x30, 0x00, 0x77, 0xFE, 0xEC, 0xEF, 0xF6, 0x77, 0x76, 0x60,
    0x43, 0x3C, 0x7F, 0x70, 0x31, 0xEF, 0x3E, 0x7C, 0xE0, 0x77, 0xBF, 0x8F, 0x83, 0x80, 0x01, 0x81,
    0xC0, 0xC0, 0xE0, 0x60, 0x70, 0x30, 0x38, 0x18, 0x1C, 0x0C, 0x0E, 0x06, 0x07, 0x03, 0x00, 0x00,
    0x30, 0x01, 0x80, 0x18, 0x01, 0xC0, 0x0C, 0x00, 0xE0, 0x06, 0x00, 0x60, 0x07, 0x00, 0x30, 0x03,
    0x80, 0x18, 0x01, 0x80, 0x1C, 0x00, 0xC0, 0x0E, 0x00, 0x60, 0x00, 0x3B, 0x7F, 0x7F, 0x00, 0x73,
    0xBD, 0xC0, 0x7F, 0x7F, 0xBF, 0xDC, 0x6E, 0x30, 0xFE, 0xFE, 0xFE, 0xFE, 0xFE, 0xFE, 0x03, 0x7D,
    0xF7, 0xDF, 0x70, 0xFF, 0xC6, 0x31, 0x80, 0x00, 0x3F, 0xBF, 0xDF, 0xED, 0xC0, 0x00, 0x1C, 0x1E,
    0x0F, 0x0F, 0x6F, 0xF7, 0xF9, 0x70, 0x78, 0x3C, 0x04, 0x00, 0x73, 0xFF, 0xBB, 0xCF, 0xFF, 0xF6,
    0x30, 0x33, 0x8F, 0xFB, 0xFF, 0x3F, 0xC3, 0x30, 0x03, 0xBF, 0xF7, 0x30, 0x80, 0x78, 0x3F, 0x87,
    0xE1, 0xFF, 0xFB, 0xF1, 0xC0, 0x00, 0x00, 0x7F, 0x76, 0x00, 0x3E, 0x7F, 0xE7, 0x1C, 0x3C, 0x1C,
    0x08, 0x43, 0xE7, 0x9E, 0xF8, 0x00, 0x04, 0xFF, 0xBE, 0x7C, 0x30, 0x40, 0xF1, 0xF9, 0xF7, 0xC8,
    0x00, 0x80, 0x8F, 0x1C, 0xFD, 0xC7, 0xFE, 0xFB, 0x6C, 0x36, 0x0E, 0x77, 0xEE, 0xEF, 0xF6, 0x21,
    0x3E, 0xEF, 0x28, 0x22, 0x3F, 0xB7, 0x7B, 0xB7, 0xF0, 0x67, 0xFF, 0xF3, 0x00, 0xE0, 0x07, 0x78,
    0x0F, 0x7F, 0xFE, 0x1F, 0xF8, 0x03, 0xC0, 0x60, 0x03, 0x3C, 0x07, 0x8F, 0xFF, 0x83, 0xFF, 0x80,
    0x1C, 0x00, 0x7F, 0xFF, 0xFF, 0xDF, 0xFE, 0x7F, 0xFF, 0xFF, 0xDF, 0xFE, 0x1F, 0x00, 0x0D, 0xFF,
    0xFF, 0xF7, 0xFF, 0xFF, 0xD8, 0x00, 0x7C, 0x00, 0x00, 0x07, 0xFC, 0x0F, 0xFF, 0x8F, 0x01, 0xE7,
    0x00, 0x70, 0x00, 0x07, 0x0F, 0xFF, 0xF3, 0xFF, 0xFF, 0x3F, 0xFF, 0xC0, 0x00, 0x70, 0x7C, 0xF9,
    0xF3, 0xE7, 0xCF, 0x80, 0x7C, 0xF9, 0xF7, 0xE7, 0xCF, 0x80, 0x1D, 0xFF, 0xFF, 0xE0, 0x7C, 0xFB,
    0xBF, 0x77, 0xCF, 0x80, 0x6C, 0xD9, 0xB3, 0x67, 0xCF, 0x80, 0x7D, 0xF6, 0xD9, 0x7D, 0xF0, 0x0C,
    0x18, 0x33, 0xE7, 0xDD, 0xBB, 0x3E, 0x7C, 0x60, 0xC1, 0x83, 0xE7, 0xCD, 0x9B, 0x36, 0x6C, 0xFF,
    0x7F, 0xF7, 0x7B, 0xBD, 0xDE, 0xEC, 0xFF, 0xCC, 0xCC, 0x66, 0xFF, 0x66, 0x77, 0x6C, 0xD9, 0xF1,
    0xC3, 0x87, 0x00, 0x6C, 0xF8, 0xE1, 0xC7, 0xCD, 0x80, 0x6F, 0xFE, 0xEE, 0x60, 0x03, 0x7F, 0xE0,
    0x60, 0x3B, 0xC1, 0xFF, 0x07, 0xFC, 0x3F, 0xF1, 0xFF, 0xC7, 0xFF, 0x3F, 0xFD, 0xEF, 0xF7, 0xBF,
    0xFC, 0xFF, 0xF3, 0xFF, 0x8F, 0xFC, 0x3F, 0xF0, 0xFF, 0x83, 0xFC, 0x0F, 0xEE, 0xF7, 0x0F, 0x03,
    0xFC, 0x7F, 0xE7, 0xBE, 0x71, 0xE0, 0x0F, 0x00, 0xF0, 0x0F, 0xF1, 0xE7, 0xFE, 0x7F, 0xC3, 0xF8,
    0x06, 0x00, 0x0F, 0x01, 0xFC, 0x3F, 0xE7, 0xDE, 0x78, 0xFF, 0x70, 0xF7, 0x0F, 0x60, 0x78, 0xF7,
    0xFE, 0x3F, 0xE1, 0xFC, 0x06, 0x00, 0x0F, 0x03, 0xFC, 0x7F, 0xE7, 0xBE, 0x71, 0xE0, 0xEF, 0x0E,
    0xF0, 0xEF, 0xF1, 0xE7, 0xFE, 0x7F, 0xC3, 0xF8, 0x06, 0x00, 0x23, 0xBE, 0xE2, 0x00, 0x00, 0x77,
    0xBD, 0xEE, 0x73, 0x80, 0x00, 0xC0, 0x3C, 0x07, 0x80, 0xF0, 0x1E, 0x03, 0xC0, 0x78, 0x0F, 0x01,
    0xE0, 0x3F, 0xC7, 0xF8, 0xFF, 0x1E, 0xFF, 0xDF, 0xF1, 0xFC, 0x06, 0x00, 0xEE, 0xEC, 0x0F, 0x01,
    0xC1, 0xBF, 0x7A, 0xFF, 0x1C, 0x01, 0x00, 0x03, 0x81, 0xEF, 0x83, 0x9F, 0x87, 0x7F, 0x0E, 0xFE,
    0x01, 0xDE, 0x07, 0xBC, 0x0F, 0x78, 0x1E, 0x78, 0x78, 0xF0, 0xFF, 0xE1, 0xFF, 0xE7, 0xFF, 0xCF,
    0x07, 0x9E, 0x07, 0xF8, 0x0F, 0x27, 0xBD, 0xE2, 0x00, 0x07, 0xFE, 0x77, 0xFF, 0x77, 0xFF, 0xE7,
    0xFF, 0x67, 0x80, 0x07, 0x80, 0x07, 0x80, 0x07, 0xFE, 0x07, 0xFE, 0x07, 0xFE, 0x07, 0x80, 0x07,
    0x80, 0x07, 0x80, 0x07, 0xFF, 0x07, 0xFF, 0x07, 0xFF, 0x07, 0x01, 0xDD, 0xE0, 0xF7, 0x78, 0x3F,
    0x9E, 0x0F, 0x67, 0x83, 0xC1, 0xE0, 0xF0, 0x78, 0x3C, 0x1F, 0xFF, 0x07, 0xFF, 0xC1, 0xFF, 0xF0,
    0x78, 0x3C, 0x1E, 0x0F, 0x07, 0x83, 0xC1, 0xE0, 0xF0, 0x78, 0x3C, 0x1E, 0x0F, 0x07, 0x3B, 0xDD,
    0xFC, 0xF6, 0x78, 0x3C, 0x1E, 0x0F, 0x07, 0x83, 0xC1, 0xE0, 0xF0, 0x78, 0x3C, 0x1E, 0x0F, 0x00,
    0x78, 0x1C, 0x7F, 0x87, 0x7F, 0xF3, 0x9F, 0xFE, 0x6F, 0x87, 0x83, 0xC0, 0xF1, 0xE0, 0x3C, 0x78,
    0x0F, 0x1E, 0x03, 0xC7, 0x80, 0xF1, 0xE0, 0x3C, 0x3C, 0x0F, 0x0F, 0x87, 0x81, 0xFF, 0xE0, 0x7F,
    0xF0, 0x07, 0xF8, 0x00, 0x30, 0x00, 0x07, 0x00, 0xE7, 0x78, 0x1E, 0x73, 0xC3, 0xEE, 0x3E, 0x3C,
    0x61, 0xE7, 0xC0, 0x1F, 0x78, 0x00, 0xFF, 0x00, 0x07, 0xF0, 0x00, 0x7E, 0x00, 0x03, 0xE0, 0x00,
    0x3C, 0x00, 0x03, 0xC0, 0x00, 0x3C, 0x00, 0x03, 0xC0, 0x00, 0x3C, 0x00, 0x03, 0xC0, 0x00, 0x78,
    0x1C, 0xFF, 0x87, 0x7F, 0xF3, 0xBF, 0xFE, 0x6F, 0x07, 0xC7, 0xC0, 0xF1, 0xE0, 0x3C, 0x78, 0x0F,
    0x1E, 0x03, 0xC7, 0x80, 0xF0, 0xF0, 0x3C, 0x3E, 0x3E, 0x07, 0xDF, 0x07, 0xF7, 0xF1, 0xFD, 0xFC,
    0x7F, 0x7F, 0x00, 0x1C, 0x18, 0x18, 0x66, 0xEF, 0xEF, 0x66, 0x38, 0x3C, 0x3C, 0x3C, 0x3C, 0x3C,
    0x3C, 0x3C, 0x3C, 0x3E, 0x3E, 0x1E, 0x00, 0x03, 0x80, 0x0F, 0x80, 0x1F, 0x80, 0x7F, 0x00, 0xFE,
    0x01, 0xDE, 0x07, 0xBC, 0x0F, 0x78, 0x1E, 0x78, 0x78, 0xF0, 0xFF, 0xE1, 0xFF, 0xE7, 0xFF, 0xCF,
    0x07, 0x9E, 0x07, 0xF8, 0x0F, 0x7E, 0x0F, 0xFC, 0xFF, 0xEF, 0xFF, 0xF0, 0xFF, 0x0F, 0xF1, 0xEF,
    0xFC, 0xFF, 0xEF, 0xFF, 0xF0, 0xFF, 0x0F, 0xF0, 0xFF, 0xFF, 0xFF, 0xEF, 0xFC, 0x7F, 0xDF, 0xFF,
    0xFF, 0xFF, 0xFF, 0x01, 0xE0, 0x3C, 0x07, 0x80, 0xF0, 0x1E, 0x03, 0xC0, 0x78, 0x0F, 0x01, 0xE0,
    0x3C, 0x07, 0x80, 0x03, 0x80, 0x0F, 0x80, 0x1F, 0x80, 0x7F, 0x00, 0xFE, 0x01, 0xFE, 0x07, 0xBC,
    0x0F, 0x78, 0x1E, 0x78, 0x78, 0xF0, 0xF1, 0xE1, 0xE1, 0xE7, 0x83, 0xCF, 0xFF, 0x9F, 0xFF, 0xFF,
    0xFF, 0x7F, 0xDF, 0xFF, 0xFF, 0xFF, 0xFF, 0x01, 0xE0, 0x3C, 0x07, 0xFE, 0xFF, 0xDF, 0xFB, 0xC0,
    0x78, 0x0F, 0x01, 0xFF, 0xFF, 0xFF, 0xFF, 0xFF, 0xEF, 0xFF, 0xFF, 0xFF, 0xFF, 0x01, 0xE0, 0x3C,
    0x07, 0x80, 0xF8, 0x0F, 0x01, 0xE0, 0x3E, 0x07, 0xC0, 0x78, 0x0F, 0xFF, 0xFF, 0xFF, 0xFF, 0x60,
    0x3B, 0xC0, 0xEF, 0x03, 0xBC, 0x0E, 0xF0, 0x3B, 0xC0, 0xEF, 0x03, 0xBF, 0xFE, 0xFF, 0xFB, 0xFF,
    0xEF, 0x03, 0xBC, 0x0E, 0xF0, 0x3B, 0xC0, 0xEF, 0x03, 0xBC, 0x0E, 0x03, 0xC0, 0x0F, 0xF0, 0x1F,
    0xF8, 0x3F, 0xFC, 0x7C, 0x3E, 0x78, 0x1E, 0x78, 0x1E, 0x77, 0xFE, 0x77, 0xEE, 0x77, 0xFE, 0x78,
    0x1E, 0x78, 0x1E, 0x7C, 0x3E, 0x3F, 0xFC, 0x1F, 0xF8, 0x0F, 0xF0, 0x01, 0x80, 0x6F, 0xFF, 0xFF,
    0xFF, 0xFF, 0xFF, 0xFF, 0xFF, 0x60, 0x3B, 0xC3, 0xEF, 0x0F, 0x3C, 0x78, 0xF3, 0xE3, 0xDF, 0x0F,
    0xF8, 0x3F, 0xC0, 0xFF, 0x83, 0xFE, 0x0F, 0xBC, 0x3C, 0xF8, 0xF1, 0xE3, 0xC3, 0xCF, 0x0F, 0xBC,
    0x1E, 0x03, 0x80, 0x0F, 0x80, 0x1F, 0x80, 0x7F, 0x00, 0xFE, 0x01, 0xDE, 0x07, 0xBC, 0x0F, 0x78,
    0x1E, 0x78, 0x78, 0xF0, 0xF1, 0xE1, 0xE1, 0xE7, 0x83, 0xCF, 0x07, 0x9E, 0x07, 0xF8, 0x0F, 0x78,
    0x0F, 0xFE, 0x07, 0xFF, 0x07, 0xFF, 0x83, 0xFF, 0xE1, 0xFF, 0xF1, 0xFF, 0xF8, 0xFF, 0xFE, 0xFF,
    0xFF, 0x7F, 0xFB, 0xBF, 0xFD, 0xFD, 0xFE, 0xFE, 0xFF, 0x3F, 0x7F, 0x9F, 0x3F, 0xCF, 0x9F, 0xE3,
    0x8F, 0x60, 0x1B, 0xE0, 0xFF, 0x83, 0xFF, 0x0F, 0xFC, 0x3F, 0xF8, 0xFF, 0xF3, 0xFF, 0xCF, 0xF7,
    0xBF, 0xDF, 0xFF, 0x3F, 0xFC, 0x7F, 0xF1, 0xFF, 0xC3, 0xFF, 0x07, 0xFC, 0x1F, 0xFF, 0xF7, 0xFF,
    0xBF, 0xFD, 0xFF, 0xE0, 0x00, 0x00, 0x00, 0x00, 0x0F, 0xFE, 0x7F, 0xF3, 0xFF, 0x00, 0x00, 0x00,
    0x00, 0x00, 0x7F, 0xFB, 0xFF, 0xDF, 0xFE, 0x03, 0xC0, 0x0F, 0xF0, 0x1F, 0xF8, 0x3F, 0xFC, 0x7C,
    0x3E, 0x78, 0x1E, 0x78, 0x1E, 0x70, 0x1E, 0x70, 0x0E, 0x70, 0x1E, 0x78, 0x1E, 0x78, 0x1E, 0x7C,
    0x3E, 0x3F, 0xFC, 0x1F, 0xF8, 0x0F, 0xF0, 0x01, 0x80, 0x7F, 0xFB, 0xFF, 0xEF, 0xFF, 0xBF, 0xFE,
    0xF0, 0x3B, 0xC0, 0xEF, 0x03, 0xBC, 0x0E, 0xF0, 0x3B, 0xC0, 0xEF, 0x03, 0xBC, 0x0E, 0xF0, 0x3B,
    0xC0, 0xEF, 0x03, 0xBC, 0x0E, 0x7E, 0x0F, 0xFC, 0xFF, 0xEF, 0xFF, 0xF0, 0xFF, 0x0F, 0xF0, 0xFF,
    0x0F, 0xFF, 0xEF, 0xFE, 0xFF, 0xCF, 0x00, 0xF0, 0x0F, 0x00, 0xF0, 0x0F, 0x00, 0x7F, 0xF7, 0xFF,
    0xBF, 0xFD, 0xFF, 0xE7, 0xC0, 0x1F, 0x00, 0x7C, 0x01, 0xF0, 0x07, 0x80, 0x78, 0x07, 0x80, 0x78,
    0x07, 0x80, 0x7F, 0xFF, 0xFF, 0xFF, 0xFF, 0x7F, 0xFB, 0xFF, 0xEF, 0xFF, 0xBF, 0xFE, 0x07, 0x80,
    0x1E, 0x00, 0x78, 0x01, 0xE0, 0x07, 0x80, 0x1E, 0x00, 0x78, 0x01, 0xE0, 0x07, 0x80, 0x1E, 0x00,
    0x78, 0x01, 0xE0, 0x70, 0x1D, 0xF0, 0x7D, 0xE0, 0xF1, 0xE3, 0xC3, 0xC7, 0x83, 0xDE, 0x07, 0xFC,
    0x07, 0xF0, 0x07, 0xE0, 0x0F, 0x80, 0x0F, 0x00, 0x1C, 0x00, 0x38, 0x00, 0x70, 0x00, 0xE0, 0x01,
    0xC0, 0x01, 0xE0, 0x00, 0xFE, 0x00, 0xFF, 0xE0, 0xFF, 0xFC, 0x3F, 0xFF, 0x9E, 0x79, 0xE7, 0x9E,
    0x3D, 0xC7, 0x8F, 0x71, 0xE3, 0xDC, 0x78, 0xF7, 0x9E, 0x3D, 0xE7, 0x9E, 0x3F, 0xFF, 0x87, 0xFF,
    0xC0, 0xFF, 0xE0, 0x0F, 0xC0, 0x01, 0xE0, 0x00, 0x70, 0x1C, 0xF0, 0x78, 0xF1, 0xF1, 0xF3, 0xC1,
    0xEF, 0x01, 0xFE, 0x03, 0xF8, 0x03, 0xE0, 0x07, 0xC0, 0x0F, 0xC0, 0x3F, 0x80, 0xF7, 0x83, 0xEF,
    0x87, 0x8F, 0x1E, 0x0F, 0x7C, 0x1F, 0x61, 0x87, 0x79, 0xE3, 0xFC, 0xF1, 0xFE, 0x78, 0xFF, 0x3C,
    0x7F, 0x9E, 0x3F, 0xCF, 0x1D, 0xE7, 0x9E, 0x7B, 0xCF, 0x3F, 0xFF, 0x8F, 0xFF, 0x83, 0xFF, 0x00,
    0x3C, 0x00, 0x1E, 0x00, 0x0F, 0x00, 0x07, 0x80, 0x03, 0xC0, 0x0F, 0xF0, 0x1F, 0xFC, 0x3F, 0xFC,
    0x7C, 0x3E, 0x78, 0x1E, 0x78, 0x0F, 0x70, 0x0F, 0x70, 0x0F, 0x78, 0x1E, 0x78, 0x1E, 0x3E, 0x3C,
    0x1E, 0x78, 0x7E, 0x7E, 0x7E, 0x7F, 0x7E, 0x7F, 0xE7, 0xEF, 0xEF, 0x42, 0x18, 0x3C, 0x3C, 0x3C,
    0x3C, 0x3C, 0x3C, 0x3C, 0x3C, 0x3C, 0x3C, 0x3C, 0x3C, 0x3C, 0x3C, 0x3C, 0x0E, 0xE0, 0x3D, 0xE0,
    0x3B, 0xC0, 0x22, 0x07, 0x01, 0xDF, 0x07, 0xDE, 0x0F, 0x1E, 0x3C, 0x3C, 0x78, 0x3D, 0xE0, 0x7F,
    0xC0, 0x7F, 0x00, 0x7E, 0x00, 0xF8, 0x00, 0xF0, 0x01, 0xC0, 0x03, 0x80, 0x07, 0x00, 0x0E, 0x00,
    0x1C, 0x00, 0x07, 0x80, 0x1C, 0x00, 0x70, 0x01, 0x80, 0x0F, 0x1C, 0xFE, 0xF3, 0xFF, 0x9F, 0x7E,
    0x78, 0xFB, 0xC1, 0xEF, 0x07, 0xBC, 0x1E, 0x78, 0xF9, 0xFF, 0xE3, 0xFF, 0xC7, 0xEF, 0x06, 0x00,
    0x07, 0x00, 0xE0, 0x18, 0x03, 0x00, 0xF0, 0x7F, 0x9F, 0xF3, 0xCF, 0x70, 0x0F, 0xE0, 0xFC, 0x3F,
    0x0F, 0x0F, 0xF3, 0xDF, 0xF1, 0xFE, 0x06, 0x00, 0x0F, 0x01, 0xC0, 0x38, 0x07, 0x0E, 0x71, 0xFF,
    0xBF, 0xF7, 0xFF, 0xF1, 0xFE, 0x3F, 0xC7, 0xF8, 0xFF, 0x1F, 0xE3, 0xFC, 0x7F, 0x8F, 0x01, 0xE0,
    0x3C, 0x07, 0x80, 0xF0, 0x0E, 0x71, 0xC6, 0x18, 0xE3, 0xCF, 0x3C, 0xF3, 0xCF, 0x3C, 0xF3, 0xEF,
    0x9E, 0x00, 0x0F, 0x01, 0xC1, 0xBF, 0x7A, 0xFF, 0x1C, 0x01, 0x38, 0x3F, 0x8F, 0xF1, 0xFE, 0x3F,
    0xC7, 0xF8, 0xFF, 0x1F, 0xE3, 0xFC, 0x7F, 0xFF, 0x7F, 0xC7, 0xF0, 0x30, 0x00, 0x0F, 0x1C, 0xFE,
    0xF3, 0xFF, 0x9F, 0x7E, 0x78, 0xFB, 0xC1, 0xEF, 0x07, 0xBC, 0x1E, 0x78, 0xF9, 0xFF, 0xE3, 0xFF,
    0xC7, 0xEF, 0x06, 0x00, 0x0E, 0x07, 0xF1, 0xFF, 0x7F, 0xEF, 0x1F, 0xE3, 0xFC, 0xF7, 0xFE, 0xFF,
    0xDE, 0xFF, 0xC7, 0xF8, 0x7F, 0x1F, 0xFF, 0xFF, 0xF7, 0xFC, 0xF2, 0x1E, 0x03, 0xC0, 0x78, 0x0E,
    0x00, 0xE0, 0x7F, 0x0F, 0x70, 0xF7, 0x8E, 0x79, 0xE3, 0x9E, 0x3D, 0xC3, 0xFC, 0x1F, 0xC1, 0xF8,
    0x1F, 0x80, 0xF0, 0x0F, 0x00, 0xF0, 0x0F, 0x00, 0xF0, 0x07, 0x00, 0x01, 0x81, 0xFC, 0x3F, 0xC3,
    0xFC, 0x3C, 0x01, 0xF8, 0x1F, 0xC7, 0xFE, 0x79, 0xF7, 0x0F, 0xF0, 0xFF, 0x0F, 0x78, 0xF7, 0xFF,
    0x3F, 0xE1, 0xFC, 0x07, 0x00, 0x0F, 0x07, 0xF9, 0xFF, 0x3C, 0xF7, 0x00, 0xFE, 0x0F, 0xC3, 0xF0,
    0xF0, 0xFF, 0x3D, 0xFF, 0x1F, 0xE0, 0x60, 0x3F, 0xCF, 0xF9, 0xFF, 0x3F, 0xE0, 0x78, 0x1E, 0x07,
    0x81, 0xF0, 0x3C, 0x0F, 0x01, 0xC0, 0x78, 0x0F, 0x00, 0xFF, 0x1F, 0xF1, 0xFF, 0x01, 0xE0, 0x3C,
    0x07, 0x80, 0xE7, 0x1F, 0xFB, 0xFF, 0x7F, 0xFF, 0x1F, 0xE3, 0xFC, 0x7F, 0x8F, 0xF1, 0xFE, 0x3F,
    0xC7, 0xF8, 0xF0, 0x1E, 0x03, 0xC0, 0x78, 0x0F, 0x00, 0xE0, 0x07, 0x00, 0xFE, 0x0F, 0xF8, 0xFB,
    0xE7, 0x8F, 0x38, 0x79, 0xC1, 0xCF, 0xFE, 0x7F, 0xF3, 0xFF, 0x9C, 0x1C, 0xE1, 0xE7, 0x8F, 0x3F,
    0xF0, 0xFF, 0x83, 0xF8, 0x07, 0x00, 0xE3, 0xCF, 0x3C, 0xF3, 0xCF, 0x3C, 0xF3, 0xEF, 0x9E, 0x00,
    0xE1, 0xEF, 0x3E, 0xF3, 0xCF, 0x78, 0xFF, 0x8F, 0xF0, 0xFE, 0x0F, 0xF0, 0xFF, 0x8F, 0x7C, 0xF3,
    0xCF, 0x3E, 0x38, 0x01, 0xF0, 0x07, 0xE0, 0x0F, 0xC0, 0x0F, 0x00, 0x3C, 0x01, 0xF8, 0x07, 0xE0,
    0x1F, 0xC0, 0xFF, 0x03, 0xDC, 0x0E, 0x78, 0x79, 0xE1, 0xE3, 0xEF, 0x0F, 0xFC, 0x1F, 0x00, 0x18,
    0xE0, 0xEF, 0x1E, 0xF1, 0xEF, 0x1E, 0xF1, 0xEF, 0x1E, 0xF1, 0xEF, 0x1E, 0xF1, 0xEF, 0xFF, 0xFF,
    0xFF, 0xEF, 0xF0, 0x0F, 0x00, 0xF0, 0x0F, 0x00, 0xE0, 0x00, 0xC0, 0x77, 0x83, 0xBE, 0x3C, 0xF1,
    0xE3, 0x8E, 0x1E, 0xF0, 0xF7, 0x83, 0xB8, 0x1F, 0xC0, 0xFC, 0x03, 0xE0, 0x1F, 0x00, 0x3F, 0xCF,
    0xFD, 0xFF, 0xBF, 0xC7, 0x80, 0xF0, 0x1E, 0x01, 0xFE, 0x1F, 0xCF, 0xF9, 0xC0, 0x78, 0x0F, 0x00,
    0xFF, 0x1F, 0xF1, 0xFF, 0x01, 0xE0, 0x1C, 0x03, 0x80, 0x0F, 0x01, 0xFC, 0x3F, 0xE7, 0xDF, 0x78,
    0xFF, 0x0F, 0xF0, 0xFF, 0x0F, 0x78, 0xF7, 0xFF, 0x3F, 0xE1, 0xFC, 0x06, 0x00, 0xFF, 0xFF, 0xFF,
    0xFF, 0xFE, 0x79, 0xE3, 0x8E, 0x1C, 0x70, 0xE3, 0x87, 0x1C, 0x38, 0xE1, 0xC7, 0xCE, 0x3E, 0x70,
    0xF0, 0x00, 0x00, 0x0F, 0x03, 0xF8, 0x7F, 0xCF, 0xBE, 0xF1, 0xEF, 0x0F, 0xF0, 0xFF, 0x0F, 0xF1,
    0xEF, 0xFE, 0xFF, 0xCF, 0xFC, 0xF2, 0x0F, 0x00, 0xF0, 0x0F, 0x00, 0xE0, 0x00, 0x0F, 0x01, 0xFC,
    0x3F, 0xE7, 0xDE, 0x78, 0xFF, 0x00, 0xF0, 0x0F, 0x00, 0x78, 0x07, 0xF8, 0x3F, 0xC1, 0xFE, 0x00,
    0xE0, 0x0E, 0x00, 0xE0, 0x07, 0xF8, 0x7F, 0xE3, 0xFF, 0x9F, 0xF8, 0x78, 0xF3, 0xC3, 0xCF, 0x0F,
    0x3C, 0x3C, 0x78, 0xF1, 0xFF, 0xC3, 0xFE, 0x07, 0xF0, 0x06, 0x00, 0xFF, 0xDF, 0xFF, 0xFF, 0xFF,
    0xE1, 0xE0, 0x3C, 0x07, 0x80, 0xF0, 0x1E, 0x03, 0xF0, 0x3E, 0x07, 0xE0, 0x00, 0xE0, 0xFE, 0x3F,
    0xC7, 0xF8, 0xFF, 0x1F, 0xE3, 0xFC, 0x7F, 0x8F, 0xF1, 0xFF, 0xFD, 0xFF, 0x1F, 0xC0, 0xC0, 0x08,
    0x78, 0x3D, 0xFC, 0x3D, 0xFE, 0x7B, 0xDF, 0x73, 0xCF, 0xF3, 0xCF, 0xF3, 0xCF, 0xF3, 0xCF, 0x7B,
    0xCF, 0x7F, 0xFE, 0x3F, 0xFE, 0x1F, 0xF8, 0x03, 0xE0, 0x03, 0xC0, 0x03, 0xC0, 0x03, 0xC0, 0x01,
    0xC0, 0xC0, 0x77, 0x87, 0xBE, 0x38, 0xF3, 0xC3, 0xFC, 0x0F, 0xE0, 0x7E, 0x01, 0xF0, 0x0F, 0x00,
    0x7C, 0x07, 0xE0, 0x3F, 0x83, 0xFC, 0x1C, 0xF9, 0xE3, 0xFE, 0x1F, 0xF0, 0x30, 0x03, 0x80, 0x07,
    0x03, 0x8E, 0x3F, 0x9C, 0x7F, 0x38, 0xFE, 0x71, 0xFC, 0xE3, 0xF9, 0xC7, 0xF3, 0x8F, 0xE7, 0x3F,
    0xCE, 0x7F, 0xFF, 0xF7, 0xFF, 0xC7, 0xFF, 0x01, 0xF0, 0x01, 0xC0, 0x03, 0x80, 0x07, 0x00, 0x0E,
    0x00, 0x1C, 0x1C, 0x1E, 0x0F, 0x0F, 0x03, 0xCF, 0x01, 0xE7, 0x9C, 0x7B, 0x8E, 0x3F, 0xC7, 0x1F,
    0xE3, 0x8F, 0x71, 0xE7, 0xBF, 0xFF, 0x9F, 0xFF, 0xC7, 0xEF, 0xC0, 0x41, 0x00, 0x73, 0x3B, 0xDD,
    0xE4, 0x61, 0xC0, 0xF0, 0x78, 0x3C, 0x1E, 0x0F, 0x07, 0x83, 0xC1, 0xE0, 0xF8, 0x7C, 0x1E, 0x00,
    0x00, 0x3B, 0x8F, 0x79, 0xEE, 0x08, 0x8E, 0x0F, 0xE3, 0xFC, 0x7F, 0x8F, 0xF1, 0xFE, 0x3F, 0xC7,
    0xF8, 0xFF, 0x1F, 0xFF, 0xDF, 0xF1, 0xFC, 0x0C, 0x00, 0x07, 0x80, 0x70, 0x07, 0x00, 0x60, 0x0F,
    0x01, 0xFC, 0x3F, 0xE7, 0xDF, 0x78, 0xFF, 0x0F, 0xF0, 0xFF, 0x0F, 0x78, 0xF7, 0xFF, 0x3F, 0xE1,
    0xFC, 0x06, 0x00, 0x0F, 0x01, 0xC0, 0x38, 0x07, 0x0E, 0x0F, 0xE3, 0xFC, 0x7F, 0x8F, 0xF1, 0xFE,
    0x3F, 0xC7, 0xF8, 0xFF, 0x1F, 0xFF, 0xDF, 0xF1, 0xFC, 0x0C, 0x00, 0x00, 0xE0, 0x00, 0x70, 0x00,
    0x70, 0x00, 0x18, 0x01, 0xC1, 0xC1, 0xE0, 0xF0, 0xF0, 0x3C, 0xF0, 0x1E, 0x79, 0xC7, 0xB8, 0xE3,
    0xFC, 0x71, 0xFE, 0x38, 0xF7, 0x1E, 0x7B, 0xFF, 0xF9, 0xFF, 0xFC, 0x7E, 0xFC, 0x04, 0x10, 0x00,
    0x60, 0x3B, 0xC3, 0xEF, 0x0F, 0x3C, 0x78, 0xF3, 0xE3, 0xDF, 0x0F, 0xF8, 0x3F, 0xC0, 0xFF, 0x83,
    0xFE, 0x0F, 0xBC, 0x3C, 0xF8, 0xF1, 0xE3, 0xC3, 0xCF, 0x0F, 0xBC, 0x1E, 0x00, 0x78, 0x03, 0xE0,
    0x0F, 0x00, 0x38, 0x00, 0x20, 0x0F, 0x81, 0xFC, 0x3F, 0xE7, 0x9E, 0x7F, 0xC7, 0xF8, 0xF7, 0x0F,
    0xFC, 0xFF, 0xEF, 0x9E, 0xF0, 0xFF, 0x0F, 0x70, 0xE7, 0xFE, 0x3F, 0xE1, 0xFC, 0x06, 0x00, 0x07,
    0x01, 0xFC, 0x1F, 0xC3, 0xFE, 0x3D, 0xE3, 0xDE, 0x3D, 0xE1, 0xFF, 0x7F, 0xFE, 0xFF, 0xE3, 0xFE,
    0x1E, 0xF1, 0xEF, 0xFC, 0x7F, 0xC3, 0xF8, 0x0C, 0x00, 0x60, 0x1F, 0xE0, 0xF7, 0x87, 0xDF, 0x1F,
    0x1C, 0xF0, 0x7B, 0xC1, 0xEE, 0x03, 0xF8, 0x0F, 0xC0, 0x1F, 0x00, 0x78, 0x01, 0xE0, 0x07, 0x80,
    0x1E, 0x00, 0x78, 0x01, 0xE0, 0x07, 0x00, 0xCE, 0xF0, 0x7D, 0xDF, 0x0F, 0x73, 0xE3, 0xE6, 0x1E,
    0x70, 0x03, 0xDE, 0x00, 0x3B, 0xC0, 0x07, 0xF0, 0x00, 0x7E, 0x00, 0x0F, 0x80, 0x00, 0xF0, 0x00,
    0x1E, 0x00, 0x03, 0xC0, 0x00, 0x78, 0x00, 0x0F, 0x00, 0x01, 0xE0, 0x0C, 0xE0, 0x7B, 0x81, 0xEE,
    0x03, 0x10, 0x60, 0x1F, 0xE0, 0xF7, 0x87, 0xDF, 0x1F, 0x1C, 0xF0, 0x7B, 0xC1, 0xEE, 0x03, 0xF8,
    0x0F, 0xC0, 0x1F, 0x00, 0x78, 0x01, 0xE0, 0x07, 0x80, 0x1E, 0x00, 0x78, 0x01, 0xE0, 0x03, 0x80,
    0x07, 0x80, 0x0F, 0x00, 0x1E, 0x00, 0xFE, 0x03, 0xFF, 0x0F, 0xFF, 0x3F, 0xFE, 0x7B, 0xDF, 0xE7,
    0xBF, 0xCF, 0x7F, 0x9E, 0xF7, 0xBD, 0xEF, 0xFF, 0x8F, 0xFF, 0x0F, 0xFC, 0x07, 0xC0, 0x07, 0x80,
    0x0F, 0x00, 0x1E, 0x00, 0x38, 0x00, 0x7F, 0xFF, 0xCF, 0xFF, 0xFD, 0xFF, 0xFF, 0x9C, 0x01, 0xC7,
    0x8E, 0x3C, 0xF1, 0xE7, 0x9E, 0x3C, 0xF3, 0xC7, 0x9E, 0x79, 0xF3, 0xC7, 0xFF, 0xF0, 0xFF, 0xFE,
    0x0F, 0xDF, 0x80, 0x60, 0xC0, 0xE1, 0xEF, 0x3E, 0xF3, 0xCF, 0x78, 0xFF, 0x8F, 0xF0, 0xFE, 0x0F,
    0xF0, 0xFF, 0x8F, 0x7C, 0xF3, 0xCF, 0x1E, 0x01, 0xE0, 0x3C, 0x07, 0x80, 0x78, 0x01, 0x00, 0x7F,
    0xDF, 0xFF, 0xFF, 0xFF, 0xFF, 0x01, 0xE0, 0x3C, 0x07, 0xFF, 0xFF, 0xFF, 0xFF, 0xC0, 0x78, 0x0F,
    0x01, 0xE0, 0x3C, 0x07, 0x80, 0xFF, 0xBF, 0xEF, 0xFB, 0xFE, 0xF0, 0x3C, 0x0F, 0xFB, 0xFE, 0xFF,
    0xBC, 0x0F, 0x03, 0xC0, 0xF0, 0x3C, 0x0F, 0x03, 0xC0, 0xE0, 0x00, 0xF0, 0x3B, 0xE1, 0xCF, 0x8F,
    0x0E, 0x3C, 0x39, 0xF0, 0xEF, 0xC3, 0xFF, 0x0F, 0xFC, 0x3E, 0xF0, 0xF3, 0xC3, 0xC7, 0xDE, 0x1F,
    0x00, 0x18, 0x0F, 0x03, 0xFC, 0x7F, 0xE7, 0x9E, 0xF0, 0xEF, 0x0F, 0xF0, 0xFF, 0x0F, 0xF9, 0xEF,
    0xFE, 0x7F, 0xC7, 0x70, 0x78, 0x03, 0xF8, 0x1F, 0xC0, 0xFC, 0x01, 0xE0, 0x0F, 0x01, 0xFC, 0x3F,
    0xE7, 0xDE, 0x78, 0xFF, 0x00, 0xF0, 0x0F, 0x00, 0x78, 0xF7, 0xFE, 0x3F, 0xE1, 0xFC, 0x06, 0x00,
    0x38, 0xF3, 0xC6, 0x38, 0xF3, 0xCF, 0x3C, 0xF3, 0xCF, 0x3C, 0xF3, 0xCF, 0x3D, 0xFF, 0xBE, 0xC0,
    0x03, 0xC0, 0x0F, 0xF0, 0x1F, 0xF8, 0x3F, 0xFC, 0x7C, 0x3E, 0x78, 0x1E, 0x78, 0x1E, 0x7F, 0xFE,
    0x7F, 0xFE, 0x7F, 0xFE, 0x78, 0x1E, 0x78, 0x1E, 0x7C, 0x3E, 0x3F, 0xFC, 0x1F, 0xF8, 0x0F, 0xF0,
    0x01, 0x80, 0x0F, 0x8F, 0xF7, 0xFD, 0xE0, 0x70, 0x3F, 0xCF, 0xF3, 0xFC, 0x78, 0x1F, 0xE3, 0xFC,
    0x7F, 0x03, 0x80, 0x78, 0x3F, 0x8F, 0xF1, 0xFE, 0x07, 0x8F, 0xE3, 0xF8, 0xFE, 0x07, 0x9F, 0xEF,
    0xF3, 0xF8, 0x78, 0x00, 0x03, 0xC0, 0x1F, 0xE0, 0x7F, 0xE1, 0xFF, 0xE7, 0xC3, 0xEF, 0x03, 0xDE,
    0x00, 0x38, 0x00, 0x70, 0x00, 0xE0, 0x01, 0xE0, 0x73, 0xC0, 0xF7, 0xC3, 0xC7, 0xFF, 0x87, 0xFE,
    0x07, 0xF8, 0x01, 0x80, 0x78, 0x0F, 0xFE, 0x07, 0xFF, 0x07, 0xFF, 0x83, 0xFF, 0xE1, 0xFF, 0xF1,
    0xFF, 0xF8, 0xFF, 0xFE, 0xFF, 0xFF, 0x7F, 0xFB, 0xBF, 0xFD, 0xFD, 0xFE, 0xFE, 0xFF, 0x3F, 0x7F,
    0x9F, 0x3F, 0xCF, 0x9F, 0xE3, 0x8F, 0x03, 0xC0, 0x3F, 0x81, 0xFF, 0x0F, 0xBE, 0x3C, 0x78, 0xF0,
    0xF3, 0xC3, 0xCF, 0x0F, 0x3C, 0x78, 0xFF, 0xE3, 0xFF, 0x0F, 0xFC, 0xFF, 0x83, 0xFC, 0x0F, 0xF0,
    0x0F, 0x00, 0x38, 0x00, 0x07, 0x80, 0x3F, 0xE0, 0xFF, 0xE3, 0xFF, 0xC7, 0x87, 0xCF, 0x07, 0x80,
    0x07, 0x80, 0x0F, 0x00, 0x1E, 0x00, 0x3D, 0xC0, 0x7B, 0xC1, 0xE7, 0x87, 0xCF, 0xFF, 0x0F, 0xFE,
    0x0F, 0xF0, 0x03, 0x80, 0x03, 0xC0, 0x1F, 0xE0, 0x7F, 0xE1, 0xFF, 0xE7, 0xC3, 0xEF, 0x03, 0xDE,
    0x60, 0x39, 0xE0, 0x73, 0xC0, 0xE7, 0x81, 0xE0, 0x73, 0xC0, 0xF7, 0xC3, 0xC7, 0xFF, 0x87, 0xFE,
    0x07, 0xF8, 0x01, 0x80, 0x07, 0x80, 0x3F, 0xE0, 0xFF, 0xE3, 0xFF, 0xC7, 0x87, 0xCF, 0x07, 0x80,
    0xC7, 0x83, 0xCF, 0x07, 0x9E, 0x0F, 0x3D, 0xC4, 0x7B, 0xC1, 0xE7, 0x87, 0xCF, 0xFF, 0x0F, 0xFE,
    0x0F, 0xF0, 0x03, 0x80, 0x3C, 0x03, 0x80, 0x78, 0x07, 0x07, 0xFD, 0xFF, 0xFF, 0xFF, 0xFF, 0xF0,
    0x1E, 0x03, 0xC0, 0x7F, 0xEF, 0xFD, 0xFF, 0xBC, 0x07, 0x80, 0xF0, 0x1F, 0xFF, 0xFF, 0xFF, 0xF0,
    0x3B, 0x8F, 0x78, 0xEE, 0x08, 0x87, 0xFD, 0xFF, 0xFF, 0xFF, 0xFF, 0xF0, 0x1E, 0x03, 0xC0, 0x7F,
    0xEF, 0xFD, 0xFF, 0xBC, 0x07, 0x80, 0xF0, 0x1F, 0xFF, 0xFF, 0xFF, 0xF0, 0x7F, 0xF8, 0x7F, 0xFC,
    0x3F, 0xFE, 0x1F, 0xFF, 0x00, 0x78, 0x00, 0x3C, 0x00, 0x1E, 0xE0, 0x0F, 0xFC, 0x07, 0xFF, 0x03,
    0xFF, 0xC1, 0xE1, 0xE0, 0xF0, 0xF0, 0x78, 0x78, 0x3C, 0x3C, 0x1E, 0xFE, 0x0F, 0x7E, 0x00, 0x3E,
    0x00, 0x18, 0x00, 0x07, 0x80, 0xE0, 0x38, 0x07, 0x07, 0xFD, 0xFF, 0xFF, 0xFF, 0xFF, 0xF0, 0x1E,
    0x03, 0xC0, 0x78, 0x0F, 0x01, 0xE0, 0x3C, 0x07, 0x80, 0xF0, 0x1E, 0x03, 0xC0, 0x78, 0x00, 0x03,
    0xC0, 0x1F, 0xE0, 0x7F, 0xE1, 0xFF, 0xE7, 0xC3, 0xEF, 0x03, 0xDE, 0x00, 0x3F, 0xE0, 0x7F, 0xC0,
    0xFF, 0x81, 0xE0, 0x73, 0xC0, 0xF7, 0xC3, 0xC7, 0xFF, 0x87, 0xFE, 0x07, 0xF8, 0x01, 0x80, 0x07,
    0x80, 0xFF, 0x0F, 0xFC, 0xFF, 0xF7, 0x87, 0xBC, 0x1D, 0xF8, 0x07, 0xF8, 0x1F, 0xF0, 0x3F, 0xC0,
    0x3E, 0xE0, 0xF7, 0x87, 0xBF, 0xFC, 0xFF, 0xC3, 0xFC, 0x03, 0x00, 0x6F, 0xFF, 0xFF, 0xFF, 0xFF,
    0xFF, 0xFF, 0xFF, 0xE7, 0xEF, 0xEF, 0x42, 0x18, 0x3C, 0x3C, 0x3C, 0x3C, 0x3C, 0x3C, 0x3C, 0x3C,
    0x3C, 0x3C, 0x3C, 0x3C, 0x3C, 0x3C, 0x3C, 0x00, 0xC0, 0x3C, 0x07, 0x80, 0xF0, 0x1E, 0x03, 0xC0,
    0x78, 0x0F, 0x01, 0xE0, 0x3F, 0xC7, 0xF8, 0xFF, 0x1E, 0xFF, 0xDF, 0xF1, 0xFC, 0x06, 0x00, 0x0F,
    0xFC, 0x00, 0x1F, 0xF8, 0x00, 0x7F, 0xF0, 0x00, 0xFF, 0xE0, 0x01, 0xE3, 0xC0, 0x03, 0xC7, 0x80,
    0x07, 0x8F, 0xFC, 0x0F, 0x1F, 0xFC, 0x1E, 0x3F, 0xFC, 0x3C, 0x78, 0x7C, 0x70, 0xF0, 0x78, 0xE1,
    0xE0, 0xF3, 0xC3, 0xC3, 0xFF, 0x87, 0xFF, 0xBE, 0x0F, 0xFE, 0x78, 0x1F, 0xF8, 0x60, 0x38, 0x03,
    0xC0, 0xE0, 0x0F, 0x03, 0x80, 0x3C, 0x0E, 0x00, 0xF0, 0x38, 0x03, 0xC0, 0xE0, 0x0F, 0xFF, 0xFE,
    0x3F, 0xFF, 0xFE, 0xFF, 0xFF, 0xFB, 0xC0, 0xE1, 0xFF, 0x03, 0x83, 0xFC, 0x0E, 0x0F, 0xF0, 0x38,
    0x3F, 0xC0, 0xFF, 0xEF, 0x03, 0xFF, 0xBC, 0x0F, 0xF8, 0x7F, 0xF8, 0x3F, 0xFF, 0x0F, 0xFF, 0xC3,
    0xFF, 0xF0, 0x07, 0x80, 0x01, 0xE0, 0x00, 0x7B, 0xC0, 0x1F, 0xFC, 0x07, 0xFF, 0x81, 0xFF, 0xE0,
    0x78, 0x7C, 0x1E, 0x0F, 0x07, 0x83, 0xC1, 0xE0, 0xF0, 0x78, 0x3C, 0x1E, 0x0F, 0x03, 0x80, 0x1E,
    0x00, 0x70, 0x01, 0x80, 0x60, 0x3B, 0xC1, 0xEF, 0x0F, 0x3C, 0x7C, 0xF3, 0xE3, 0xCF, 0x0F, 0x78,
    0x3F, 0xE0, 0xFF, 0x03, 0xFE, 0x0F, 0x7C, 0x3C, 0xF8, 0xF1, 0xE3, 0xC3, 0xCF, 0x0F, 0xBC, 0x1E,
    0x1E, 0x00, 0x38, 0x00, 0x70, 0x01, 0xC0, 0x60, 0x3B, 0xC1, 0xFF, 0x07, 0xFC, 0x3F, 0xF1, 0xFF,
    0xC7, 0xFF, 0x3F, 0xFD, 0xEF, 0xF7, 0xBF, 0xFC, 0xFF, 0xF3, 0xFF, 0x8F, 0xFC, 0x3F, 0xF0, 0xFF,
    0x83, 0xFC, 0x0F, 0x1C, 0xE0, 0x3F, 0x80, 0xFC, 0x00, 0xE0, 0x70, 0x1F, 0xE0, 0xF7, 0x87, 0xDF,
    0x1E, 0x3C, 0x78, 0xF3, 0xC1, 0xEF, 0x07, 0xF8, 0x0F, 0xE0, 0x3F, 0x00, 0x7C, 0x01, 0xF0, 0x07,
    0x80, 0xFE, 0x03, 0xF0, 0x0F, 0x80, 0x60, 0x37, 0x83, 0xFC, 0x1F, 0xE0, 0xFF, 0x07, 0xF8, 0x3F,
    0xC1, 0xFE, 0x0F, 0xF0, 0x7F, 0x83, 0xFC, 0x1F, 0xE0, 0xFF, 0x07, 0xFF, 0xFF, 0xFF, 0xFF, 0xFF,
    0x07, 0x00, 0x38, 0x01, 0xC0, 0x0E, 0x00, 0x03, 0x80, 0x0F, 0x80, 0x1F, 0x80, 0x7F, 0x00, 0xFE,
    0x01, 0xDE, 0x07, 0xBC, 0x0F, 0x78, 0x1E, 0x78, 0x78, 0xF0, 0xFF, 0xE1, 0xFF, 0xE7, 0xFF, 0xCF,
    0x07, 0x9E, 0x07, 0xF8, 0x0F, 0x7F, 0xCF, 0xFE, 0xFF, 0xEF, 0xFC, 0xF0, 0x0F, 0x00, 0xF0, 0x0F,
    0xFC, 0xFF, 0xEF, 0xFF, 0xF0, 0xFF, 0x0F, 0xF0, 0xFF, 0xFF, 0xFF, 0xEF, 0xFC, 0x7E, 0x0F, 0xFC,
    0xFF, 0xEF, 0xFF, 0xF0, 0xFF, 0x0F, 0xF1, 0xEF, 0xFC, 0xFF, 0xEF, 0xFF, 0xF0, 0xFF, 0x0F, 0xF0,
    0xFF, 0xFF, 0xFF, 0xEF, 0xFC, 0x7F, 0xDF, 0xFF, 0xFF, 0xFF, 0xFF, 0x01, 0xE0, 0x3C, 0x07, 0x80,
    0xF0, 0x1E, 0x03, 0xC0, 0x78, 0x0F, 0x01, 0xE0, 0x3C, 0x07, 0x80, 0x07, 0xFE, 0x03, 0xFF, 0xC0,
    0xFF, 0xF0, 0x3F, 0xFC, 0x0F, 0x0F, 0x03, 0xC3, 0xC0, 0xF0, 0xF0, 0x3C, 0x3C, 0x0F, 0x0F, 0x03,
    0x83, 0xC1, 0xE0, 0xF0, 0x78, 0x3C, 0x3E, 0x0F, 0x3F, 0xFF, 0xEF, 0xFF, 0xFB, 0xFF, 0xFE, 0xF0,
    0x03, 0xBC, 0x00, 0xEF, 0x00, 0x39, 0xC0, 0x0E, 0x7F, 0xDF, 0xFF, 0xFF, 0xFF, 0xFF, 0x01, 0xE0,
    0x3C, 0x07, 0xFE, 0xFF, 0xDF, 0xFB, 0xC0, 0x78, 0x0F, 0x01, 0xFF, 0xFF, 0xFF, 0xFF, 0x70, 0x30,
    0x39, 0xE1, 0xE1, 0xE7, 0xC7, 0x8F, 0x8F, 0x1E, 0x3C, 0x3E, 0x79, 0xE0, 0x79, 0xE7, 0x80, 0xF7,
    0xBC, 0x03, 0xFF, 0xF0, 0x0F, 0xFF, 0xC0, 0x3F, 0xFF, 0x01, 0xE7, 0x9E, 0x07, 0x9E, 0x78, 0x3C,
    0x78, 0xF1, 0xF1, 0xE3, 0xC7, 0x87, 0x87, 0xBE, 0x1E, 0x1F, 0x07, 0x00, 0xFF, 0x0F, 0xFC, 0xFB,
    0xE7, 0x8F, 0x18, 0x78, 0x03, 0xC0, 0xFC, 0x07, 0xE0, 0x3F, 0x80, 0x3E, 0xE0, 0xF7, 0x87, 0xBF,
    0xF8, 0xFF, 0xC3, 0xFC, 0x07, 0x00, 0x60, 0x3B, 0xC1, 0xFF, 0x07, 0xFC, 0x3F, 0xF1, 0xFF, 0xC7,
    0xFF, 0x3F, 0xFD, 0xEF, 0xF7, 0xBF, 0xFC, 0xFF, 0xF3, 0xFF, 0x8F, 0xFC, 0x3F, 0xF0, 0xFF, 0x83,
    0xFC, 0x0F, 0x18, 0xC0, 0x7F, 0x00, 0xFC, 0x01, 0xC0, 0x60, 0x3B, 0xC1, 0xFF, 0x07, 0xFC, 0x3F,
    0xF1, 0xFF, 0xC7, 0xFF, 0x3F, 0xFD, 0xEF, 0xF7, 0xBF, 0xFC, 0xFF, 0xF3, 0xFF, 0x8F, 0xFC, 0x3F,
    0xF0, 0xFF, 0x83, 0xFC, 0x0F, 0x60, 0x3B, 0xC1, 0xEF, 0x0F, 0x3C, 0x7C, 0xF3, 0xE3, 0xCF, 0x0F,
    0x78, 0x3F, 0xE0, 0xFF, 0x03, 0xFE, 0x0F, 0x7C, 0x3C, 0xF8, 0xF1, 0xE3, 0xC3, 0xCF, 0x0F, 0xBC,
    0x1E, 0x0F, 0xFC, 0x1F, 0xFC, 0x7F, 0xF8, 0xFF, 0xF1, 0xE1, 0xE3, 0xC3, 0xC7, 0x87, 0x8F, 0x0F,
    0x1E, 0x1E, 0x3C, 0x3C, 0x78, 0x78, 0xE0, 0xF3, 0xC1, 0xFF, 0x83, 0xFE, 0x07, 0xF8, 0x0F, 0x78,
    0x0F, 0xFE, 0x07, 0xFF, 0x07, 0xFF, 0x83, 0xFF, 0xE1, 0xFF, 0xF1, 0xFF, 0xF8, 0xFF, 0xFE, 0xFF,
    0xFF, 0x7F, 0xFB, 0xBF, 0xFD, 0xFD, 0xFE, 0xFE, 0xFF, 0x3F, 0x7F, 0x9F, 0x3F, 0xCF, 0x9F, 0xE3,
    0x8F, 0x60, 0x3B, 0xC0, 0xEF, 0x03, 0xBC, 0x0E, 0xF0, 0x3B, 0xC0, 0xEF, 0x03, 0xBF, 0xFE, 0xFF,
    0xFB, 0xFF, 0xEF, 0x03, 0xBC, 0x0E, 0xF0, 0x3B, 0xC0, 0xEF, 0x03, 0xBC, 0x0E, 0x03, 0xC0, 0x0F,
    0xF0, 0x1F, 0xF8, 0x3F, 0xFC, 0x7C, 0x3E, 0x78, 0x1E, 0x78, 0x1E, 0x70, 0x1E, 0x70, 0x0E, 0x70,
    0x1E, 0x78, 0x1E, 0x78, 0x1E, 0x7C, 0x3E, 0x3F, 0xFC, 0x1F, 0xF8, 0x0F, 0xF0, 0x01, 0x80, 0x7F,
    0xFB, 0xFF, 0xEF, 0xFF, 0xBF, 0xFE, 0xF0, 0x3B, 0xC0, 0xEF, 0x03, 0xBC, 0x0E, 0xF0, 0x3B, 0xC0,
    0xEF, 0x03, 0xBC, 0x0E, 0xF0, 0x3B, 0xC0, 0xEF, 0x03, 0xBC, 0x0E, 0x7E, 0x0F, 0xFC, 0xFF, 0xEF,
    0xFF, 0xF0, 0xFF, 0x0F, 0xF0, 0xFF, 0x0F, 0xFF, 0xEF, 0xFE, 0xFF, 0xCF, 0x00, 0xF0, 0x0F, 0x00,
    0xF0, 0x0F, 0x00, 0x03, 0xC0, 0x1F, 0xE0, 0x7F, 0xE1, 0xFF, 0xE7, 0xC3, 0xEF, 0x03, 0xDE, 0x00,
    0x38, 0x00, 0x70, 0x00, 0xE0, 0x01, 0xE0, 0x73, 0xC0, 0xF7, 0xC3, 0xC7, 0xFF, 0x87, 0xFE, 0x07,
    0xF8, 0x01, 0x80, 0x7F, 0xFB, 0xFF, 0xEF, 0xFF, 0xBF, 0xFE, 0x07, 0x80, 0x1E, 0x00, 0x78, 0x01,
    0xE0, 0x07, 0x80, 0x1E, 0x00, 0x78, 0x01, 0xE0, 0x07, 0x80, 0x1E, 0x00, 0x78, 0x01, 0xE0, 0x70,
    0x1F, 0xE0, 0xF7, 0x87, 0xDF, 0x1E, 0x3C, 0x78, 0xF3, 0xC1, 0xEF, 0x07, 0xF8, 0x0F, 0xE0, 0x3F,
    0x00, 0x7C, 0x01, 0xF0, 0x07, 0x80, 0xFE, 0x03, 0xF0, 0x0F, 0x80, 0x01, 0xE0, 0x00, 0xF0, 0x03,
    0xFF, 0x07, 0xFF, 0xC3, 0xFF, 0xF3, 0xCF, 0x79, 0xE7, 0x9E, 0xE3, 0xCF, 0x71, 0xE7, 0xB8, 0xF3,
    0xDE, 0x79, 0xEF, 0xBD, 0xE3, 0xFF, 0xF0, 0xFF, 0xF0, 0x3F, 0xE0, 0x03, 0xC0, 0x01, 0xE0, 0x00,
    0x70, 0x1C, 0xF0, 0x78, 0xF1, 0xF1, 0xF3, 0xC1, 0xEF, 0x01, 0xFE, 0x03, 0xF8, 0x03, 0xE0, 0x07,
    0xC0, 0x0F, 0xC0, 0x3F, 0x80, 0xF7, 0x83, 0xEF, 0x87, 0x8F, 0x1E, 0x0F, 0x7C, 0x1F, 0x60, 0x31,
    0xE0, 0xF3, 0xC1, 0xE7, 0x83, 0xCF, 0x07, 0x9E, 0x0F, 0x3C, 0x1E, 0x78, 0x3C, 0xF0, 0x79, 0xE0,
    0xF3, 0xC1, 0xE7, 0x83, 0xCF, 0x07, 0x9F, 0xFF, 0xFF, 0xFF, 0xFF, 0xFF, 0x00, 0x1E, 0x00, 0x3C,
    0x00, 0x78, 0x00, 0xE0, 0x60, 0x77, 0x83, 0xFC, 0x1F, 0xE0, 0xFF, 0x07, 0xF8, 0x3F, 0xC1, 0xFF,
    0x1F, 0x7F, 0xFB, 0xFF, 0xC7, 0xDE, 0x00, 0xF0, 0x07, 0x80, 0x3C, 0x01, 0xE0, 0x0F, 0x60, 0xC1,
    0xDE, 0x3C, 0x3F, 0xC7, 0x87, 0xF8, 0xF0, 0xFF, 0x1E, 0x1F, 0xE3, 0xC3, 0xFC, 0x78, 0x7F, 0x8F,
    0x0F, 0xF1, 0xE1, 0xFE, 0x3C, 0x3F, 0xC7, 0x87, 0xF8, 0xF0, 0xFF, 0x1E, 0x1F, 0xFF, 0xFF, 0xFF,
    0xFF, 0xFF, 0xFF, 0xFF, 0x60, 0xC1, 0xCF, 0x1E, 0x1E, 0xF1, 0xE1, 0xEF, 0x1E, 0x1E, 0xF1, 0xE1,
    0xEF, 0x1E, 0x1E, 0xF1, 0xE1, 0xEF, 0x1E, 0x1E, 0xF1, 0xE1, 0xEF, 0x1E, 0x1E, 0xF1, 0xE1, 0xEF,
    0x1E, 0x1E, 0xF1, 0xE1, 0xEF, 0xFF, 0xFF, 0xFF, 0xFF, 0xFF, 0xFF, 0xFF, 0x00, 0x00, 0xF0, 0x00,
    0x0F, 0x00, 0x00, 0xF0, 0x00, 0x07, 0x7F, 0x00, 0x7F, 0x80, 0x3F, 0xC0, 0x1F, 0xE0, 0x00, 0xF0,
    0x00, 0x78, 0x00, 0x3F, 0xF0, 0x1F, 0xFC, 0x0F, 0xFF, 0x07, 0x87, 0xC3, 0xC1, 0xE1, 0xE0, 0xF0,
    0xF0, 0xF8, 0x7F, 0xF8, 0x3F, 0xFC, 0x1F, 0xF8, 0x60, 0x03, 0x78, 0x03, 0xFC, 0x01, 0xFE, 0x00,
    0xFF, 0x00, 0x7F, 0x80, 0x3F, 0xFE, 0x1F, 0xFF, 0xCF, 0xFF, 0xF7, 0xF8, 0x7B, 0xFC, 0x3D, 0xFE,
    0x1E, 0xFF, 0x0F, 0x7F, 0xFF, 0xBF, 0xFF, 0x9F, 0xFF, 0x8F, 0x60, 0x0F, 0x00, 0xF0, 0x0F, 0x00,
    0xF0, 0x0F, 0x00, 0xFF, 0x8F, 0xFE, 0xFF, 0xFF, 0x0F, 0xF0, 0xFF, 0x0F, 0xF0, 0xFF, 0xFF, 0xFF,
    0xEF, 0xFC, 0x07, 0x80, 0x3F, 0xE0, 0xFF, 0xE3, 0xFF, 0xC7, 0x83, 0xCF, 0x07, 0x80, 0x07, 0x83,
    0xFF, 0x07, 0xFE, 0x07, 0xFD, 0xC0, 0x7B, 0xC1, 0xE7, 0x87, 0xCF, 0xFF, 0x0F, 0xFE, 0x0F, 0xF0,
    0x03, 0x80, 0x60, 0x1E, 0x0F, 0x0F, 0xF8, 0xF1, 0xFF, 0xCF, 0x1F, 0xFE, 0xF3, 0xE1, 0xEF, 0x3C,
    0x0F, 0xF7, 0x80, 0xFF, 0xF8, 0x0F, 0xFF, 0x80, 0xFF, 0xF8, 0x0F, 0xF7, 0x80, 0xFF, 0x3C, 0x0F,
    0xF3, 0xE1, 0xEF, 0x1F, 0xFE, 0xF1, 0xFF, 0xCF, 0x07, 0xF8, 0x00, 0x1C, 0x00, 0x03, 0xF0, 0xFF,
    0xCF, 0xFE, 0xFF, 0xF7, 0x87, 0xBC, 0x3D, 0xE1, 0xEF, 0x8F, 0x7F, 0xF9, 0xFF, 0xC7, 0xFE, 0x7C,
    0xF3, 0xC7, 0xBE, 0x3D, 0xE1, 0xFF, 0x0F, 0x0F, 0x07, 0xF9, 0xFF, 0xBC, 0xF0, 0x1E, 0x3F, 0xDF,
    0xFB, 0xEF, 0xF1, 0xFE, 0x7D, 0xFF, 0xBF, 0xF1, 0x80, 0x00, 0x60, 0x0F, 0x0F, 0xE3, 0xFE, 0x3F,
    0x07, 0xB8, 0x7F, 0xE7, 0xFE, 0xF8, 0xFF, 0x0F, 0xF0, 0xFF, 0x0F, 0x78, 0xF7, 0xFE, 0x3F, 0xE1,
    0xFC, 0x07, 0x00, 0xFC, 0x1F, 0xF3, 0xFF, 0x7B, 0xEE, 0x3D, 0xFF, 0x3F, 0xE7, 0xFE, 0xE1, 0xDF,
    0xFB, 0xFF, 0x7F, 0xC0, 0xFF, 0xFF, 0xFF, 0xFF, 0xF0, 0xF0, 0xF0, 0xF0, 0xF0, 0xF0, 0xF0, 0xF0,
    0x1F, 0xF0, 0x7F, 0xC3, 0xFF, 0x0F, 0xFC, 0x3C, 0xF0, 0xF3, 0xC3, 0xCF, 0x0E, 0x3C, 0x38, 0xF3,
    0xFF, 0xFF, 0xFF, 0xFF, 0xFF, 0xF0, 0x3F, 0xC0, 0xFF, 0x03, 0xF8, 0x0E, 0x0F, 0x01, 0xFC, 0x3F,
    0xE7, 0x9E, 0x70, 0xFF, 0xFF, 0xFF, 0xFF, 0xFE, 0x70, 0xE7, 0xDF, 0x3F, 0xE1, 0xFC, 0x06, 0x00,
    0x71, 0xC3, 0xBE, 0x79, 0xE7, 0x9E, 0xF8, 0xF7, 0xBC, 0x1F, 0xFE, 0x07, 0xFF, 0x00, 0xFF, 0xC0,
    0x7F, 0xF8, 0x3F, 0xFF, 0x0F, 0x7B, 0xC7, 0x9E, 0xFB, 0xE7, 0x9F, 0x0E, 0x07, 0xF1, 0xFF, 0x39,
    0xE0, 0x3C, 0x1F, 0x03, 0xE0, 0x7E, 0xF3, 0xDF, 0xF9, 0xFF, 0x1F, 0xC0, 0x40, 0xE0, 0xFE, 0x3F,
    0xCF, 0xF9, 0xFF, 0x7F, 0xFF, 0xFF, 0xFF, 0xEF, 0xFD, 0xFF, 0x3F, 0xC7, 0xF8, 0xF0, 0x31, 0x87,
    0xF0, 0xFC, 0x07, 0x0E, 0x0F, 0xE3, 0xFC, 0xFF, 0x9F, 0xF7, 0xFF, 0xFF, 0xFF, 0xFE, 0xFF, 0xDF,
    0xF3, 0xFC, 0x7F, 0x8F, 0xE1, 0xFE, 0x7F, 0xCF, 0x7B, 0xCF, 0xF9, 0xFE, 0x3F, 0x87, 0xF8, 0xF7,
    0x9E, 0xFB, 0xCF, 0x78, 0xF0, 0x3F, 0xE3, 0xFF, 0x3F, 0xF3, 0xFF, 0x3C, 0xF3, 0xCF, 0x3C, 0xF3,
    0x8F, 0x78, 0xFF, 0x8F, 0xF8, 0xFF, 0x0F, 0xF8, 0x3D, 0xF8, 0xFF, 0xF1, 0xFF, 0xE3, 0xFF, 0xEF,
    0xFF, 0xDF, 0xFF, 0xBF, 0xFF, 0xFF, 0xFF, 0xDF, 0xEF, 0xBF, 0xDF, 0x7F, 0x9C, 0xF0, 0xE0, 0xFE,
    0x3F, 0xC7, 0xF8, 0xFF, 0x1F, 0xFF, 0xFF, 0xFF, 0xFF, 0xF1, 0xFE, 0x3F, 0xC7, 0xF8, 0xF0, 0x0F,
    0x01, 0xFC, 0x3F, 0xE7, 0xDF, 0x78, 0xFF, 0x0F, 0xF0, 0xFF, 0x0F, 0x78, 0xF7, 0xFF, 0x3F, 0xE1,
    0xFC, 0x06, 0x00, 0xFF, 0xDF, 0xFF, 0xFF, 0xFF, 0xFF, 0x1F, 0xE3, 0xFC, 0x7F, 0x8F, 0xF1, 0xFE,
    0x3F, 0xC7, 0xF8, 0xF0, 0xE7, 0x0F, 0xFC, 0xFF, 0xEF, 0xBE, 0xF1, 0xEF, 0x0F, 0xF0, 0xFF, 0x0F,
    0xF1, 0xEF, 0xFE, 0xFF, 0xCF, 0xFC, 0xF2, 0x0F, 0x00, 0xF0, 0x0F, 0x00, 0xE0, 0x00, 0x0F, 0x01,
    0xFC, 0x3F, 0xE7, 0xDE, 0x78, 0xFF, 0x00, 0xF0, 0x0F, 0x00, 0x78, 0xF7, 0xFE, 0x3F, 0xE1, 0xFC,
    0x06, 0x00, 0xFF, 0xDF, 0xFF, 0xFF, 0xFF, 0xE1, 0xE0, 0x3C, 0x07, 0x80, 0xF0, 0x1E, 0x03, 0xC0,
    0x78, 0x0F, 0x00, 0xE0, 0x77, 0x87, 0x9C, 0x3C, 0xF1, 0xC7, 0x9E, 0x1C, 0xF0, 0xF7, 0x07, 0xF8,
    0x1F, 0x80, 0xFC, 0x03, 0xE0, 0x1E, 0x00, 0xF0, 0x1F, 0x81, 0xF8, 0x0F, 0x80, 0x78, 0x00, 0x01,
    0x80, 0x03, 0xC0, 0x03, 0xC0, 0x03, 0xC0, 0x07, 0xE0, 0x1F, 0xF8, 0x3F, 0xFC, 0x7B, 0xDE, 0x7B,
    0xDE, 0xF3, 0xCF, 0xF3, 0xCF, 0xF3, 0xCF, 0x7B, 0xDE, 0x7F, 0xFE, 0x3F, 0xFC, 0x1F, 0xF8, 0x07,
    0xE0, 0x03, 0xC0, 0x03, 0xC0, 0x03, 0xC0, 0x03, 0xC0, 0x70, 0xE7, 0x9E, 0x79, 0xE3, 0xFC, 0x1F,
    0x81, 0xF8, 0x1F, 0x01, 0xF8, 0x3F, 0xC3, 0xBC, 0x79, 0xEF, 0x0F, 0xE1, 0xCF, 0x1E, 0xF1, 0xEF,
    0x1E, 0xF1, 0xEF, 0x1E, 0xF1, 0xEF, 0x1E, 0xF1, 0xEF, 0xFF, 0xFF, 0xFF, 0xFF, 0x00, 0x70, 0x07,
    0x00, 0x70, 0x07, 0xE1, 0xDE, 0x3F, 0xC7, 0xF8, 0xFF, 0x1F, 0xE3, 0xFF, 0xFB, 0xFF, 0x3F, 0xE0,
    0x3C, 0x07, 0x80, 0xF0, 0xE3, 0x87, 0xF3, 0xCF, 0xF3, 0xCF, 0xF3, 0xCF, 0xF3, 0xCF, 0xF3, 0xCF,
    0xF3, 0xCF, 0xF3, 0xCF, 0xF3, 0xCF, 0xFF, 0xFF, 0xFF, 0xFF, 0xFF, 0xFF, 0xE3, 0x87, 0x3C, 0xF3,
    0xCF, 0x3C, 0xF3, 0xCF, 0x3C, 0xF3, 0xCF, 0x3C, 0xF3, 0xCF, 0x3C, 0xF3, 0xCF, 0x3C, 0xF3, 0xCF,
    0x3F, 0xFF, 0xEF, 0xFF, 0xFB, 0xFF, 0xFE, 0x00, 0x03, 0x80, 0x00, 0xE0, 0x00, 0x38, 0x00, 0x0E,
    0xFC, 0x03, 0xF8, 0x0F, 0xE0, 0x07, 0x80, 0x1F, 0xE0, 0x7F, 0xE1, 0xFF, 0x87, 0x8E, 0x1E, 0x3C,
    0x7F, 0xE1, 0xFF, 0x87, 0xFC, 0xE0, 0x1D, 0xE0, 0x3F, 0xC0, 0x7F, 0x80, 0xFF, 0xF1, 0xFF, 0xFB,
    0xFF, 0xF7, 0xF8, 0xFF, 0xF1, 0xFF, 0xFF, 0xBF, 0xFF, 0x7F, 0xFC, 0xF0, 0xE0, 0x1E, 0x03, 0xC0,
    0x78, 0x0F, 0xF1, 0xFF, 0xBF, 0xF7, 0x8F, 0xF1, 0xFF, 0xFB, 0xFF, 0x7F, 0xC0, 0x0F, 0x03, 0xFC,
    0x7F, 0xE7, 0x9E, 0x70, 0xE0, 0xFF, 0x0F, 0xF0, 0x7F, 0xF0, 0xE7, 0xFE, 0x7F, 0xC3, 0xF8, 0x06,
    0x00, 0xE0, 0x70, 0x78, 0xFE, 0x3C, 0xFF, 0x9E, 0xFB, 0xEF, 0x78, 0xF7, 0xFC, 0x3B, 0xFE, 0x1D,
    0xFF, 0x0E, 0xF7, 0x8F, 0x7B, 0xFF, 0xBC, 0xFF, 0x9E, 0x3F, 0x80, 0x07, 0x00, 0x0F, 0xE7, 0xFD,
    0xFF, 0xBF, 0xFF, 0x1E, 0xF3, 0xDF, 0xF9, 0xFF, 0x3F, 0xEF, 0xBD, 0xE7, 0xF8, 0xF0, 0x1C, 0x01,
    0xE0, 0x0E, 0x00, 0x60, 0x0F, 0x01, 0xFC, 0x3F, 0xE7, 0x9E, 0x70, 0xFF, 0xFF, 0xFF, 0xFF, 0xFE,
    0x70, 0xE7, 0xDF, 0x3F, 0xE1, 0xFC, 0x06, 0x00, 0x39, 0xC3, 0xDC, 0x3D, 0xC1, 0x08, 0x0F, 0x01,
    0xFC, 0x3F, 0xE7, 0x9E, 0x70, 0xFF, 0xFF, 0xFF, 0xFF, 0xFE, 0x70, 0xE7, 0xDF, 0x3F, 0xE1, 0xFC,
    0x06, 0x00, 0x18, 0x01, 0xE0, 0x3F, 0xE0, 0xFF, 0x03, 0xDC, 0x1F, 0xF8, 0xFF, 0xC7, 0xFF, 0x3C,
    0x79, 0xE3, 0xCF, 0x1E, 0x78, 0xF3, 0xC7, 0x9E, 0x3C, 0xF1, 0xE7, 0x8F, 0x00, 0x78, 0x03, 0xC0,
    0x7E, 0x03, 0xE0, 0x1E, 0x00, 0x0E, 0x1E, 0x1C, 0x18, 0xFF, 0xFF, 0xFF, 0xFF, 0xF0, 0xF0, 0xF0,
    0xF0, 0xF0, 0xF0, 0xF0, 0xF0, 0x0F, 0x01, 0xFC, 0x3F, 0xE7, 0x9E, 0x70, 0xFF, 0xF0, 0xFF, 0x0F,
    0xE0, 0x78, 0xF7, 0xFE, 0x3F, 0xE1, 0xFC, 0x06, 0x00, 0x0F, 0x07, 0xF9, 0xFF, 0x3C, 0xF7, 0x80,
    0xFF, 0x0F, 0xF0, 0x7F, 0x71, 0xEF, 0x3D, 0xFF, 0x9F, 0xE0, 0xE0, 0xEF, 0xF6, 0xEF, 0xFF, 0xFF,
    0xFF, 0xFF, 0xFF, 0x73, 0x3B, 0xDD, 0xE4, 0x61, 0xC0, 0xF0, 0x78, 0x3C, 0x1E, 0x0F, 0x07, 0x83,
    0xC1, 0xE0, 0xF0, 0x78, 0x3C, 0x38, 0xF3, 0xC6, 0x38, 0xF3, 0xCF, 0x3C, 0xF3, 0xCF, 0x3C, 0xF3,
    0xCF, 0x3D, 0xFF, 0xBE, 0xC0, 0x1F, 0xF0, 0x07, 0xFE, 0x00, 0xFF, 0xC0, 0x1F, 0xF8, 0x03, 0xCF,
    0xF8, 0x79, 0xFF, 0x8F, 0x3F, 0xF9, 0xE7, 0x8F, 0x38, 0xF1, 0xFF, 0x1F, 0xFF, 0xE3, 0xFF, 0x78,
    0x7F, 0xC0, 0xE1, 0xC0, 0x3C, 0x78, 0x0F, 0x1E, 0x03, 0xC7, 0x80, 0xF1, 0xFC, 0x3F, 0xFF, 0xCF,
    0xFF, 0xFB, 0xFF, 0xFF, 0xF1, 0xE3, 0xFC, 0x7F, 0xFF, 0x1F, 0xFB, 0xC7, 0xFC, 0x18, 0x03, 0xF8,
    0x3F, 0xE0, 0xFE, 0x03, 0xDC, 0x1F, 0xF8, 0xFF, 0xC7, 0xFF, 0x3C, 0x79, 0xE3, 0xCF, 0x1E, 0x78,
    0xF3, 0xC7, 0x9E, 0x3C, 0xF1, 0xE7, 0x8F, 0x07, 0x01, 0xE0, 0x38, 0x06, 0x0E, 0x1F, 0xE7, 0xFC,
    0xF7, 0xBC, 0xFF, 0x9F, 0xE3, 0xF8, 0x7F, 0x8F, 0x79, 0xEF, 0xBC, 0xF7, 0x8F, 0x3C, 0x03, 0x80,
    0x78, 0x07, 0x0E, 0x0F, 0xE3, 0xFC, 0xFF, 0x9F, 0xF7, 0xFF, 0xFF, 0xFF, 0xFE, 0xFF, 0xDF, 0xF3,
    0xFC, 0x7F, 0x8F, 0x39, 0xC0, 0xFE, 0x07, 0xE0, 0x0E, 0x0E, 0x07, 0x78, 0x79, 0xC3, 0xCF, 0x1C,
    0x79, 0xE1, 0xCF, 0x0F, 0x70, 0x7F, 0x81, 0xF8, 0x0F, 0xC0, 0x3E, 0x01, 0xE0, 0x0F, 0x01, 0xF8,
    0x1F, 0x80, 0xF8, 0x07, 0x80, 0x00, 0xE1, 0xDE, 0x3F, 0xC7, 0xF8, 0xFF, 0x1F, 0xE3, 0xFC, 0x7F,
    0x8F, 0xF1, 0xFF, 0xFF, 0xFF, 0xFF, 0xF1, 0xE0, 0x3C, 0x07, 0x80, 0x70, 0x60, 0xC1, 0xFC, 0x78,
    0xFF, 0x1E, 0x3F, 0xC7, 0x8F, 0xF1, 0xE3, 0xFC, 0x78, 0xFF, 0x1E, 0x3F, 0xC7, 0x8F, 0xF1, 0xE3,
    0xFC, 0x78, 0xFF, 0x1E, 0x3F, 0xC7, 0x8F, 0xF1, 0xE3, 0xFF, 0xFF, 0xF7, 0xFF, 0xF8, 0xFE, 0xFC,
    0x04, 0x0C, 0x00, 0xE1, 0xC7, 0xF3, 0xC7, 0xF3, 0xC7, 0xF3, 0xC7, 0xF3, 0xC7, 0xF3, 0xC7, 0xF3,
    0xC7, 0xF3, 0xC7, 0xF3, 0xCF, 0xFF, 0xFF, 0x7F, 0xFF, 0x7E, 0x7E, 0x08, 0x18, 0x18, 0x00, 0xF0,
    0x0F, 0xF8, 0x3F, 0xE0, 0xFF, 0x80, 0xF0, 0x03, 0xFF, 0x0F, 0xFE, 0x3F, 0xFC, 0xF0, 0xF3, 0xC3,
    0xCF, 0x0F, 0x3C, 0x3C, 0xFF, 0xF3, 0xFF, 0x8F, 0xFC, 0x18, 0x01, 0xE0, 0x0F, 0x00, 0x78, 0x0F,
    0xF8, 0x7F, 0xE3, 0xFF, 0x07, 0x80, 0x3F, 0xC1, 0xFF, 0x8F, 0xFC, 0x78, 0xF3, 0xC7, 0x9F, 0xFC,
    0xFF, 0xC7, 0xFC, 0x60, 0x1C, 0x1E, 0x1F, 0xF3, 0xC7, 0xFF, 0x78, 0xFF, 0xEF, 0x3C, 0x1F, 0xE7,
    0x83, 0xFD, 0xE0, 0x07, 0xFF, 0xE0, 0xFF, 0xFC, 0x1F, 0xFF, 0x83, 0xDE, 0x00, 0x79, 0xE0, 0xFF,
    0x3E, 0x3F, 0xE3, 0xFF, 0xBC, 0x7F, 0xF7, 0x83, 0xF8, 0x00, 0x1C, 0x00, 0xE0, 0x70, 0xF1, 0xFC,
    0xF3, 0xFE, 0xF7, 0xDE, 0xF7, 0x8F, 0xFF, 0xE0, 0xFF, 0xF0, 0xFF, 0xE0, 0xF7, 0x8F, 0xF7, 0xFE,
    0xF3, 0xFE, 0xF1, 0xFC, 0x00, 0x60, 0x03, 0x80, 0x0F, 0x80, 0x1F, 0x80, 0x7F, 0x00, 0xFE, 0x01,
    0xDE, 0x07, 0xBC, 0x0F, 0x78, 0x1E, 0x78, 0x7F, 0xF0, 0xFF, 0xE1, 0xFF, 0xE7, 0xBB, 0xCF, 0x77,
    0x9E, 0xE7, 0xF9, 0xCF, 0x07, 0x00, 0xF0, 0x1F, 0x81, 0xF8, 0x1F, 0x83, 0xFC, 0x3D, 0xC3, 0xFE,
    0x7F, 0xE7, 0x6E, 0xF6, 0xFF, 0x6F, 0x60, 0x3C, 0x0F, 0x07, 0xC0, 0xF0, 0x7E, 0x0F, 0x07, 0xE0,
    0xF0, 0xFF, 0x0F, 0x0F, 0xF0, 0xF1, 0xEF, 0x0F, 0x1E, 0x78, 0xF1, 0xE7, 0x8F, 0xFF, 0xF8, 0xFF,
    0xFF, 0xCF, 0xFF, 0xFC, 0xF7, 0xFF, 0xCF, 0x7B, 0xDE, 0xF7, 0xBD, 0xEF, 0xFB, 0xDE, 0xE0, 0x70,
    0xF0, 0xF0, 0xF0, 0xF8, 0xF1, 0xF8, 0xF1, 0xF8, 0xF3, 0xFC, 0xFF, 0xDC, 0xFF, 0xFE, 0xFF, 0xFE,
    0xF7, 0xFE, 0xFF, 0x6F, 0xFF, 0x6F, 0x3F, 0xFE, 0x3F, 0xFF, 0x0F, 0xFF, 0x07, 0xFF, 0x81, 0xE7,
    0x80, 0x73, 0xC0, 0x3F, 0xC0, 0x1F, 0xE0, 0x3F, 0xFE, 0x3F, 0xFF, 0xBE, 0xF7, 0xDE, 0x79, 0xEF,
    0x3C, 0x77, 0x9E, 0x3B, 0xCF, 0x1D, 0xE7, 0x8E, 0x7F, 0xF9, 0xFF, 0xE3, 0xFF, 0x0F, 0x38, 0x1F,
    0xE0, 0x7F, 0x07, 0xFF, 0x3F, 0xFE, 0xFF, 0xFF, 0x9E, 0xFE, 0x7B, 0xF9, 0xEF, 0x60, 0xFF, 0xF9,
    0xE1, 0xFF, 0xF3, 0xC3, 0xFF, 0xE7, 0x83, 0xFF, 0x8F, 0x07, 0x8E, 0x1E, 0x07, 0xBC, 0x3C, 0x07,
    0x70, 0x7F, 0xFF, 0xF0, 0xFF, 0xFF, 0xF9, 0xFF, 0xFF, 0xFB, 0xCF, 0xFD, 0xF7, 0x9E, 0x38, 0xFF,
    0x3C, 0x71, 0xFE, 0x78, 0xE3, 0xFC, 0xF1, 0xC7, 0xF9, 0xE3, 0x8F, 0xE1, 0xFF, 0xCF, 0x1F, 0xFC,
    0xF1, 0xFF, 0xCF, 0x0F, 0x78, 0xF0, 0x77, 0x0F, 0xFF, 0xF0, 0xFF, 0xFF, 0xCF, 0xFF, 0xFE, 0xF3,
    0xFD, 0xEF, 0x79, 0xCE, 0xF7, 0x9C, 0xEF, 0x79, 0xCE, 0x79, 0xCF, 0xE1, 0xF0, 0x38, 0x78, 0x1F,
    0xC7, 0xF9, 0xFF, 0x03, 0xC0, 0xF0, 0x78, 0xFE, 0x3F, 0x0F, 0xE0, 0x3C, 0x0F, 0x03, 0xCF, 0xFF,
    0xFB, 0xFC, 0xFC, 0x38, 0x0F, 0x01, 0xC0, 0x30, 0x00, 0x7B, 0xCF, 0xE1, 0xF0, 0x38, 0x7E, 0x1F,
    0xE7, 0xFC, 0xFF, 0x03, 0xCF, 0xF3, 0xF8, 0xFF, 0x03, 0xC3, 0xF3, 0xFD, 0xFE, 0xFE, 0x3E, 0x07,
    0xC1, 0xF0, 0x08, 0x00, 0x61, 0x87, 0x79, 0xE3, 0xFC, 0xF1, 0xFE, 0x78, 0xFF, 0x3C, 0x7F, 0x9E,
    0x3F, 0xCF, 0x1D, 0xE7, 0x9E, 0x7B, 0xCF, 0x3F, 0xFF, 0x8F, 0xFF, 0x83, 0xFF, 0x00, 0x3C, 0x00,
    0x1E, 0x00, 0x0F, 0x00, 0x07, 0x80, 0x03, 0x80, 0x07, 0x03, 0x8E, 0x3F, 0x9C, 0x7F, 0x38, 0xFE,
    0x71, 0xFC, 0xE3, 0xF9, 0xC7, 0xF3, 0x8F, 0xE7, 0x3F, 0xCE, 0x7F, 0xFF, 0xF7, 0xFF, 0xC7, 0xFF,
    0x01, 0xF0, 0x01, 0xC0, 0x03, 0x80, 0x07, 0x00, 0x0E, 0x00, 0x03, 0xC0, 0x0F, 0xF0, 0x1F, 0xF8,
    0x3F, 0xFC, 0x7C, 0x3E, 0x78, 0x1E, 0x78, 0x1E, 0x7F, 0xFE, 0x7F, 0xFE, 0x7F, 0xFE, 0x78, 0x1E,
    0x78, 0x1E, 0x7C, 0x3E, 0x3F, 0xFC, 0x1F, 0xF8, 0x0F, 0xF0, 0x01, 0x80, 0x0F, 0x01, 0xFC, 0x3F,
    0xE7, 0xDF, 0x78, 0xFF, 0xEF, 0xFF, 0xFF, 0x3F, 0x78, 0xF7, 0xFF, 0x3F, 0xE1, 0xFC, 0x06, 0x00,
    0x70, 0x06, 0xF0, 0x1F, 0x78, 0x1F, 0x78, 0x3E, 0x78, 0x3C, 0x3C, 0x3C, 0x3C, 0x78, 0x3C, 0x78,
    0x1E, 0x78, 0x1E, 0xF0, 0x1E, 0xF0, 0x0F, 0xF0, 0x0F, 0xE0, 0x0F, 0xE0, 0x07, 0xE0, 0x07, 0xC0,
    0xE0, 0x37, 0x87, 0xDC, 0x3E, 0xF3, 0xE7, 0x9E, 0x1C, 0xE0, 0xFF, 0x07, 0xF8, 0x1F, 0x80, 0xFC,
    0x07, 0xE0, 0x1E, 0x00, 0x3D, 0xC0, 0x1F, 0xC0, 0x0E, 0xE0, 0x06, 0xE0, 0x70, 0x06, 0xF0, 0x1F,
    0x78, 0x1F, 0x78, 0x3E, 0x78, 0x3C, 0x3C, 0x3C, 0x3C, 0x78, 0x3C, 0x78, 0x1E, 0x78, 0x1E, 0xF0,
    0x1E, 0xF0, 0x0F, 0xF0, 0x0F, 0xE0, 0x0F, 0xE0, 0x07, 0xE0, 0x07, 0xC0, 0x77, 0x03, 0xFC, 0x0E,
    0xE0, 0x37, 0x0E, 0x03, 0x78, 0x7D, 0xC3, 0xEF, 0x3E, 0x79, 0xE1, 0xCE, 0x0F, 0xF0, 0x7F, 0x81,
    0xF8, 0x0F, 0xC0, 0x7E, 0x01, 0xE0, 0x03, 0xC0, 0x00, 0x00, 0xFF, 0x00, 0x00, 0x1F, 0xF8, 0x00,
    0x03, 0xFF, 0xC0, 0x00, 0x7C, 0x3E, 0xE0, 0x77, 0x81, 0xEF, 0x0F, 0x78, 0x1E, 0xF0, 0xF7, 0x01,
    0xE7, 0x9E, 0x70, 0x0E, 0x79, 0xE7, 0x01, 0xE3, 0x9E, 0x78, 0x1E, 0x3F, 0xC7, 0x81, 0xE3, 0xFC,
    0x7C, 0x3E, 0x1F, 0x83, 0xFF, 0xC1, 0xF8, 0x1F, 0xF8, 0x1F, 0x80, 0xFF, 0x00, 0xF0, 0x01, 0x80,
    0x0F, 0x00, 0x00, 0x03, 0xF0, 0x00, 0x00, 0x7E, 0x00, 0x00, 0x07, 0xC0, 0x00, 0x00, 0x78, 0x00,
    0x0F, 0x07, 0x07, 0x0F, 0xE7, 0x87, 0x8F, 0xF9, 0xE3, 0xCF, 0xBE, 0xF1, 0xE7, 0x8F, 0x39, 0xE7,
    0x87, 0x9E, 0xF3, 0xC3, 0xCF, 0x71, 0xE1, 0xE3, 0xF8, 0x78, 0xF1, 0xFC, 0x3F, 0xF8, 0xFC, 0x0F,
    0xF8, 0x3E, 0x03, 0xF8, 0x1F, 0x00, 0x60, 0x0F, 0x00, 0x00, 0x1F, 0x80, 0x00, 0x1F, 0x80, 0x00,
    0x0F, 0xC0, 0x00, 0x03, 0x80, 0x00, 0x03, 0xC0, 0x7F, 0xC3, 0xFF, 0x8F, 0xFF, 0x7C, 0x3D, 0xE0,
    0xF7, 0x80, 0x1C, 0x00, 0x70, 0x01, 0xE0, 0x77, 0x83, 0xDF, 0xBF, 0x3F, 0xFC, 0x7F, 0xF0, 0x7B,
    0xC0, 0x0F, 0x0F, 0x01, 0xFC, 0x3F, 0xE7, 0xDE, 0x78, 0xFF, 0x00, 0xF0, 0x0F, 0x00, 0x78, 0x07,
    0xF0, 0x3F, 0x01, 0xF0, 0x07, 0x00, 0x70, 0x07, 0x00, 0x70, 0x00, 0xE0, 0x0E, 0x1D, 0xC1, 0xF8,
    0x07, 0x80, 0x3E, 0x07, 0xFE, 0xE2, 0xFC, 0x03, 0xC0, 0x1F, 0x03, 0xF8, 0x71, 0x07, 0x00, 0x03,
    0xBF, 0xDF, 0xEC, 0x00, 0x1F, 0xFF, 0xE3, 0xDB, 0xB0, 0x6F, 0xE0, 0x7C, 0x7F, 0xF1, 0xE0, 0x00,
    0x70, 0x00, 0x07, 0xC0, 0x00, 0x00, 0x00, 0x3C, 0x03, 0xC3, 0x60, 0x36, 0x00, 0x00, 0x00, 0x00,
    0x00, 0x00, 0x00, 0x00, 0x78, 0x00, 0x7E, 0xC0, 0x06, 0xC0, 0x00, 0x00, 0x00, 0x00, 0x00, 0x00,
    0x00, 0x0E, 0x00, 0xE0, 0xF8, 0x0F, 0x86, 0xC0, 0x64, 0x00, 0x70, 0x00, 0x07, 0xC0, 0x00, 0x32,
    0x00, 0x00, 0x00, 0x00, 0x02, 0x00, 0x00, 0x60, 0x01, 0x86, 0x00, 0x18, 0x61, 0xC0, 0xC0, 0x78,
    0x0C, 0x03, 0x00, 0x00, 0x00, 0x00, 0x00, 0x0C, 0x00, 0x08, 0xF0, 0x00, 0xF3, 0x00, 0x07, 0x00,
    0x00, 0x00, 0x00, 0x00, 0x00, 0x03, 0x00, 0xE0, 0x30, 0x3C, 0x63, 0x83, 0x06, 0x18, 0x00, 0x60,
    0x00, 0x04, 0x00, 0x00, 0x40, 0x00, 0x18, 0xC0, 0x3F, 0x80, 0x3F, 0x00, 0x38, 0x06, 0x03, 0x9E,
    0x0F, 0xBC, 0x1F, 0x78, 0x7E, 0xF1, 0xFD, 0xE3, 0xFB, 0xCF, 0xF7, 0xBD, 0xEF, 0x7B, 0xDF, 0xE7,
    0xBF, 0xCF, 0x7F, 0x1E, 0xFC, 0x3D, 0xF8, 0x7F, 0xE0, 0xFF, 0x81, 0xF0, 0x01, 0xC0, 0x07, 0x80,
    0x0F, 0x00, 0x1C, 0x31, 0x81, 0xFC, 0x0F, 0xC0, 0x1C, 0x0E, 0x0E, 0x78, 0xF3, 0xCF, 0x9E, 0x7C,
    0xF7, 0xE7, 0xFF, 0x3F, 0xF9, 0xFB, 0xCF, 0xDE, 0x7C, 0xFF, 0xC7, 0xFE, 0x3E, 0x00, 0xF0, 0x07,
    0x80, 0x38, 0x01, 0xC0, 0x18, 0x00, 0xF0, 0x0F, 0xF8, 0x3F, 0xE0, 0xFF, 0x80, 0xF0, 0x03, 0xFF,
    0x0F, 0xFE, 0x3F, 0xFC, 0xF0, 0xF3, 0xC3, 0xCF, 0x0F, 0x3C, 0x3C, 0xFF, 0xF3, 0xFF, 0x8F, 0xFC,
    0x3C, 0x01, 0xE0, 0x3F, 0xE1, 0xFF, 0x8F, 0xFC, 0x1E, 0x00, 0xFF, 0x07, 0xFE, 0x3F, 0xF1, 0xE3,
    0xCF, 0x1E, 0x7F, 0xF3, 0xFF, 0x1F, 0xF0, 0x7E, 0x0F, 0xFC, 0xFF, 0xEF, 0xFF, 0xF0, 0xFF, 0x0F,
    0xF6, 0xFF, 0x7F, 0xFF, 0xFF, 0xFE, 0xFF, 0xCF, 0x0E, 0xF0, 0x4F, 0x00, 0xF0, 0x0F, 0x00, 0xE7,
    0x0F, 0xFC, 0xFF, 0xEF, 0xBE, 0xF1, 0xEF, 0x0F, 0xF0, 0xFF, 0x2F, 0xF7, 0xEF, 0xFE, 0xFF, 0xEF,
    0xFC, 0xF2, 0x6F, 0x00, 0xF0, 0x0F, 0x00, 0xE0, 0x00, 0x01, 0xC0, 0x3C, 0x07, 0xBF, 0xFF, 0xFF,
    0xFF, 0xFF, 0xFF, 0x80, 0xF0, 0x1E, 0x03, 0xC0, 0x78, 0x0F, 0x01, 0xE0, 0x3C, 0x07, 0x80, 0xF0,
    0x1E, 0x03, 0xC0, 0x00, 0x03, 0x07, 0x07, 0xFF, 0xFF, 0xFF, 0xFF, 0xF0, 0xF0, 0xF0, 0xF0, 0xF0,
    0xF0, 0xF0, 0xF0, 0x1F, 0xF1, 0xFF, 0xCF, 0xFE, 0x7F, 0xF3, 0xC0, 0x1E, 0x00, 0xF0, 0x1F, 0xF8,
    0xFF, 0xC7, 0xFC, 0x0F, 0x00, 0x78, 0x03, 0xC0, 0x1E, 0x00, 0xF0, 0x07, 0x80, 0x3F, 0xCF, 0xF3,
    0xFC, 0xFF, 0x3C, 0x1F, 0xCF, 0xF9, 0xFC, 0x3C, 0x0F, 0x03, 0xC0, 0xF0, 0x7F, 0xCF, 0xFE, 0xFF,
    0xEF, 0xFE, 0xF0, 0x0F, 0x00, 0xF7, 0x0F, 0xFC, 0xFF, 0xEF, 0xFF, 0xF0, 0xFF, 0x0F, 0xF0, 0xFF,
    0x0F, 0xF7, 0xFF, 0x7E, 0x07, 0xC0, 0x60, 0xFF, 0x1F, 0xE3, 0xFC, 0x7F, 0x8F, 0x01, 0xEC, 0x3F,
    0xE7, 0xFE, 0xF3, 0xDE, 0x3B, 0xC7, 0x78, 0xE0, 0x3C, 0x1F, 0x03, 0xE0, 0x70, 0x70, 0x30, 0x38,
    0xF0, 0xF0, 0xF1, 0xF1, 0xE3, 0xE1, 0xE3, 0xC7, 0x83, 0xE7, 0x9E, 0x03, 0xCF, 0x3C, 0x03, 0xDE,
    0xF0, 0x07, 0xFF, 0xE0, 0x0F, 0xFF, 0xC0, 0x1F, 0xFF, 0x80, 0x79, 0xE7, 0x80, 0xF3, 0xCF, 0x03,
    0xC7, 0x8F, 0x0F, 0x8F, 0x1F, 0xDE, 0x1E, 0x1F, 0xFC, 0x3C, 0x3F, 0x00, 0x00, 0x1E, 0x00, 0x00,
    0x3C, 0x00, 0x00, 0x78, 0x00, 0x00, 0xE0, 0x71, 0xC3, 0x9F, 0x3C, 0xF1, 0xE7, 0xBE, 0x1E, 0xF7,
    0x81, 0xFF, 0xE0, 0x3F, 0xF8, 0x03, 0xFF, 0x00, 0xFF, 0xF0, 0x3F, 0xFF, 0x07, 0xBD, 0xFD, 0xE7,
    0xBF, 0xFC, 0xF3, 0xF0, 0x00, 0x1E, 0x00, 0x03, 0xC0, 0x00, 0x78, 0x00, 0x0E, 0x07, 0x00, 0xFF,
    0x0F, 0xFC, 0xFB, 0xE7, 0x8F, 0x18, 0x78, 0x03, 0xC0, 0xFC, 0x07, 0xE0, 0x3F, 0x80, 0x3E, 0xE0,
    0xF7, 0x87, 0xBF, 0xF8, 0xFF, 0xC3, 0xFC, 0x07, 0x00, 0x1C, 0x00, 0x70, 0x0F, 0x80, 0x30, 0x00,
    0x0E, 0x07, 0xF1, 0xFF, 0x39, 0xE0, 0x3C, 0x1F, 0x03, 0xE0, 0x7E, 0xF3, 0xDF, 0xF9, 0xFF, 0x1F,
    0xC0, 0xE0, 0x1E, 0x00, 0xC0, 0x78, 0x0E, 0x00, 0x60, 0x39, 0xE0, 0xF3, 0xC3, 0xC7, 0x8F, 0x8F,
    0x3E, 0x1E, 0x78, 0x3D, 0xE0, 0x7F, 0xC0, 0xFF, 0x01, 0xFF, 0x03, 0xDF, 0x07, 0x9F, 0x0F, 0x1E,
    0x1E, 0x1F, 0xBC, 0x3F, 0xF8, 0x3F, 0x00, 0x1E, 0x00, 0x3C, 0x00, 0x78, 0x00, 0xE0, 0xE1, 0xEF,
    0x3E, 0xF3, 0xCF, 0x78, 0xFF, 0x8F, 0xF0, 0xFE, 0x0F, 0xF0, 0xF7, 0x8F, 0x7F, 0xF3, 0xFF, 0x1F,
    0x00, 0xF0, 0x0F, 0x00, 0xF0, 0x07, 0x60, 0x3B, 0xC1, 0xEF, 0x0F, 0xBC, 0x3C, 0xFD, 0xE3, 0xF7,
    0x8F, 0xFC, 0x3F, 0xF0, 0xFF, 0xC3, 0xFF, 0x0F, 0xFE, 0x3F, 0x78, 0xFC, 0xF3, 0xC3, 0xCF, 0x07,
    0xBC, 0x1F, 0xE0, 0xF7, 0x87, 0xBC, 0x79, 0xFB, 0xCF, 0xFC, 0x7F, 0xE3, 0xFE, 0x1F, 0xF8, 0xFF,
    0xC7, 0xEF, 0x3C, 0x7D, 0xE1, 0xE0, 0x7F, 0x03, 0xBF, 0xC1, 0xFF, 0xF0, 0xFB, 0xFC, 0x3C, 0x0F,
    0x1E, 0x03, 0xCF, 0x80, 0xF7, 0xC0, 0x3F, 0xE0, 0x0F, 0xF8, 0x03, 0xFF, 0x00, 0xF3, 0xC0, 0x3C,
    0x78, 0x0F, 0x1F, 0x03, 0xC3, 0xC0, 0xF0, 0x78, 0x3C, 0x1F, 0xFC, 0x3F, 0xF9, 0xFF, 0xE7, 0x87,
    0xBC, 0x1F, 0xF0, 0x7F, 0x81, 0xFC, 0x07, 0xF8, 0x1F, 0xF0, 0x7B, 0xE1, 0xE7, 0x87, 0x9F, 0x60,
    0x39, 0xE0, 0x73, 0xC0, 0xE7, 0x81, 0xCF, 0x03, 0x9E, 0x07, 0x3C, 0x0E, 0x7F, 0xFC, 0xFF, 0xF9,
    0xFF, 0xF3, 0xC0, 0xE7, 0x81, 0xCF, 0x03, 0x9E, 0x07, 0xFC, 0x0F, 0xF8, 0x1F, 0x00, 0x1E, 0x00,
    0x3C, 0x00, 0x78, 0x00, 0x70, 0xE0, 0xE7, 0x8F, 0x3C, 0x79, 0xE3, 0xCF, 0x1E, 0x7F, 0xF3, 0xFF,
    0x9F, 0xFC, 0xF1, 0xE7, 0x8F, 0xBC, 0x7F, 0xE3, 0xF0, 0x07, 0x00, 0x38, 0x01, 0xC0, 0x0E, 0x60,
    0x3F, 0xEF, 0x03, 0xFE, 0xF0, 0x3F, 0xEF, 0x03, 0xFE, 0xF0, 0x38, 0x0F, 0x03, 0x80, 0xF0, 0x38,
    0x0F, 0xFF, 0x80, 0xFF, 0xF8, 0x0F, 0xFF, 0x80, 0xF0, 0x38, 0x0F, 0x03, 0x80, 0xF0, 0x38, 0x0F,
    0x03, 0x80, 0xF0, 0x38, 0x0F, 0x03, 0x80, 0xE0, 0xFB, 0xC7, 0xFF, 0x1F, 0xFC, 0x78, 0xF1, 0xE3,
    0xFF, 0x8F, 0xFE, 0x3F, 0xF8, 0xF1, 0xE3, 0xC7, 0x8F, 0x1E, 0x3C, 0x78, 0x7F, 0xF8, 0x03, 0xFF,
    0xE0, 0x0F, 0xFF, 0x80, 0x3F, 0xFE, 0x00, 0xF0, 0x38, 0x03, 0xC0, 0xE0, 0x0F, 0x03, 0xBC, 0x3C,
    0x0F, 0xFC, 0xF0, 0x3F, 0xFB, 0xC0, 0xFF, 0xEF, 0x03, 0xC7, 0xFC, 0x0F, 0x0F, 0xF0, 0x38, 0x3F,
    0xC0, 0xE1, 0xFF, 0x03, 0xBF, 0xBC, 0x0E, 0xFE, 0x00, 0x03, 0xE0, 0x00, 0x04, 0x00, 0xFF, 0xC0,
    0x3F, 0xF8, 0x0F, 0xFE, 0x03, 0xFF, 0x80, 0xF1, 0xE0, 0x3C, 0x7F, 0x8F, 0x1F, 0xFB, 0xC7, 0xFE,
    0xF1, 0xE3, 0xFC, 0x78, 0xFF, 0x1E, 0x3F, 0xC7, 0x8F, 0x00, 0x0F, 0x80, 0x03, 0xE0, 0x00, 0x70,
    0x00, 0x00, 0x03, 0x00, 0x00, 0x3C, 0x00, 0x01, 0xF1, 0xF8, 0x0F, 0xCF, 0xF0, 0x7C, 0x7F, 0xE1,
    0xE1, 0xE7, 0xC7, 0x8F, 0x0F, 0x1C, 0x3C, 0x3C, 0x70, 0xF0, 0xF1, 0xC3, 0xC3, 0xC7, 0x8F, 0x9F,
    0x1E, 0x1E, 0xF8, 0x7C, 0x7F, 0xC0, 0xFF, 0xFF, 0xE1, 0xFF, 0xFF, 0x83, 0xFF, 0xFE, 0x01, 0xC0,
    0xE0, 0x06, 0x00, 0x0F, 0x00, 0x0F, 0xBF, 0x0F, 0xBF, 0xC7, 0x9F, 0xE7, 0x9E, 0x7B, 0xCF, 0x3D,
    0xE7, 0x9E, 0x79, 0xFE, 0x3F, 0xFF, 0x8F, 0xFF, 0xE3, 0xFF, 0xF0, 0x38, 0x60, 0x03, 0xC0, 0x1F,
    0xE0, 0x7F, 0xE1, 0xFF, 0xE7, 0xC3, 0xEF, 0x03, 0xDE, 0x00, 0x38, 0x00, 0x70, 0x00, 0xE0, 0x01,
    0xE0, 0x73, 0xC0, 0xF7, 0xC3, 0xC7, 0xFF, 0x87, 0xFE, 0x07, 0xF8, 0x01, 0x80, 0x03, 0xC0, 0x03,
    0x80, 0x1F, 0x00, 0x18, 0x00, 0x0F, 0x01, 0xFC, 0x3F, 0xE7, 0xDE, 0x78, 0xFF, 0x00, 0xF0, 0x0F,
    0x00, 0x78, 0xF7, 0xFE, 0x3F, 0xE1, 0xFC, 0x07, 0x00, 0x78, 0x01, 0x80, 0x78, 0x07, 0x00, 0x7F,
    0xFB, 0xFF, 0xEF, 0xFF, 0xBF, 0xFE, 0x07, 0x80, 0x1E, 0x00, 0x78, 0x01, 0xE0, 0x07, 0x80, 0x1E,
    0x00, 0x78, 0x01, 0xE0, 0x07, 0x80, 0x1F, 0x00, 0x7C, 0x01, 0xF0, 0x01, 0xC0, 0x07, 0x00, 0x1C,
    0x00, 0x70, 0xFF, 0xDF, 0xFF, 0xFF, 0xFF, 0xE1, 0xE0, 0x3C, 0x07, 0x80, 0xF0, 0x1E, 0x03, 0xF0,
    0x7E, 0x0F, 0xC0, 0x78, 0x0F, 0x01, 0xE0, 0x38, 0x70, 0x1D, 0xF0, 0x7D, 0xE0, 0xF1, 0xE3, 0xC3,
    0xC7, 0x83, 0xDE, 0x07, 0xFC, 0x07, 0xF0, 0x07, 0xE0, 0x0F, 0x80, 0x0F, 0x00, 0x1C, 0x00, 0x38,
    0x00, 0x70, 0x00, 0xE0, 0x01, 0xC0, 0xE0, 0x7F, 0x0F, 0x70, 0xF7, 0x8E, 0x79, 0xE3, 0x9E, 0x3D,
    0xC3, 0xFC, 0x1F, 0xC1, 0xF8, 0x1F, 0x80, 0xF0, 0x0F, 0x00, 0xF0, 0x0F, 0x00, 0xF0, 0x07, 0x00,
    0x70, 0x1D, 0xF0, 0x7D, 0xE0, 0xF1, 0xE3, 0xC3, 0xC7, 0x83, 0xDE, 0x07, 0xFC, 0x07, 0xF0, 0x07,
    0xE0, 0x0F, 0x80, 0x0F, 0x00, 0xFF, 0x81, 0xFF, 0x03, 0xFE, 0x00, 0xE0, 0x01, 0xC0, 0xE0, 0x7F,
    0x0F, 0x70, 0xF7, 0x8E, 0x79, 0xE3, 0x9E, 0x3D, 0xC3, 0xFC, 0x1F, 0xC1, 0xF8, 0x1F, 0x83, 0xFC,
    0x3F, 0xC3, 0xFC, 0x0F, 0x00, 0xF0, 0x07, 0x00, 0x70, 0x1C, 0x78, 0x3C, 0x3C, 0x7C, 0x3E, 0x78,
    0x1E, 0xF0, 0x0F, 0xF0, 0x0F, 0xE0, 0x07, 0xC0, 0x07, 0xC0, 0x07, 0xE0, 0x0F, 0xE0, 0x1E, 0xF0,
    0x3E, 0xF8, 0x3C, 0x7F, 0x78, 0x3F, 0xF8, 0x3F, 0x00, 0x0F, 0x00, 0x0F, 0x00, 0x0F, 0x00, 0x07,
    0x70, 0xE3, 0xCF, 0x1E, 0x78, 0x7F, 0x81, 0xF8, 0x0F, 0xC0, 0x7C, 0x03, 0xF0, 0x3F, 0xC1, 0xDF,
    0xDE, 0x7F, 0xE1, 0xF0, 0x07, 0x80, 0x3C, 0x01, 0xE0, 0x0E, 0x7F, 0xF1, 0x8F, 0xFF, 0xBC, 0xFF,
    0xFB, 0xCF, 0xFF, 0xBC, 0x07, 0x83, 0xC0, 0x78, 0x3C, 0x07, 0x83, 0xC0, 0x78, 0x3C, 0x07, 0x83,
    0xC0, 0x78, 0x3C, 0x07, 0x83, 0xC0, 0x78, 0x3C, 0x07, 0x83, 0xC0, 0x7F, 0xFF, 0x07, 0xFF, 0xF0,
    0x7F, 0xFF, 0x00, 0x00, 0xF0, 0x00, 0x0F, 0x00, 0x00, 0xF0, 0x00, 0x0E, 0xFF, 0x39, 0xFE, 0xF3,
    0xFD, 0xE7, 0xF3, 0xC3, 0xC7, 0x87, 0x8F, 0x0F, 0x1E, 0x1E, 0x3C, 0x3C, 0x78, 0x7F, 0xF8, 0xFF,
    0xF9, 0xFF, 0xF0, 0x01, 0xC0, 0x03, 0x80, 0x07, 0x00, 0x0E, 0x60, 0x73, 0xC1, 0xEF, 0x07, 0xBC,
    0x1E, 0xF0, 0x7B, 0xC1, 0xEF, 0x07, 0xBE, 0x3E, 0x7F, 0xF9, 0xFF, 0xE1, 0xF7, 0x80, 0x1E, 0x00,
    0x78, 0x01, 0xF0, 0x07, 0xC0, 0x1F, 0x00, 0x3C, 0x00, 0xF0, 0x03, 0xC0, 0x07, 0xE1, 0xCF, 0x1E,
    0xF1, 0xEF, 0x1E, 0xF1, 0xEF, 0x1E, 0xFF, 0xE7, 0xFE, 0x3F, 0xE0, 0x1F, 0x01, 0xF0, 0x1F, 0x00,
    0xF0, 0x0F, 0x00, 0xF0, 0x07, 0x60, 0x77, 0x83, 0xFC, 0x1F, 0xE0, 0xFF, 0x07, 0xFB, 0x3F, 0xDD,
    0xFF, 0xFF, 0x7F, 0xFB, 0xFF, 0xC7, 0xDE, 0x0E, 0xF0, 0x77, 0x80, 0x3C, 0x01, 0xE0, 0x0F, 0xE1,
    0xDE, 0x3F, 0xC7, 0xFE, 0xFF, 0xFF, 0xFF, 0xFF, 0xFB, 0xFF, 0x3F, 0xE1, 0xFC, 0x3F, 0x80, 0xF0,
    0x60, 0x07, 0x80, 0x3C, 0x01, 0xE0, 0x0F, 0x00, 0x78, 0x03, 0xFF, 0x1F, 0xFC, 0xFF, 0xF7, 0x87,
    0xFC, 0x1F, 0xE0, 0xFF, 0x07, 0xF8, 0x3F, 0xC1, 0xFE, 0x0F, 0x60, 0x1E, 0x03, 0xC0, 0x78, 0x0F,
    0x71, 0xFF, 0xBF, 0xF7, 0xFF, 0xF1, 0xFE, 0x3F, 0xC7, 0xF8, 0xFF, 0x1F, 0xE3, 0xFC, 0x7F, 0x8F,
    0x00, 0x78, 0x00, 0x7F, 0x80, 0x3F, 0xF0, 0x1F, 0xFE, 0x0F, 0x87, 0xBB, 0xC0, 0xFE, 0xF0, 0x3F,
    0xFF, 0xFF, 0xFF, 0xFF, 0xCF, 0xFF, 0xF0, 0xF0, 0x00, 0x3C, 0x0F, 0x0F, 0x87, 0x81, 0xFF, 0xE0,
    0x3F, 0xF0, 0x07, 0xF8, 0x00, 0x30, 0x00, 0x00, 0xE0, 0x07, 0xF0, 0x1F, 0xF7, 0x7C, 0xFE, 0xF1,
    0xFF, 0xFF, 0xDF, 0xFF, 0x87, 0xFF, 0x0F, 0x0C, 0x1F, 0x7C, 0x1F, 0xF0, 0x1F, 0xC0, 0x06, 0x00,
    0x00, 0x78, 0x00, 0x7F, 0x80, 0x3F, 0xF0, 0x1F, 0xFE, 0x0F, 0x87, 0xBB, 0xC0, 0xFE, 0xF0, 0x3F,
    0xFF, 0xFF, 0xFF, 0xFF, 0xCF, 0xFF, 0xF0, 0xF0, 0x00, 0x3C, 0x0F, 0x0F, 0x87, 0x81, 0xFF, 0xE0,
    0x3F, 0xF0, 0x07, 0xF8, 0x00, 0x78, 0x00, 0x1E, 0x00, 0x07, 0x80, 0x01, 0xC0, 0x00, 0xE0, 0x07,
    0xF0, 0x1F, 0xF7, 0x7C, 0xFE, 0xF1, 0xFF, 0xFF, 0xDF, 0xFF, 0x87, 0xFF, 0x0F, 0x0C, 0x1F, 0x7C,
    0x1F, 0xF0, 0x1F, 0xC0, 0x0E, 0x00, 0x1E, 0x00, 0x0C, 0x00, 0x78, 0x00, 0xE0, 0x6F, 0xFF, 0xFF,
    0xFF, 0xFF, 0xFF, 0xFF, 0xFF, 0x01, 0xCE, 0x00, 0x07, 0xF8, 0x00, 0x0F, 0xC0, 0x00, 0x0C, 0x00,
    0x70, 0x30, 0x39, 0xE1, 0xE1, 0xE7, 0xC7, 0x8F, 0x8F, 0x1E, 0x3C, 0x3E, 0x79, 0xE0, 0x79, 0xE7,
    0x80, 0xF7, 0xBC, 0x03, 0xFF, 0xF0, 0x0F, 0xFF, 0xC0, 0x3F, 0xFF, 0x01, 0xE7, 0x9E, 0x07, 0x9E,
    0x78, 0x3C, 0x78, 0xF1, 0xF1, 0xE3, 0xC7, 0x87, 0x87, 0xBE, 0x1E, 0x1F, 0x07, 0x38, 0x01, 0xFE,
    0x00, 0x3F, 0x00, 0x07, 0x00, 0x71, 0xC3, 0xBE, 0x79, 0xE7, 0x9E, 0xF8, 0xF7, 0xBC, 0x1F, 0xFE,
    0x07, 0xFF, 0x00, 0xFF, 0xC0, 0x7F, 0xF8, 0x3F, 0xFF, 0x0F, 0x7B, 0xC7, 0x9E, 0xFB, 0xE7, 0x9F,
    0x60, 0x77, 0x87, 0xBC, 0x7D, 0xE7, 0xCF, 0x3C, 0x7B, 0xE3, 0xFE, 0x1F, 0xE0, 0xFF, 0xC7, 0xFF,
    0xBC, 0x7D, 0xE0, 0xFF, 0x07, 0xF8, 0x3F, 0xC1, 0xFE, 0x0F, 0x00, 0xF0, 0x1F, 0x80, 0xF8, 0x07,
    0x00, 0xE1, 0xFE, 0x7F, 0xCF, 0x7B, 0xCF, 0xF9, 0xFE, 0x3F, 0xE7, 0xFE, 0xF1, 0xFE, 0x1F, 0xC3,
    0xF8, 0xF0, 0x3E, 0x07, 0x80, 0xE0, 0x00, 0x0F, 0xFC, 0x07, 0xFF, 0x07, 0xFF, 0x83, 0xFF, 0xC1,
    0xE1, 0xE0, 0xF0, 0xF0, 0x78, 0x78, 0x3C, 0x3C, 0x1E, 0x1E, 0x0F, 0x0F, 0x07, 0x87, 0x83, 0x83,
    0xC3, 0xC1, 0xE7, 0xE0, 0xFB, 0xE0, 0x7D, 0xE0, 0x3E, 0x00, 0x0F, 0x00, 0x07, 0x00, 0x07, 0x80,
    0x01, 0x80, 0x3F, 0xE0, 0xFF, 0xC3, 0xFF, 0x0F, 0xFC, 0x3C, 0xF0, 0xF3, 0xC3, 0xCF, 0x0E, 0x3C,
    0x78, 0xF3, 0xE3, 0xEF, 0x8F, 0xBC, 0x3E, 0x00, 0x78, 0x01, 0xC0, 0x0F, 0x00, 0x18, 0x60, 0x3B,
    0xC0, 0xEF, 0x03, 0xBC, 0x0E, 0xF0, 0x3B, 0xC0, 0xEF, 0x03, 0xBF, 0xFE, 0xFF, 0xFB, 0xFF, 0xEF,
    0x03, 0xBC, 0x0E, 0xF0, 0x3B, 0xC0, 0xEF, 0x03, 0xFC, 0x0F, 0x00, 0x38, 0x01, 0xE0, 0x1F, 0x80,
    0x7E, 0x00, 0xE0, 0xE0, 0xFE, 0x3F, 0xC7, 0xF8, 0xFF, 0x1F, 0xFF, 0xFF, 0xFF, 0xFF, 0xF1, 0xFE,
    0x3F, 0xC7, 0xF8, 0xF0, 0x1E, 0x03, 0xC1, 0xF8, 0x3E, 0x07, 0x80, 0x60, 0x38, 0xF0, 0x38, 0xF0,
    0x38, 0xF0, 0x38, 0xF0, 0x38, 0xF0, 0x38, 0xF0, 0x38, 0xFF, 0xF8, 0xFF, 0xF8, 0xFF, 0xF8, 0xF0,
    0x38, 0xF0, 0x38, 0xF0, 0x38, 0xF0, 0x3E, 0xF0, 0x3E, 0xF0, 0x3E, 0x00, 0x1E, 0x00, 0x1C, 0x00,
    0x3C, 0x00, 0x38, 0xE0, 0xE7, 0x8F, 0x3C, 0x79, 0xE3, 0xCF, 0x1E, 0x7F, 0xF3, 0xFF, 0x9F, 0xFC,
    0xF1, 0xE7, 0x8F, 0xFC, 0x7F, 0xE3, 0xE0, 0x0F, 0x00, 0x78, 0x03, 0x80, 0x1C, 0x60, 0x73, 0xC1,
    0xEF, 0x07, 0xBC, 0x1E, 0xF0, 0x7B, 0xC1, 0xEF, 0x07, 0xBE, 0x3E, 0x7F, 0xF9, 0xFF, 0xE1, 0xF7,
    0x80, 0x1E, 0x00, 0x78, 0x01, 0xF0, 0x07, 0xC0, 0x1F, 0x00, 0x3C, 0x00, 0xF0, 0x03, 0xC0, 0x07,
    0xE1, 0xCF, 0x1E, 0xF1, 0xEF, 0x1E, 0xF1, 0xEF, 0x1E, 0xFF, 0xE7, 0xFE, 0x3F, 0xE0, 0x1F, 0x01,
    0xF0, 0x1F, 0x00, 0xF0, 0x0F, 0x00, 0xF0, 0x07, 0x78, 0x0F, 0x9F, 0x81, 0xF3, 0xF0, 0x7E, 0x7E,
    0x0F, 0xCF, 0xE1, 0xF9, 0xFC, 0x7F, 0x3F, 0x8F, 0xE7, 0xFB, 0xFC, 0xFF, 0x7F, 0x9E, 0xEF, 0xF3,
    0xDF, 0xDE, 0x7B, 0xFB, 0xCF, 0x3F, 0x79, 0xE7, 0xCF, 0xFC, 0xF9, 0xFF, 0x8E, 0x3F, 0x00, 0x01,
    0xC0, 0x00, 0x78, 0x00, 0x0F, 0x00, 0x01, 0xC0, 0xF8, 0x3C, 0x7E, 0x3F, 0x3F, 0x1F, 0x9F, 0x8F,
    0xCF, 0xEF, 0xE7, 0xF7, 0xF3, 0xFB, 0xF9, 0xFF, 0xFC, 0xFF, 0xDE, 0x7B, 0xEF, 0xFD, 0xF7, 0xFE,
    0x73, 0xE0, 0x00, 0xF0, 0x00, 0x78, 0x00, 0x38, 0x00, 0x1C, 0x6F, 0xFF, 0xFF, 0xFF, 0xFF, 0xFF,
    0xFF, 0xFF, 0x0C, 0x60, 0x1F, 0xC0, 0x1F, 0x80, 0x1C, 0x00, 0x38, 0x00, 0xF8, 0x01, 0xF8, 0x07,
    0xF0, 0x0F, 0xE0, 0x1D, 0xE0, 0x7B, 0xC0, 0xF7, 0x81, 0xE7, 0x87, 0x8F, 0x0F, 0xFE, 0x1F, 0xFE,
    0x7F, 0xFC, 0xF0, 0x79, 0xE0, 0x7F, 0x80, 0xF0, 0x39, 0xC7, 0xF8, 0x7E, 0x03, 0x00, 0xF0, 0x7F,
    0x9F, 0xFB, 0xCF, 0x01, 0xE3, 0xFD, 0xFF, 0xBE, 0xFF, 0x1F, 0xE7, 0xDF, 0xFB, 0xFF, 0x18, 0x00,
    0x0E, 0x60, 0x1D, 0xE0, 0x3B, 0xC0, 0x23, 0x00, 0x38, 0x00, 0xF8, 0x01, 0xF8, 0x07, 0xF0, 0x0F,
    0xE0, 0x1D, 0xE0, 0x7B, 0xC0, 0xF7, 0x81, 0xE7, 0x87, 0x8F, 0x0F, 0xFE, 0x1F, 0xFE, 0x7F, 0xFC,
    0xF0, 0x79, 0xE0, 0x7F, 0x80, 0xF0, 0x39, 0xC7, 0xF8, 0xEF, 0x08, 0x40, 0xF0, 0x7F, 0x9F, 0xFB,
    0xCF, 0x01, 0xE3, 0xFD, 0xFF, 0xBE, 0xFF, 0x1F, 0xE7, 0xDF, 0xFB, 0xFF, 0x18, 0x00, 0x01, 0xFF,
    0xF0, 0x1F, 0xFF, 0xC0, 0xFF, 0xFE, 0x0F, 0x7F, 0xE0, 0x7B, 0x80, 0x03, 0xDC, 0x00, 0x3C, 0xE0,
    0x01, 0xE7, 0xFE, 0x1E, 0x3F, 0xF0, 0xF1, 0xFF, 0x8F, 0xFE, 0x00, 0x7F, 0xF0, 0x03, 0xFF, 0x80,
    0x3C, 0x1F, 0xFD, 0xE0, 0xFF, 0xFE, 0x07, 0xFF, 0x0F, 0x1E, 0x07, 0xFF, 0xE1, 0xFF, 0xFE, 0x3C,
    0xF9, 0xE0, 0x1E, 0x1C, 0x3F, 0xFF, 0x9F, 0xFF, 0xF3, 0xFF, 0xFE, 0xF1, 0xE1, 0xDE, 0x7E, 0x79,
    0xFF, 0xFF, 0x3F, 0xBF, 0xC0, 0xC0, 0xC0, 0x31, 0x87, 0xF0, 0x7C, 0x07, 0x07, 0xFD, 0xFF, 0xFF,
    0xFF, 0xFF, 0xF0, 0x1E, 0x03, 0xC0, 0x7F, 0xEF, 0xFD, 0xFF, 0xBC, 0x07, 0x80, 0xF0, 0x1F, 0xFF,
    0xFF, 0xFF, 0xF0, 0x39, 0xC1, 0xFC, 0x1F, 0x80, 0x70, 0x0F, 0x01, 0xFC, 0x3F, 0xE7, 0x9E, 0x70,
    0xFF, 0xFF, 0xFF, 0xFF, 0xFE, 0x70, 0xE7, 0xDF, 0x3F, 0xE1, 0xFC, 0x06, 0x00, 0x03, 0x80, 0x3F,
    0xE0, 0xFF, 0xE3, 0xFF, 0xE7, 0x83, 0xCF, 0x07, 0xC0, 0x07, 0xBF, 0xFF, 0x7F, 0xFE, 0xFF, 0xFD,
    0xC0, 0x7B, 0xC1, 0xF7, 0xC7, 0xC7, 0xFF, 0x87, 0xFE, 0x07, 0xF0, 0x03, 0x80, 0x0F, 0x03, 0xFC,
    0x7F, 0xE7, 0x9E, 0x00, 0xF7, 0xFF, 0xFF, 0xFF, 0xFF, 0x70, 0xF7, 0xFE, 0x3F, 0xC1, 0xF8, 0x06,
    0x00, 0x0E, 0xE0, 0x3D, 0xE0, 0x3B, 0xC0, 0x22, 0x00, 0x38, 0x03, 0xFE, 0x0F, 0xFE, 0x3F, 0xFE,
    0x78, 0x3C, 0xF0, 0x7C, 0x00, 0x7B, 0xFF, 0xF7, 0xFF, 0xEF, 0xFF, 0xDC, 0x07, 0xBC, 0x1F, 0x7C,
    0x7C, 0x7F, 0xF8, 0x7F, 0xE0, 0x7F, 0x00, 0x38, 0x00, 0x19, 0xC3, 0xDC, 0x3D, 0xC1, 0x88, 0x0F,
    0x03, 0xFC, 0x7F, 0xE7, 0x9E, 0x00, 0xF7, 0xFF, 0xFF, 0xFF, 0xFF, 0x70, 0xF7, 0xFE, 0x3F, 0xC1,
    0xF8, 0x06, 0x00, 0x01, 0xCE, 0x00, 0x07, 0xF8, 0x00, 0x1D, 0xE0, 0x00, 0x21, 0x00, 0x70, 0x30,
    0x39, 0xE1, 0xE1, 0xE7, 0xC7, 0x8F, 0x8F, 0x1E, 0x3C, 0x3E, 0x79, 0xE0, 0x79, 0xE7, 0x80, 0xF7,
    0xBC, 0x03, 0xFF, 0xF0, 0x0F, 0xFF, 0xC0, 0x3F, 0xFF, 0x01, 0xE7, 0x9E, 0x07, 0x9E, 0x78, 0x3C,
    0x78, 0xF1, 0xF1, 0xE3, 0xC7, 0x87, 0x87, 0xBE, 0x1E, 0x1F, 0x07, 0x38, 0x01, 0xFE, 0x00, 0x77,
    0x80, 0x08, 0x40, 0x71, 0xC3, 0xBE, 0x79, 0xE7, 0x9E, 0xF8, 0xF7, 0xBC, 0x1F, 0xFE, 0x07, 0xFF,
    0x00, 0xFF, 0xC0, 0x7F, 0xF8, 0x3F, 0xFF, 0x0F, 0x7B, 0xC7, 0x9E, 0xFB, 0xE7, 0x9F, 0x1C, 0xC0,
    0xEF, 0x07, 0x78, 0x11, 0x80, 0x70, 0x0F, 0xF0, 0xFF, 0xCF, 0xBE, 0x78, 0xF1, 0x87, 0x80, 0x3C,
    0x0F, 0xC0, 0x7E, 0x03, 0xF8, 0x03, 0xEE, 0x0F, 0x78, 0x7B, 0xFF, 0x8F, 0xFC, 0x3F, 0xC0, 0x70,
    0x00, 0x3B, 0x8F, 0x71, 0xEE, 0x08, 0x80, 0xE0, 0x7F, 0x1F, 0xF3, 0x9E, 0x03, 0xC1, 0xF0, 0x3E,
    0x07, 0xEF, 0x3D, 0xFF, 0x9F, 0xF1, 0xFC, 0x04, 0x00, 0x3F, 0xE3, 0xFF, 0x9F, 0xFC, 0x7F, 0xE0,
    0x3E, 0x03, 0xE0, 0x3E, 0x01, 0xF8, 0x0F, 0xF0, 0x07, 0x80, 0x1E, 0xE0, 0xF7, 0x87, 0xBF, 0xF8,
    0xFF, 0xC3, 0xFC, 0x07, 0x00, 0x3F, 0xE3, 0xFF, 0x9F, 0xFC, 0x7F, 0xE0, 0x3E, 0x03, 0xE0, 0x3E,
    0x01, 0xF8, 0x0F, 0xF0, 0x07, 0x80, 0x1E, 0xE0, 0xF7, 0x87, 0xBF, 0xF8, 0xFF, 0xC3, 0xFC, 0x07,
    0x00, 0x0F, 0x80, 0x7F, 0x01, 0xFC, 0x00, 0x00, 0x60, 0x3B, 0xC1, 0xFF, 0x07, 0xFC, 0x3F, 0xF1,
    0xFF, 0xC7, 0xFF, 0x3F, 0xFD, 0xEF, 0xF7, 0xBF, 0xFC, 0xFF, 0xF3, 0xFF, 0x8F, 0xFC, 0x3F, 0xF0,
    0xFF, 0x83, 0xFC, 0x0F, 0x1F, 0x07, 0xF0, 0xFE, 0x00, 0x0E, 0x0F, 0xE3, 0xFC, 0xFF, 0x9F, 0xF7,
    0xFF, 0xFF, 0xFF, 0xFE, 0xFF, 0xDF, 0xF3, 0xFC, 0x7F, 0x8F, 0x1C, 0xC0, 0x77, 0x81, 0xDE, 0x02,
    0x30, 0x60, 0x3B, 0xC1, 0xFF, 0x07, 0xFC, 0x3F, 0xF1, 0xFF, 0xC7, 0xFF, 0x3F, 0xFD, 0xEF, 0xF7,
    0xBF, 0xFC, 0xFF, 0xF3, 0xFF, 0x8F, 0xFC, 0x3F, 0xF0, 0xFF, 0x83, 0xFC, 0x0F, 0x3B, 0x8F, 0x79,
    0xEE, 0x08, 0x8E, 0x0F, 0xE3, 0xFC, 0xFF, 0x9F, 0xF7, 0xFF, 0xFF, 0xFF, 0xFE, 0xFF, 0xDF, 0xF3,
    0xFC, 0x7F, 0x8F, 0x0E, 0x70, 0x0F, 0xF0, 0x0E, 0xF0, 0x04, 0x20, 0x03, 0xC0, 0x0F, 0xF0, 0x1F,
    0xF8, 0x3F, 0xFC, 0x7C, 0x3E, 0x78, 0x1E, 0x78, 0x1E, 0x70, 0x1E, 0x70, 0x0E, 0x70, 0x1E, 0x78,
    0x1E, 0x78, 0x1E, 0x7C, 0x3E, 0x3F, 0xFC, 0x1F, 0xF8, 0x0F, 0xF0, 0x01, 0x80, 0x19, 0xC3, 0xDC,
    0x3D, 0xC1, 0x88, 0x0F, 0x01, 0xFC, 0x3F, 0xE7, 0xDF, 0x78, 0xFF, 0x0F, 0xF0, 0xFF, 0x0F, 0x78,
    0xF7, 0xFF, 0x3F, 0xE1, 0xFC, 0x06, 0x00, 0x03, 0xC0, 0x0F, 0xF0, 0x1F, 0xF8, 0x3F, 0xFC, 0x7C,
    0x3E, 0x78, 0x1E, 0x78, 0x1E, 0x7F, 0xFE, 0x7F, 0xFE, 0x7F, 0xFE, 0x78, 0x1E, 0x78, 0x1E, 0x7C,
    0x3E, 0x3F, 0xFC, 0x1F, 0xF8, 0x0F, 0xF0, 0x01, 0x80, 0x0F, 0x01, 0xFC, 0x3F, 0xE7, 0xDF, 0x78,
    0xFF, 0xEF, 0xFF, 0xFF, 0x3F, 0x78, 0xF7, 0xFF, 0x3F, 0xE1, 0xFC, 0x06, 0x00, 0x0E, 0x70, 0x0F,
    0xF0, 0x0E, 0xF0, 0x04, 0x20, 0x03, 0xC0, 0x0F, 0xF0, 0x1F, 0xF8, 0x3F, 0xFC, 0x7C, 0x3E, 0x78,
    0x1E, 0x78, 0x1E, 0x7F, 0xFE, 0x7F, 0xFE, 0x7F, 0xFE, 0x78, 0x1E, 0x78, 0x1E, 0x7C, 0x3E, 0x3F,
    0xFC, 0x1F, 0xF8, 0x0F, 0xF0, 0x01, 0x80, 0x19, 0xC3, 0xDC, 0x3D, 0xC1, 0x88, 0x0F, 0x01, 0xFC,
    0x3F, 0xE7, 0xDF, 0x78, 0xFF, 0xEF, 0xFF, 0xFF, 0x3F, 0x78, 0xF7, 0xFF, 0x3F, 0xE1, 0xFC, 0x06,
    0x00, 0x0E, 0xE0, 0x3D, 0xE0, 0x7B, 0x80, 0x22, 0x00, 0x78, 0x03, 0xFE, 0x0F, 0xFE, 0x3F, 0xFC,
    0x78, 0x3C, 0xF0, 0x78, 0x00, 0x78, 0x3F, 0xF0, 0x7F, 0xE0, 0x7F, 0xDC, 0x07, 0xBC, 0x1E, 0x78,
    0x7C, 0xFF, 0xF0, 0xFF, 0xE0, 0xFF, 0x00, 0x38, 0x00, 0x39, 0x83, 0xBC, 0x3B, 0xC1, 0x18, 0x0F,
    0x03, 0xFC, 0x7F, 0xE7, 0x9E, 0x70, 0xE0, 0xFF, 0x0F, 0xF0, 0x7F, 0xF0, 0xE7, 0xFE, 0x7F, 0xC3,
    0xF8, 0x06, 0x00, 0x0F, 0xC0, 0x3F, 0x00, 0xFC, 0x00, 0x00, 0x70, 0x1F, 0xE0, 0xF7, 0x87, 0xDF,
    0x1E, 0x3C, 0x78, 0xF3, 0xC1, 0xEF, 0x07, 0xF8, 0x0F, 0xE0, 0x3F, 0x00, 0x7C, 0x01, 0xF0, 0x07,
    0x80, 0xFE, 0x03, 0xF0, 0x0F, 0x80, 0x1F, 0x80, 0xFC, 0x07, 0xE0, 0x00, 0x0E, 0x07, 0x78, 0x79,
    0xC3, 0xCF, 0x1C, 0x79, 0xE1, 0xCF, 0x0F, 0x70, 0x7F, 0x81, 0xF8, 0x0F, 0xC0, 0x3E, 0x01, 0xE0,
    0x0F, 0x01, 0xF8, 0x1F, 0x80, 0xF8, 0x07, 0x80, 0x00, 0x1C, 0xE0, 0x7B, 0x81, 0xEE, 0x02, 0x10,
    0x70, 0x1F, 0xE0, 0xF7, 0x87, 0xDF, 0x1E, 0x3C, 0x78, 0xF3, 0xC1, 0xEF, 0x07, 0xF8, 0x0F, 0xE0,
    0x3F, 0x00, 0x7C, 0x01, 0xF0, 0x07, 0x80, 0xFE, 0x03, 0xF0, 0x0F, 0x80, 0x39, 0xC1, 0xEE, 0x0F,
    0x70, 0x21, 0x0E, 0x07, 0x78, 0x79, 0xC3, 0xCF, 0x1C, 0x79, 0xE1, 0xCF, 0x0F, 0x70, 0x7F, 0x81,
    0xF8, 0x0F, 0xC0, 0x3E, 0x01, 0xE0, 0x0F, 0x01, 0xF8, 0x1F, 0x80, 0xF8, 0x07, 0x80, 0x00, 0x0F,
    0xF0, 0x3B, 0x81, 0xFC, 0x07, 0x70, 0x70, 0x1F, 0xE0, 0xF7, 0x87, 0xDF, 0x1E, 0x3C, 0x78, 0xF3,
    0xC1, 0xEF, 0x07, 0xF8, 0x0F, 0xE0, 0x3F, 0x00, 0x7C, 0x01, 0xF0, 0x07, 0x80, 0xFE, 0x03, 0xF0,
    0x0F, 0x80, 0x1F, 0xE0, 0xEE, 0x0F, 0xE0, 0x77, 0x0E, 0x07, 0x78, 0x79, 0xC3, 0xCF, 0x1C, 0x79,
    0xE1, 0xCF, 0x0F, 0x70, 0x7F, 0x81, 0xF8, 0x0F, 0xC0, 0x3E, 0x01, 0xE0, 0x0F, 0x01, 0xF8, 0x1F,
    0x80, 0xF8, 0x07, 0x80, 0x00, 0x19, 0xC1, 0xEE, 0x0F, 0x70, 0x31, 0x06, 0x07, 0x78, 0x3F, 0xC1,
    0xFE, 0x0F, 0xF0, 0x7F, 0x83, 0xFC, 0x1F, 0xF1, 0xF7, 0xFF, 0xBF, 0xFC, 0x7D, 0xE0, 0x0F, 0x00,
    0x78, 0x03, 0xC0, 0x1E, 0x00, 0xF0, 0x33, 0x8F, 0x71, 0xEE, 0x18, 0x8E, 0x1D, 0xE3, 0xFC, 0x7F,
    0x8F, 0xF1, 0xFE, 0x3F, 0xFF, 0xBF, 0xF3, 0xFE, 0x03, 0xC0, 0x78, 0x0F, 0x7F, 0xDF, 0xFF, 0xFF,
    0xFF, 0xFF, 0x01, 0xE0, 0x3C, 0x07, 0x80, 0xF0, 0x1E, 0x03, 0xC0, 0x78, 0x0F, 0x01, 0xF0, 0x3E,
    0x07, 0xC0, 0x38, 0x07, 0x00, 0xE0, 0x1C, 0x00, 0xFF, 0xFF, 0xFF, 0xFF, 0xF0, 0xF0, 0xF0, 0xF0,
    0xF0, 0xF8, 0xF8, 0xF8, 0x78, 0x78, 0x78, 0x38, 0x0E, 0x70, 0x07, 0xF8, 0x03, 0xDC, 0x00, 0x84,
    0x06, 0x00, 0x37, 0x80, 0x3F, 0xC0, 0x1F, 0xE0, 0x0F, 0xF0, 0x07, 0xF8, 0x03, 0xFF, 0xE1, 0xFF,
    0xFC, 0xFF, 0xFF, 0x7F, 0x87, 0xBF, 0xC3, 0xDF, 0xE1, 0xEF, 0xF0, 0xF7, 0xFF, 0xFB, 0xFF, 0xF9,
    0xFF, 0xF8, 0xF0, 0x0C, 0xE0, 0x3D, 0xC0, 0x7B, 0x80, 0x62, 0x0E, 0x01, 0xDE, 0x03, 0xFC, 0x07,
    0xF8, 0x0F, 0xFF, 0x1F, 0xFF, 0xBF, 0xFF, 0x7F, 0x8F, 0xFF, 0x1F, 0xFF, 0xFB, 0xFF, 0xF7, 0xFF,
    0xCF, 0x3F, 0xF1, 0xFF, 0xCF, 0xFE, 0x7F, 0xE3, 0xC0, 0x1E, 0x00, 0xF0, 0x1F, 0xF0, 0xFF, 0x87,
    0xFC, 0x0F, 0x00, 0x78, 0x03, 0xC0, 0x1F, 0x00, 0xF8, 0x07, 0xC0, 0x0E, 0x00, 0xF0, 0x1F, 0x80,
    0xF8, 0x03, 0x80, 0x00, 0x3F, 0xCF, 0xF3, 0xFC, 0xFF, 0x3C, 0x1F, 0xCF, 0xF9, 0xFC, 0x3C, 0x0F,
    0x83, 0xE0, 0xF8, 0x0E, 0x07, 0x87, 0xE1, 0xF0, 0x38, 0x00, 0x70, 0x1C, 0x78, 0x3C, 0x3C, 0x7C,
    0x3E, 0x78, 0x1E, 0xF0, 0x0F, 0xF0, 0x0F, 0xE0, 0x07, 0xC0, 0x07, 0xC0, 0x07, 0xE0, 0x0F, 0xE0,
    0x1E, 0xF0, 0x3E, 0xF8, 0x3C, 0x7E, 0x78, 0x3F, 0xF8, 0x3F, 0x00, 0x07, 0x00, 0x0F, 0x00, 0x3F,
    0x00, 0x3E, 0x00, 0x38, 0x70, 0xFE, 0x3D, 0xEF, 0x1F, 0xE3, 0xF8, 0x3E, 0x07, 0xC0, 0xFC, 0x3F,
    0x8F, 0x79, 0xEF, 0x78, 0xF0, 0x1E, 0x03, 0xC1, 0xF8, 0x3E, 0x07, 0x80, 0x70, 0x1C, 0xF0, 0x78,
    0xF1, 0xF1, 0xF3, 0xC1, 0xEF, 0x01, 0xFE, 0x03, 0xF8, 0x3F, 0xFE, 0x7F, 0xFC, 0x1F, 0xC0, 0x3F,
    0x80, 0xF7, 0x83, 0xEF, 0x87, 0x8F, 0x1E, 0x0F, 0x7C, 0x1F, 0x70, 0xE7, 0x9E, 0x79, 0xE3, 0xFC,
    0x1F, 0x87, 0xFE, 0x7F, 0xE1, 0xF8, 0x3F, 0xC3, 0xBC, 0x79, 0xEF, 0x0F, 0xF8, 0xF3, 0xC7, 0x9F,
    0x3C, 0x79, 0xE1, 0xEF, 0x3F, 0xF9, 0xFF, 0xDE, 0xFC, 0xF7, 0xC7, 0x9E, 0x3C, 0xF9, 0xE3, 0xEF,
    0x0F, 0x00, 0xFF, 0x8F, 0xFC, 0x03, 0xC0, 0x3C, 0x03, 0xC0, 0x3C, 0x03, 0xC0, 0x3C, 0x03, 0xC0,
    0x3C, 0x03, 0xCF, 0xFF, 0xFF, 0xF0, 0x7C, 0x3F, 0x03, 0x81, 0xE0, 0xF0, 0x78, 0x3C, 0x1E, 0x0F,
    0x07, 0x8F, 0xDE, 0xEE, 0x78, 0xFF, 0xEF, 0xFE, 0x03, 0xC0, 0x3C, 0x03, 0xC0, 0x3C, 0x03, 0xC0,
    0x3C, 0x03, 0xC0, 0x3C, 0x03, 0xC0, 0x3C, 0x03, 0xC0, 0xFF, 0xCF, 0xFE, 0x01, 0xF0, 0x0F, 0x00,
    0xF0, 0x0F, 0xF0, 0xFF, 0x0F, 0xF0, 0xFF, 0x0F, 0xF0, 0xFF, 0x0F, 0xF0, 0xF0, 0xFF, 0xFF, 0xFF,
    0xFF, 0xFF, 0xFF, 0xF0, 0xFF, 0x7F, 0x87, 0x03, 0x03, 0x81, 0xC0, 0xE0, 0x78, 0x3C, 0x1E, 0x0F,
    0x07, 0x81, 0xC0, 0xFF, 0xEF, 0xFF, 0xF0, 0xFF, 0x0F, 0xF0, 0xFF, 0x0F, 0xF0, 0xFF, 0x0F, 0xF0,
    0xFF, 0x0F, 0xF0, 0xFF, 0x0F, 0xF0, 0xF0, 0xF7, 0xCF, 0x7E, 0xF0, 0xFF, 0x0F, 0xF0, 0xFF, 0x0F,
    0xF0, 0xFF, 0x0F, 0xF0, 0xFF, 0x0F, 0x79, 0xE7, 0xFE, 0x3F, 0xC0, 0xFF, 0xFF, 0xFF, 0xFF, 0xFF,
    0x3F, 0xE0, 0x7C, 0x0F, 0x03, 0xC0, 0xF0, 0x3C, 0x0F, 0x03, 0xC0, 0xF0, 0x3C, 0x0F, 0x03, 0xC0,
    0xF0, 0x3C, 0x0F, 0x03, 0xC0, 0xFF, 0x1F, 0xF0, 0x1F, 0x01, 0xE0, 0x1E, 0x03, 0xC0, 0x78, 0x0F,
    0x01, 0xE0, 0x78, 0x1F, 0x7F, 0xCF, 0xF0, 0xF0, 0x1E, 0x03, 0xC0, 0x7F, 0xFF, 0xFE, 0x03, 0xC0,
    0xF0, 0x1E, 0x03, 0xC0, 0xF0, 0x1E, 0x07, 0xC0, 0xF0, 0x1E, 0x07, 0xC0, 0xF0, 0xFF, 0xEF, 0xFF,
    0xF0, 0xFF, 0x0F, 0xF0, 0xFF, 0x0F, 0xF0, 0xFF, 0x0F, 0xF0, 0xFF, 0x0F, 0xF0, 0xFF, 0xFF, 0xFF,
    0xF0, 0x79, 0xF0, 0xFF, 0xE3, 0xE7, 0x8F, 0x1E, 0x3C, 0x38, 0xF0, 0xE3, 0xC3, 0x8E, 0x0E, 0x78,
    0x39, 0xE0, 0xE7, 0x83, 0x9E, 0x7E, 0x79, 0xF8, 0xFF, 0xFF, 0xFF, 0xFF, 0xFF, 0xFF, 0xFF, 0xFF,
    0xF0, 0x7C, 0xFC, 0x78, 0xF1, 0xE3, 0xC7, 0x8F, 0x1E, 0x3C, 0x7F, 0xFF, 0xE0, 0x7F, 0xE3, 0xFF,
    0x86, 0x3C, 0x70, 0xF7, 0x87, 0xBC, 0x3D, 0xE1, 0xEF, 0x0F, 0x78, 0x7B, 0xC3, 0xCF, 0x3C, 0x7F,
    0xE0, 0xFC, 0x00, 0xF0, 0xF7, 0x8F, 0x78, 0xF7, 0x8F, 0x38, 0xF3, 0xCF, 0x3C, 0xF3, 0xCF, 0x1C,
    0xF1, 0xEE, 0x1F, 0xE3, 0xFC, 0xFF, 0x8F, 0xE0, 0xFF, 0x8F, 0xFE, 0xF3, 0xEF, 0x1E, 0xF0, 0xFF,
    0x0F, 0xFC, 0xF7, 0xCF, 0x00, 0xF0, 0x0F, 0x00, 0xF0, 0x0F, 0x00, 0xF0, 0x0F, 0x00, 0xF0, 0x0F,
    0x00, 0xF0, 0xFF, 0x8F, 0xFE, 0xF1, 0xEF, 0x0F, 0xF0, 0xFF, 0xCF, 0x7C, 0xF0, 0x0F, 0x00, 0xF0,
    0x0F, 0x01, 0xEF, 0xFE, 0xFF, 0x80, 0xF0, 0xEF, 0x0E, 0x78, 0xE7, 0x8E, 0x78, 0xE3, 0xCE, 0x3D,
    0xE3, 0xFE, 0x1F, 0xC1, 0xF0, 0x1E, 0x00, 0xF0, 0x0F, 0x00, 0xF0, 0x07, 0x80, 0x78, 0x07, 0x80,
    0xF8, 0xF7, 0x8F, 0x7C, 0xF3, 0xEF, 0x1E, 0xF1, 0xFF, 0x0F, 0xE0, 0xF8, 0x07, 0xC0, 0x3C, 0x03,
    0xEF, 0xFE, 0xFF, 0xE0, 0xFF, 0xFF, 0xFF, 0x00, 0xF0, 0x0F, 0x01, 0xF0, 0x1E, 0xF1, 0xEF, 0x3E,
    0xF3, 0xCF, 0x3C, 0xF7, 0xCF, 0x78, 0xF7, 0x8F, 0x00, 0xF0, 0x0F, 0x00, 0xF0, 0x00, 0xFF, 0x3F,
    0xE0, 0x7C, 0x0F, 0x03, 0xC0, 0xF0, 0x3C, 0x0F, 0x03, 0xC0, 0xF0, 0x3C, 0x0F, 0x03, 0xC0, 0xF7,
    0x9F, 0xEF, 0x3F, 0xDE, 0x7F, 0xBC, 0xFF, 0x79, 0xFE, 0xF3, 0xFF, 0xE7, 0xFF, 0x8F, 0xF0, 0x1E,
    0xF0, 0x79, 0xF1, 0xF1, 0xFF, 0xC1, 0xFF, 0x00, 0xFF, 0xCF, 0xFE, 0x19, 0xF3, 0x8F, 0x78, 0xF7,
    0x8F, 0x78, 0xF7, 0x8F, 0x78, 0xF7, 0x8F, 0x78, 0xFF, 0x8F, 0xF8, 0xF0, 0x47, 0xFE, 0xFF, 0x00,
    0x38, 0xE7, 0x9E, 0x7B, 0xEF, 0x80, 0x00, 0x00, 0x1C, 0xFB, 0xEF, 0x8C, 0x00, 0x07, 0xF9, 0xFF,
    0xFF, 0xEF, 0xBD, 0xF0, 0x3F, 0x03, 0xF0, 0x3F, 0x01, 0xE0, 0x3C, 0x00, 0x00, 0xE0, 0x3E, 0x07,
    0xC0, 0x78, 0x06, 0x00, 0x00, 0x0F, 0xC7, 0xE1, 0xF8, 0x78, 0x1E, 0x07, 0xF8, 0xFE, 0xFF, 0xBF,
    0xC7, 0x80, 0x00, 0xFF, 0xFF, 0xFF, 0x00, 0x31, 0xEF, 0x9E, 0x30, 0x00, 0x03, 0xCF, 0x1E, 0x79,
    0xE7, 0x9E, 0x78, 0xE3, 0x8F, 0x3C, 0xF3, 0xC0, 0x20, 0x38, 0x7F, 0x1F, 0xFF, 0xFF, 0xBF, 0xE7,
    0xE1, 0xE0, 0x78, 0x1E, 0x07, 0x81, 0xE0, 0x78, 0x1E, 0x07, 0x80, 0x00, 0x00, 0x0F, 0x77, 0xF7,
    0x7F, 0xFF, 0x7F, 0xF7, 0xFF, 0x7D, 0xC7, 0x80, 0x78, 0x07, 0x80, 0x78, 0x03, 0x80, 0x38, 0x03,
    0x80, 0x38, 0x00, 0x00, 0x04, 0x07, 0x03, 0xE1, 0xF8, 0xF8, 0x3C, 0x0F, 0xC1, 0xF8, 0x3E, 0x1F,
    0x0F, 0x03, 0xC0, 0xFF, 0x9F, 0xF7, 0xFC, 0x00, 0x00, 0x0F, 0xC7, 0xF9, 0xFE, 0xF3, 0xFC, 0xFF,
    0x3F, 0xCF, 0xF3, 0xFF, 0xF7, 0xF8, 0xFC, 0x40, 0x07, 0xFC, 0x7F, 0xC7, 0xFC, 0x0F, 0xC0, 0x1C,
    0x01, 0xC0, 0x1C, 0x01, 0xC0, 0x1E, 0x01, 0xE0, 0x1E, 0x01, 0xE0, 0x0E, 0x00, 0xE0, 0x08, 0x20,
    0x4F, 0x0F, 0xF0, 0xFF, 0x1E, 0x79, 0xE7, 0x9E, 0x39, 0xC3, 0xFC, 0x3F, 0xC3, 0xF8, 0x1F, 0x81,
    0xF8, 0x1F, 0x00, 0xF0, 0x0F, 0x00, 0x80, 0x03, 0x00, 0xF0, 0x0F, 0x00, 0xF8, 0x1F, 0x81, 0xF8,
    0x1F, 0x83, 0xFC, 0x3F, 0xC3, 0x9C, 0x79, 0xE7, 0x9E, 0xF1, 0xEF, 0x0F, 0xF0, 0xF2, 0x04, 0x08,
    0x0F, 0xC7, 0xF3, 0xFE, 0xF7, 0xBD, 0xEF, 0xFB, 0xFE, 0x7F, 0x87, 0xF0, 0x3C, 0x0F, 0x03, 0xC0,
    0xF0, 0x1C, 0x00, 0x08, 0x00, 0x78, 0x00, 0xF3, 0x80, 0xE7, 0x01, 0xFE, 0x03, 0xFC, 0x07, 0xF8,
    0x0F, 0xF0, 0x3C, 0xFD, 0xF9, 0xFF, 0xE1, 0xFF, 0x81, 0xFE, 0x00, 0x7E, 0xFC, 0x31, 0xEF, 0x9E,
    0x30, 0x00, 0x03, 0xCF, 0x1E, 0x79, 0xE7, 0x9E, 0x78, 0xE3, 0x8F, 0x3C, 0xF3, 0xC0, 0x20, 0x38,
    0x7F, 0x1F, 0xFF, 0xFF, 0xBF, 0xE7, 0xE1, 0xE0, 0x78, 0x1E, 0x07, 0x81, 0xE0, 0x78, 0x1E, 0x07,
    0x80, 0x00, 0x00, 0x0F, 0x77, 0xF7, 0x7F, 0xFF, 0x7F, 0xF7, 0xFF, 0x7D, 0xC7, 0x80, 0x78, 0x07,
    0x80, 0x78, 0x03, 0x80, 0x38, 0x03, 0x80, 0x38, 0x00, 0x00, 0x01, 0xC7, 0x3C, 0x7F, 0xC7, 0xFC,
    0x7F, 0xE7, 0xFE, 0x7F, 0xE3, 0xFC, 0x38, 0x03, 0xC0, 0x3C, 0x03, 0xC0, 0x3C, 0x03, 0xC0, 0x3C,
    0x00, 0x00, 0x00, 0x00, 0xE0, 0x1F, 0x00, 0xF0, 0x1F, 0x81, 0xFC, 0x3F, 0xC7, 0x9E, 0x79, 0xE7,
    0x0E, 0xF6, 0xFF, 0x6F, 0xFF, 0xE7, 0xFE, 0x7F, 0xC0, 0x04, 0x0F, 0xC7, 0xF1, 0xFC, 0x70, 0x1C,
    0x07, 0xF9, 0xFE, 0x3F, 0xC7, 0xC3, 0xE1, 0xF0, 0x7C, 0x3E, 0x0F, 0x00, 0xC0, 0x20, 0x4F, 0x0F,
    0xF0, 0xFF, 0x1E, 0x79, 0xE7, 0x9E, 0x39, 0xC3, 0xFC, 0x3F, 0xC3, 0xF8, 0x1F, 0x81, 0xF8, 0x1F,
    0x00, 0xF0, 0x0F, 0x00, 0x80, 0x03, 0x00, 0xF0, 0x0F, 0x00, 0xF8, 0x1F, 0x81, 0xF8, 0x1F, 0x83,
    0xFC, 0x3F, 0xC3, 0x9C, 0x79, 0xE7, 0x9E, 0xF1, 0xEF, 0x0F, 0xF0, 0xF2, 0x04, 0x08, 0x0F, 0xC7,
    0xF3, 0xFE, 0xF7, 0xBD, 0xEF, 0xFB, 0xFE, 0x7F, 0x87, 0xF0, 0x3C, 0x0F, 0x03, 0xC0, 0xF0, 0x1C,
    0x03, 0x80, 0x0F, 0x80, 0x1F, 0x80, 0x7F, 0x00, 0xFE, 0x01, 0xDE, 0x07, 0xBC, 0x0F, 0x78, 0x1E,
    0x78, 0x78, 0xF0, 0xFF, 0xE1, 0xFF, 0xE7, 0xFF, 0xCF, 0x07, 0x9E, 0x07, 0xF8, 0x0F, 0x00, 0x00,
    0x07, 0x00, 0x0F, 0x00, 0x1E, 0x00, 0x18, 0x00, 0x0F, 0x07, 0xF9, 0xFF, 0xBC, 0xF0, 0x1E, 0x3F,
    0xDF, 0xFB, 0xEF, 0xF1, 0xFE, 0x7D, 0xFF, 0xBF, 0xF1, 0x80, 0x1C, 0x03, 0xC0, 0x78, 0x06, 0x00,
    0x07, 0x80, 0x0F, 0x80, 0x07, 0x00, 0x0C, 0x00, 0x38, 0x00, 0xF8, 0x01, 0xF8, 0x07, 0xF0, 0x0F,
    0xE0, 0x1D, 0xE0, 0x7B, 0xC0, 0xF7, 0x81, 0xE7, 0x87, 0x8F, 0x0F, 0xFE, 0x1F, 0xFE, 0x7F, 0xFC,
    0xF0, 0x79, 0xE0, 0x7F, 0x80, 0xF0, 0x0F, 0x01, 0xE0, 0x1C, 0x03, 0x00, 0xF0, 0x7F, 0x9F, 0xFB,
    0xCF, 0x01, 0xE3, 0xFD, 0xFF, 0xBE, 0xFF, 0x1F, 0xE7, 0xDF, 0xFB, 0xFF, 0x18, 0x00, 0x00, 0x00,
    0x00, 0x70, 0x01, 0xC0, 0x03, 0x80, 0x38, 0x00, 0xF8, 0x03, 0xF8, 0x07, 0x38, 0x03, 0x80, 0x0F,
    0x80, 0x1F, 0x80, 0x7F, 0x00, 0xFE, 0x01, 0xDE, 0x07, 0xBC, 0x0F, 0x78, 0x1E, 0x78, 0x78, 0xF0,
    0xFF, 0xE1, 0xFF, 0xE7, 0xFF, 0xCF, 0x07, 0x9E, 0x07, 0xF8, 0x0F, 0x00, 0x00, 0x0E, 0x00, 0xE0,
    0x1C, 0x0F, 0x01, 0xF8, 0x3F, 0xC3, 0x9C, 0x0F, 0x03, 0xFC, 0x7F, 0xE7, 0x9E, 0x01, 0xE1, 0xFE,
    0x7F, 0xE7, 0xDE, 0xF1, 0xEF, 0x3E, 0x7F, 0xE7, 0xFE, 0x18, 0x00, 0x00, 0x00, 0x01, 0xC0, 0x01,
    0xC0, 0x03, 0x80, 0x38, 0x00, 0xF8, 0x03, 0xF8, 0x07, 0x38, 0x03, 0x80, 0x0F, 0x80, 0x1F, 0x80,
    0x7F, 0x00, 0xFE, 0x01, 0xDE, 0x07, 0xBC, 0x0F, 0x78, 0x1E, 0x78, 0x78, 0xF0, 0xFF, 0xE1, 0xFF,
    0xE7, 0xFF, 0xCF, 0x07, 0x9E, 0x07, 0xF8, 0x0F, 0x00, 0x00, 0x70, 0x07, 0x00, 0x60, 0xF0, 0x3F,
    0x0F, 0xF1, 0xCE, 0x0F, 0x07, 0xF9, 0xFF, 0xBC, 0xF0, 0x1E, 0x3F, 0xDF, 0xFB, 0xEF, 0xF1, 0xFE,
    0x7D, 0xFF, 0xBF, 0xF1, 0x80, 0x00, 0x00, 0x01, 0xE0, 0x03, 0xC0, 0x03, 0x00, 0x38, 0x00, 0xF8,
    0x03, 0xF8, 0x07, 0x38, 0x03, 0x80, 0x0F, 0x80, 0x1F, 0x80, 0x7F, 0x00, 0xFE, 0x01, 0xDE, 0x07,
    0xBC, 0x0F, 0x78, 0x1E, 0x78, 0x78, 0xF0, 0xFF, 0xE1, 0xFF, 0xE7, 0xFF, 0xCF, 0x07, 0x9E, 0x07,
    0xF8, 0x0F, 0x00, 0x00, 0x78, 0x0F, 0x00, 0xE0, 0xF0, 0x3F, 0x0F, 0xF1, 0xCE, 0x0F, 0x07, 0xF9,
    0xFF, 0xBC, 0xF0, 0x1E, 0x3F, 0xDF, 0xFB, 0xEF, 0xF1, 0xFE, 0x7D, 0xFF, 0xBF, 0xF1, 0x80, 0x07,
    0x70, 0x1F, 0xC0, 0x33, 0x00, 0x1C, 0x00, 0x7C, 0x01, 0xFC, 0x03, 0x9C, 0x01, 0xC0, 0x07, 0xC0,
    0x0F, 0xC0, 0x3F, 0x80, 0x7F, 0x00, 0xEF, 0x03, 0xDE, 0x07, 0xBC, 0x0F, 0x3C, 0x3C, 0x78, 0x7F,
    0xF0, 0xFF, 0xF3, 0xFF, 0xE7, 0x83, 0xCF, 0x03, 0xFC, 0x07, 0x80, 0x1F, 0xC7, 0xF8, 0xCE, 0x07,
    0x81, 0xF8, 0x7F, 0x8E, 0x70, 0x78, 0x3F, 0xCF, 0xFD, 0xE7, 0x80, 0xF1, 0xFE, 0xFF, 0xDF, 0x7F,
    0x8F, 0xF3, 0xEF, 0xFD, 0xFF, 0x8C, 0x00, 0x03, 0xC0, 0x0F, 0xC0, 0x3B, 0xC0, 0x63, 0x80, 0x38,
    0x00, 0xF8, 0x01, 0xF8, 0x07, 0xF0, 0x0F, 0xE0, 0x1D, 0xE0, 0x7B, 0xC0, 0xF7, 0x81, 0xE7, 0x87,
    0x8F, 0x0F, 0xFE, 0x1F, 0xFE, 0x7F, 0xFC, 0xF0, 0x79, 0xE0, 0x7F, 0x80, 0xF0, 0x00, 0x00, 0x70,
    0x00, 0xF0, 0x01, 0xE0, 0x01, 0x80, 0x0F, 0x03, 0xF0, 0xFF, 0x1C, 0xE0, 0xF0, 0x7F, 0x9F, 0xFB,
    0xCF, 0x01, 0xE3, 0xFD, 0xFF, 0xBE, 0xFF, 0x1F, 0xE7, 0xDF, 0xFB, 0xFF, 0x18, 0x01, 0xC0, 0x3C,
    0x07, 0x80, 0x60, 0x00, 0x00, 0x03, 0xC0, 0x07, 0x00, 0x0C, 0x00, 0xC6, 0x01, 0xDC, 0x01, 0xF8,
    0x01, 0xE0, 0x03, 0x80, 0x0F, 0x80, 0x1F, 0x80, 0x7F, 0x00, 0xFE, 0x01, 0xDE, 0x07, 0xBC, 0x0F,
    0x78, 0x1E, 0x78, 0x78, 0xF0, 0xFF, 0xE1, 0xFF, 0xE7, 0xFF, 0xCF, 0x07, 0x9E, 0x07, 0xF8, 0x0F,
    0x00, 0x00, 0x70, 0x1C, 0x03, 0x03, 0x9C, 0x77, 0x87, 0xE0, 0x78, 0x0F, 0x07, 0xF9, 0xFF, 0xBC,
    0xF0, 0x1E, 0x3F, 0xDF, 0xFB, 0xEF, 0xF1, 0xFE, 0x7D, 0xFF, 0xBF, 0xF1, 0x80, 0x00, 0x00, 0x0E,
    0x00, 0x1C, 0x00, 0x1C, 0x00, 0xC6, 0x01, 0xDC, 0x03, 0xF8, 0x01, 0xE0, 0x03, 0x80, 0x0F, 0x80,
    0x1F, 0x80, 0x7F, 0x00, 0xFE, 0x01, 0xDE, 0x07, 0xBC, 0x0F, 0x78, 0x1E, 0x78, 0x78, 0xF0, 0xFF,
    0xE1, 0xFF, 0xE7, 0xFF, 0xCF, 0x07, 0x9E, 0x07, 0xF8, 0x0F, 0x00, 0x03, 0x80, 0x38, 0x07, 0x03,
    0x1C, 0x77, 0x87, 0xE0, 0x78, 0x0F, 0x07, 0xF9, 0xFF, 0xBC, 0xF0, 0x1E, 0x3F, 0xDF, 0xFB, 0xEF,
    0xF1, 0xFE, 0x7D, 0xFF, 0xBF, 0xF1, 0x80, 0x00, 0x00, 0x07, 0x00, 0x0F, 0x00, 0x0C, 0x00, 0xC6,
    0x01, 0xDC, 0x01, 0xF8, 0x01, 0xE0, 0x03, 0x80, 0x0F, 0x80, 0x1F, 0x80, 0x7F, 0x00, 0xFE, 0x01,
    0xDE, 0x07, 0xBC, 0x0F, 0x78, 0x1E, 0x78, 0x78, 0xF0, 0xFF, 0xE1, 0xFF, 0xE7, 0xFF, 0xCF, 0x07,
    0x9E, 0x07, 0xF8, 0x0F, 0x00, 0x01, 0xE0, 0x3C, 0x03, 0x03, 0x9C, 0x77, 0x87, 0xE0, 0x78, 0x0F,
    0x07, 0xF9, 0xFF, 0xBC, 0xF0, 0x1E, 0x3F, 0xDF, 0xFB, 0xEF, 0xF1, 0xFE, 0x7D, 0xFF, 0xBF, 0xF1,
    0x80, 0x07, 0x70, 0x1F, 0xC0, 0x33, 0x80, 0x63, 0x00, 0xEE, 0x00, 0xFC, 0x00, 0xF0, 0x01, 0xC0,
    0x07, 0xC0, 0x0F, 0xC0, 0x3F, 0x80, 0x7F, 0x00, 0xEF, 0x03, 0xDE, 0x07, 0xBC, 0x0F, 0x3C, 0x3C,
    0x78, 0x7F, 0xF0, 0xFF, 0xF3, 0xFF, 0xE7, 0x83, 0xCF, 0x03, 0xFC, 0x07, 0x80, 0x1F, 0xC7, 0xF8,
    0xCE, 0x1C, 0xE3, 0xFC, 0x3F, 0x03, 0xC0, 0x78, 0x3F, 0xCF, 0xFD, 0xE7, 0x80, 0xF1, 0xFE, 0xFF,
    0xDF, 0x7F, 0x8F, 0xF3, 0xEF, 0xFD, 0xFF, 0x8C, 0x00, 0x0C, 0x60, 0x1F, 0xC0, 0x1F, 0x80, 0x1C,
    0x00, 0x38, 0x00, 0xF8, 0x01, 0xF8, 0x07, 0xF0, 0x0F, 0xE0, 0x1D, 0xE0, 0x7B, 0xC0, 0xF7, 0x81,
    0xE7, 0x87, 0x8F, 0x0F, 0xFE, 0x1F, 0xFE, 0x7F, 0xFC, 0xF0, 0x79, 0xE0, 0x7F, 0x80, 0xF0, 0x00,
    0x00, 0x70, 0x00, 0xF0, 0x01, 0xE0, 0x01, 0x80, 0x39, 0xC7, 0xF8, 0x7E, 0x03, 0x00, 0xF0, 0x7F,
    0x9F, 0xFB, 0xCF, 0x01, 0xE3, 0xFD, 0xFF, 0xBE, 0xFF, 0x1F, 0xE7, 0xDF, 0xFB, 0xFF, 0x18, 0x01,
    0xC0, 0x3C, 0x07, 0x80, 0x60, 0x7F, 0xDF, 0xFF, 0xFF, 0xFF, 0xFF, 0x01, 0xE0, 0x3C, 0x07, 0xFE,
    0xFF, 0xDF, 0xFB, 0xC0, 0x78, 0x0F, 0x01, 0xFF, 0xFF, 0xFF, 0xFF, 0x00, 0x01, 0xC0, 0x78, 0x07,
    0x00, 0x40, 0x0F, 0x01, 0xFC, 0x3F, 0xE7, 0x9E, 0x70, 0xFF, 0xFF, 0xFF, 0xFF, 0xFE, 0x70, 0xE7,
    0xDF, 0x3F, 0xE1, 0xFC, 0x06, 0x00, 0x70, 0x0F, 0x00, 0xF0, 0x06, 0x00, 0x1E, 0x03, 0xE0, 0x18,
    0x07, 0x07, 0xFD, 0xFF, 0xFF, 0xFF, 0xFF, 0xF0, 0x1E, 0x03, 0xC0, 0x7F, 0xEF, 0xFD, 0xFF, 0xBC,
    0x07, 0x80, 0xF0, 0x1F, 0xFF, 0xFF, 0xFF, 0xF0, 0x0F, 0x00, 0xF0, 0x07, 0x00, 0x60, 0x0F, 0x01,
    0xFC, 0x3F, 0xE7, 0x9E, 0x70, 0xFF, 0xFF, 0xFF, 0xFF, 0xFE, 0x70, 0xE7, 0xDF, 0x3F, 0xE1, 0xFC,
    0x06, 0x00, 0x1D, 0x87, 0xF0, 0xFE, 0x00, 0x07, 0xFD, 0xFF, 0xFF, 0xFF, 0xFF, 0xF0, 0x1E, 0x03,
    0xC0, 0x7F, 0xEF, 0xFD, 0xFF, 0xBC, 0x07, 0x80, 0xF0, 0x1F, 0xFF, 0xFF, 0xFF, 0xF0, 0x1C, 0xC1,
    0xFC, 0x3F, 0x80, 0x00, 0x0F, 0x01, 0xFC, 0x3F, 0xE7, 0x9E, 0x70, 0xFF, 0xFF, 0xFF, 0xFF, 0xFE,
    0x70, 0xE7, 0xDF, 0x3F, 0xE1, 0xFC, 0x06, 0x00, 0x00, 0x00, 0x1C, 0x07, 0x00, 0xC0, 0xE0, 0x3E,
    0x0F, 0xE3, 0xDE, 0x7F, 0xDF, 0xFF, 0xFF, 0xFF, 0xFF, 0x01, 0xE0, 0x3C, 0x07, 0xFE, 0xFF, 0xDF,
    0xFB, 0xC0, 0x78, 0x0F, 0x01, 0xFF, 0xFF, 0xFF, 0xFF, 0x00, 0x00, 0x0F, 0x00, 0xE0, 0x0C, 0x0F,
    0x00, 0xF8, 0x1F, 0xC3, 0x9C, 0x0F, 0x01, 0xFC, 0x3F, 0xE7, 0x9E, 0x70, 0xFF, 0xFF, 0xFF, 0xFF,
    0xFE, 0x70, 0xE7, 0xDF, 0x3F, 0xE1, 0xFC, 0x06, 0x00, 0x00, 0x00, 0x70, 0x07, 0x00, 0xE0, 0xE0,
    0x3E, 0x0F, 0xE3, 0xDE, 0x7F, 0xDF, 0xFF, 0xFF, 0xFF, 0xFF, 0x01, 0xE0, 0x3C, 0x07, 0xFE, 0xFF,
    0xDF, 0xFB, 0xC0, 0x78, 0x0F, 0x01, 0xFF, 0xFF, 0xFF, 0xFF, 0x00, 0x00, 0x1C, 0x01, 0xC0, 0x0E,
    0x0F, 0x00, 0xF8, 0x1F, 0xC3, 0x9C, 0x0F, 0x01, 0xFC, 0x3F, 0xE7, 0x9E, 0x70, 0xFF, 0xFF, 0xFF,
    0xFF, 0xFE, 0x70, 0xE7, 0xDF, 0x3F, 0xE1, 0xFC, 0x06, 0x00, 0x00, 0x00, 0x78, 0x0F, 0x00, 0xC0,
    0xE0, 0x3E, 0x0F, 0xE3, 0xDE, 0x7F, 0xDF, 0xFF, 0xFF, 0xFF, 0xFF, 0x01, 0xE0, 0x3C, 0x07, 0xFE,
    0xFF, 0xDF, 0xFB, 0xC0, 0x78, 0x0F, 0x01, 0xFF, 0xFF, 0xFF, 0xFF, 0x00, 0x00, 0x3C, 0x01, 0xC0,
    0x0C, 0x0F, 0x00, 0xF8, 0x1F, 0xC3, 0x9C, 0x0F, 0x01, 0xFC, 0x3F, 0xE7, 0x9E, 0x70, 0xFF, 0xFF,
    0xFF, 0xFF, 0xFE, 0x70, 0xE7, 0xDF, 0x3F, 0xE1, 0xFC, 0x06, 0x00, 0x3D, 0x87, 0xF0, 0xDC, 0x07,
    0x01, 0xF0, 0x7F, 0x1E, 0xF3, 0xFE, 0xFF, 0xFF, 0xFF, 0xFF, 0xF8, 0x0F, 0x01, 0xE0, 0x3F, 0xF7,
    0xFE, 0xFF, 0xDE, 0x03, 0xC0, 0x78, 0x0F, 0xFF, 0xFF, 0xFF, 0xF8, 0x1E, 0xC3, 0xFC, 0x3B, 0x80,
    0xF0, 0x0F, 0x81, 0xFC, 0x39, 0xC0, 0xF0, 0x1F, 0xC3, 0xFE, 0x79, 0xE7, 0x0F, 0xFF, 0xFF, 0xFF,
    0xFF, 0xE7, 0x0E, 0x7D, 0xF3, 0xFE, 0x1F, 0xC0, 0x60, 0x0E, 0x03, 0xE0, 0xEE, 0x18, 0xC7, 0xFD,
    0xFF, 0xFF, 0xFF, 0xFF, 0xF0, 0x1E, 0x03, 0xC0, 0x7F, 0xEF, 0xFD, 0xFF, 0xBC, 0x07, 0x80, 0xF0,
    0x1F, 0xFF, 0xFF, 0xFF, 0xF0, 0x00, 0x1C, 0x07, 0x80, 0x70, 0x04, 0x00, 0x0F, 0x01, 0xF8, 0x3F,
    0xC3, 0x9C, 0x0F, 0x01, 0xFC, 0x3F, 0xE7, 0x9E, 0x70, 0xFF, 0xFF, 0xFF, 0xFF, 0xFE, 0x70, 0xE7,
    0xDF, 0x3F, 0xE1, 0xFC, 0x06, 0x00, 0x70, 0x0F, 0x00, 0xF0, 0x06, 0x00, 0x7B, 0xCE, 0x63, 0x3D,
    0xEF, 0x7B, 0xDE, 0xF7, 0xBD, 0xEF, 0x7B, 0xDE, 0xF0, 0xF7, 0xCE, 0x67, 0x3D, 0xEF, 0x7B, 0xDE,
    0xF7, 0xBD, 0xEF, 0x6F, 0xFF, 0xFF, 0xFF, 0xFF, 0xFF, 0xFF, 0xFF, 0x0E, 0xFF, 0x60, 0xEF, 0xF6,
    0xEF, 0xFF, 0xFF, 0xFF, 0xFF, 0xFF, 0x0E, 0xFF, 0x60, 0x03, 0xC0, 0x0F, 0xF0, 0x1F, 0xF8, 0x3F,
    0xFC, 0x7C, 0x3E, 0x78, 0x1E, 0x78, 0x1E, 0x70, 0x1E, 0x70, 0x0E, 0x70, 0x1E, 0x78, 0x1E, 0x78,
    0x1E, 0x7C, 0x3E, 0x3F, 0xFC, 0x1F, 0xF8, 0x0F, 0xF0, 0x01, 0x80, 0x03, 0xC0, 0x03, 0xC0, 0x03,
    0xC0, 0x01, 0x80, 0x0F, 0x01, 0xFC, 0x3F, 0xE7, 0xDF, 0x78, 0xFF, 0x0F, 0xF0, 0xFF, 0x0F, 0x78,
    0xF7, 0xFF, 0x3F, 0xE1, 0xFC, 0x06, 0x00, 0x70, 0x0F, 0x00, 0xF0, 0x02, 0x00, 0x03, 0xC0, 0x03,
    0xC0, 0x01, 0xC0, 0x01, 0x80, 0x03, 0xC0, 0x0F, 0xF0, 0x1F, 0xF8, 0x3F, 0xFC, 0x7C, 0x3E, 0x78,
    0x1E, 0x78, 0x1E, 0x70, 0x1E, 0x70, 0x0E, 0x70, 0x1E, 0x78, 0x1E, 0x78, 0x1E, 0x7C, 0x3E, 0x3F,
    0xFC, 0x1F, 0xF8, 0x0F, 0xF0, 0x01, 0x80, 0x0F, 0x00, 0xF0, 0x07, 0x00, 0x60, 0x0F, 0x01, 0xFC,
    0x3F, 0xE7, 0xDF, 0x78, 0xFF, 0x0F, 0xF0, 0xFF, 0x0F, 0x78, 0xF7, 0xFF, 0x3F, 0xE1, 0xFC, 0x06,
    0x00, 0x00, 0x00, 0x00, 0x38, 0x00, 0x38, 0x00, 0x70, 0x03, 0xC0, 0x07, 0xE0, 0x0F, 0xF0, 0x0E,
    0x70, 0x03, 0xC0, 0x0F, 0xF0, 0x1F, 0xF8, 0x3F, 0xFC, 0x7C, 0x3E, 0x78, 0x1E, 0x78, 0x1E, 0x70,
    0x1E, 0x70, 0x0E, 0x70, 0x1E, 0x78, 0x1E, 0x78, 0x1E, 0x7C, 0x3E, 0x3F, 0xFC, 0x1F, 0xF8, 0x0F,
    0xF0, 0x01, 0x80, 0x00, 0x00, 0x0F, 0x00, 0xE0, 0x0C, 0x07, 0x00, 0xF8, 0x1F, 0xC3, 0x9C, 0x0F,
    0x01, 0xFC, 0x3F, 0xE7, 0xDF, 0x78, 0xFF, 0x0F, 0xF0, 0xFF, 0x0F, 0x78, 0xF7, 0xFF, 0x3F, 0xE1,
    0xFC, 0x06, 0x00, 0x00, 0x00, 0x00, 0xF0, 0x00, 0x70, 0x00, 0x30, 0x03, 0xC0, 0x07, 0xE0, 0x0F,
    0xF0, 0x0E, 0x70, 0x03, 0xC0, 0x0F, 0xF0, 0x1F, 0xF8, 0x3F, 0xFC, 0x7C, 0x3E, 0x78, 0x1E, 0x78,
    0x1E, 0x70, 0x1E, 0x70, 0x0E, 0x70, 0x1E, 0x78, 0x1E, 0x78, 0x1E, 0x7C, 0x3E, 0x3F, 0xFC, 0x1F,
    0xF8, 0x0F, 0xF0, 0x01, 0x80, 0x00, 0x00, 0x1C, 0x01, 0xC0, 0x0E, 0x07, 0x00, 0xF8, 0x1F, 0xC3,
    0x9C, 0x0F, 0x01, 0xFC, 0x3F, 0xE7, 0xDF, 0x78, 0xFF, 0x0F, 0xF0, 0xFF, 0x0F, 0x78, 0xF7, 0xFF,
    0x3F, 0xE1, 0xFC, 0x06, 0x00, 0x00, 0x00, 0x00, 0xF0, 0x00, 0xF0, 0x00, 0x70, 0x03, 0xC0, 0x07,
    0xE0, 0x0F, 0xF0, 0x0E, 0x70, 0x03, 0xC0, 0x0F, 0xF0, 0x1F, 0xF8, 0x3F, 0xFC, 0x7C, 0x3E, 0x78,
    0x1E, 0x78, 0x1E, 0x70, 0x1E, 0x70, 0x0E, 0x70, 0x1E, 0x78, 0x1E, 0x78, 0x1E, 0x7C, 0x3E, 0x3F,
    0xFC, 0x1F, 0xF8, 0x0F, 0xF0, 0x01, 0x80, 0x00, 0x00, 0x1C, 0x01, 0xE0, 0x0C, 0x07, 0x00, 0xF8,
    0x1F, 0xC3, 0x9C, 0x0F, 0x01, 0xFC, 0x3F, 0xE7, 0xDF, 0x78, 0xFF, 0x0F, 0xF0, 0xFF, 0x0F, 0x78,
    0xF7, 0xFF, 0x3F, 0xE1, 0xFC, 0x06, 0x00, 0x07, 0xF0, 0x0F, 0xF0, 0x0C, 0xE0, 0x03, 0xC0, 0x07,
    0xE0, 0x0F, 0xF0, 0x0E, 0x70, 0x03, 0xC0, 0x0F, 0xF0, 0x1F, 0xF8, 0x3F, 0xFC, 0x7C, 0x3E, 0x78,
    0x1E, 0x78, 0x1E, 0x70, 0x1E, 0x70, 0x0E, 0x70, 0x1E, 0x78, 0x1E, 0x78, 0x1E, 0x7C, 0x3E, 0x3F,
    0xFC, 0x1F, 0xF8, 0x0F, 0xF0, 0x01, 0x80, 0x1E, 0xC1, 0xFC, 0x1B, 0x80, 0x70, 0x0F, 0x81, 0xFC,
    0x39, 0xC0, 0xF0, 0x1F, 0xC3, 0xFE, 0x7D, 0xF7, 0x8F, 0xF0, 0xFF, 0x0F, 0xF0, 0xF7, 0x8F, 0x7F,
    0xF3, 0xFE, 0x1F, 0xC0, 0x60, 0x03, 0xC0, 0x07, 0xE0, 0x0F, 0xF0, 0x0E, 0x70, 0x03, 0xC0, 0x0F,
    0xF0, 0x1F, 0xF8, 0x3F, 0xFC, 0x7C, 0x3E, 0x78, 0x1E, 0x78, 0x1E, 0x70, 0x1E, 0x70, 0x0E, 0x70,
    0x1E, 0x78, 0x1E, 0x78, 0x1E, 0x7C, 0x3E, 0x3F, 0xFC, 0x1F, 0xF8, 0x0F, 0xF0, 0x01, 0x80, 0x03,
    0xC0, 0x03, 0xC0, 0x03, 0xC0, 0x01, 0x80, 0x0F, 0x01, 0xF8, 0x3D, 0xC3, 0x8C, 0x0F, 0x01, 0xFC,
    0x3F, 0xE7, 0xDF, 0x78, 0xFF, 0x0F, 0xF0, 0xFF, 0x0F, 0x78, 0xF7, 0xFF, 0x3F, 0xE1, 0xFC, 0x06,
    0x00, 0x70, 0x0F, 0x00, 0xF0, 0x02, 0x00, 0x00, 0xE0, 0x01, 0xE0, 0x01, 0xCE, 0x01, 0x8F, 0x03,
    0xFE, 0x0F, 0xFE, 0x1F, 0xFE, 0x3F, 0xFC, 0x7C, 0x3E, 0x78, 0x1E, 0x78, 0x1E, 0x70, 0x1E, 0x70,
    0x0E, 0x70, 0x1E, 0x78, 0x1E, 0x78, 0x1E, 0x7C, 0x3E, 0x3F, 0xFC, 0x1F, 0xF8, 0x0F, 0xF0, 0x01,
    0x80, 0x03, 0xC0, 0x1C, 0x01, 0xCE, 0x0E, 0x70, 0xFF, 0x8F, 0xF8, 0xFF, 0x8F, 0xBE, 0x78, 0xF7,
    0x87, 0xBC, 0x3D, 0xE1, 0xE7, 0x8F, 0x3F, 0xF8, 0xFF, 0x83, 0xF8, 0x06, 0x00, 0x07, 0x00, 0x07,
    0x80, 0x03, 0x8E, 0x01, 0x8F, 0x03, 0xFE, 0x0F, 0xFE, 0x1F, 0xFE, 0x3F, 0xFC, 0x7C, 0x3E, 0x78,
    0x1E, 0x78, 0x1E, 0x70, 0x1E, 0x70, 0x0E, 0x70, 0x1E, 0x78, 0x1E, 0x78, 0x1E, 0x7C, 0x3E, 0x3F,
    0xFC, 0x1F, 0xF8, 0x0F, 0xF0, 0x01, 0x80, 0x1C, 0x00, 0x70, 0x03, 0x8E, 0x0C, 0x70, 0xFF, 0x8F,
    0xF8, 0xFF, 0x8F, 0xBE, 0x78, 0xF7, 0x87, 0xBC, 0x3D, 0xE1, 0xE7, 0x8F, 0x3F, 0xF8, 0xFF, 0x83,
    0xF8, 0x06, 0x00, 0x03, 0xC0, 0x03, 0xC0, 0x01, 0xCE, 0x01, 0x8F, 0x03, 0xFE, 0x0F, 0xFE, 0x1F,
    0xFE, 0x3F, 0xFC, 0x7C, 0x3E, 0x78, 0x1E, 0x78, 0x1E, 0x70, 0x1E, 0x70, 0x0E, 0x70, 0x1E, 0x78,
    0x1E, 0x78, 0x1E, 0x7C, 0x3E, 0x3F, 0xFC, 0x1F, 0xF8, 0x0F, 0xF0, 0x01, 0x80, 0x0F, 0x00, 0x78,
    0x01, 0xCE, 0x0C, 0x70, 0xFF, 0x8F, 0xF8, 0xFF, 0x8F, 0xBE, 0x78, 0xF7, 0x87, 0xBC, 0x3D, 0xE1,
    0xE7, 0x8F, 0x3F, 0xF8, 0xFF, 0x83, 0xF8, 0x06, 0x00, 0x07, 0x30, 0x0F, 0xF0, 0x0F, 0xEE, 0x00,
    0x0F, 0x03, 0xFE, 0x0F, 0xFE, 0x1F, 0xFE, 0x3F, 0xFC, 0x7C, 0x3E, 0x78, 0x1E, 0x78, 0x1E, 0x70,
    0x1E, 0x70, 0x0E, 0x70, 0x1E, 0x78, 0x1E, 0x78, 0x1E, 0x7C, 0x3E, 0x3F, 0xFC, 0x1F, 0xF8, 0x0F,
    0xF0, 0x01, 0x80, 0x0C, 0x80, 0xFC, 0x06, 0xEE, 0x00, 0x70, 0xFF, 0x8F, 0xF8, 0xFF, 0x8F, 0xBE,
    0x78, 0xF7, 0x87, 0xBC, 0x3D, 0xE1, 0xE7, 0x8F, 0x3F, 0xF8, 0xFF, 0x83, 0xF8, 0x06, 0x00, 0x00,
    0x0E, 0x00, 0x0F, 0x03, 0xFE, 0x0F, 0xFE, 0x1F, 0xFE, 0x3F, 0xFC, 0x7C, 0x3E, 0x78, 0x1E, 0x78,
    0x1E, 0x70, 0x1E, 0x70, 0x0E, 0x70, 0x1E, 0x78, 0x1E, 0x78, 0x1E, 0x7C, 0x3E, 0x3F, 0xFC, 0x1F,
    0xF8, 0x0F, 0xF0, 0x01, 0x80, 0x03, 0xC0, 0x03, 0xC0, 0x03, 0xC0, 0x01, 0x80, 0x00, 0x38, 0x01,
    0xC3, 0xFE, 0x3F, 0xE3, 0xFE, 0x3E, 0xF9, 0xE3, 0xDE, 0x1E, 0xF0, 0xF7, 0x87, 0x9E, 0x3C, 0xFF,
    0xE3, 0xFE, 0x0F, 0xE0, 0x18, 0x00, 0xE0, 0x0F, 0x00, 0x78, 0x00, 0x80, 0x60, 0x3F, 0x83, 0xFC,
    0x1F, 0xE0, 0xFF, 0x07, 0xF8, 0x3F, 0xC1, 0xFE, 0x0F, 0xF0, 0x7F, 0x83, 0xFC, 0x1F, 0xE0, 0xFF,
    0x8F, 0xBF, 0xF9, 0xFF, 0xC3, 0xFC, 0x07, 0x00, 0x38, 0x01, 0xE0, 0x0E, 0x00, 0x20, 0x00, 0xE0,
    0xFE, 0x3F, 0xC7, 0xF8, 0xFF, 0x1F, 0xE3, 0xFC, 0x7F, 0x8F, 0xF1, 0xFF, 0xFD, 0xFF, 0xBF, 0xF0,
    0x80, 0x1C, 0x03, 0xC0, 0x70, 0x04, 0x00, 0x0F, 0x00, 0x7C, 0x00, 0xC0, 0x06, 0x06, 0x03, 0xF8,
    0x3F, 0xC1, 0xFE, 0x0F, 0xF0, 0x7F, 0x83, 0xFC, 0x1F, 0xE0, 0xFF, 0x07, 0xF8, 0x3F, 0xC1, 0xFE,
    0x0F, 0xF8, 0xFB, 0xFF, 0x9F, 0xFC, 0x3F, 0xC0, 0x70, 0x00, 0x1E, 0x03, 0xE0, 0x38, 0x07, 0x0E,
    0x0F, 0xE3, 0xFC, 0x7F, 0x8F, 0xF1, 0xFE, 0x3F, 0xC7, 0xF8, 0xFF, 0x1F, 0xFF, 0xDF, 0xFB, 0xFF,
    0x08, 0x00, 0x03, 0xC0, 0x07, 0x00, 0x1E, 0x38, 0x38, 0xF6, 0x03, 0xFE, 0x0F, 0xFC, 0x1F, 0x78,
    0x3C, 0xF0, 0x79, 0xE0, 0xF3, 0xC1, 0xE7, 0x83, 0xCF, 0x07, 0x9E, 0x0F, 0x3C, 0x1E, 0x78, 0x3C,
    0xF8, 0xF8, 0xFF, 0xE1, 0xFF, 0xC0, 0xFF, 0x00, 0x70, 0x00, 0x07, 0x80, 0x38, 0x03, 0x8E, 0x1C,
    0x7E, 0x0F, 0xF8, 0xFB, 0xC7, 0xDE, 0x3C, 0xF1, 0xE7, 0x8F, 0x3C, 0x79, 0xE3, 0xCF, 0x1E, 0x7F,
    0xF1, 0xFF, 0x8F, 0xFC, 0x08, 0x00, 0x1E, 0x00, 0x1C, 0x00, 0x3C, 0x38, 0x38, 0xF6, 0x03, 0xFE,
    0x0F, 0xFC, 0x1F, 0x78, 0x3C, 0xF0, 0x79, 0xE0, 0xF3, 0xC1, 0xE7, 0x83, 0xCF, 0x07, 0x9E, 0x0F,
    0x3C, 0x1E, 0x78, 0x3C, 0xF8, 0xF8, 0xFF, 0xE1, 0xFF, 0xC0, 0xFF, 0x00, 0x70, 0x00, 0x3C, 0x00,
    0xE0, 0x07, 0x8E, 0x1C, 0x7E, 0x0F, 0xF8, 0xFB, 0xC7, 0xDE, 0x3C, 0xF1, 0xE7, 0x8F, 0x3C, 0x79,
    0xE3, 0xCF, 0x1E, 0x7F, 0xF1, 0xFF, 0x8F, 0xFC, 0x08, 0x00, 0x0F, 0x00, 0x1F, 0x00, 0x0C, 0x38,
    0x18, 0xF6, 0x03, 0xFE, 0x0F, 0xFC, 0x1F, 0x78, 0x3C, 0xF0, 0x79, 0xE0, 0xF3, 0xC1, 0xE7, 0x83,
    0xCF, 0x07, 0x9E, 0x0F, 0x3C, 0x1E, 0x78, 0x3C, 0xF8, 0xF8, 0xFF, 0xE1, 0xFF, 0xC0, 0xFF, 0x00,
    0x70, 0x00, 0x1E, 0x00, 0xF8, 0x03, 0x8E, 0x1C, 0x7E, 0x0F, 0xF8, 0xFB, 0xC7, 0xDE, 0x3C, 0xF1,
    0xE7, 0x8F, 0x3C, 0x79, 0xE3, 0xCF, 0x1E, 0x7F, 0xF1, 0xFF, 0x8F, 0xFC, 0x08, 0x00, 0x0E, 0xC0,
    0x3F, 0x80, 0x7F, 0x38, 0x00, 0xF6, 0x03, 0xFE, 0x0F, 0xFC, 0x1F, 0x78, 0x3C, 0xF0, 0x79, 0xE0,
    0xF3, 0xC1, 0xE7, 0x83, 0xCF, 0x07, 0x9E, 0x0F, 0x3C, 0x1E, 0x78, 0x3C, 0xF8, 0xF8, 0xFF, 0xE1,
    0xFF, 0xC0, 0xFF, 0x00, 0x70, 0x00, 0x1D, 0x81, 0xFC, 0x0F, 0xEE, 0x00, 0x7E, 0x0F, 0xF8, 0xFB,
    0xC7, 0xDE, 0x3C, 0xF1, 0xE7, 0x8F, 0x3C, 0x79, 0xE3, 0xCF, 0x1E, 0x7F, 0xF1, 0xFF, 0x8F, 0xFC,
    0x08, 0x00, 0x00, 0x0E, 0x00, 0x3D, 0x80, 0xFF, 0x83, 0xFF, 0x07, 0xDE, 0x0F, 0x3C, 0x1E, 0x78,
    0x3C, 0xF0, 0x79, 0xE0, 0xF3, 0xC1, 0xE7, 0x83, 0xCF, 0x07, 0x9E, 0x0F, 0x3E, 0x3E, 0x3F, 0xF8,
    0x7F, 0xF0, 0x3F, 0xC0, 0x1C, 0x00, 0x38, 0x00, 0x78, 0x00, 0xE0, 0x00, 0x80, 0x00, 0x00, 0x38,
    0x01, 0xF8, 0x3F, 0xE3, 0xEF, 0x1F, 0x78, 0xF3, 0xC7, 0x9E, 0x3C, 0xF1, 0xE7, 0x8F, 0x3C, 0x79,
    0xFF, 0xC7, 0xFE, 0x3F, 0xF0, 0x20, 0x01, 0xC0, 0x0F, 0x00, 0x70, 0x01, 0x00, 0x0F, 0x00, 0x0E,
    0x00, 0x1E, 0x00, 0x1C, 0x07, 0x01, 0xDF, 0x07, 0xDE, 0x0F, 0x1E, 0x3C, 0x3C, 0x78, 0x3D, 0xE0,
    0x7F, 0xC0, 0x7F, 0x00, 0x7E, 0x00, 0xF8, 0x00, 0xF0, 0x01, 0xC0, 0x03, 0x80, 0x07, 0x00, 0x0E,
    0x00, 0x1C, 0x00, 0x1C, 0x00, 0xF0, 0x03, 0x80, 0x0C, 0x0E, 0x07, 0x78, 0x79, 0xC3, 0xCF, 0x1C,
    0x79, 0xE1, 0xCF, 0x0F, 0x70, 0x7F, 0x81, 0xF8, 0x0F, 0xC0, 0x3E, 0x01, 0xE0, 0x0F, 0x01, 0xF8,
    0x1F, 0x80, 0xF8, 0x07, 0x80, 0x00, 0x70, 0x1D, 0xF0, 0x7D, 0xE0, 0xF1, 0xE3, 0xC3, 0xC7, 0x83,
    0xDE, 0x07, 0xFC, 0x07, 0xF0, 0x07, 0xE0, 0x0F, 0x80, 0x0F, 0x00, 0x1C, 0x00, 0x38, 0x00, 0x70,
    0x00, 0xE0, 0x01, 0xC0, 0x00, 0x00, 0x07, 0x00, 0x0F, 0x00, 0x1C, 0x00, 0x10, 0x00, 0xE0, 0x77,
    0x87, 0x9C, 0x3C, 0xF1, 0xC7, 0x9E, 0x1C, 0xF0, 0xF7, 0x07, 0xF8, 0x1F, 0x80, 0xFC, 0x03, 0xE0,
    0x1E, 0x00, 0xF0, 0x1F, 0xF1, 0xFB, 0xCF, 0x9C, 0x78, 0x40, 0x07, 0x80, 0x0F, 0x80, 0x06, 0x00,
    0x1C, 0x07, 0x01, 0xDF, 0x07, 0xDE, 0x0F, 0x1E, 0x3C, 0x3C, 0x78, 0x3D, 0xE0, 0x7F, 0xC0, 0x7F,
    0x00, 0x7E, 0x00, 0xF8, 0x00, 0xF0, 0x01, 0xC0, 0x03, 0x80, 0x07, 0x00, 0x0E, 0x00, 0x1C, 0x00,
    0x0F, 0x00, 0x78, 0x01, 0xC0, 0x0C, 0x0E, 0x07, 0x78, 0x79, 0xC3, 0xCF, 0x1C, 0x79, 0xE1, 0xCF,
    0x0F, 0x70, 0x7F, 0x81, 0xF8, 0x0F, 0xC0, 0x3E, 0x01, 0xE0, 0x0F, 0x01, 0xF8, 0x1F, 0x80, 0xF8,
    0x07, 0x80, 0x00, 0x07, 0x60, 0x1F, 0xC0, 0x3F, 0x80, 0x00, 0x07, 0x01, 0xDF, 0x07, 0xDE, 0x0F,
    0x1E, 0x3C, 0x3C, 0x78, 0x3D, 0xE0, 0x7F, 0xC0, 0x7F, 0x00, 0x7E, 0x00, 0xF8, 0x00, 0xF0, 0x01,
    0xC0, 0x03, 0x80, 0x07, 0x00, 0x0E, 0x00, 0x1C, 0x00, 0x1C, 0xC0, 0xFE, 0x0F, 0xE0, 0x00, 0x0E,
    0x07, 0x78, 0x79, 0xC3, 0xCF, 0x1C, 0x79, 0xE1, 0xCF, 0x0F, 0x70, 0x7F, 0x81, 0xF8, 0x0F, 0xC0,
    0x3E, 0x01, 0xE0, 0x0F, 0x01, 0xF8, 0x1F, 0x80, 0xF8, 0x07, 0x80, 0x00, 0x07, 0x00, 0x1E, 0x00,
    0x70, 0x01, 0x80, 0x0F, 0x1C, 0xFE, 0xF3, 0xFF, 0x9F, 0x7E, 0x78, 0xFB, 0xC1, 0xEF, 0x07, 0xBC,
    0x1E, 0x78, 0xF9, 0xFF, 0xE3, 0xFF, 0xC7, 0xEF, 0x06, 0x00, 0x07, 0x00, 0x1C, 0x00, 0x70, 0x00,
    0xC0, 0x0F, 0x1C, 0xFE, 0xF3, 0xFF, 0x9F, 0x7E, 0x78, 0xFB, 0xC1, 0xEF, 0x07, 0xBC, 0x1E, 0x78,
    0xF9, 0xFF, 0xE3, 0xFF, 0xC7, 0xEF, 0x06, 0x00, 0x1F, 0x80, 0x7F, 0x01, 0xDC, 0x06, 0x60, 0x0F,
    0x1C, 0xFE, 0xF3, 0xFF, 0x9F, 0x7E, 0x78, 0xFB, 0xC1, 0xEF, 0x07, 0xBC, 0x1E, 0x78, 0xF9, 0xFF,
    0xE3, 0xFF, 0xC7, 0xEF, 0x06, 0x00, 0x1F, 0x80, 0xF6, 0x03, 0xD8, 0x07, 0x60, 0x0F, 0x1C, 0xFE,
    0xF3, 0xFF, 0x9F, 0x7E, 0x78, 0xFB, 0xC1, 0xEF, 0x07, 0xBC, 0x1E, 0x78, 0xF9, 0xFF, 0xE3, 0xFF,
    0xC7, 0xEF, 0x06, 0x00, 0x1D, 0xC0, 0x7F, 0x01, 0xDC, 0x06, 0x60, 0x0F, 0x1C, 0xFE, 0xF3, 0xFF,
    0x9F, 0x7E, 0x78, 0xFB, 0xC1, 0xEF, 0x07, 0xBC, 0x1E, 0x78, 0xF9, 0xFF, 0xE3, 0xFF, 0xC7, 0xEF,
    0x06, 0x00, 0x1D, 0xC0, 0xF7, 0x03, 0xD8, 0x07, 0x60, 0x0F, 0x1C, 0xFE, 0xF3, 0xFF, 0x9F, 0x7E,
    0x78, 0xFB, 0xC1, 0xEF, 0x07, 0xBC, 0x1E, 0x78, 0xF9, 0xFF, 0xE3, 0xFF, 0xC7, 0xEF, 0x06, 0x00,
    0x0C, 0xC0, 0x7F, 0x03, 0xFC, 0x00, 0x00, 0x0F, 0x00, 0x3C, 0x00, 0x70, 0x01, 0x80, 0x0F, 0x1C,
    0xFE, 0xF3, 0xFF, 0x9F, 0x7E, 0x78, 0xFB, 0xC1, 0xEF, 0x07, 0xBC, 0x1E, 0x78, 0xF9, 0xFF, 0xE3,
    0xFF, 0xC7, 0xEF, 0x06, 0x00, 0x0C, 0xC0, 0x7F, 0x01, 0xFC, 0x00, 0x00, 0x07, 0x00, 0x1C, 0x00,
    0x70, 0x00, 0xC0, 0x0F, 0x1C, 0xFE, 0xF3, 0xFF, 0x9F, 0x7E, 0x78, 0xFB, 0xC1, 0xEF, 0x07, 0xBC,
    0x1E, 0x78, 0xF9, 0xFF, 0xE3, 0xFF, 0xC7, 0xEF, 0x06, 0x00, 0x03, 0xC0, 0xF7, 0xE0, 0x77, 0xE0,
    0x77, 0xE0, 0x6F, 0xF0, 0x0F, 0xF0, 0x0F, 0x70, 0x1E, 0x78, 0x1E, 0x78, 0x1E, 0x7C, 0x3F, 0xFC,
    0x3F, 0xFC, 0x3F, 0xFE, 0x78, 0x1E, 0x78, 0x1E, 0x78, 0x1F, 0x03, 0xC0, 0x73, 0xE0, 0xF7, 0xE0,
    0x77, 0xF0, 0x37, 0xF0, 0x0F, 0xF0, 0x0F, 0x78, 0x0E, 0x78, 0x1E, 0x78, 0x1E, 0x3C, 0x3F, 0xFC,
    0x3F, 0xFC, 0x3F, 0xFE, 0x7C, 0x1E, 0x78, 0x1E, 0x78, 0x0F, 0x00, 0x38, 0x1F, 0xCF, 0x83, 0xF9,
    0xF8, 0x3B, 0x7F, 0x06, 0x6F, 0xE0, 0x01, 0xDE, 0x00, 0x7B, 0xC0, 0x0F, 0x78, 0x01, 0xE7, 0x80,
    0x78, 0xF0, 0x0F, 0xFE, 0x01, 0xFF, 0xE0, 0x7F, 0xFC, 0x0F, 0x07, 0x81, 0xE0, 0x78, 0x78, 0x0F,
    0x00, 0x3C, 0x07, 0xE7, 0xE0, 0xF6, 0x7E, 0x0F, 0x77, 0xE0, 0x36, 0xFF, 0x00, 0x0F, 0xF0, 0x00,
    0xFF, 0x00, 0x1E, 0x78, 0x01, 0xE7, 0x80, 0x1E, 0x78, 0x03, 0xFF, 0xC0, 0x3F, 0xFC, 0x03, 0xFF,
    0xE0, 0x78, 0x1E, 0x07, 0x81, 0xE0, 0x78, 0x1F, 0x00, 0x3C, 0x0F, 0x77, 0xC0, 0xF7, 0x7E, 0x07,
    0x6F, 0xE0, 0x66, 0xFE, 0x00, 0x0F, 0xF0, 0x01, 0xEF, 0x00, 0x1E, 0xF0, 0x01, 0xE7, 0x80, 0x3C,
    0x78, 0x03, 0xFF, 0xC0, 0x3F, 0xFC, 0x07, 0xFF, 0xC0, 0x78, 0x3E, 0x07, 0x81, 0xE0, 0xF0, 0x1E,
    0x00, 0x3C, 0x07, 0x77, 0xE0, 0xF7, 0x7E, 0x0F, 0x67, 0xE0, 0x36, 0xFF, 0x00, 0x0F, 0xF0, 0x00,
    0xFF, 0x00, 0x1E, 0x78, 0x01, 0xE7, 0x80, 0x1E, 0x78, 0x03, 0xFF, 0xC0, 0x3F, 0xFC, 0x03, 0xFF,
    0xE0, 0x78, 0x1E, 0x07, 0x81, 0xE0, 0x78, 0x1F, 0x33, 0x00, 0x1F, 0xC0, 0x0F, 0xE0, 0x00, 0x03,
    0xC0, 0x3D, 0xF8, 0x0F, 0x7E, 0x01, 0xDF, 0x80, 0x6F, 0xF0, 0x03, 0xFC, 0x00, 0xEF, 0x00, 0x79,
    0xE0, 0x1E, 0x78, 0x0F, 0x9E, 0x03, 0xFF, 0xC0, 0xFF, 0xF0, 0x7F, 0xFC, 0x1E, 0x07, 0x87, 0x81,
    0xE3, 0xE0, 0x78, 0x33, 0x00, 0x1F, 0xC0, 0x0F, 0xE0, 0x00, 0x03, 0xC0, 0x1C, 0xF8, 0x0F, 0x7E,
    0x03, 0xDF, 0x80, 0x7F, 0xF0, 0x03, 0xFC, 0x00, 0xF7, 0x80, 0x79, 0xE0, 0x1E, 0x78, 0x07, 0x9F,
    0x03, 0xFF, 0xC0, 0xFF, 0xF0, 0x3F, 0xFE, 0x1E, 0x07, 0x87, 0x81, 0xE1, 0xE0, 0x7C, 0x0F, 0x01,
    0xE0, 0x1C, 0x03, 0x00, 0xF0, 0x7F, 0x9F, 0xF3, 0xCF, 0x70, 0x0F, 0xE0, 0xFC, 0x3F, 0x0F, 0x0F,
    0xF3, 0xDF, 0xF1, 0xFE, 0x06, 0x00, 0x07, 0x01, 0xE0, 0x38, 0x03, 0x00, 0xF0, 0x7F, 0x9F, 0xF3,
    0xCF, 0x70, 0x0F, 0xE0, 0xFC, 0x3F, 0x0F, 0x0F, 0xF3, 0xDF, 0xF1, 0xFE, 0x06, 0x00, 0x3F, 0x87,
    0xF0, 0x7E, 0x0C, 0xC0, 0xF0, 0x7F, 0x9F, 0xF3, 0xCF, 0x70, 0x0F, 0xE0, 0xFC, 0x3F, 0x0F, 0x0F,
    0xF3, 0xDF, 0xF1, 0xFE, 0x06, 0x00, 0x3F, 0x87, 0x70, 0xEE, 0x0C, 0xC0, 0xF0, 0x7F, 0x9F, 0xF3,
    0xCF, 0x70, 0x0F, 0xE0, 0xFC, 0x3F, 0x0F, 0x0F, 0xF3, 0xDF, 0xF1, 0xFE, 0x06, 0x00, 0x3D, 0xC7,
    0xB0, 0x76, 0x0C, 0xC0, 0xF0, 0x7F, 0x9F, 0xF3, 0xCF, 0x70, 0x0F, 0xE0, 0xFC, 0x3F, 0x0F, 0x0F,
    0xF3, 0xDF, 0xF1, 0xFE, 0x06, 0x00, 0x3F, 0xC7, 0x70, 0xEE, 0x0D, 0x80, 0xF0, 0x7F, 0x9F, 0xF3,
    0xCF, 0x70, 0x0F, 0xE0, 0xFC, 0x3F, 0x0F, 0x0F, 0xF3, 0xDF, 0xF1, 0xFE, 0x06, 0x00, 0x07, 0xFE,
    0xF7, 0xFF, 0xF7, 0xFF, 0x77, 0xFF, 0x67, 0x80, 0x07, 0x80, 0x07, 0x80, 0x07, 0xFE, 0x07, 0xFE,
    0x07, 0xFE, 0x07, 0x80, 0x07, 0x80, 0x07, 0x80, 0x07, 0xFF, 0x07, 0xFF, 0x07, 0xFF, 0x03, 0xFE,
    0x77, 0xFF, 0xF7, 0xFF, 0xF7, 0xFF, 0x37, 0x80, 0x07, 0x80, 0x07, 0x80, 0x07, 0xFE, 0x07, 0xFE,
    0x07, 0xFE, 0x07, 0x80, 0x07, 0x80, 0x07, 0x80, 0x07, 0xFF, 0x07, 0xFF, 0x07, 0xFF, 0x00, 0x7F,
    0xEF, 0xEF, 0xFF, 0xFE, 0xFF, 0xF7, 0x6F, 0xFE, 0x66, 0xF0, 0x00, 0x0F, 0x00, 0x00, 0xF0, 0x00,
    0x0F, 0xFE, 0x00, 0xFF, 0xE0, 0x0F, 0xFE, 0x00, 0xF0, 0x00, 0x0F, 0x00, 0x00, 0xF0, 0x00, 0x0F,
    0xFE, 0x00, 0xFF, 0xF0, 0x0F, 0xFF, 0x00, 0x3F, 0xE7, 0xE7, 0xFF, 0xF6, 0x7F, 0xFF, 0x77, 0xFF,
    0x36, 0x78, 0x00, 0x07, 0x80, 0x00, 0x78, 0x00, 0x07, 0xFE, 0x00, 0x7F, 0xE0, 0x07, 0xFE, 0x00,
    0x78, 0x00, 0x07, 0x80, 0x00, 0x78, 0x00, 0x07, 0xFF, 0x00, 0x7F, 0xF0, 0x07, 0xFF, 0x00, 0x7F,
    0xEF, 0x77, 0xFF, 0xF7, 0x7F, 0xF7, 0x67, 0xFF, 0x66, 0x70, 0x00, 0x07, 0x00, 0x00, 0x70, 0x00,
    0x07, 0xFE, 0x00, 0x7F, 0xE0, 0x07, 0xFE, 0x00, 0x70, 0x00, 0x07, 0x00, 0x00, 0x70, 0x00, 0x07,
    0xFF, 0x00, 0x7F, 0xF0, 0x07, 0xFF, 0x00, 0x3F, 0xE7, 0x77, 0xFF, 0xF7, 0x7F, 0xFF, 0x67, 0xFF,
    0x36, 0x78, 0x00, 0x07, 0x80, 0x00, 0x78, 0x00, 0x07, 0xFE, 0x00, 0x7F, 0xE0, 0x07, 0xFE, 0x00,
    0x78, 0x00, 0x07, 0x80, 0x00, 0x78, 0x00, 0x07, 0xFF, 0x00, 0x7F, 0xF0, 0x07, 0xFF, 0x0E, 0x01,
    0xE0, 0x3C, 0x07, 0x0E, 0x71, 0xFF, 0xBF, 0xF7, 0xFF, 0xF1, 0xFE, 0x3F, 0xC7, 0xF8, 0xFF, 0x1F,
    0xE3, 0xFC, 0x7F, 0x8F, 0x01, 0xE0, 0x3C, 0x07, 0x80, 0xF0, 0x0E, 0x0F, 0x01, 0xC0, 0x38, 0x03,
    0x0E, 0x71, 0xFF, 0xBF, 0xF7, 0xFF, 0xF1, 0xFE, 0x3F, 0xC7, 0xF8, 0xFF, 0x1F, 0xE3, 0xFC, 0x7F,
    0x8F, 0x01, 0xE0, 0x3C, 0x07, 0x80, 0xF0, 0x0E, 0x3F, 0x87, 0xF0, 0xEE, 0x18, 0xCE, 0x71, 0xFF,
    0xBF, 0xF7, 0xFF, 0xF1, 0xFE, 0x3F, 0xC7, 0xF8, 0xFF, 0x1F, 0xE3, 0xFC, 0x7F, 0x8F, 0x01, 0xE0,
    0x3C, 0x07, 0x80, 0xF0, 0x0E, 0x3F, 0x0F, 0x61, 0xEE, 0x0D, 0x8E, 0x71, 0xFF, 0xBF, 0xF7, 0xFF,
    0xF1, 0xFE, 0x3F, 0xC7, 0xF8, 0xFF, 0x1F, 0xE3, 0xFC, 0x7F, 0x8F, 0x01, 0xE0, 0x3C, 0x07, 0x80,
    0xF0, 0x0E, 0x3B, 0x87, 0xF0, 0xEE, 0x19, 0x8E, 0x71, 0xFF, 0xBF, 0xF7, 0xFF, 0xF1, 0xFE, 0x3F,
    0xC7, 0xF8, 0xFF, 0x1F, 0xE3, 0xFC, 0x7F, 0x8F, 0x01, 0xE0, 0x3C, 0x07, 0x80, 0xF0, 0x0E, 0x3B,
    0x8F, 0x70, 0xEE, 0x0D, 0x8E, 0x71, 0xFF, 0xBF, 0xF7, 0xFF, 0xF1, 0xFE, 0x3F, 0xC7, 0xF8, 0xFF,
    0x1F, 0xE3, 0xFC, 0x7F, 0x8F, 0x01, 0xE0, 0x3C, 0x07, 0x80, 0xF0, 0x0E, 0x19, 0x87, 0xF0, 0xFE,
    0x00, 0x01, 0xE0, 0x1C, 0x03, 0x80, 0x60, 0xE7, 0x1F, 0xFB, 0xFF, 0x7F, 0xFF, 0x1F, 0xE3, 0xFC,
    0x7F, 0x8F, 0xF1, 0xFE, 0x3F, 0xC7, 0xF8, 0xF0, 0x1E, 0x03, 0xC0, 0x78, 0x0F, 0x00, 0xE0, 0x19,
    0x87, 0xF0, 0xFE, 0x00, 0x00, 0xF0, 0x1C, 0x03, 0x80, 0x30, 0xE7, 0x1F, 0xFB, 0xFF, 0x7F, 0xFF,
    0x1F, 0xE3, 0xFC, 0x7F, 0x8F, 0xF1, 0xFE, 0x3F, 0xC7, 0xF8, 0xF0, 0x1E, 0x03, 0xC0, 0x78, 0x0F,
    0x00, 0xE0, 0x07, 0x01, 0xFD, 0xE0, 0xFF, 0x78, 0x3D, 0xDE, 0x0F, 0x67, 0x83, 0xC1, 0xE0, 0xF0,
    0x78, 0x3C, 0x1F, 0xFF, 0x07, 0xFF, 0xC1, 0xFF, 0xF0, 0x78, 0x3C, 0x1E, 0x0F, 0x07, 0x83, 0xC1,
    0xE0, 0xF0, 0x78, 0x3C, 0x1E, 0x0F, 0x03, 0x01, 0xCE, 0xF0, 0x3F, 0xDE, 0x07, 0xFB, 0xC0, 0xF3,
    0x78, 0x1E, 0x0F, 0x03, 0xC1, 0xE0, 0x78, 0x3F, 0xFF, 0x07, 0xFF, 0xE0, 0xFF, 0xFC, 0x1E, 0x07,
    0x83, 0xC0, 0xF0, 0x78, 0x1E, 0x0F, 0x03, 0xC1, 0xE0, 0x78, 0x3C, 0x0F, 0x00, 0x70, 0x1B, 0xFB,
    0xC0, 0xFF, 0xEF, 0x03, 0xDD, 0xBC, 0x0F, 0x66, 0xF0, 0x3C, 0x03, 0xC0, 0xF0, 0x0F, 0x03, 0xC0,
    0x3F, 0xFF, 0x00, 0xFF, 0xFC, 0x03, 0xFF, 0xF0, 0x0F, 0x03, 0xC0, 0x3C, 0x0F, 0x00, 0xF0, 0x3C,
    0x03, 0xC0, 0xF0, 0x0F, 0x03, 0xC0, 0x3C, 0x0F, 0x00, 0x30, 0x1C, 0xFC, 0xF0, 0x3B, 0xD9, 0xE0,
    0x77, 0xBB, 0xC0, 0xE3, 0x67, 0x81, 0xC0, 0x0F, 0x03, 0x80, 0x1E, 0x07, 0x00, 0x3F, 0xFE, 0x00,
    0x7F, 0xFC, 0x00, 0xFF, 0xF8, 0x01, 0xE0, 0x70, 0x03, 0xC0, 0xE0, 0x07, 0x81, 0xC0, 0x0F, 0x03,
    0x80, 0x1E, 0x07, 0x00, 0x3C, 0x0E, 0x00, 0x70, 0x1B, 0xDD, 0xC0, 0xFF, 0x77, 0x03, 0xDD, 0x9C,
    0x0F, 0x66, 0x70, 0x3C, 0x01, 0xC0, 0xF0, 0x07, 0x03, 0xC0, 0x1F, 0xFF, 0x00, 0x7F, 0xFC, 0x01,
    0xFF, 0xF0, 0x07, 0x03, 0xC0, 0x1C, 0x0F, 0x00, 0x70, 0x3C, 0x01, 0xC0, 0xF0, 0x07, 0x03, 0xC0,
    0x1C, 0x0F, 0x00, 0x30, 0x1C, 0xEE, 0xF0, 0x3B, 0xDD, 0xE0, 0x77, 0xB3, 0xC0, 0xE3, 0x67, 0x81,
    0xC0, 0x0F, 0x03, 0x80, 0x1E, 0x07, 0x00, 0x3F, 0xFE, 0x00, 0x7F, 0xFC, 0x00, 0xFF, 0xF8, 0x01,
    0xE0, 0x70, 0x03, 0xC0, 0xE0, 0x07, 0x81, 0xC0, 0x0F, 0x03, 0x80, 0x1E, 0x07, 0x00, 0x3C, 0x0E,
    0x33, 0x00, 0x07, 0xF0, 0x00, 0xFE, 0x00, 0x00, 0x1C, 0x07, 0x3D, 0xE0, 0xF3, 0xDE, 0x0F, 0x1D,
    0xE0, 0xF1, 0x9E, 0x0F, 0x01, 0xE0, 0xF0, 0x1E, 0x0F, 0x01, 0xFF, 0xF0, 0x1F, 0xFF, 0x01, 0xFF,
    0xF0, 0x1E, 0x0F, 0x01, 0xE0, 0xF0, 0x1E, 0x0F, 0x01, 0xE0, 0xF0, 0x1E, 0x0F, 0x01, 0xE0, 0xF0,
    0x33, 0x00, 0x03, 0xF8, 0x00, 0x3F, 0x80, 0x00, 0x01, 0x80, 0xE1, 0xDE, 0x07, 0x9E, 0xF0, 0x3C,
    0xF7, 0x81, 0xE3, 0xBC, 0x0F, 0x01, 0xE0, 0x78, 0x0F, 0x03, 0xC0, 0x7F, 0xFE, 0x03, 0xFF, 0xF0,
    0x1F, 0xFF, 0x80, 0xF0, 0x3C, 0x07, 0x81, 0xE0, 0x3C, 0x0F, 0x01, 0xE0, 0x78, 0x0F, 0x03, 0xC0,
    0x78, 0x1E, 0xF3, 0xC7, 0x18, 0xE3, 0xCF, 0x3C, 0xF3, 0xCF, 0x3C, 0xF3, 0xEF, 0x9E, 0x00, 0xF3,
    0xCE, 0x18, 0xE3, 0xCF, 0x3C, 0xF3, 0xCF, 0x3C, 0xF3, 0xEF, 0x9E, 0x00, 0xEE, 0xFE, 0x7E, 0x66,
    0x38, 0x3C, 0x3C, 0x3C, 0x3C, 0x3C, 0x3C, 0x3C, 0x3C, 0x3E, 0x3E, 0x1E, 0x00, 0x7F, 0x3B, 0x9D,
    0xC6, 0x61, 0xC0, 0xF0, 0x78, 0x3C, 0x1E, 0x0F, 0x07, 0x83, 0xC1, 0xE0, 0xF8, 0x7C, 0x1E, 0x00,
    0x00, 0xE7, 0xF6, 0x7E, 0x66, 0x38, 0x3C, 0x3C, 0x3C, 0x3C, 0x3C, 0x3C, 0x3C, 0x3C, 0x3E, 0x3E,
    0x1E, 0x00, 0xFE, 0xEE, 0xEE, 0x6C, 0x38, 0x3C, 0x3C, 0x3C, 0x3C, 0x3C, 0x3C, 0x3C, 0x3C, 0x3E,
    0x3E, 0x1E, 0x00, 0x66, 0xFE, 0xFE, 0x00, 0x38, 0x38, 0x38, 0x30, 0x38, 0x3C, 0x3C, 0x3C, 0x3C,
    0x3C, 0x3C, 0x3C, 0x3C, 0x3E, 0x3E, 0x1E, 0x00, 0x73, 0xFF, 0xFE, 0x00, 0x1C, 0x3C, 0x38, 0x18,
    0x38, 0x3C, 0x3C, 0x3C, 0x3C, 0x3C, 0x3C, 0x3C, 0x3C, 0x3E, 0x3E, 0x1E, 0x00, 0x07, 0x7B, 0xFD,
    0xEE, 0xF6, 0x78, 0x3C, 0x1E, 0x0F, 0x07, 0x83, 0xC1, 0xE0, 0xF0, 0x78, 0x3C, 0x1E, 0x0F, 0x03,
    0x3B, 0xFD, 0xFE, 0xF3, 0x78, 0x3C, 0x1E, 0x0F, 0x07, 0x83, 0xC1, 0xE0, 0xF0, 0x78, 0x3C, 0x1E,
    0x0F, 0x00, 0x7F, 0xEF, 0xFE, 0xF7, 0x6F, 0x66, 0xF0, 0x0F, 0x00, 0xF0, 0x0F, 0x00, 0xF0, 0x0F,
    0x00, 0xF0, 0x0F, 0x00, 0xF0, 0x0F, 0x00, 0xF0, 0x0F, 0x00, 0x33, 0xF3, 0xFD, 0x9F, 0xEE, 0xF3,
    0x67, 0x80, 0x3C, 0x01, 0xE0, 0x0F, 0x00, 0x78, 0x03, 0xC0, 0x1E, 0x00, 0xF0, 0x07, 0x80, 0x3C,
    0x01, 0xE0, 0x0F, 0x00, 0x77, 0xBB, 0xBD, 0xDC, 0xEC, 0xE6, 0x67, 0x00, 0x38, 0x01, 0xC0, 0x0E,
    0x00, 0x70, 0x03, 0x80, 0x1C, 0x00, 0xE0, 0x07, 0x00, 0x38, 0x01, 0xC0, 0x0E, 0x00, 0x33, 0xBB,
    0xFD, 0xDF, 0xEC, 0xF3, 0x67, 0x80, 0x3C, 0x01, 0xE0, 0x0F, 0x00, 0x78, 0x03, 0xC0, 0x1E, 0x00,
    0xF0, 0x07, 0x80, 0x3C, 0x01, 0xE0, 0x0F, 0x33, 0x0F, 0xE3, 0xF8, 0x00, 0xE3, 0xDE, 0x7B, 0xC7,
    0x78, 0xCF, 0x01, 0xE0, 0x3C, 0x07, 0x80, 0xF0, 0x1E, 0x03, 0xC0, 0x78, 0x0F, 0x01, 0xE0, 0x3C,
    0x07, 0x80, 0x33, 0x0F, 0xE3, 0xF8, 0x00, 0x61, 0xDE, 0x7B, 0xCF, 0x78, 0xEF, 0x01, 0xE0, 0x3C,
    0x07, 0x80, 0xF0, 0x1E, 0x03, 0xC0, 0x78, 0x0F, 0x01, 0xE0, 0x3C, 0x07, 0x80, 0x07, 0x00, 0x78,
    0x07, 0x00, 0x60, 0x0F, 0x01, 0xFC, 0x3F, 0xE7, 0xDF, 0x78, 0xFF, 0x0F, 0xF0, 0xFF, 0x0F, 0x78,
    0xF7, 0xFF, 0x3F, 0xE1, 0xFC, 0x06, 0x00, 0x07, 0x00, 0x70, 0x07, 0x00, 0x30, 0x0F, 0x01, 0xFC,
    0x3F, 0xE7, 0xDF, 0x78, 0xFF, 0x0F, 0xF0, 0xFF, 0x0F, 0x78, 0xF7, 0xFF, 0x3F, 0xE1, 0xFC, 0x06,
    0x00, 0x1F, 0x81, 0xF8, 0x1D, 0xC1, 0x98, 0x0F, 0x01, 0xFC, 0x3F, 0xE7, 0xDF, 0x78, 0xFF, 0x0F,
    0xF0, 0xFF, 0x0F, 0x78, 0xF7, 0xFF, 0x3F, 0xE1, 0xFC, 0x06, 0x00, 0x1F, 0x83, 0xF8, 0x3D, 0x81,
    0xD8, 0x0F, 0x01, 0xFC, 0x3F, 0xE7, 0xDF, 0x78, 0xFF, 0x0F, 0xF0, 0xFF, 0x0F, 0x78, 0xF7, 0xFF,
    0x3F, 0xE1, 0xFC, 0x06, 0x00, 0x1D, 0xC1, 0xDC, 0x1D, 0xC1, 0x98, 0x0F, 0x01, 0xFC, 0x3F, 0xE7,
    0xDF, 0x78, 0xFF, 0x0F, 0xF0, 0xFF, 0x0F, 0x78, 0xF7, 0xFF, 0x3F, 0xE1, 0xFC, 0x06, 0x00, 0x1D,
    0xC3, 0xDC, 0x3D, 0x81, 0xD8, 0x0F, 0x01, 0xFC, 0x3F, 0xE7, 0xDF, 0x78, 0xFF, 0x0F, 0xF0, 0xFF,
    0x0F, 0x78, 0xF7, 0xFF, 0x3F, 0xE1, 0xFC, 0x06, 0x00, 0x00, 0x78, 0x3C, 0x7F, 0x8F, 0x7F, 0xF1,
    0xDF, 0xFE, 0x6F, 0x87, 0x83, 0xC0, 0xF1, 0xE0, 0x3C, 0x78, 0x0F, 0x1E, 0x03, 0xC7, 0x80, 0xF1,
    0xE0, 0x3C, 0x3C, 0x0F, 0x0F, 0x87, 0x81, 0xFF, 0xE0, 0x3F, 0xF0, 0x07, 0xF8, 0x00, 0x30, 0x00,
    0x00, 0x78, 0x0E, 0x3F, 0xC3, 0xCF, 0xFC, 0x7B, 0xFF, 0xC3, 0xF8, 0x7C, 0x1E, 0x07, 0x83, 0xC0,
    0xF0, 0x70, 0x1E, 0x0E, 0x01, 0xC1, 0xC0, 0x78, 0x3C, 0x0F, 0x07, 0x81, 0xE0, 0xF8, 0x7C, 0x0F,
    0xFF, 0x00, 0xFF, 0xC0, 0x0F, 0xF0, 0x00, 0x30, 0x00, 0x00, 0x07, 0x03, 0xF8, 0xFF, 0x8F, 0xE7,
    0xFF, 0x1D, 0xBF, 0xFE, 0x66, 0xF0, 0x78, 0x07, 0xC1, 0xF0, 0x1E, 0x03, 0xC0, 0x78, 0x0F, 0x01,
    0xE0, 0x3C, 0x07, 0x80, 0xF0, 0x1E, 0x03, 0xC0, 0x7C, 0x1E, 0x00, 0xF8, 0xF8, 0x03, 0xFF, 0xE0,
    0x07, 0xFF, 0x00, 0x07, 0xF0, 0x00, 0x07, 0x00, 0x00, 0x07, 0x81, 0xF8, 0x7F, 0x8F, 0x63, 0xFF,
    0x3D, 0xDF, 0xFE, 0x36, 0xF8, 0x7C, 0x03, 0xC0, 0xF0, 0x0F, 0x03, 0xC0, 0x78, 0x0F, 0x01, 0xE0,
    0x3C, 0x07, 0x80, 0xF0, 0x0F, 0x03, 0xC0, 0x3C, 0x0F, 0x00, 0xF8, 0x78, 0x01, 0xFF, 0xE0, 0x03,
    0xFF, 0x00, 0x07, 0xF8, 0x00, 0x03, 0x00, 0x00, 0x07, 0x03, 0xDC, 0xFF, 0x8F, 0x77, 0xFF, 0x1D,
    0xBF, 0xFE, 0x66, 0xF0, 0x78, 0x03, 0xC0, 0xF0, 0x1E, 0x03, 0xC0, 0x78, 0x0F, 0x01, 0xE0, 0x3C,
    0x07, 0x80, 0xF0, 0x1E, 0x03, 0xC0, 0x3C, 0x1F, 0x00, 0xF8, 0x78, 0x01, 0xFF, 0xE0, 0x07, 0xFF,
    0x00, 0x07, 0xF8, 0x00, 0x07, 0x00, 0x00, 0x07, 0x81, 0xDC, 0x7F, 0x8F, 0x73, 0xFF, 0x3D, 0x9F,
    0xFE, 0x36, 0xF8, 0x7C, 0x03, 0xC0, 0xF0, 0x0F, 0x03, 0xC0, 0x78, 0x0F, 0x01, 0xE0, 0x3C, 0x07,
    0x80, 0xF0, 0x0F, 0x03, 0xC0, 0x3C, 0x0F, 0x00, 0xF8, 0x78, 0x01, 0xFF, 0xE0, 0x03, 0xFF, 0x00,
    0x07, 0xF8, 0x00, 0x03, 0x00, 0x0E, 0x01, 0xE0, 0x38, 0x06, 0x0E, 0x0F, 0xE3, 0xFC, 0x7F, 0x8F,
    0xF1, 0xFE, 0x3F, 0xC7, 0xF8, 0xFF, 0x1F, 0xFF, 0xDF, 0xF1, 0xFC, 0x0C, 0x00, 0x0E, 0x01, 0xC0,
    0x38, 0x03, 0x0E, 0x0F, 0xE3, 0xFC, 0x7F, 0x8F, 0xF1, 0xFE, 0x3F, 0xC7, 0xF8, 0xFF, 0x1F, 0xFF,
    0xDF, 0xF1, 0xFC, 0x0C, 0x00, 0x3F, 0x07, 0xF0, 0xEE, 0x19, 0x8E, 0x0F, 0xE3, 0xFC, 0x7F, 0x8F,
    0xF1, 0xFE, 0x3F, 0xC7, 0xF8, 0xFF, 0x1F, 0xFF, 0xDF, 0xF1, 0xFC, 0x0C, 0x00, 0x3F, 0x0F, 0x61,
    0xEC, 0x1D, 0x8E, 0x0F, 0xE3, 0xFC, 0x7F, 0x8F, 0xF1, 0xFE, 0x3F, 0xC7, 0xF8, 0xFF, 0x1F, 0xFF,
    0xDF, 0xF1, 0xFC, 0x0C, 0x00, 0x3B, 0x87, 0xF0, 0xEE, 0x19, 0x8E, 0x0F, 0xE3, 0xFC, 0x7F, 0x8F,
    0xF1, 0xFE, 0x3F, 0xC7, 0xF8, 0xFF, 0x1F, 0xFF, 0xDF, 0xF1, 0xFC, 0x0C, 0x00, 0x3B, 0x8F, 0x71,
    0xEC, 0x1D, 0x8E, 0x0F, 0xE3, 0xFC, 0x7F, 0x8F, 0xF1, 0xFE, 0x3F, 0xC7, 0xF8, 0xFF, 0x1F, 0xFF,
    0xDF, 0xF1, 0xFC, 0x0C, 0x00, 0x19, 0x87, 0xF1, 0xFE, 0x00, 0x01, 0xE0, 0x3C, 0x03, 0x80, 0x60,
    0xE0, 0xFE, 0x3F, 0xC7, 0xF8, 0xFF, 0x1F, 0xE3, 0xFC, 0x7F, 0x8F, 0xF1, 0xFF, 0xFD, 0xFF, 0x1F,
    0xC0, 0xC0, 0x19, 0x87, 0xF0, 0xFE, 0x00, 0x00, 0xE0, 0x1C, 0x03, 0x80, 0x30, 0xE0, 0xFE, 0x3F,
    0xC7, 0xF8, 0xFF, 0x1F, 0xE3, 0xFC, 0x7F, 0x8F, 0xF1, 0xFF, 0xFD, 0xFF, 0x1F, 0xC0, 0xC0, 0x03,
    0x80, 0xE7, 0x7C, 0x1F, 0xF3, 0xC1, 0xEF, 0x1E, 0x3C, 0x31, 0xE3, 0xC0, 0x0F, 0x78, 0x00, 0xFF,
    0x80, 0x07, 0xF0, 0x00, 0x7F, 0x00, 0x03, 0xE0, 0x00, 0x1C, 0x00, 0x01, 0xC0, 0x00, 0x1C, 0x00,
    0x01, 0xC0, 0x00, 0x1C, 0x00, 0x01, 0xC0, 0x00, 0x38, 0x0E, 0x7E, 0x7C, 0x1F, 0xF6, 0x3C, 0x1E,
    0xF7, 0x3E, 0x3C, 0x36, 0x1E, 0x3C, 0x00, 0x0F, 0x78, 0x00, 0x0F, 0xF8, 0x00, 0x07, 0xF0, 0x00,
    0x07, 0xE0, 0x00, 0x03, 0xE0, 0x00, 0x03, 0xC0, 0x00, 0x03, 0xC0, 0x00, 0x03, 0xC0, 0x00, 0x03,
    0xC0, 0x00, 0x03, 0xC0, 0x00, 0x03, 0xC0, 0x00, 0x38, 0x0E, 0x77, 0x7C, 0x1F, 0xF7, 0x3C, 0x1E,
    0xF6, 0x3E, 0x3C, 0x36, 0x1E, 0x3C, 0x00, 0x0F, 0x78, 0x00, 0x0F, 0xF8, 0x00, 0x07, 0xF0, 0x00,
    0x07, 0xE0, 0x00, 0x03, 0xE0, 0x00, 0x03, 0xC0, 0x00, 0x03, 0xC0, 0x00, 0x03, 0xC0, 0x00, 0x03,
    0xC0, 0x00, 0x03, 0xC0, 0x00, 0x03, 0xC0, 0x33, 0x00, 0x01, 0xFC, 0x00, 0x0F, 0xE0, 0x00, 0x00,
    0x38, 0x0E, 0x1D, 0xF0, 0x7C, 0xF3, 0xC1, 0xE3, 0xC7, 0x8F, 0x07, 0x1E, 0x3C, 0x00, 0x3D, 0xE0,
    0x00, 0xFF, 0x80, 0x01, 0xFC, 0x00, 0x07, 0xF0, 0x00, 0x0F, 0x80, 0x00, 0x1C, 0x00, 0x00, 0x70,
    0x00, 0x01, 0xC0, 0x00, 0x07, 0x00, 0x00, 0x1C, 0x00, 0x00, 0x70, 0x00, 0x01, 0xC0, 0x00, 0xF0,
    0x00, 0x38, 0x00, 0x38, 0x01, 0xC1, 0xC1, 0xE0, 0xF0, 0xF0, 0x3C, 0xF0, 0x1E, 0x79, 0xC7, 0xB8,
    0xE3, 0xFC, 0x71, 0xFE, 0x38, 0xF7, 0x1E, 0x7B, 0xFF, 0xF9, 0xFF, 0xFC, 0x7E, 0xFC, 0x04, 0x10,
    0x00, 0x01, 0xE0, 0x00, 0xF0, 0x00, 0x70, 0x00, 0x18, 0x01, 0xC1, 0xC1, 0xE0, 0xF0, 0xF0, 0x3C,
    0xF0, 0x1E, 0x79, 0xC7, 0xB8, 0xE3, 0xFC, 0x71, 0xFE, 0x38, 0xF7, 0x1E, 0x7B, 0xFF, 0xF9, 0xFF,
    0xFC, 0x7E, 0xFC, 0x04, 0x10, 0x00, 0x07, 0x70, 0x03, 0xF8, 0x01, 0xFC, 0x00, 0xE6, 0x01, 0xC1,
    0xC1, 0xE0, 0xF0, 0xF0, 0x3C, 0xF0, 0x1E, 0x79, 0xC7, 0xB8, 0xE3, 0xFC, 0x71, 0xFE, 0x38, 0xF7,
    0x1E, 0x7B, 0xFF, 0xF9, 0xFF, 0xFC, 0x7E, 0xFC, 0x04, 0x10, 0x00, 0x07, 0xF0, 0x03, 0xB8, 0x01,
    0xDC, 0x00, 0x66, 0x01, 0xC1, 0xC1, 0xE0, 0xF0, 0xF0, 0x3C, 0xF0, 0x1E, 0x79, 0xC7, 0xB8, 0xE3,
    0xFC, 0x71, 0xFE, 0x38, 0xF7, 0x1E, 0x7B, 0xFF, 0xF9, 0xFF, 0xFC, 0x7E, 0xFC, 0x04, 0x10, 0x00,
    0x07, 0x38, 0x03, 0xF8, 0x01, 0xFC, 0x00, 0xEC, 0x01, 0xC1, 0xC1, 0xE0, 0xF0, 0xF0, 0x3C, 0xF0,
    0x1E, 0x79, 0xC7, 0xB8, 0xE3, 0xFC, 0x71, 0xFE, 0x38, 0xF7, 0x1E, 0x7B, 0xFF, 0xF9, 0xFF, 0xFC,
    0x7E, 0xFC, 0x04, 0x10, 0x00, 0x07, 0x70, 0x03, 0xB8, 0x01, 0xDC, 0x00, 0x6C, 0x01, 0xC1, 0xC1,
    0xE0, 0xF0, 0xF0, 0x3C, 0xF0, 0x1E, 0x79, 0xC7, 0xB8, 0xE3, 0xFC, 0x71, 0xFE, 0x38, 0xF7, 0x1E,
    0x7B, 0xFF, 0xF9, 0xFF, 0xFC, 0x7E, 0xFC, 0x04, 0x10, 0x00, 0x03, 0x30, 0x03, 0xF8, 0x01, 0xFC,
    0x00, 0x00, 0x00, 0x1C, 0x00, 0x0E, 0x00, 0x07, 0x00, 0x03, 0x00, 0x1C, 0x1C, 0x1E, 0x0F, 0x0F,
    0x03, 0xCF, 0x01, 0xE7, 0x9C, 0x7B, 0x8E, 0x3F, 0xC7, 0x1F, 0xE3, 0x8F, 0x71, 0xE7, 0xBF, 0xFF,
    0x9F, 0xFF, 0xC7, 0xEF, 0xC0, 0x41, 0x00, 0x03, 0xB0, 0x03, 0xF8, 0x01, 0xFC, 0x00, 0x00, 0x00,
    0x1E, 0x00, 0x0F, 0x00, 0x07, 0x00, 0x01, 0x80, 0x1C, 0x1C, 0x1E, 0x0F, 0x0F, 0x03, 0xCF, 0x01,
    0xE7, 0x9C, 0x7B, 0x8E, 0x3F, 0xC7, 0x1F, 0xE3, 0x8F, 0x71, 0xE7, 0xBF, 0xFF, 0x9F, 0xFF, 0xC7,
    0xEF, 0xC0, 0x41, 0x00, 0x00, 0x78, 0x3C, 0xFF, 0x8F, 0x7F, 0xF1, 0xFF, 0xFE, 0x6F, 0x07, 0xC7,
    0xC0, 0xF1, 0xE0, 0x3C, 0x78, 0x0F, 0x1E, 0x03, 0xC7, 0x80, 0xF0, 0xF0, 0x3C, 0x3E, 0x3E, 0x03,
    0xCF, 0x07, 0xF3, 0xF1, 0xFC, 0xFC, 0x7F, 0x3F, 0x00, 0x78, 0x0E, 0x3F, 0xC3, 0xDF, 0xFE, 0x7B,
    0xFF, 0xC3, 0xF8, 0x7C, 0x1E, 0x07, 0x83, 0x80, 0xF0, 0xF0, 0x0F, 0x1E, 0x01, 0xC1, 0xE0, 0x78,
    0x3C, 0x0F, 0x03, 0xC7, 0xC0, 0x3C, 0xF0, 0x1F, 0x9F, 0x87, 0xF3, 0xF0, 0xFE, 0x7E, 0x00, 0x0F,
    0x03, 0xF8, 0xFF, 0x8F, 0xE7, 0xFF, 0x1D, 0xBF, 0xFE, 0x66, 0xF0, 0x78, 0x07, 0x80, 0xF0, 0x1E,
    0x03, 0xC0, 0x78, 0x0F, 0x01, 0xE0, 0x3C, 0x07, 0x80, 0xF0, 0x0F, 0x07, 0x80, 0x3E, 0x3E, 0x00,
    0x7D, 0xF0, 0x07, 0xF7, 0xF0, 0x1F, 0xDF, 0xC0, 0x7F, 0x7F, 0x00, 0x07, 0x80, 0xFC, 0x3F, 0xC3,
    0xD9, 0xFF, 0xC7, 0xBB, 0xFF, 0xC3, 0x6F, 0x87, 0xC0, 0x1E, 0x07, 0x80, 0x78, 0x0F, 0x00, 0xF0,
    0x1E, 0x01, 0xE0, 0x3C, 0x01, 0xC0, 0x78, 0x03, 0xC0, 0xF0, 0x03, 0xC7, 0xC0, 0x03, 0xCF, 0x00,
    0x3F, 0x9F, 0x80, 0x7F, 0x3F, 0x00, 0xFE, 0x7E, 0x00, 0x07, 0x83, 0xDC, 0xFF, 0x8F, 0x77, 0xFF,
    0x1D, 0xBF, 0xFE, 0x66, 0xF0, 0x7C, 0x07, 0x80, 0xF0, 0x1E, 0x03, 0xC0, 0x78, 0x0F, 0x01, 0xE0,
    0x3C, 0x07, 0x80, 0xF0, 0x0F, 0x07, 0xC0, 0x3E, 0x3E, 0x00, 0x7D, 0xF0, 0x07, 0xF7, 0xF0, 0x1F,
    0xDF, 0xC0, 0x7F, 0x7F, 0x00, 0x07, 0x80, 0xEE, 0x3F, 0xC3, 0xDD, 0xFF, 0xC7, 0xB3, 0xFF, 0xC3,
    0x6F, 0x87, 0xC0, 0x1E, 0x07, 0x80, 0x78, 0x0F, 0x00, 0xF0, 0x0E, 0x01, 0xE0, 0x3C, 0x01, 0xE0,
    0x78, 0x03, 0xC0, 0xF0, 0x03, 0xC7, 0xC0, 0x03, 0xCF, 0x00, 0x1F, 0x9F, 0x80, 0x7F, 0x3F, 0x00,
    0xFE, 0x7E, 0x33, 0x00, 0x07, 0xF0, 0x00, 0xFE, 0x00, 0x00, 0x01, 0xE0, 0x3C, 0xFF, 0x83, 0xDF,
    0xFC, 0x1F, 0xFF, 0xE1, 0xBC, 0x1F, 0x07, 0xC0, 0xF0, 0x78, 0x0F, 0x07, 0x80, 0xF0, 0x78, 0x0F,
    0x07, 0x80, 0xF0, 0x3C, 0x0F, 0x03, 0xE3, 0xE0, 0x0F, 0x3C, 0x07, 0xF3, 0xF0, 0x7F, 0x3F, 0x07,
    0xF3, 0xF0, 0x33, 0x00, 0x03, 0xF8, 0x00, 0x3F, 0x80, 0x00, 0x00, 0x3C, 0x01, 0xC7, 0xF8, 0x1E,
    0xFF, 0xF0, 0xF7, 0xFF, 0x83, 0xFC, 0x3E, 0x03, 0xC0, 0xF0, 0x1C, 0x07, 0x81, 0xE0, 0x1E, 0x0F,
    0x00, 0xE0, 0x3C, 0x0F, 0x01, 0xE0, 0x78, 0x07, 0x8F, 0x80, 0x1E, 0x78, 0x03, 0xF3, 0xF0, 0x3F,
    0x9F, 0x81, 0xFC, 0xFC, 0x0E, 0x00, 0x38, 0x00, 0x70, 0x01, 0x80, 0x0F, 0x1C, 0xFE, 0xF3, 0xFF,
    0x9F, 0x7E, 0x78, 0xFB, 0xC1, 0xEF, 0x07, 0xBC, 0x1E, 0x78, 0xF9, 0xFF, 0xE3, 0xFF, 0xC7, 0xEF,
    0x06, 0x00, 0x07, 0x80, 0x1C, 0x00, 0x70, 0x01, 0x80, 0x0F, 0x1C, 0xFE, 0xF3, 0xFF, 0x9F, 0x7E,
    0x78, 0xFB, 0xC1, 0xEF, 0x07, 0xBC, 0x1E, 0x78, 0xF9, 0xFF, 0xE3, 0xFF, 0xC7, 0xEF, 0x06, 0x00,
    0x1E, 0x01, 0xC0, 0x38, 0x03, 0x00, 0xF0, 0x7F, 0x9F, 0xF3, 0xCF, 0x70, 0x0F, 0xE0, 0xFC, 0x3F,
    0x0F, 0x0F, 0xF3, 0xDF, 0xF1, 0xFE, 0x06, 0x00, 0x07, 0x00, 0xE0, 0x18, 0x03, 0x00, 0xF0, 0x7F,
    0x9F, 0xF3, 0xCF, 0x70, 0x0F, 0xE0, 0xFC, 0x3F, 0x0F, 0x0F, 0xF3, 0xDF, 0xF1, 0xFE, 0x06, 0x00,
    0x1C, 0x03, 0xC0, 0x38, 0x07, 0x0E, 0x71, 0xFF, 0xBF, 0xF7, 0xFF, 0xF1, 0xFE, 0x3F, 0xC7, 0xF8,
    0xFF, 0x1F, 0xE3, 0xFC, 0x7F, 0x8F, 0x01, 0xE0, 0x3C, 0x07, 0x80, 0xF0, 0x0E, 0x0F, 0x01, 0xC0,
    0x38, 0x07, 0x0E, 0x71, 0xFF, 0xBF, 0xF7, 0xFF, 0xF1, 0xFE, 0x3F, 0xC7, 0xF8, 0xFF, 0x1F, 0xE3,
    0xFC, 0x7F, 0x8F, 0x01, 0xE0, 0x3C, 0x07, 0x80, 0xF0, 0x0E, 0xF0, 0xE1, 0xC1, 0x87, 0x0F, 0x1E,
    0x3C, 0x78, 0xF1, 0xE3, 0xC7, 0x8F, 0x9F, 0x1E, 0x00, 0x71, 0xC6, 0x18, 0xE3, 0xCF, 0x3C, 0xF3,
    0xCF, 0x3C, 0xF3, 0xEF, 0x9E, 0x00, 0x0E, 0x00, 0xE0, 0x07, 0x00, 0x60, 0x0F, 0x01, 0xFC, 0x3F,
    0xE7, 0xDF, 0x78, 0xFF, 0x0F, 0xF0, 0xFF, 0x0F, 0x78, 0xF7, 0xFF, 0x3F, 0xE1, 0xFC, 0x06, 0x00,
    0x07, 0x80, 0x70, 0x07, 0x00, 0x60, 0x0F, 0x01, 0xFC, 0x3F, 0xE7, 0xDF, 0x78, 0xFF, 0x0F, 0xF0,
    0xFF, 0x0F, 0x78, 0xF7, 0xFF, 0x3F, 0xE1, 0xFC, 0x06, 0x00, 0x1C, 0x03, 0x80, 0x38, 0x06, 0x0E,
    0x0F, 0xE3, 0xFC, 0x7F, 0x8F, 0xF1, 0xFE, 0x3F, 0xC7, 0xF8, 0xFF, 0x1F, 0xFF, 0xDF, 0xF1, 0xFC,
    0x0C, 0x00, 0x0F, 0x01, 0xC0, 0x38, 0x07, 0x0E, 0x0F, 0xE3, 0xFC, 0x7F, 0x8F, 0xF1, 0xFE, 0x3F,
    0xC7, 0xF8, 0xFF, 0x1F, 0xFF, 0xDF, 0xF1, 0xFC, 0x0C, 0x00, 0x03, 0xC0, 0x00, 0xE0, 0x00, 0x70,
    0x00, 0x18, 0x01, 0xC1, 0xC1, 0xE0, 0xF0, 0xF0, 0x3C, 0xF0, 0x1E, 0x79, 0xC7, 0xB8, 0xE3, 0xFC,
    0x71, 0xFE, 0x38, 0xF7, 0x1E, 0x7B, 0xFF, 0xF9, 0xFF, 0xFC, 0x7E, 0xFC, 0x04, 0x10, 0x00, 0x00,
    0xE0, 0x00, 0x70, 0x00, 0x70, 0x00, 0x18, 0x01, 0xC1, 0xC1, 0xE0, 0xF0, 0xF0, 0x3C, 0xF0, 0x1E,
    0x79, 0xC7, 0xB8, 0xE3, 0xFC, 0x71, 0xFE, 0x38, 0xF7, 0x1E, 0x7B, 0xFF, 0xF9, 0xFF, 0xFC, 0x7E,
    0xFC, 0x04, 0x10, 0x00, 0x07, 0x00, 0x1E, 0x00, 0x70, 0x01, 0x80, 0x0F, 0x1C, 0xFE, 0xF3, 0xFF,
    0x9F, 0x7E, 0x78, 0xFB, 0xC1, 0xEF, 0x07, 0xBC, 0x1E, 0x78, 0xF9, 0xFF, 0xE3, 0xFF, 0xC7, 0xEF,
    0x06, 0x00, 0x38, 0x00, 0xE0, 0x01, 0xC0, 0x07, 0x00, 0x07, 0x00, 0x1C, 0x00, 0x70, 0x00, 0xC0,
    0x0F, 0x1C, 0xFE, 0xF3, 0xFF, 0x9F, 0x7E, 0x78, 0xFB, 0xC1, 0xEF, 0x07, 0xBC, 0x1E, 0x78, 0xF9,
    0xFF, 0xE3, 0xFF, 0xC7, 0xEF, 0x06, 0x00, 0x38, 0x00, 0xE0, 0x01, 0xC0, 0x07, 0x00, 0x1F, 0x80,
    0x7F, 0x01, 0xDC, 0x06, 0x60, 0x0F, 0x1C, 0xFE, 0xF3, 0xFF, 0x9F, 0x7E, 0x78, 0xFB, 0xC1, 0xEF,
    0x07, 0xBC, 0x1E, 0x78, 0xF9, 0xFF, 0xE3, 0xFF, 0xC7, 0xEF, 0x06, 0x00, 0x38, 0x00, 0xE0, 0x01,
    0xC0, 0x07, 0x00, 0x1F, 0x80, 0xF6, 0x03, 0xD8, 0x07, 0x60, 0x0F, 0x1C, 0xFE, 0xF3, 0xFF, 0x9F,
    0x7E, 0x78, 0xFB, 0xC1, 0xEF, 0x07, 0xBC, 0x1E, 0x78, 0xF9, 0xFF, 0xE3, 0xFF, 0xC7, 0xEF, 0x06,
    0x00, 0x38, 0x00, 0xE0, 0x01, 0xC0, 0x07, 0x00, 0x1D, 0xC0, 0x7F, 0x01, 0xDC, 0x06, 0x60, 0x0F,
    0x1C, 0xFE, 0xF3, 0xFF, 0x9F, 0x7E, 0x78, 0xFB, 0xC1, 0xEF, 0x07, 0xBC, 0x1E, 0x78, 0xF9, 0xFF,
    0xE3, 0xFF, 0xC7, 0xEF, 0x06, 0x00, 0x38, 0x00, 0xE0, 0x01, 0xC0, 0x07, 0x00, 0x1D, 0xC0, 0xF7,
    0x03, 0xD8, 0x07, 0x60, 0x0F, 0x1C, 0xFE, 0xF3, 0xFF, 0x9F, 0x7E, 0x78, 0xFB, 0xC1, 0xEF, 0x07,
    0xBC, 0x1E, 0x78, 0xF9, 0xFF, 0xE3, 0xFF, 0xC7, 0xEF, 0x06, 0x00, 0x38, 0x00, 0xE0, 0x01, 0xC0,
    0x07, 0x00, 0x0C, 0xC0, 0x7F, 0x03, 0xFC, 0x00, 0x00, 0x0F, 0x00, 0x3C, 0x00, 0x70, 0x01, 0x80,
    0x0F, 0x1C, 0xFE, 0xF3, 0xFF, 0x9F, 0x7E, 0x78, 0xFB, 0xC1, 0xEF, 0x07, 0xBC, 0x1E, 0x78, 0xF9,
    0xFF, 0xE3, 0xFF, 0xC7, 0xEF, 0x06, 0x00, 0x38, 0x00, 0xE0, 0x01, 0xC0, 0x07, 0x00, 0x0C, 0xC0,
    0x7F, 0x01, 0xFC, 0x00, 0x00, 0x07, 0x00, 0x1C, 0x00, 0x70, 0x00, 0xC0, 0x0F, 0x1C, 0xFE, 0xF3,
    0xFF, 0x9F, 0x7E, 0x78, 0xFB, 0xC1, 0xEF, 0x07, 0xBC, 0x1E, 0x78, 0xF9, 0xFF, 0xE3, 0xFF, 0xC7,
    0xEF, 0x06, 0x00, 0x38, 0x00, 0xE0, 0x01, 0xC0, 0x07, 0x00, 0x03, 0xC0, 0xF7, 0xE0, 0x77, 0xE0,
    0x77, 0xE0, 0x6F, 0xF0, 0x0F, 0xF0, 0x0F, 0x70, 0x1E, 0x78, 0x1E, 0x78, 0x1E, 0x7C, 0x3F, 0xFC,
    0x3F, 0xFC, 0x3F, 0xFE, 0x78, 0x1E, 0x78, 0x1E, 0x78, 0x1F, 0x00, 0x00, 0x01, 0xC0, 0x01, 0xC0,
    0x01, 0xE0, 0x01, 0xE0, 0x03, 0xC0, 0x73, 0xE0, 0xF7, 0xE0, 0x77, 0xF0, 0x37, 0xF0, 0x0F, 0xF0,
    0x0F, 0x78, 0x0E, 0x78, 0x1E, 0x78, 0x1E, 0x3C, 0x3F, 0xFC, 0x3F, 0xFC, 0x3F, 0xFE, 0x7C, 0x1E,
    0x78, 0x1E, 0x78, 0x0F, 0x00, 0x00, 0x01, 0xC0, 0x01, 0xC0, 0x01, 0xE0, 0x01, 0xE0, 0x00, 0x38,
    0x1F, 0xCF, 0x83, 0xF9, 0xF8, 0x3B, 0x7F, 0x06, 0x6F, 0xE0, 0x01, 0xDE, 0x00, 0x7B, 0xC0, 0x0F,
    0x78, 0x01, 0xE7, 0x80, 0x78, 0xF0, 0x0F, 0xFE, 0x01, 0xFF, 0xE0, 0x7F, 0xFC, 0x0F, 0x07, 0x81,
    0xE0, 0x78, 0x78, 0x0F, 0x00, 0x00, 0x00, 0x07, 0x00, 0x00, 0xE0, 0x00, 0x1E, 0x00, 0x01, 0xC0,
    0x00, 0x3C, 0x07, 0xE7, 0xE0, 0xF6, 0x7E, 0x0F, 0x77, 0xE0, 0x36, 0xFF, 0x00, 0x0F, 0xF0, 0x00,
    0xFF, 0x00, 0x1E, 0x78, 0x01, 0xE7, 0x80, 0x1E, 0x78, 0x03, 0xFF, 0xC0, 0x3F, 0xFC, 0x03, 0xFF,
    0xE0, 0x78, 0x1E, 0x07, 0x81, 0xE0, 0x78, 0x1F, 0x00, 0x00, 0x00, 0x01, 0xC0, 0x00, 0x1C, 0x00,
    0x01, 0xC0, 0x00, 0x1E, 0x00, 0x00, 0x3C, 0x0F, 0x77, 0xC0, 0xF7, 0x7E, 0x07, 0x6F, 0xE0, 0x66,
    0xFE, 0x00, 0x0F, 0xF0, 0x01, 0xEF, 0x00, 0x1E, 0xF0, 0x01, 0xE7, 0x80, 0x3C, 0x78, 0x03, 0xFF,
    0xC0, 0x3F, 0xFC, 0x07, 0xFF, 0xC0, 0x78, 0x3E, 0x07, 0x81, 0xE0, 0xF0, 0x1E, 0x00, 0x00, 0x00,
    0x03, 0x80, 0x00, 0x38, 0x00, 0x03, 0xC0, 0x00, 0x1C, 0x00, 0x00, 0x3C, 0x07, 0x77, 0xE0, 0xF7,
    0x7E, 0x0F, 0x67, 0xE0, 0x36, 0xFF, 0x00, 0x0F, 0xF0, 0x00, 0xFF, 0x00, 0x1E, 0x78, 0x01, 0xE7,
    0x80, 0x1E, 0x78, 0x03, 0xFF, 0xC0, 0x3F, 0xFC, 0x03, 0xFF, 0xE0, 0x78, 0x1E, 0x07, 0x81, 0xE0,
    0x78, 0x1F, 0x00, 0x00, 0x00, 0x01, 0xC0, 0x00, 0x1C, 0x00, 0x01, 0xC0, 0x00, 0x1E, 0x00, 0x33,
    0x00, 0x1F, 0xC0, 0x0F, 0xE0, 0x00, 0x03, 0xC0, 0x3D, 0xF8, 0x0F, 0x7E, 0x01, 0xDF, 0x80, 0x6F,
    0xF0, 0x03, 0xFC, 0x00, 0xEF, 0x00, 0x79, 0xE0, 0x1E, 0x78, 0x0F, 0x9E, 0x03, 0xFF, 0xC0, 0xFF,
    0xF0, 0x7F, 0xFC, 0x1E, 0x07, 0x87, 0x81, 0xE3, 0xE0, 0x78, 0x00, 0x00, 0x00, 0xE0, 0x00, 0x38,
    0x00, 0x0F, 0x00, 0x01, 0xC0, 0x33, 0x00, 0x1F, 0xC0, 0x0F, 0xE0, 0x00, 0x03, 0xC0, 0x1C, 0xF8,
    0x0F, 0x7E, 0x03, 0xDF, 0x80, 0x7F, 0xF0, 0x03, 0xFC, 0x00, 0xF7, 0x80, 0x79, 0xE0, 0x1E, 0x78,
    0x07, 0x9F, 0x03, 0xFF, 0xC0, 0xFF, 0xF0, 0x3F, 0xFE, 0x1E, 0x07, 0x87, 0x81, 0xE1, 0xE0, 0x7C,
    0x00, 0x00, 0x00, 0x70, 0x00, 0x1C, 0x00, 0x07, 0x80, 0x01, 0xE0, 0x0E, 0x01, 0xE0, 0x3C, 0x07,
    0x0E, 0x71, 0xFF, 0xBF, 0xF7, 0xFF, 0xF1, 0xFE, 0x3F, 0xC7, 0xF8, 0xFF, 0x1F, 0xE3, 0xFC, 0x7F,
    0x8F, 0x01, 0xFC, 0x3F, 0x87, 0xF8, 0xF7, 0x0E, 0x0F, 0x01, 0xC0, 0x38, 0x03, 0x0E, 0x71, 0xFF,
    0xBF, 0xF7, 0xFF, 0xF1, 0xFE, 0x3F, 0xC7, 0xF8, 0xFF, 0x1F, 0xE3, 0xFC, 0x7F, 0x8F, 0x01, 0xFC,
    0x3F, 0x87, 0xF8, 0xF7, 0x0E, 0x3F, 0x87, 0xF0, 0xEE, 0x18, 0xCE, 0x71, 0xFF, 0xBF, 0xF7, 0xFF,
    0xF1, 0xFE, 0x3F, 0xC7, 0xF8, 0xFF, 0x1F, 0xE3, 0xFC, 0x7F, 0x8F, 0x01, 0xFC, 0x3F, 0x87, 0xF8,
    0xF7, 0x0E, 0x3F, 0x0F, 0x61, 0xEE, 0x0D, 0x8E, 0x71, 0xFF, 0xBF, 0xF7, 0xFF, 0xF1, 0xFE, 0x3F,
    0xC7, 0xF8, 0xFF, 0x1F, 0xE3, 0xFC, 0x7F, 0x8F, 0x01, 0xFC, 0x3F, 0x87, 0xF8, 0xF7, 0x0E, 0x3B,
    0x87, 0xF0, 0xEE, 0x19, 0x8E, 0x71, 0xFF, 0xBF, 0xF7, 0xFF, 0xF1, 0xFE, 0x3F, 0xC7, 0xF8, 0xFF,
    0x1F, 0xE3, 0xFC, 0x7F, 0x8F, 0x01, 0xFC, 0x3F, 0x87, 0xF8, 0xF7, 0x0E, 0x3B, 0x8F, 0x70, 0xEE,
    0x0D, 0x8E, 0x71, 0xFF, 0xBF, 0xF7, 0xFF, 0xF1, 0xFE, 0x3F, 0xC7, 0xF8, 0xFF, 0x1F, 0xE3, 0xFC,
    0x7F, 0x8F, 0x01, 0xFC, 0x3F, 0x87, 0xF8, 0xF7, 0x0E, 0x19, 0x87, 0xF0, 0xFE, 0x00, 0x01, 0xE0,
    0x1C, 0x03, 0x80, 0x60, 0xE7, 0x1F, 0xFB, 0xFF, 0x7F, 0xFF, 0x1F, 0xE3, 0xFC, 0x7F, 0x8F, 0xF1,
    0xFE, 0x3F, 0xC7, 0xF8, 0xF0, 0x1F, 0xC3, 0xF8, 0x7F, 0x8F, 0x70, 0xE0, 0x19, 0x87, 0xF0, 0xFE,
    0x00, 0x00, 0xF0, 0x1C, 0x03, 0x80, 0x30, 0xE7, 0x1F, 0xFB, 0xFF, 0x7F, 0xFF, 0x1F, 0xE3, 0xFC,
    0x7F, 0x8F, 0xF1, 0xFE, 0x3F, 0xC7, 0xF8, 0xF0, 0x1F, 0xC3, 0xF8, 0x7F, 0x8F, 0x70, 0xE0, 0x07,
    0x01, 0xFD, 0xE0, 0xFF, 0x78, 0x3D, 0xDE, 0x0F, 0x67, 0x83, 0xC1, 0xE0, 0xF0, 0x78, 0x3C, 0x1F,
    0xFF, 0x07, 0xFF, 0xC1, 0xFF, 0xF0, 0x78, 0x3C, 0x1E, 0x0F, 0x07, 0x83, 0xC1, 0xE0, 0xF0, 0x78,
    0x3C, 0x1E, 0x0F, 0x00, 0x00, 0x00, 0x0E, 0x00, 0x03, 0x80, 0x00, 0xF0, 0x00, 0x3C, 0x00, 0x03,
    0x01, 0xCE, 0xF0, 0x3F, 0xDE, 0x07, 0xFB, 0xC0, 0xF3, 0x78, 0x1E, 0x0F, 0x03, 0xC1, 0xE0, 0x78,
    0x3F, 0xFF, 0x07, 0xFF, 0xE0, 0xFF, 0xFC, 0x1E, 0x07, 0x83, 0xC0, 0xF0, 0x78, 0x1E, 0x0F, 0x03,
    0xC1, 0xE0, 0x78, 0x3C, 0x0F, 0x00, 0x00, 0x00, 0x07, 0x00, 0x00, 0xE0, 0x00, 0x1E, 0x00, 0x01,
    0xC0, 0x00, 0x70, 0x1B, 0xFB, 0xC0, 0xFF, 0xEF, 0x03, 0xDD, 0xBC, 0x0F, 0x66, 0xF0, 0x3C, 0x03,
    0xC0, 0xF0, 0x0F, 0x03, 0xC0, 0x3F, 0xFF, 0x00, 0xFF, 0xFC, 0x03, 0xFF, 0xF0, 0x0F, 0x03, 0xC0,
    0x3C, 0x0F, 0x00, 0xF0, 0x3C, 0x03, 0xC0, 0xF0, 0x0F, 0x03, 0xC0, 0x3C, 0x0F, 0x00, 0x00, 0x00,
    0x00, 0x0E, 0x00, 0x00, 0x38, 0x00, 0x00, 0xF0, 0x00, 0x03, 0xC0, 0x00, 0x30, 0x1C, 0xFC, 0xF0,
    0x3B, 0xD9, 0xE0, 0x77, 0xBB, 0xC0, 0xE3, 0x67, 0x81, 0xC0, 0x0F, 0x03, 0x80, 0x1E, 0x07, 0x00,
    0x3F, 0xFE, 0x00, 0x7F, 0xFC, 0x00, 0xFF, 0xF8, 0x01, 0xE0, 0x70, 0x03, 0xC0, 0xE0, 0x07, 0x81,
    0xC0, 0x0F, 0x03, 0x80, 0x1E, 0x07, 0x00, 0x3C, 0x0E, 0x00, 0x00, 0x00, 0x00, 0x07, 0x00, 0x00,
    0x0E, 0x00, 0x00, 0x1E, 0x00, 0x00, 0x1C, 0x00, 0x00, 0x70, 0x1B, 0xDD, 0xC0, 0xFF, 0x77, 0x03,
    0xDD, 0x9C, 0x0F, 0x66, 0x70, 0x3C, 0x01, 0xC0, 0xF0, 0x07, 0x03, 0xC0, 0x1F, 0xFF, 0x00, 0x7F,
    0xFC, 0x01, 0xFF, 0xF0, 0x07, 0x03, 0xC0, 0x1C, 0x0F, 0x00, 0x70, 0x3C, 0x01, 0xC0, 0xF0, 0x07,
    0x03, 0xC0, 0x1C, 0x0F, 0x00, 0x00, 0x00, 0x00, 0x0E, 0x00, 0x00, 0x38, 0x00, 0x00, 0xF0, 0x00,
    0x03, 0xC0, 0x00, 0x30, 0x1C, 0xEE, 0xF0, 0x3B, 0xDD, 0xE0, 0x77, 0xB3, 0xC0, 0xE3, 0x67, 0x81,
    0xC0, 0x0F, 0x03, 0x80, 0x1E, 0x07, 0x00, 0x3F, 0xFE, 0x00, 0x7F, 0xFC, 0x00, 0xFF, 0xF8, 0x01,
    0xE0, 0x70, 0x03, 0xC0, 0xE0, 0x07, 0x81, 0xC0, 0x0F, 0x03, 0x80, 0x1E, 0x07, 0x00, 0x3C, 0x0E,
    0x00, 0x00, 0x00, 0x00, 0x07, 0x00, 0x00, 0x0E, 0x00, 0x00, 0x1E, 0x00, 0x00, 0x1C, 0x00, 0x33,
    0x00, 0x07, 0xF0, 0x00, 0xFE, 0x00, 0x00, 0x1C, 0x07, 0x3D, 0xE0, 0xF3, 0xDE, 0x0F, 0x1D, 0xE0,
    0xF1, 0x9E, 0x0F, 0x01, 0xE0, 0xF0, 0x1E, 0x0F, 0x01, 0xFF, 0xF0, 0x1F, 0xFF, 0x01, 0xFF, 0xF0,
    0x1E, 0x0F, 0x01, 0xE0, 0xF0, 0x1E, 0x0F, 0x01, 0xE0, 0xF0, 0x1E, 0x0F, 0x01, 0xE0, 0xF0, 0x00,
    0x00, 0x00, 0x0E, 0x00, 0x00, 0xE0, 0x00, 0x0F, 0x00, 0x00, 0xF0, 0x33, 0x00, 0x03, 0xF8, 0x00,
    0x3F, 0x80, 0x00, 0x01, 0x80, 0xE1, 0xDE, 0x07, 0x9E, 0xF0, 0x3C, 0xF7, 0x81, 0xE3, 0xBC, 0x0F,
    0x01, 0xE0, 0x78, 0x0F, 0x03, 0xC0, 0x7F, 0xFE, 0x03, 0xFF, 0xF0, 0x1F, 0xFF, 0x80, 0xF0, 0x3C,
    0x07, 0x81, 0xE0, 0x3C, 0x0F, 0x01, 0xE0, 0x78, 0x0F, 0x03, 0xC0, 0x78, 0x1E, 0x00, 0x00, 0x00,
    0x00, 0xE0, 0x00, 0x07, 0x00, 0x00, 0x3C, 0x00, 0x00, 0xE0, 0x01, 0xC0, 0x00, 0xF0, 0x00, 0x38,
    0x00, 0x38, 0x01, 0xC1, 0xC1, 0xE0, 0xF0, 0xF0, 0x3C, 0xF0, 0x1E, 0x79, 0xC7, 0xB8, 0xE3, 0xFC,
    0x71, 0xFE, 0x38, 0xF7, 0x1E, 0x7B, 0xFF, 0xF9, 0xFF, 0xFC, 0x7E, 0xFC, 0x04, 0x10, 0x00, 0xE0,
    0x00, 0x70, 0x00, 0x3C, 0x00, 0x0E, 0x00, 0x01, 0xE0, 0x00, 0xF0, 0x00, 0x70, 0x00, 0x18, 0x01,
    0xC1, 0xC1, 0xE0, 0xF0, 0xF0, 0x3C, 0xF0, 0x1E, 0x79, 0xC7, 0xB8, 0xE3, 0xFC, 0x71, 0xFE, 0x38,
    0xF7, 0x1E, 0x7B, 0xFF, 0xF9, 0xFF, 0xFC, 0x7E, 0xFC, 0x04, 0x10, 0x00, 0xE0, 0x00, 0x70, 0x00,
    0x3C, 0x00, 0x0E, 0x00, 0x07, 0x70, 0x03, 0xF8, 0x01, 0xFC, 0x00, 0xE6, 0x01, 0xC1, 0xC1, 0xE0,
    0xF0, 0xF0, 0x3C, 0xF0, 0x1E, 0x79, 0xC7, 0xB8, 0xE3, 0xFC, 0x71, 0xFE, 0x38, 0xF7, 0x1E, 0x7B,
    0xFF, 0xF9, 0xFF, 0xFC, 0x7E, 0xFC, 0x04, 0x10, 0x00, 0xE0, 0x00, 0x70, 0x00, 0x3C, 0x00, 0x0E,
    0x00, 0x07, 0xF0, 0x03, 0xB8, 0x01, 0xDC, 0x00, 0x66, 0x01, 0xC1, 0xC1, 0xE0, 0xF0, 0xF0, 0x3C,
    0xF0, 0x1E, 0x79, 0xC7, 0xB8, 0xE3, 0xFC, 0x71, 0xFE, 0x38, 0xF7, 0x1E, 0x7B, 0xFF, 0xF9, 0xFF,
    0xFC, 0x7E, 0xFC, 0x04, 0x10, 0x00, 0xE0, 0x00, 0x70, 0x00, 0x3C, 0x00, 0x0E, 0x00, 0x07, 0x38,
    0x03, 0xF8, 0x01, 0xFC, 0x00, 0xEC, 0x01, 0xC1, 0xC1, 0xE0, 0xF0, 0xF0, 0x3C, 0xF0, 0x1E, 0x79,
    0xC7, 0xB8, 0xE3, 0xFC, 0x71, 0xFE, 0x38, 0xF7, 0x1E, 0x7B, 0xFF, 0xF9, 0xFF, 0xFC, 0x7E, 0xFC,
    0x04, 0x10, 0x00, 0xE0, 0x00, 0x70, 0x00, 0x3C, 0x00, 0x0E, 0x00, 0x07, 0x70, 0x03, 0xB8, 0x01,
    0xDC, 0x00, 0x6C, 0x01, 0xC1, 0xC1, 0xE0, 0xF0, 0xF0, 0x3C, 0xF0, 0x1E, 0x79, 0xC7, 0xB8, 0xE3,
    0xFC, 0x71, 0xFE, 0x38, 0xF7, 0x1E, 0x7B, 0xFF, 0xF9, 0xFF, 0xFC, 0x7E, 0xFC, 0x04, 0x10, 0x00,
    0xE0, 0x00, 0x70, 0x00, 0x3C, 0x00, 0x0E, 0x00, 0x03, 0x30, 0x03, 0xF8, 0x01, 0xFC, 0x00, 0x00,
    0x00, 0x1C, 0x00, 0x0E, 0x00, 0x07, 0x00, 0x03, 0x00, 0x1C, 0x1C, 0x1E, 0x0F, 0x0F, 0x03, 0xCF,
    0x01, 0xE7, 0x9C, 0x7B, 0x8E, 0x3F, 0xC7, 0x1F, 0xE3, 0x8F, 0x71, 0xE7, 0xBF, 0xFF, 0x9F, 0xFF,
    0xC7, 0xEF, 0xC0, 0x41, 0x00, 0x0E, 0x00, 0x07, 0x00, 0x03, 0xC0, 0x00, 0xE0, 0x00, 0x03, 0xB0,
    0x03, 0xF8, 0x01, 0xFC, 0x00, 0x00, 0x00, 0x1E, 0x00, 0x0F, 0x00, 0x07, 0x00, 0x01, 0x80, 0x1C,
    0x1C, 0x1E, 0x0F, 0x0F, 0x03, 0xCF, 0x01, 0xE7, 0x9C, 0x7B, 0x8E, 0x3F, 0xC7, 0x1F, 0xE3, 0x8F,
    0x71, 0xE7, 0xBF, 0xFF, 0x9F, 0xFF, 0xC7, 0xEF, 0xC0, 0x41, 0x00, 0x0E, 0x00, 0x07, 0x00, 0x03,
    0xC0, 0x00, 0xE0, 0x00, 0x00, 0x78, 0x3C, 0xFF, 0x8F, 0x7F, 0xF1, 0xFF, 0xFE, 0x6F, 0x07, 0xC7,
    0xC0, 0xF1, 0xE0, 0x3C, 0x78, 0x0F, 0x1E, 0x03, 0xC7, 0x80, 0xF0, 0xF0, 0x3C, 0x3E, 0x3E, 0x03,
    0xCF, 0x07, 0xF3, 0xF1, 0xFC, 0xFC, 0x7F, 0x3F, 0x00, 0x00, 0x00, 0x1C, 0x00, 0x07, 0x00, 0x01,
    0xE0, 0x00, 0x38, 0x00, 0x00, 0x78, 0x0E, 0x3F, 0xC3, 0xDF, 0xFE, 0x7B, 0xFF, 0xC3, 0xF8, 0x7C,
    0x1E, 0x07, 0x83, 0x80, 0xF0, 0xF0, 0x0F, 0x1E, 0x01, 0xC1, 0xE0, 0x78, 0x3C, 0x0F, 0x03, 0xC7,
    0xC0, 0x3C, 0xF0, 0x1F, 0x9F, 0x87, 0xF3, 0xF0, 0xFE, 0x7E, 0x00, 0x00, 0x00, 0x0E, 0x00, 0x01,
    0xC0, 0x00, 0x1C, 0x00, 0x03, 0x80, 0x00, 0x0F, 0x03, 0xF8, 0xFF, 0x8F, 0xE7, 0xFF, 0x1D, 0xBF,
    0xFE, 0x66, 0xF0, 0x78, 0x07, 0x80, 0xF0, 0x1E, 0x03, 0xC0, 0x78, 0x0F, 0x01, 0xE0, 0x3C, 0x07,
    0x80, 0xF0, 0x0F, 0x07, 0x80, 0x3E, 0x3E, 0x00, 0x7D, 0xF0, 0x07, 0xF7, 0xF0, 0x1F, 0xDF, 0xC0,
    0x7F, 0x7F, 0x00, 0x00, 0x00, 0x00, 0x1C, 0x00, 0x00, 0x70, 0x00, 0x01, 0xE0, 0x00, 0x07, 0x80,
    0x00, 0x07, 0x80, 0xFC, 0x3F, 0xC3, 0xD9, 0xFF, 0xC7, 0xBB, 0xFF, 0xC3, 0x6F, 0x87, 0xC0, 0x1E,
    0x07, 0x80, 0x78, 0x0F, 0x00, 0xF0, 0x1E, 0x01, 0xE0, 0x3C, 0x01, 0xC0, 0x78, 0x03, 0xC0, 0xF0,
    0x03, 0xC7, 0xC0, 0x03, 0xCF, 0x00, 0x3F, 0x9F, 0x80, 0x7F, 0x3F, 0x00, 0xFE, 0x7E, 0x00, 0x00,
    0x00, 0x00, 0x0E, 0x00, 0x00, 0x1C, 0x00, 0x00, 0x3C, 0x00, 0x00, 0x38, 0x00, 0x00, 0x07, 0x83,
    0xDC, 0xFF, 0x8F, 0x77, 0xFF, 0x1D, 0xBF, 0xFE, 0x66, 0xF0, 0x7C, 0x07, 0x80, 0xF0, 0x1E, 0x03,
    0xC0, 0x78, 0x0F, 0x01, 0xE0, 0x3C, 0x07, 0x80, 0xF0, 0x0F, 0x07, 0xC0, 0x3E, 0x3E, 0x00, 0x7D,
    0xF0, 0x07, 0xF7, 0xF0, 0x1F, 0xDF, 0xC0, 0x7F, 0x7F, 0x00, 0x00, 0x00, 0x00, 0x1C, 0x00, 0x00,
    0x70, 0x00, 0x01, 0xE0, 0x00, 0x03, 0x80, 0x00, 0x07, 0x80, 0xEE, 0x3F, 0xC3, 0xDD, 0xFF, 0xC7,
    0xB3, 0xFF, 0xC3, 0x6F, 0x87, 0xC0, 0x1E, 0x07, 0x80, 0x78, 0x0F, 0x00, 0xF0, 0x0E, 0x01, 0xE0,
    0x3C, 0x01, 0xE0, 0x78, 0x03, 0xC0, 0xF0, 0x03, 0xC7, 0xC0, 0x03, 0xCF, 0x00, 0x1F, 0x9F, 0x80,
    0x7F, 0x3F, 0x00, 0xFE, 0x7E, 0x00, 0x00, 0x00, 0x00, 0x0E, 0x00, 0x00, 0x1C, 0x00, 0x00, 0x3C,
    0x00, 0x00, 0x38, 0x00, 0x33, 0x00, 0x07, 0xF0, 0x00, 0xFE, 0x00, 0x00, 0x01, 0xE0, 0x3C, 0xFF,
    0x83, 0xDF, 0xFC, 0x1F, 0xFF, 0xE1, 0xBC, 0x1F, 0x07, 0xC0, 0xF0, 0x78, 0x0F, 0x07, 0x80, 0xF0,
    0x78, 0x0F, 0x07, 0x80, 0xF0, 0x3C, 0x0F, 0x03, 0xE3, 0xE0, 0x0F, 0x3C, 0x07, 0xF3, 0xF0, 0x7F,
    0x3F, 0x07, 0xF3, 0xF0, 0x00, 0x00, 0x00, 0x1C, 0x00, 0x01, 0xC0, 0x00, 0x1E, 0x00, 0x00, 0xE0,
    0x33, 0x00, 0x03, 0xF8, 0x00, 0x3F, 0x80, 0x00, 0x00, 0x3C, 0x01, 0xC7, 0xF8, 0x1E, 0xFF, 0xF0,
    0xF7, 0xFF, 0x83, 0xFC, 0x3E, 0x03, 0xC0, 0xF0, 0x1C, 0x07, 0x81, 0xE0, 0x1E, 0x0F, 0x00, 0xE0,
    0x3C, 0x0F, 0x01, 0xE0, 0x78, 0x07, 0x8F, 0x80, 0x1E, 0x78, 0x03, 0xF3, 0xF0, 0x3F, 0x9F, 0x81,
    0xFC, 0xFC, 0x00, 0x00, 0x00, 0x01, 0xC0, 0x00, 0x0E, 0x00, 0x00, 0x38, 0x00, 0x01, 0xE0, 0x18,
    0xC0, 0x7F, 0x01, 0xF8, 0x01, 0xC0, 0x0F, 0x1C, 0xFE, 0xF3, 0xFF, 0x9F, 0x7E, 0x78, 0xFB, 0xC1,
    0xEF, 0x07, 0xBC, 0x1E, 0x78, 0xF9, 0xFF, 0xE3, 0xFF, 0xC7, 0xEF, 0x06, 0x00, 0x0F, 0x80, 0x7F,
    0x01, 0xFC, 0x00, 0x00, 0x0F, 0x1C, 0xFE, 0xF3, 0xFF, 0x9F, 0x7E, 0x78, 0xFB, 0xC1, 0xEF, 0x07,
    0xBC, 0x1E, 0x78, 0xF9, 0xFF, 0xE3, 0xFF, 0xC7, 0xEF, 0x06, 0x00, 0x0E, 0x00, 0x38, 0x00, 0x70,
    0x01, 0x80, 0x0F, 0x1C, 0xFE, 0xF3, 0xFF, 0x9F, 0x7E, 0x78, 0xFB, 0xC1, 0xEF, 0x07, 0xBC, 0x1E,
    0x78, 0xF9, 0xFF, 0xE3, 0xFF, 0xC7, 0xEF, 0x06, 0x00, 0x38, 0x00, 0xE0, 0x01, 0xC0, 0x07, 0x00,
    0x0F, 0x1C, 0xFE, 0xF3, 0xFF, 0x9F, 0x7E, 0x78, 0xFB, 0xC1, 0xEF, 0x07, 0xBC, 0x1E, 0x78, 0xF9,
    0xFF, 0xE3, 0xFF, 0xC7, 0xEF, 0x06, 0x00, 0x38, 0x00, 0xE0, 0x01, 0xC0, 0x07, 0x00, 0x07, 0x80,
    0x1C, 0x00, 0x70, 0x01, 0x80, 0x0F, 0x1C, 0xFE, 0xF3, 0xFF, 0x9F, 0x7E, 0x78, 0xFB, 0xC1, 0xEF,
    0x07, 0xBC, 0x1E, 0x78, 0xF9, 0xFF, 0xE3, 0xFF, 0xC7, 0xEF, 0x06, 0x00, 0x38, 0x00, 0xE0, 0x01,
    0xC0, 0x07, 0x00, 0x0E, 0xC0, 0x7F, 0x01, 0xFC, 0x00, 0x00, 0x0F, 0x1C, 0xFE, 0xF3, 0xFF, 0x9F,
    0x7E, 0x78, 0xFB, 0xC1, 0xEF, 0x07, 0xBC, 0x1E, 0x78, 0xF9, 0xFF, 0xE3, 0xFF, 0xC7, 0xEF, 0x06,
    0x00, 0x0E, 0xC0, 0x7F, 0x01, 0xFC, 0x00, 0x00, 0x0F, 0x1C, 0xFE, 0xF3, 0xFF, 0x9F, 0x7E, 0x78,
    0xFB, 0xC1, 0xEF, 0x07, 0xBC, 0x1E, 0x78, 0xF9, 0xFF, 0xE3, 0xFF, 0xC7, 0xEF, 0x06, 0x00, 0x38,
    0x00, 0xE0, 0x01, 0xC0, 0x07, 0x00, 0x0C, 0x60, 0x1F, 0xC0, 0x1F, 0x80, 0x1C, 0x00, 0x38, 0x00,
    0xF8, 0x01, 0xF8, 0x07, 0xF0, 0x0F, 0xE0, 0x1D, 0xE0, 0x7B, 0xC0, 0xF7, 0x81, 0xE7, 0x87, 0x8F,
    0x0F, 0xFE, 0x1F, 0xFE, 0x7F, 0xFC, 0xF0, 0x79, 0xE0, 0x7F, 0x80, 0xF0, 0x07, 0xC0, 0x1F, 0xC0,
    0x3F, 0x80, 0x00, 0x00, 0x38, 0x00, 0xF8, 0x01, 0xF8, 0x07, 0xF0, 0x0F, 0xE0, 0x1D, 0xE0, 0x7B,
    0xC0, 0xF7, 0x81, 0xE7, 0x87, 0x8F, 0x0F, 0xFE, 0x1F, 0xFE, 0x7F, 0xFC, 0xF0, 0x79, 0xE0, 0x7F,
    0x80, 0xF0, 0xE1, 0xC0, 0xE3, 0xE0, 0x73, 0xF0, 0x67, 0xF0, 0x07, 0xF0, 0x07, 0x78, 0x0F, 0x78,
    0x0F, 0x78, 0x0F, 0x3C, 0x1E, 0x3C, 0x1F, 0xFC, 0x1F, 0xFE, 0x3F, 0xFE, 0x3C, 0x1E, 0x3C, 0x0F,
    0x78, 0x0F, 0x03, 0x81, 0xCF, 0x83, 0xBF, 0x07, 0x7F, 0x0C, 0xFE, 0x03, 0xFC, 0x07, 0xBC, 0x0F,
    0x78, 0x3C, 0xF0, 0x78, 0xF0, 0xFF, 0xE3, 0xFF, 0xC7, 0xFF, 0xCF, 0x07, 0xBC, 0x0F, 0x78, 0x0F,
    0x03, 0x80, 0x0F, 0x80, 0x1F, 0x80, 0x7F, 0x00, 0xFE, 0x01, 0xDE, 0x07, 0xBC, 0x0F, 0x78, 0x1E,
    0x78, 0x78, 0xF0, 0xFF, 0xE1, 0xFF, 0xE7, 0xFF, 0xCF, 0x07, 0x9E, 0x07, 0xF8, 0x0F, 0x00, 0x00,
    0x07, 0x00, 0x0E, 0x00, 0x1E, 0x00, 0x1C, 0x00, 0xF7, 0x76, 0xEE, 0xF7, 0xF7, 0x76, 0x73, 0x7F,
    0xFE, 0x00, 0x3B, 0xBF, 0xD9, 0xCE, 0x67, 0x7B, 0xBD, 0xCC, 0x1C, 0x03, 0xC0, 0x38, 0x07, 0x0E,
    0x71, 0xFF, 0xBF, 0xF7, 0xFF, 0xF1, 0xFE, 0x3F, 0xC7, 0xF8, 0xFF, 0x1F, 0xE3, 0xFC, 0x7F, 0x8F,
    0x01, 0xFC, 0x3F, 0x87, 0xF8, 0xF7, 0x0E, 0xE7, 0x1F, 0xFB, 0xFF, 0x7F, 0xFF, 0x1F, 0xE3, 0xFC,
    0x7F, 0x8F, 0xF1, 0xFE, 0x3F, 0xC7, 0xF8, 0xF0, 0x1F, 0xC3, 0xF8, 0x7F, 0x8F, 0x70, 0xE0, 0x0F,
    0x01, 0xC0, 0x38, 0x07, 0x0E, 0x71, 0xFF, 0xBF, 0xF7, 0xFF, 0xF1, 0xFE, 0x3F, 0xC7, 0xF8, 0xFF,
    0x1F, 0xE3, 0xFC, 0x7F, 0x8F, 0x01, 0xFC, 0x3F, 0x87, 0xF8, 0xF7, 0x0E, 0x1D, 0x87, 0xF0, 0xFE,
    0x00, 0x0E, 0x71, 0xFF, 0xBF, 0xF7, 0xFF, 0xF1, 0xFE, 0x3F, 0xC7, 0xF8, 0xFF, 0x1F, 0xE3, 0xFC,
    0x7F, 0x8F, 0x01, 0xE0, 0x3C, 0x07, 0x80, 0xF0, 0x0E, 0x1D, 0x87, 0xF0, 0xFE, 0x00, 0x0E, 0x71,
    0xFF, 0xBF, 0xF7, 0xFF, 0xF1, 0xFE, 0x3F, 0xC7, 0xF8, 0xFF, 0x1F, 0xE3, 0xFC, 0x7F, 0x8F, 0x01,
    0xFC, 0x3F, 0x87, 0xF8, 0xF7, 0x0E, 0xE3, 0xFF, 0x73, 0xFF, 0x99, 0xFF, 0xCC, 0xFF, 0xE0, 0x78,
    0x00, 0x3C, 0x00, 0x1E, 0x00, 0x0F, 0xFE, 0x07, 0xFF, 0x03, 0xFF, 0x81, 0xE0, 0x00, 0xF0, 0x00,
    0x78, 0x00, 0x3F, 0xF8, 0x1F, 0xFC, 0x0F, 0xFE, 0x07, 0xFE, 0x77, 0xFF, 0x77, 0xFF, 0xE7, 0xFF,
    0x67, 0x80, 0x07, 0x80, 0x07, 0x80, 0x07, 0xFE, 0x07, 0xFE, 0x07, 0xFE, 0x07, 0x80, 0x07, 0x80,
    0x07, 0x80, 0x07, 0xFF, 0x07, 0xFF, 0x07, 0xFF, 0xE3, 0x80, 0xDC, 0xF0, 0x3D, 0x9E, 0x07, 0xB3,
    0xC0, 0xF0, 0x78, 0x1E, 0x0F, 0x03, 0xC1, 0xE0, 0x78, 0x3F, 0xFF, 0x07, 0xFF, 0xE0, 0xFF, 0xFC,
    0x1E, 0x07, 0x83, 0xC0, 0xF0, 0x78, 0x1E, 0x0F, 0x03, 0xC1, 0xE0, 0x78, 0x3C, 0x0F, 0x07, 0x01,
    0xDD, 0xE0, 0xF7, 0x78, 0x3F, 0x9E, 0x0F, 0x67, 0x83, 0xC1, 0xE0, 0xF0, 0x78, 0x3C, 0x1F, 0xFF,
    0x07, 0xFF, 0xC1, 0xFF, 0xF0, 0x78, 0x3C, 0x1E, 0x0F, 0x07, 0x83, 0xC1, 0xE0, 0xF0, 0x78, 0x3C,
    0x1E, 0x0F, 0x60, 0x3B, 0xC0, 0xEF, 0x03, 0xBC, 0x0E, 0xF0, 0x3B, 0xC0, 0xEF, 0x03, 0xBF, 0xFE,
    0xFF, 0xFB, 0xFF, 0xEF, 0x03, 0xBC, 0x0E, 0xF0, 0x3B, 0xC0, 0xEF, 0x03, 0xBC, 0x0E, 0x00, 0x00,
    0x1C, 0x00, 0x70, 0x01, 0xE0, 0x03, 0x80, 0xFE, 0x7E, 0x76, 0x66, 0xF7, 0x77, 0x76, 0x66, 0x67,
    0xFF, 0xF8, 0x03, 0x87, 0x0E, 0x18, 0xC7, 0xFE, 0x7E, 0x38, 0x38, 0x3C, 0x3C, 0x3C, 0x3C, 0x3C,
    0x3C, 0x3C, 0x3C, 0x3E, 0x3E, 0x1E, 0x00, 0x7E, 0xFE, 0xFE, 0x00, 0x38, 0x3C, 0x3C, 0x3C, 0x3C,
    0x3C, 0x3C, 0x3C, 0x3C, 0x3E, 0x3E, 0x1E, 0x00, 0x0E, 0x01, 0xC1, 0xFB, 0x3B, 0xF7, 0x1E, 0x40,
    0x03, 0x80, 0x78, 0x0F, 0x01, 0xE0, 0x3C, 0x07, 0x80, 0xF0, 0x1E, 0x03, 0xC0, 0x7C, 0x0F, 0x80,
    0xF0, 0x00, 0x00, 0x00, 0x1C, 0x18, 0x18, 0x66, 0xEF, 0xEF, 0x66, 0x38, 0x3C, 0x3C, 0x3C, 0x3C,
    0x3C, 0x3C, 0x3C, 0x3C, 0x3E, 0x3E, 0x1E, 0x00, 0x77, 0xFE, 0xFE, 0x00, 0x38, 0x3C, 0x3C, 0x3C,
    0x3C, 0x3C, 0x3C, 0x3C, 0x3C, 0x3E, 0x3E, 0x1E, 0x00, 0x3B, 0xBF, 0xDB, 0xCE, 0x67, 0x7B, 0xBD,
    0xCC, 0x38, 0x1E, 0x0F, 0x07, 0x83, 0xC1, 0xE0, 0xF0, 0x78, 0x3C, 0x1F, 0x0F, 0x83, 0xC0, 0x00,
    0xE7, 0xFE, 0x7E, 0x38, 0x18, 0x3C, 0x3C, 0x3C, 0x3C, 0x3C, 0x3C, 0x3C, 0x3C, 0x3C, 0x3C, 0x3C,
    0x3C, 0x3C, 0x3C, 0x3C, 0x7E, 0xFD, 0xF8, 0x01, 0x87, 0x8F, 0x1E, 0x3C, 0x78, 0xF1, 0xE3, 0xC7,
    0x8F, 0x1E, 0x3C, 0x78, 0xF1, 0xE0, 0xE3, 0xF3, 0xD9, 0xEC, 0xF0, 0x78, 0x3C, 0x1E, 0x0F, 0x07,
    0x83, 0xC1, 0xE0, 0xF0, 0x78, 0x3C, 0x1E, 0x0F, 0x07, 0x3B, 0xDD, 0xFC, 0xF6, 0x78, 0x3C, 0x1E,
    0x0F, 0x07, 0x83, 0xC1, 0xE0, 0xF0, 0x78, 0x3C, 0x1E, 0x0F, 0x7F, 0xF7, 0x77, 0x33, 0x77, 0x7B,
    0x9D, 0xC6, 0xC0, 0x67, 0xFF, 0xF8, 0x03, 0x87, 0x0E, 0x0C, 0x31, 0x87, 0xF0, 0xFC, 0x07, 0x0E,
    0x0F, 0xE3, 0xFC, 0x7F, 0x8F, 0xF1, 0xFE, 0x3F, 0xC7, 0xF8, 0xFF, 0x1F, 0xFF, 0xDF, 0xF1, 0xFC,
    0x0C, 0x00, 0x1F, 0x07, 0xF0, 0xFE, 0x00, 0x0E, 0x0F, 0xE3, 0xFC, 0x7F, 0x8F, 0xF1, 0xFE, 0x3F,
    0xC7, 0xF8, 0xFF, 0x1F, 0xFF, 0xDF, 0xF1, 0xFC, 0x0C, 0x00, 0x1C, 0x01, 0xC1, 0xFF, 0x7A, 0xFF,
    0x1C, 0x01, 0x38, 0x3F, 0x8F, 0xF1, 0xFE, 0x3F, 0xC7, 0xF8, 0xFF, 0x1F, 0xE3, 0xFC, 0x7F, 0xFF,
    0x7F, 0xC7, 0xF0, 0x30, 0x00, 0x0F, 0x01, 0xC1, 0xBF, 0x7A, 0xFF, 0x1C, 0x01, 0x38, 0x3F, 0x8F,
    0xF1, 0xFE, 0x3F, 0xC7, 0xF8, 0xFF, 0x1F, 0xE3, 0xFC, 0x7F, 0xFF, 0x7F, 0xC7, 0xF0, 0x30, 0x00,
    0x0E, 0x00, 0xF0, 0x07, 0x00, 0x60, 0x0F, 0x03, 0xF8, 0x7F, 0xCF, 0xBE, 0xF1, 0xEF, 0x0F, 0xF0,
    0xFF, 0x0F, 0xF1, 0xEF, 0xFE, 0xFF, 0xCF, 0xFC, 0xF2, 0x0F, 0x00, 0xF0, 0x0F, 0x00, 0xE0, 0x00,
    0x0F, 0x00, 0xF0, 0x0E, 0x00, 0x60, 0x0F, 0x03, 0xF8, 0x7F, 0xCF, 0xBE, 0xF1, 0xEF, 0x0F, 0xF0,
    0xFF, 0x0F, 0xF1, 0xEF, 0xFE, 0xFF, 0xCF, 0xFC, 0xF2, 0x0F, 0x00, 0xF0, 0x0F, 0x00, 0xE0, 0x00,
    0x1D, 0x87, 0xF0, 0xFE, 0x00, 0x0E, 0x0F, 0xE3, 0xFC, 0x7F, 0x8F, 0xF1, 0xFE, 0x3F, 0xC7, 0xF8,
    0xFF, 0x1F, 0xFF, 0xDF, 0xF1, 0xFC, 0x0C, 0x00, 0x3D, 0x87, 0xF0, 0xDC, 0x18, 0xC7, 0xB8, 0xF7,
    0x0C, 0x67, 0x07, 0xF1, 0xFE, 0x3F, 0xC7, 0xF8, 0xFF, 0x1F, 0xE3, 0xFC, 0x7F, 0x8F, 0xFF, 0xEF,
    0xF8, 0xFE, 0x06, 0x00, 0x0C, 0x60, 0x1F, 0xC0, 0x1F, 0x00, 0x1C, 0x07, 0x01, 0xDF, 0x07, 0xDE,
    0x0F, 0x1E, 0x3C, 0x3C, 0x78, 0x3D, 0xE0, 0x7F, 0xC0, 0x7F, 0x00, 0x7E, 0x00, 0xF8, 0x00, 0xF0,
    0x01, 0xC0, 0x03, 0x80, 0x07, 0x00, 0x0E, 0x00, 0x1C, 0x00, 0x07, 0xC0, 0x1F, 0xC0, 0x3F, 0x80,
    0x00, 0x07, 0x01, 0xDF, 0x07, 0xDE, 0x0F, 0x1E, 0x3C, 0x3C, 0x78, 0x3D, 0xE0, 0x7F, 0xC0, 0x7F,
    0x00, 0x7E, 0x00, 0xF8, 0x00, 0xF0, 0x01, 0xC0, 0x03, 0x80, 0x07, 0x00, 0x0E, 0x00, 0x1C, 0x00,
    0xE3, 0x80, 0x77, 0x9E, 0x07, 0x9C, 0x78, 0x7C, 0xC3, 0xC3, 0xC0, 0x0F, 0x3C, 0x00, 0x7D, 0xE0,
    0x01, 0xFE, 0x00, 0x0F, 0xF0, 0x00, 0x3F, 0x00, 0x00, 0xF8, 0x00, 0x07, 0x80, 0x00, 0x3C, 0x00,
    0x01, 0xE0, 0x00, 0x0F, 0x00, 0x00, 0x78, 0x00, 0x03, 0xC0, 0x07, 0x00, 0xE7, 0x78, 0x1E, 0x73,
    0xC3, 0xEE, 0x3E, 0x3C, 0x61, 0xE7, 0xC0, 0x1F, 0x78, 0x00, 0xFF, 0x00, 0x07, 0xF0, 0x00, 0x7E,
    0x00, 0x03, 0xE0, 0x00, 0x3C, 0x00, 0x03, 0xC0, 0x00, 0x3C, 0x00, 0x03, 0xC0, 0x00, 0x3C, 0x00,
    0x03, 0xC0, 0x03, 0xF0, 0x3B, 0xFF, 0x3D, 0xFF, 0xDE, 0xFF, 0xF3, 0x78, 0x78, 0x3C, 0x3C, 0x1E,
    0x1E, 0x0F, 0x0F, 0x07, 0xFF, 0x83, 0xFF, 0x81, 0xFF, 0x80, 0xF0, 0x00, 0x78, 0x00, 0x3C, 0x00,
    0x1E, 0x00, 0x0F, 0x00, 0x1C, 0x01, 0xC1, 0xBF, 0x7A, 0xFF, 0x1C, 0x01, 0x00, 0x0F, 0x01, 0xC1,
    0xBF, 0x7A, 0xFF, 0x1C, 0x01, 0x00, 0xF7, 0x77, 0x03, 0xC0, 0x00, 0xE0, 0x00, 0x70, 0x00, 0x18,
    0x01, 0xC1, 0xC1, 0xE0, 0xF0, 0xF0, 0x3C, 0xF0, 0x1E, 0x79, 0xC7, 0xB8, 0xE3, 0xFC, 0x71, 0xFE,
    0x38, 0xF7, 0x1E, 0x7B, 0xFF, 0xF9, 0xFF, 0xFC, 0x7E, 0xFC, 0x04, 0x10, 0x00, 0xE0, 0x00, 0x70,
    0x00, 0x3C, 0x00, 0x0E, 0x00, 0x1C, 0x1C, 0x1E, 0x0F, 0x0F, 0x03, 0xCF, 0x01, 0xE7, 0x9C, 0x7B,
    0x8E, 0x3F, 0xC7, 0x1F, 0xE3, 0x8F, 0x71, 0xE7, 0xBF, 0xFF, 0x9F, 0xFF, 0xC7, 0xEF, 0xC0, 0x41,
    0x00, 0x0E, 0x00, 0x07, 0x00, 0x03, 0xC0, 0x00, 0xE0, 0x00, 0x00, 0xE0, 0x00, 0x70, 0x00, 0x70,
    0x00, 0x18, 0x01, 0xC1, 0xC1, 0xE0, 0xF0, 0xF0, 0x3C, 0xF0, 0x1E, 0x79, 0xC7, 0xB8, 0xE3, 0xFC,
    0x71, 0xFE, 0x38, 0xF7, 0x1E, 0x7B, 0xFF, 0xF9, 0xFF, 0xFC, 0x7E, 0xFC, 0x04, 0x10, 0x00, 0xE0,
    0x00, 0x70, 0x00, 0x3C, 0x00, 0x0E, 0x00, 0x03, 0xB0, 0x03, 0xF8, 0x01, 0xFC, 0x00, 0x00, 0x01,
    0xC1, 0xC1, 0xE0, 0xF0, 0xF0, 0x3C, 0xF0, 0x1E, 0x79, 0xC7, 0xB8, 0xE3, 0xFC, 0x71, 0xFE, 0x38,
    0xF7, 0x1E, 0x7B, 0xFF, 0xF9, 0xFF, 0xFC, 0x7E, 0xFC, 0x04, 0x10, 0x00, 0x03, 0xB0, 0x03, 0xF8,
    0x01, 0xFC, 0x00, 0x00, 0x01, 0xC1, 0xC1, 0xE0, 0xF0, 0xF0, 0x3C, 0xF0, 0x1E, 0x79, 0xC7, 0xB8,
    0xE3, 0xFC, 0x71, 0xFE, 0x38, 0xF7, 0x1E, 0x7B, 0xFF, 0xF9, 0xFF, 0xFC, 0x7E, 0xFC, 0x04, 0x10,
    0x00, 0xE0, 0x00, 0x70, 0x00, 0x3C, 0x00, 0x0E, 0x00, 0x70, 0x3C, 0x07, 0x0F, 0xF0, 0x71, 0xFF,
    0x83, 0x3F, 0xFC, 0x07, 0xC3, 0xE0, 0x78, 0x1E, 0x07, 0x81, 0xE0, 0x70, 0x1E, 0x07, 0x00, 0xE0,
    0x70, 0x1E, 0x07, 0x81, 0xE0, 0x78, 0x1E, 0x07, 0xC3, 0xE0, 0x3F, 0xFC, 0x01, 0xFF, 0x80, 0x0F,
    0xF0, 0x00, 0x18, 0x00, 0x00, 0x78, 0x1C, 0x7F, 0x87, 0x7F, 0xF3, 0x9F, 0xFE, 0x6F, 0x87, 0x83,
    0xC0, 0xF1, 0xE0, 0x3C, 0x78, 0x0F, 0x1E, 0x03, 0xC7, 0x80, 0xF1, 0xE0, 0x3C, 0x3C, 0x0F, 0x0F,
    0x87, 0x81, 0xFF, 0xE0, 0x7F, 0xF0, 0x07, 0xF8, 0x00, 0x30, 0x00, 0x70, 0x3C, 0x07, 0x0F, 0xF0,
    0x71, 0xFF, 0xC3, 0x3F, 0xFE, 0x07, 0xC3, 0xE0, 0x78, 0x1E, 0x07, 0x80, 0xF0, 0x78, 0x0F, 0x07,
    0x80, 0xF0, 0x78, 0x0E, 0x07, 0x81, 0xE0, 0x3E, 0x3C, 0x01, 0xE7, 0x80, 0x7E, 0x7F, 0x07, 0xE7,
    0xF0, 0x7E, 0x7F, 0x00, 0x78, 0x1C, 0xFF, 0x87, 0x7F, 0xF3, 0xBF, 0xFE, 0x6F, 0x07, 0xC7, 0xC0,
    0xF1, 0xE0, 0x3C, 0x78, 0x0F, 0x1E, 0x03, 0xC7, 0x80, 0xF0, 0xF0, 0x3C, 0x3E, 0x3E, 0x07, 0xDF,
    0x07, 0xF7, 0xF1, 0xFD, 0xFC, 0x7F, 0x7F, 0x03, 0xC0, 0x0F, 0xF0, 0x1F, 0xFC, 0x3F, 0xFC, 0x7C,
    0x3E, 0x78, 0x1E, 0x78, 0x0F, 0x70, 0x0F, 0x70, 0x0F, 0x78, 0x1E, 0x78, 0x1E, 0x3E, 0x3C, 0x1E,
    0x78, 0x7E, 0x7E, 0x7E, 0x7F, 0x7E, 0x7F, 0x00, 0x00, 0x01, 0xC0, 0x01, 0xC0, 0x01, 0xC0, 0x01,
    0xE0, 0xEE, 0xEC, 0x7F, 0x73, 0xFE, 0xFF, 0xFF, 0x00, 0xFE, 0xFF, 0xFF, 0x00, 0xFF, 0xFF, 0xFF,
    0xFF, 0xFE, 0xFF, 0xFF, 0xFF, 0xFF, 0x80, 0x00, 0xFF, 0xFF, 0xFF, 0xFF, 0xFF, 0xFF, 0xFF, 0xFE,
    0x00, 0x00, 0x00, 0xFF, 0xFF, 0xFF, 0xFF, 0xFF, 0xFF, 0xFF, 0xFE, 0x00, 0x00, 0x00, 0x00, 0xFF,
    0xFF, 0xFF, 0xFF, 0xFF, 0xFF, 0xFF, 0xFF, 0xFF, 0xFF, 0xFF, 0xFF, 0xFF, 0xFF, 0xFF, 0xFF, 0xFF,
    0xFF, 0xFF, 0xFF, 0xFF, 0xFF, 0xFF, 0xFF, 0xFF, 0xFF, 0xFF, 0xFF, 0xFF, 0xFF, 0xFF, 0xC0, 0x11,
    0xDC, 0xE7, 0x3B, 0xC0, 0x33, 0xDC, 0xEF, 0x73, 0x80, 0x7F, 0xFF, 0xEE, 0xE0, 0x63, 0x9C, 0xE7,
    0x9C, 0xE0, 0x11, 0x8E, 0xE7, 0x39, 0xCE, 0x77, 0x9D, 0xEF, 0x78, 0x00, 0x33, 0xBF, 0xDD, 0xEE,
    0xEF, 0x77, 0x3B, 0x9C, 0x00, 0x73, 0x7B, 0xFD, 0xDE, 0xEE, 0x77, 0x73, 0xB8, 0x00, 0x63, 0x1D,
    0xE7, 0x79, 0xCE, 0x7B, 0x8E, 0xE3, 0x98, 0x00, 0x0C, 0x07, 0x81, 0xE1, 0xFE, 0xFF, 0xFF, 0xF1,
    0xE0, 0x78, 0x1E, 0x07, 0x80, 0xE0, 0x30, 0x00, 0x00, 0x0C, 0x07, 0x81, 0xE1, 0xFF, 0xFF, 0xFF,
    0xF1, 0xE0, 0x78, 0xFF, 0xFF, 0xFF, 0xFC, 0x78, 0x1E, 0x07, 0x80, 0xE0, 0x30, 0x18, 0x7C, 0x7E,
    0xFE, 0xFE, 0x7E, 0x7C, 0x18, 0x03, 0x8F, 0x3F, 0xFF, 0xCC, 0x00, 0x27, 0xBD, 0xE2, 0x00, 0x20,
    0xDE, 0x3F, 0xC7, 0xF8, 0xF2, 0x08, 0x20, 0xC1, 0x3C, 0x79, 0xEF, 0x1E, 0x7B, 0xC7, 0x8E, 0x20,
    0x81, 0x00, 0x27, 0xBD, 0xE2, 0x00, 0x1C, 0x02, 0x00, 0x1F, 0x81, 0xC0, 0x07, 0xF0, 0xE0, 0x03,
    0x9C, 0x70, 0x00, 0xE7, 0x1C, 0x00, 0x39, 0xCE, 0x00, 0x07, 0xE7, 0x00, 0x01, 0xFB, 0x80, 0x00,
    0x08, 0xE3, 0x07, 0x00, 0x73, 0xE3, 0xE0, 0x39, 0xFD, 0xFC, 0x0E, 0x77, 0x77, 0x07, 0x1C, 0xDD,
    0xC3, 0x87, 0x77, 0x70, 0xE1, 0xFD, 0xFC, 0x70, 0x3E, 0x3E, 0x00, 0x03, 0x06, 0x00, 0x1C, 0x02,
    0x00, 0x00, 0x1F, 0x81, 0xC0, 0x00, 0x07, 0xF0, 0xE0, 0x00, 0x03, 0x9C, 0x70, 0x00, 0x00, 0xE7,
    0x1C, 0x00, 0x00, 0x39, 0xCE, 0x00, 0x00, 0x07, 0xE7, 0x00, 0x00, 0x01, 0xFB, 0x80, 0x00, 0x00,
    0x08, 0xE3, 0x07, 0x06, 0x00, 0x73, 0xE3, 0xE7, 0xE0, 0x39, 0xFD, 0xFD, 0xFC, 0x0E, 0x77, 0x77,
    0x67, 0x07, 0x1C, 0xDD, 0xF9, 0xC3, 0x87, 0x77, 0x76, 0x70, 0xE1, 0xFD, 0xFD, 0xFC, 0x70, 0x3E,
    0x3E, 0x7E, 0x00, 0x03, 0x06, 0x06, 0x00, 0x6F, 0xEE, 0xEE, 0xE0, 0x61, 0xBC, 0xEE, 0x3B, 0x8E,
    0xE3, 0xB9, 0xCE, 0x70, 0x61, 0x8D, 0xE7, 0x3F, 0x8E, 0x7F, 0x1C, 0xEE, 0x39, 0xDC, 0xE3, 0xB9,
    0xC7, 0x00, 0xEE, 0xEF, 0x77, 0x70, 0xE3, 0x39, 0xEE, 0x3B, 0xCE, 0x73, 0x9C, 0xE7, 0x18, 0xE3,
    0x0D, 0xCF, 0x3F, 0x8E, 0x7F, 0x9C, 0xF7, 0x38, 0xEE, 0x71, 0xDC, 0x63, 0x80, 0x1C, 0x0F, 0x87,
    0x71, 0xCE, 0xE3, 0x80, 0x0F, 0x0F, 0x0F, 0x8F, 0x87, 0x83, 0xC0, 0xF0, 0x3C, 0x0F, 0x07, 0x80,
    0x78, 0x7C, 0x3C, 0x1E, 0x0F, 0x0F, 0x1E, 0x3C, 0x78, 0x70, 0x03, 0x00, 0x0F, 0x00, 0x7E, 0x81,
    0xFF, 0x81, 0xEF, 0x0F, 0xFF, 0x3D, 0xFF, 0x7B, 0xFE, 0x7F, 0xFC, 0x3D, 0xE0, 0xFF, 0xC0, 0xFD,
    0x80, 0x78, 0x00, 0x60, 0x00, 0x70, 0xDE, 0x3F, 0xC7, 0xF8, 0xFF, 0x1F, 0xE3, 0xFC, 0x7F, 0x8F,
    0xF1, 0xFE, 0x3D, 0xC7, 0xB8, 0xE2, 0x0D, 0xE3, 0xFC, 0x7F, 0x8F, 0x20, 0x00, 0x0E, 0x07, 0xF1,
    0xFF, 0x3D, 0xFF, 0x1E, 0x3B, 0xC7, 0x78, 0x7E, 0x0F, 0x81, 0xE0, 0x38, 0x07, 0x00, 0x40, 0x1C,
    0x07, 0x80, 0x70, 0x04, 0x00, 0xFF, 0xFF, 0xFF, 0xFF, 0x00, 0x60, 0x03, 0xBF, 0xFF, 0xE3, 0xFF,
    0xF0, 0x3F, 0xF0, 0x0F, 0xFC, 0x0F, 0xFF, 0xCF, 0xFF, 0xF9, 0xC0, 0x0E, 0x01, 0x00, 0xE0, 0x78,
    0x1C, 0x0F, 0x03, 0x81, 0xE0, 0xF8, 0x3E, 0x1F, 0xC7, 0x79, 0xCC, 0x03, 0x00, 0x3F, 0x00, 0xFC,
    0x03, 0xF0, 0x0F, 0xC0, 0x3F, 0x00, 0x30, 0x1F, 0x3E, 0x7C, 0xFB, 0xFF, 0xFF, 0xFF, 0x9F, 0x3E,
    0x38, 0x60, 0x7E, 0xFD, 0xFB, 0xF0, 0x00, 0x08, 0x00, 0xE0, 0x03, 0x80, 0x1C, 0x00, 0xE0, 0x03,
    0x80, 0x1C, 0x00, 0xE0, 0x03, 0x80, 0x1C, 0x00, 0xE0, 0x03, 0x80, 0x1C, 0x00, 0xE0, 0x07, 0x00,
    0x1C, 0x00, 0x03, 0xFF, 0xFF, 0xF3, 0xCF, 0x3C, 0xF3, 0xFF, 0xFF, 0xF3, 0xCF, 0x3C, 0xF3, 0xFF,
    0xFF, 0x01, 0xF7, 0xDF, 0x1C, 0x71, 0xC7, 0x1D, 0xF7, 0xDF, 0x1C, 0x71, 0xC7, 0x1D, 0xF7, 0xDF,
    0x0F, 0x00, 0xE0, 0x7F, 0x87, 0xF1, 0xFF, 0x1F, 0xF3, 0xFF, 0x7D, 0xFF, 0x1E, 0xF1, 0xE0, 0x3C,
    0x03, 0xC0, 0xF8, 0x0F, 0x03, 0xE0, 0x3E, 0x0F, 0x80, 0xF8, 0x1E, 0x03, 0xC0, 0x38, 0x07, 0x80,
    0x70, 0x07, 0x00, 0x40, 0x0C, 0x01, 0xC0, 0x3C, 0x07, 0xC0, 0x78, 0x07, 0x00, 0xF0, 0x04, 0x00,
    0x40, 0x0F, 0x03, 0x1F, 0xE3, 0xDF, 0xF1, 0xEF, 0xFC, 0xFF, 0x1E, 0x78, 0x0F, 0x3C, 0x0F, 0x9E,
    0x0F, 0x8F, 0x0F, 0x87, 0x87, 0x83, 0xC3, 0x81, 0xE1, 0xC0, 0x60, 0x40, 0x30, 0x70, 0x3C, 0x7C,
    0x1E, 0x1C, 0x0F, 0x04, 0x00, 0x00, 0x70, 0x38, 0x78, 0x7F, 0x3C, 0x7F, 0xDE, 0x7F, 0xFF, 0x3C,
    0x7F, 0x80, 0x3F, 0xC0, 0x3D, 0xE0, 0x3E, 0xF0, 0x3E, 0x78, 0x3C, 0x1C, 0x1E, 0x0E, 0x0F, 0x02,
    0x03, 0x07, 0x83, 0xC3, 0xC1, 0xE1, 0xE0, 0xF0, 0x20, 0x00, 0x00, 0x7F, 0xFF, 0xFF, 0xEF, 0xF0,
    0x38, 0x3C, 0x1E, 0x0F, 0x07, 0x03, 0x81, 0xC0, 0xE0, 0x70, 0x38, 0x1C, 0x1E, 0x06, 0x00, 0xFC,
    0x1F, 0xF3, 0xFF, 0x7F, 0xFE, 0xFF, 0xDF, 0xFB, 0xFF, 0x7F, 0xEF, 0xDD, 0xF3, 0xB8, 0x70, 0x0E,
    0x01, 0xC0, 0x38, 0x07, 0x00, 0x1F, 0xDF, 0xF7, 0xFF, 0xF7, 0xFD, 0xFF, 0x7F, 0xDD, 0xFF, 0x3F,
    0xC7, 0xF0, 0xFE, 0x1F, 0xF3, 0xFF, 0x73, 0xEE, 0x7D, 0xCF, 0xB9, 0xF7, 0xFE, 0xFF, 0x8F, 0xC0,
    0x08, 0x0E, 0x1B, 0x7F, 0xF7, 0xF1, 0xFB, 0xFE, 0xDF, 0x1C, 0x06, 0x00, 0x77, 0xBC, 0xE0, 0x00,
    0x00, 0x73, 0x9C, 0xF3, 0x9C, 0xE0, 0x0F, 0xFC, 0x0F, 0xFF, 0xCF, 0xFF, 0xF9, 0xC0, 0x0E, 0x00,
    0x00, 0x00, 0x00, 0x00, 0x00, 0x00, 0x00, 0x00, 0x00, 0x00, 0x00, 0x00, 0x00, 0x00, 0x00, 0x00,
    0x00, 0x00, 0x00, 0x00, 0x00, 0x00, 0x00, 0x00, 0x00, 0x00, 0x00, 0x00, 0x18, 0x00, 0xEF, 0xFF,
    0xF9, 0xFF, 0xFC, 0x1F, 0xFC, 0x00, 0x08, 0x0E, 0x1B, 0x7F, 0xF7, 0xF1, 0xFB, 0xFE, 0xDF, 0x1C,
    0x06, 0x02, 0x01, 0x86, 0xDF, 0xFD, 0xFC, 0x7E, 0xFF, 0xB7, 0xC3, 0x01, 0x80, 0x00, 0x08, 0x00,
    0x39, 0x80, 0xE7, 0x83, 0x8F, 0x8E, 0x1E, 0x1C, 0x18, 0x70, 0x01, 0xC0, 0x03, 0x80, 0x0E, 0x00,
    0x38, 0x70, 0x71, 0xF1, 0xC3, 0xE7, 0x07, 0x8E, 0x02, 0x38, 0x00, 0x18, 0x01, 0xF8, 0x0F, 0xFF,
    0xBF, 0xFF, 0x03, 0xF8, 0x01, 0x80, 0x0F, 0xFC, 0x0F, 0xFF, 0xCF, 0xFF, 0xF9, 0xC0, 0x0E, 0x07,
    0x03, 0xFC, 0x3F, 0xE3, 0xFE, 0x7F, 0xF7, 0xFF, 0x7F, 0xF3, 0xFE, 0x3F, 0xE3, 0xFE, 0x07, 0x00,
    0x61, 0x8C, 0x37, 0x9C, 0xF3, 0xB8, 0xE7, 0x9D, 0xC7, 0x38, 0xEE, 0x39, 0xC7, 0x73, 0x8E, 0x3B,
    0x9C, 0x71, 0x80, 0x1E, 0x0F, 0xC7, 0xF9, 0xCE, 0xF3, 0xDC, 0xE7, 0x39, 0xFE, 0x3F, 0x00, 0x00,
    0x1F, 0xFF, 0xFF, 0xFC, 0x07, 0x03, 0xC1, 0xF0, 0xFC, 0x3F, 0x1D, 0xC7, 0xF9, 0xFE, 0x07, 0x00,
    0x7E, 0xFE, 0xFE, 0xFC, 0xFF, 0xE7, 0xE7, 0xFF, 0x7E, 0x00, 0x1E, 0x1F, 0x9F, 0xEF, 0xE7, 0xFB,
    0x9D, 0xCE, 0xFF, 0x3F, 0x00, 0x00, 0x7F, 0xFF, 0x7F, 0x0F, 0x0E, 0x1C, 0x1C, 0x38, 0x78, 0x1E,
    0x3F, 0x9F, 0xEF, 0xF3, 0xF3, 0xFD, 0xCE, 0xFF, 0x3F, 0x00, 0x00, 0x1E, 0x3F, 0x9F, 0xFE, 0x77,
    0xFB, 0xFD, 0xDE, 0xFE, 0x3E, 0x00, 0x00, 0x00, 0x38, 0x38, 0xFF, 0xFF, 0x38, 0x38, 0x00, 0xFF,
    0xFF, 0xFE, 0xFE, 0xFE, 0xFE, 0xFE, 0xFE, 0x03, 0x9D, 0xCE, 0x73, 0x9C, 0xE3, 0x9C, 0x60, 0x03,
    0x9C, 0xE3, 0x9C, 0xE7, 0x7B, 0x9C, 0xC0, 0xDC, 0xFE, 0xFF, 0xEF, 0xEF, 0xEF, 0xEF, 0x1E, 0x0F,
    0xC7, 0xF9, 0xCE, 0xF3, 0xDC, 0xE7, 0x39, 0xFE, 0x3F, 0x00, 0x00, 0x1D, 0xF7, 0xD7, 0x1C, 0x71,
    0xC7, 0x1C, 0x3E, 0x3F, 0x9F, 0xCC, 0xE0, 0xF0, 0xF0, 0xF0, 0xFF, 0x7F, 0x80, 0x1E, 0x3F, 0x9F,
    0xE0, 0xF1, 0xF0, 0xFD, 0xCE, 0xFF, 0x3F, 0x00, 0x00, 0x07, 0x03, 0xC1, 0xF0, 0xFC, 0x3F, 0x1D,
    0xC7, 0xF9, 0xFE, 0x07, 0x00, 0x7E, 0xFE, 0xFE, 0xFC, 0xFF, 0xE7, 0xE7, 0xFF, 0x7E, 0x00, 0x1E,
    0x1F, 0x9F, 0xEF, 0xE7, 0xFB, 0x9D, 0xCE, 0xFF, 0x3F, 0x00, 0x00, 0x7F, 0xFF, 0x7F, 0x0F, 0x0E,
    0x1C, 0x1C, 0x38, 0x78, 0x1E, 0x3F, 0x9F, 0xEF, 0xF3, 0xF3, 0xFD, 0xCE, 0xFF, 0x3F, 0x00, 0x00,
    0x1E, 0x3F, 0x9F, 0xFE, 0x77, 0xFB, 0xFD, 0xDE, 0xFE, 0x3E, 0x00, 0x00, 0x00, 0x38, 0x38, 0xFF,
    0xFF, 0x38, 0x38, 0x00, 0xFF, 0xFF, 0xFE, 0xFE, 0xFE, 0xFE, 0xFE, 0xFE, 0x03, 0x9D, 0xCE, 0x73,
    0x9C, 0xE3, 0x9C, 0x60, 0x03, 0x9C, 0xE3, 0x9C, 0xE7, 0x7B, 0x9C, 0xC0, 0x3C, 0x7E, 0x7F, 0x7F,
    0xFF, 0xFF, 0x7F, 0x00, 0x1C, 0x7F, 0x7F, 0xFF, 0xFF, 0x7F, 0x3E, 0x00, 0x1C, 0x3F, 0x9F, 0xDE,
    0xFF, 0x7B, 0xF8, 0xF8, 0x00, 0x67, 0x3B, 0x9F, 0x87, 0xC3, 0xE3, 0xFB, 0xDC, 0x7C, 0xFE, 0x47,
    0xFF, 0xFF, 0xE7, 0xFF, 0x7E, 0x3C, 0xE0, 0xE0, 0xFC, 0xFE, 0xFF, 0xEF, 0xEF, 0xEF, 0xEF, 0xE0,
    0xE0, 0xEE, 0xFE, 0xFC, 0xF8, 0xFC, 0xFE, 0xEE, 0xFF, 0xFF, 0xFF, 0xE0, 0xDD, 0xCF, 0xFE, 0xFF,
    0xEE, 0xEF, 0xEE, 0xFE, 0xEF, 0xEE, 0xF0, 0xDC, 0xFE, 0xFF, 0xEF, 0xEF, 0xEF, 0xEF, 0xFC, 0xFE,
    0xFF, 0xE7, 0xE7, 0xFF, 0xFE, 0xE0, 0xE0, 0xE0, 0x3C, 0x7E, 0x76, 0x7E, 0x3F, 0x7F, 0x7E, 0x00,
    0x73, 0xEF, 0xBE, 0x71, 0xC7, 0x9E, 0x00, 0x0F, 0x80, 0x7F, 0x81, 0xFF, 0x83, 0xCF, 0x07, 0x0E,
    0x0E, 0x7F, 0xDC, 0xFF, 0xB9, 0xFF, 0x7B, 0x80, 0xFF, 0xF8, 0xFF, 0xF0, 0xFF, 0xE0, 0x38, 0x00,
    0x7F, 0xC0, 0xFF, 0x81, 0xFF, 0x00, 0x00, 0x00, 0x00, 0x01, 0xB0, 0x0F, 0x60, 0x7F, 0x81, 0xFF,
    0x87, 0xFF, 0x9F, 0x6F, 0xBC, 0xBF, 0x7B, 0x60, 0xE6, 0x81, 0xCB, 0x03, 0xB6, 0x07, 0xE9, 0xCF,
    0xF3, 0xDF, 0x6F, 0x1F, 0xFE, 0x1F, 0xF8, 0x1F, 0xE0, 0x6E, 0x00, 0xD0, 0x00, 0x03, 0xC0, 0x1F,
    0xE0, 0x7F, 0xE1, 0xFF, 0xE7, 0xC3, 0xCF, 0x03, 0x9E, 0x00, 0x39, 0xFC, 0x73, 0xF8, 0xE7, 0xF1,
    0xEF, 0x03, 0xDC, 0xE7, 0xFB, 0xC7, 0xFF, 0x87, 0xFE, 0x07, 0xF8, 0x01, 0x80, 0x1F, 0xF9, 0xFF,
    0xCF, 0xFE, 0x7F, 0xF3, 0xC0, 0x1E, 0x00, 0xF0, 0x07, 0xFF, 0x3F, 0xF9, 0xFF, 0xCF, 0x00, 0x78,
    0x07, 0xF0, 0x7F, 0x80, 0xF0, 0x07, 0x80, 0x03, 0x80, 0x7F, 0x07, 0xFC, 0x7F, 0xE3, 0xC7, 0x9E,
    0x31, 0xFF, 0x0F, 0xF8, 0x3C, 0x03, 0xFE, 0x1F, 0xF0, 0x78, 0x03, 0xC7, 0xBF, 0xFD, 0xFF, 0xCF,
    0xFE, 0x00, 0x00, 0x00, 0x38, 0x39, 0xFF, 0x1F, 0xFF, 0xEF, 0xFF, 0xF7, 0x9F, 0x7B, 0xCF, 0x1F,
    0xE7, 0x8F, 0xF3, 0xC7, 0xFB, 0xE3, 0xFD, 0xF1, 0xFE, 0xF8, 0xFF, 0xFC, 0x7F, 0xFE, 0x3C, 0x70,
    0x00, 0x38, 0x00, 0x38, 0x0C, 0x7C, 0x1E, 0x7C, 0x1E, 0x7E, 0x1E, 0x7F, 0x1E, 0x7F, 0x1E, 0xFF,
    0xFF, 0xFF, 0xFF, 0x7B, 0xDE, 0xFF, 0xFF, 0xFF, 0xFF, 0x78, 0xFE, 0x78, 0x7E, 0x78, 0x7E, 0x78,
    0x3E, 0x78, 0x3E, 0x7E, 0x00, 0x0F, 0xFC, 0x00, 0xFF, 0xE3, 0x8F, 0xFF, 0x38, 0xF0, 0xFF, 0xEF,
    0x0F, 0xFF, 0xF0, 0xFF, 0xFF, 0x0F, 0x78, 0xFF, 0xE3, 0x8F, 0xFE, 0x38, 0xFF, 0xC3, 0x8F, 0x00,
    0x38, 0xF0, 0x03, 0x8F, 0x00, 0x3E, 0xF0, 0x03, 0xFF, 0x00, 0x1F, 0x00, 0x00, 0x00, 0x7E, 0x00,
    0x01, 0xFF, 0x80, 0x03, 0xFF, 0x80, 0x07, 0xFF, 0x80, 0x0F, 0x0F, 0x0F, 0x1E, 0x1E, 0x7F, 0x3C,
    0x3D, 0xFF, 0x78, 0xFB, 0x8E, 0xFF, 0xEF, 0x81, 0xFF, 0xCF, 0xF3, 0xFF, 0x1F, 0xF7, 0x9E, 0x0F,
    0xFF, 0x1E, 0x71, 0xFE, 0x3D, 0xF7, 0xFC, 0x3D, 0xFF, 0x78, 0x79, 0xFC, 0x00, 0x00, 0xE0, 0x60,
    0x30, 0x3B, 0x83, 0xC3, 0xDC, 0x1E, 0x1E, 0xF1, 0xF0, 0xE7, 0x8F, 0xC7, 0x7F, 0xFF, 0xFF, 0xFF,
    0xFF, 0xE7, 0xBF, 0x9C, 0xFF, 0xFF, 0xFF, 0xFF, 0xFF, 0xC7, 0xF3, 0xF8, 0x3F, 0x9F, 0x81, 0xF8,
    0xFC, 0x07, 0xC3, 0xE0, 0x3E, 0x1F, 0x01, 0xE0, 0xF0, 0xFF, 0xC3, 0xFF, 0xFB, 0xFF, 0xFD, 0xFE,
    0x1F, 0xFF, 0x77, 0xFF, 0xFB, 0xFF, 0xFD, 0xFF, 0xFE, 0xFF, 0xFF, 0x77, 0xFF, 0xFF, 0xFF, 0xFF,
    0xDF, 0xFF, 0xE0, 0x00, 0x60, 0x1F, 0xE0, 0x7F, 0x81, 0xFE, 0x0E, 0xF0, 0xFF, 0xC7, 0xFF, 0x1F,
    0x7C, 0x78, 0xF3, 0xC3, 0xCF, 0x0F, 0x3C, 0x3C, 0x78, 0xF1, 0xFF, 0xC3, 0xFF, 0x0F, 0xFC, 0x04,
    0x00, 0x00, 0x07, 0xFF, 0x1F, 0xFC, 0x7F, 0xF0, 0x01, 0xE0, 0x1F, 0xE0, 0xFF, 0x87, 0xFE, 0x1E,
    0x10, 0xF0, 0x07, 0xFE, 0x3F, 0xF8, 0x3C, 0x01, 0xFF, 0x0F, 0xF8, 0x0F, 0x00, 0x1E, 0x10, 0x7F,
    0xE0, 0xFF, 0x81, 0xFE, 0x00, 0xC0, 0x1C, 0x0F, 0x1E, 0x0F, 0x8F, 0x0F, 0x87, 0x8F, 0x83, 0xCF,
    0x81, 0xEF, 0x83, 0xFF, 0xF9, 0xFF, 0xFC, 0xFF, 0xFE, 0x3F, 0xFF, 0x0F, 0xFC, 0x07, 0xDF, 0x03,
    0xC7, 0xC1, 0xE1, 0xE0, 0xF0, 0x78, 0x78, 0x3E, 0x7F, 0xFB, 0xFF, 0xEF, 0xFF, 0xBF, 0xFE, 0x07,
    0x80, 0x1F, 0x80, 0x7E, 0x03, 0xF0, 0x1F, 0xE0, 0x7F, 0x80, 0xFC, 0x07, 0xE0, 0x1F, 0x80, 0x1E,
    0x00, 0x78, 0x01, 0xE0, 0x00, 0x00, 0x00, 0x00, 0x1E, 0x00, 0x00, 0x00, 0x7E, 0x00, 0x00, 0x0F,
    0xFF, 0x00, 0x00, 0x3F, 0xFE, 0x00, 0x00, 0xFE, 0x7C, 0x00, 0x00, 0x78, 0x78, 0x3C, 0x01, 0xE1,
    0xE3, 0xFC, 0x07, 0x83, 0x9F, 0xF8, 0x1E, 0x0F, 0x7B, 0xE0, 0x78, 0x3F, 0xC3, 0xC1, 0xE0, 0xFF,
    0x0F, 0x3F, 0x83, 0xBC, 0x3D, 0xFE, 0x1E, 0xF0, 0xFF, 0x78, 0x7B, 0xC7, 0xFD, 0xFF, 0xCF, 0xFE,
    0x7F, 0xFF, 0x3F, 0xF9, 0xFB, 0xF8, 0xFF, 0xC1, 0x83, 0x03, 0xC8, 0x00, 0x00, 0x0F, 0x00, 0x00,
    0x00, 0x3C, 0x00, 0x00, 0x00, 0xF0, 0x00, 0x00, 0x03, 0x80, 0x00, 0x3F, 0x00, 0x7F, 0xC0, 0xFF,
    0xC1, 0xFF, 0xC7, 0xFF, 0xDF, 0xFF, 0xCF, 0x1E, 0x7F, 0xFF, 0xFF, 0xFE, 0x79, 0xF0, 0xFF, 0xC1,
    0xFF, 0x83, 0xFC, 0x07, 0x80, 0x0F, 0x00, 0x1E, 0x00, 0x01, 0x80, 0x03, 0x00, 0x0F, 0x00, 0x7F,
    0x81, 0xFF, 0x87, 0xFF, 0x9F, 0x6F, 0xBC, 0xCF, 0x79, 0x80, 0xE3, 0x01, 0xC7, 0xFB, 0x8F, 0xF7,
    0x9F, 0xEF, 0x33, 0xDF, 0x6F, 0x1F, 0xFE, 0x1F, 0xF8, 0x1F, 0xE0, 0x06, 0x00, 0x0C, 0x00, 0x00,
    0x00, 0x03, 0x80, 0x0F, 0x80, 0x1F, 0x80, 0x7F, 0x00, 0xFE, 0x01, 0xDE, 0x07, 0xBC, 0x3F, 0xFF,
    0xFF, 0xFE, 0xFF, 0xFC, 0xF1, 0xF7, 0xFF, 0xFF, 0xFF, 0xEF, 0x07, 0x9E, 0x07, 0xF8, 0x0F, 0x07,
    0x80, 0xFF, 0x0F, 0xFC, 0x7F, 0xE3, 0x8F, 0x3F, 0xFF, 0xFF, 0xFF, 0xFF, 0x00, 0x07, 0xFF, 0xFF,
    0xFE, 0xF0, 0x07, 0x8F, 0x3F, 0xF8, 0xFF, 0xC3, 0xFC, 0x07, 0x00, 0x01, 0x80, 0x03, 0x00, 0x0F,
    0x00, 0x7F, 0x81, 0xFF, 0x87, 0xFF, 0x9F, 0x6F, 0xBC, 0xCF, 0x79, 0x80, 0xE3, 0x01, 0xC6, 0x03,
    0x8C, 0x07, 0x99, 0xCF, 0x33, 0xDF, 0x6F, 0x1F, 0xFE, 0x1F, 0xF8, 0x1F, 0xE0, 0x06, 0x00, 0x0C,
    0x00, 0x00, 0x00, 0x7F, 0xFB, 0xFF, 0xEF, 0xFF, 0x9F, 0xFE, 0xFF, 0xFB, 0xFF, 0xEF, 0xFF, 0x81,
    0xE0, 0x07, 0x80, 0x1E, 0x00, 0x78, 0x01, 0xE0, 0x07, 0x80, 0x1E, 0x00, 0x78, 0x01, 0xE0, 0x3F,
    0xE7, 0xFE, 0x7F, 0xE7, 0xF8, 0x7F, 0xE7, 0xFE, 0xFF, 0xE0, 0x78, 0x7F, 0x87, 0xF0, 0x7C, 0x03,
    0xC0, 0x1E, 0x01, 0xF0, 0x0F, 0x80, 0x7C, 0x38, 0x07, 0x80, 0x7F, 0x07, 0xF0, 0xFE, 0x0F, 0xA0,
    0xFF, 0x0F, 0xF0, 0xF8, 0x0F, 0x8F, 0x78, 0xF7, 0x9E, 0x79, 0xE7, 0xFC, 0x7F, 0xC7, 0xF8, 0x3C,
    0x00, 0x07, 0x80, 0x1E, 0x00, 0x78, 0x03, 0xF0, 0x3F, 0xF1, 0xFF, 0xC7, 0xFF, 0xBD, 0xEE, 0xF7,
    0xBF, 0xDE, 0xFF, 0x7B, 0xFD, 0xEF, 0x1F, 0xC0, 0x3F, 0xF0, 0x7F, 0xF0, 0xFF, 0xE1, 0xE1, 0xE3,
    0xC3, 0xC7, 0x87, 0x8F, 0x1F, 0x7F, 0xFC, 0xFF, 0xF1, 0xFF, 0x83, 0xFE, 0x07, 0xFC, 0x0F, 0xF8,
    0x07, 0x80, 0x0F, 0x00, 0x04, 0x80, 0x3F, 0x00, 0xFC, 0x0F, 0xF8, 0x7F, 0xF1, 0xFF, 0xEF, 0xFF,
    0xBF, 0xFF, 0xFF, 0xFF, 0xC0, 0x0F, 0x00, 0x3C, 0x00, 0x78, 0x03, 0xFF, 0xFF, 0xFF, 0xFF, 0xFF,
    0x00, 0x01, 0xB0, 0x7F, 0x0F, 0xFC, 0xFF, 0xEF, 0xFF, 0xF0, 0xFF, 0x0F, 0xF1, 0xEF, 0xFC, 0xFF,
    0xEF, 0xFF, 0xF0, 0xFF, 0x0F, 0xF0, 0xFF, 0xFF, 0xFF, 0xEF, 0xFC, 0x1B, 0x01, 0xB0, 0x03, 0x00,
    0x07, 0x80, 0x0F, 0x80, 0x1F, 0x00, 0x3E, 0x00, 0x7C, 0x00, 0xFF, 0xFF, 0xFF, 0xFF, 0x7F, 0xFF,
    0x3C, 0x00, 0x1E, 0x00, 0x0F, 0x00, 0x07, 0x80, 0x03, 0x80, 0x01, 0x00, 0x01, 0x00, 0x07, 0x00,
    0x1F, 0x00, 0x7F, 0x01, 0xFF, 0x07, 0xFF, 0x1E, 0xEF, 0x79, 0xDF, 0xE3, 0x9E, 0x87, 0x18, 0x0E,
    0x00, 0x1C, 0x00, 0x38, 0x00, 0x70, 0x00, 0xE0, 0x01, 0xC0, 0x01, 0x80, 0x01, 0xC0, 0x01, 0xE0,
    0x00, 0xF0, 0x00, 0x78, 0x00, 0x3C, 0xFF, 0xFE, 0xFF, 0xFF, 0xFF, 0xFE, 0x00, 0x3C, 0x00, 0x78,
    0x00, 0xF0, 0x01, 0xE0, 0x01, 0xC0, 0x00, 0x80, 0x03, 0x00, 0x07, 0x00, 0x0E, 0x00, 0x1C, 0x00,
    0x38, 0x00, 0x70, 0x00, 0xE0, 0x21, 0xC6, 0xE3, 0x9F, 0xE7, 0x7D, 0xEF, 0xF1, 0xFF, 0xC1, 0xFF,
    0x01, 0xFC, 0x01, 0xF0, 0x01, 0xC0, 0x00, 0x00, 0x02, 0x00, 0x80, 0x07, 0x01, 0xC0, 0x0F, 0x81,
    0xE0, 0x1F, 0x00, 0xF0, 0x3E, 0x00, 0x78, 0x7C, 0x00, 0x3C, 0xFF, 0xFF, 0xFE, 0xFF, 0xFF, 0xFF,
    0x7F, 0xFF, 0xFE, 0x3C, 0x00, 0x3C, 0x1E, 0x00, 0x78, 0x0F, 0x00, 0xF0, 0x07, 0x81, 0xE0, 0x03,
    0x00, 0xC0, 0x00, 0x00, 0x00, 0x02, 0x00, 0x1C, 0x00, 0xF8, 0x07, 0xF0, 0x3F, 0xE1, 0xFF, 0xCF,
    0xF7, 0xBD, 0xEF, 0x67, 0x98, 0x1E, 0x00, 0x78, 0x01, 0xE0, 0x07, 0x80, 0x1E, 0x00, 0x78, 0x01,
    0xE0, 0xE7, 0x9B, 0xDE, 0xF7, 0xF7, 0x8F, 0xFC, 0x1F, 0xE0, 0x3F, 0x00, 0x78, 0x00, 0xC0, 0x00,
    0x00, 0xFF, 0xEF, 0xFE, 0xFF, 0xEF, 0xFE, 0xFC, 0x0F, 0xE0, 0xEF, 0x0E, 0x78, 0xE3, 0xCE, 0x1E,
    0xE0, 0xF4, 0x06, 0x00, 0x00, 0x7F, 0xF7, 0xFF, 0x7F, 0xF7, 0xFF, 0x03, 0xF0, 0x7F, 0x0F, 0x71,
    0xE7, 0x3C, 0x77, 0x87, 0xF0, 0x76, 0x02, 0x00, 0x00, 0x00, 0x06, 0x07, 0xF0, 0x77, 0x87, 0x3C,
    0x71, 0xE7, 0x0F, 0x70, 0x7F, 0x03, 0xF7, 0xFF, 0x7F, 0xF7, 0xFF, 0x00, 0x0E, 0x06, 0xE0, 0xFE,
    0x1E, 0xE3, 0xCE, 0x78, 0xEF, 0x0F, 0xE0, 0xFC, 0x0F, 0xFE, 0xFF, 0xEF, 0xFE, 0x00, 0x03, 0x80,
    0x00, 0x1F, 0x00, 0xC0, 0xFC, 0x0F, 0x01, 0xE0, 0xF8, 0x07, 0x0F, 0x80, 0x3C, 0xF8, 0x01, 0xCF,
    0x80, 0x1E, 0xFF, 0xFF, 0xF7, 0xFF, 0xFF, 0x1F, 0xFF, 0xE0, 0x78, 0x00, 0x01, 0xE0, 0x00, 0x07,
    0x80, 0x00, 0x1E, 0x00, 0x00, 0x70, 0x00, 0x01, 0x00, 0x00, 0x0E, 0x00, 0x00, 0xF8, 0x00, 0x07,
    0xE0, 0x60, 0x1E, 0x03, 0xC0, 0x70, 0x0F, 0x83, 0xC0, 0x1F, 0x07, 0x00, 0x3E, 0x1E, 0x00, 0x7C,
    0x7F, 0xFF, 0xF8, 0xFF, 0xFF, 0xE0, 0xFF, 0xFF, 0x00, 0x00, 0x78, 0x00, 0x03, 0xC0, 0x00, 0x1E,
    0x00, 0x00, 0xF0, 0x00, 0x03, 0x80, 0x00, 0x04, 0x00, 0x08, 0x00, 0x0C, 0x00, 0x0E, 0x00, 0x0F,
    0x00, 0x0F, 0xFF, 0xFF, 0xFF, 0xFD, 0xFF, 0xFE, 0x70, 0x07, 0x18, 0x03, 0x84, 0x01, 0xC0, 0x00,
    0xE0, 0x00, 0x70, 0x00, 0x38, 0x00, 0x1C, 0x00, 0x0E, 0x00, 0x07, 0x00, 0x08, 0x00, 0x06, 0x00,
    0x03, 0x80, 0x01, 0xEF, 0xFF, 0xFF, 0xFF, 0xFF, 0xFF, 0xFD, 0xC0, 0x1C, 0xE0, 0x0C, 0x70, 0x04,
    0x38, 0x00, 0x1C, 0x00, 0x0E, 0x00, 0x07, 0x00, 0x03, 0x80, 0x01, 0xC0, 0x00, 0x00, 0x70, 0x03,
    0x80, 0x1C, 0x00, 0xE0, 0x07, 0x03, 0x38, 0x3D, 0xC3, 0xCE, 0x3C, 0x73, 0xFF, 0x9F, 0xFC, 0x78,
    0x01, 0xE0, 0x07, 0x80, 0x18, 0x00, 0xC0, 0x00, 0x70, 0x00, 0x38, 0x00, 0x1C, 0x00, 0x0E, 0x00,
    0x87, 0x00, 0x63, 0x80, 0x39, 0xC0, 0x1E, 0xFF, 0xFF, 0xFF, 0xFF, 0xFF, 0xFF, 0xC0, 0x01, 0xC0,
    0x00, 0xC0, 0x00, 0x40, 0x00, 0x00, 0xFF, 0xE1, 0xFF, 0xC3, 0xFF, 0x87, 0xFF, 0x00, 0x0E, 0x00,
    0x1C, 0x00, 0x38, 0x00, 0x70, 0x00, 0xE0, 0x01, 0xC0, 0x03, 0x80, 0x3F, 0xF0, 0x7F, 0xC0, 0x7F,
    0x00, 0x7C, 0x00, 0x70, 0x00, 0x00, 0x00, 0x01, 0x80, 0x01, 0xC0, 0x00, 0xE0, 0x00, 0x70, 0x80,
    0x38, 0xC0, 0x1C, 0xE0, 0x0E, 0xF0, 0x07, 0xFF, 0xFF, 0xFF, 0xFF, 0xDF, 0xFF, 0xE7, 0x00, 0x01,
    0x80, 0x00, 0x40, 0x00, 0x00, 0x00, 0x00, 0xFE, 0x00, 0x7F, 0xE0, 0x1F, 0x3E, 0x03, 0x81, 0xE0,
    0xF0, 0x1C, 0x1C, 0x03, 0xCB, 0xB0, 0x7B, 0xFF, 0x00, 0xFF, 0xE0, 0x0F, 0xF8, 0x00, 0xFE, 0x00,
    0x0F, 0x80, 0x00, 0x60, 0x00, 0x0F, 0xE0, 0x07, 0xFF, 0x00, 0xF9, 0xF0, 0x3C, 0x0E, 0x07, 0x01,
    0xE1, 0xE0, 0x1C, 0x3C, 0x1B, 0xA0, 0x07, 0xFE, 0x00, 0xFF, 0xC0, 0x0F, 0xF0, 0x00, 0xFC, 0x00,
    0x0F, 0x00, 0x00, 0xC0, 0x01, 0x80, 0x03, 0x80, 0x07, 0x80, 0x0F, 0x80, 0x1F, 0xF0, 0x1F, 0xF8,
    0x0F, 0xFC, 0x07, 0x9E, 0x03, 0x8E, 0x01, 0x8F, 0x00, 0x07, 0xE0, 0x07, 0xE0, 0x07, 0xF0, 0x0F,
    0x70, 0x0E, 0x78, 0x3E, 0x3F, 0xFC, 0x1F, 0xF8, 0x0F, 0xE0, 0x01, 0x00, 0x01, 0x80, 0x01, 0xC0,
    0x01, 0xE0, 0x0F, 0xF0, 0x1F, 0xF8, 0x3F, 0xF0, 0x79, 0xE0, 0x71, 0xC0, 0xF1, 0x80, 0xE0, 0x00,
    0xE0, 0x07, 0xE0, 0x07, 0xF0, 0x0F, 0x70, 0x0E, 0x78, 0x3E, 0x3F, 0xFC, 0x1F, 0xF8, 0x0F, 0xE0,
    0x00, 0x60, 0x01, 0xE0, 0x03, 0xE0, 0x03, 0xEF, 0xFF, 0xFF, 0xFF, 0xC3, 0x1F, 0x0F, 0x7C, 0x3E,
    0xF0, 0xF8, 0xC3, 0xFF, 0xFF, 0xFF, 0xF7, 0xC0, 0x07, 0xC0, 0x07, 0x80, 0x06, 0x00, 0x0C, 0x00,
    0x3C, 0x00, 0xF8, 0x03, 0xE0, 0x0F, 0xFF, 0xFF, 0xFF, 0xDF, 0x18, 0x1F, 0x78, 0x1E, 0xF8, 0x18,
    0xFB, 0xFF, 0xFF, 0xFF, 0xF0, 0x07, 0xC0, 0x1F, 0x00, 0x3C, 0x00, 0x30, 0x00, 0x00, 0x03, 0x00,
    0x07, 0x80, 0x0F, 0x80, 0x1F, 0x00, 0x3F, 0xFF, 0x7F, 0xFF, 0xFF, 0xFF, 0xF0, 0x00, 0x7F, 0xFF,
    0x3F, 0xFF, 0x1F, 0xFE, 0x0F, 0x00, 0x07, 0x80, 0x03, 0x80, 0x01, 0x00, 0x00, 0x00, 0x01, 0x80,
    0x01, 0xC0, 0x01, 0xE0, 0x00, 0xF0, 0xFF, 0xF8, 0xFF, 0xFC, 0xFF, 0xFE, 0x00, 0x0F, 0xFF, 0xFE,
    0xFF, 0xFC, 0xFF, 0xF8, 0x00, 0xF0, 0x01, 0xE0, 0x01, 0xC0, 0x00, 0x80, 0x00, 0x00, 0x00, 0x03,
    0x01, 0x80, 0x07, 0x81, 0xC0, 0x0F, 0x81, 0xE0, 0x1F, 0x00, 0xF0, 0x3F, 0xFF, 0xF8, 0x7F, 0xFF,
    0xFC, 0xFF, 0xFF, 0xFE, 0xF0, 0x00, 0x0F, 0x7F, 0xFF, 0xFE, 0x3F, 0xFF, 0xFC, 0x1F, 0xFF, 0xF8,
    0x0F, 0x00, 0xF0, 0x07, 0x81, 0xE0, 0x03, 0x81, 0xC0, 0x01, 0x00, 0x80, 0x04, 0x01, 0xC0, 0x7C,
    0x1F, 0xC7, 0xFC, 0xFF, 0x83, 0x81, 0xFC, 0x3F, 0x87, 0xF0, 0xFE, 0x1F, 0xC3, 0xF8, 0x1C, 0x03,
    0x80, 0x70, 0x0E, 0x01, 0xC0, 0x38, 0x1F, 0xC3, 0xF8, 0x7F, 0x03, 0x81, 0xFC, 0x3F, 0x87, 0xF0,
    0x38, 0x3F, 0xF7, 0xFC, 0x7F, 0x07, 0xC0, 0x70, 0x04, 0x00, 0x60, 0x40, 0x1E, 0x18, 0x03, 0xC7,
    0x00, 0x79, 0xE0, 0x0F, 0x7F, 0xFF, 0xEF, 0xFF, 0xFD, 0xFF, 0xFF, 0x9E, 0x00, 0xF1, 0xC0, 0x1E,
    0x18, 0x01, 0x80, 0x00, 0x00, 0x00, 0x20, 0xE0, 0x06, 0x1C, 0x00, 0xE3, 0x80, 0x1E, 0x77, 0xFF,
    0xEF, 0xFF, 0xFD, 0xDF, 0xFF, 0x38, 0x01, 0xC7, 0x00, 0x30, 0xE0, 0x04, 0x1C, 0x00, 0x03, 0x80,
    0x00, 0x00, 0x00, 0x03, 0x80, 0x00, 0x3E, 0x00, 0x03, 0xF8, 0x00, 0x3D, 0xE0, 0x03, 0xC7, 0x80,
    0x3C, 0x1E, 0x03, 0xC0, 0x78, 0x3F, 0x07, 0xE3, 0xF8, 0x3F, 0x9F, 0xC1, 0xFC, 0x0E, 0x0E, 0x00,
    0x70, 0x70, 0x03, 0x83, 0x80, 0x1C, 0x1C, 0x00, 0xFF, 0xE0, 0x07, 0xFF, 0x00, 0x00, 0x00, 0x00,
    0x03, 0x80, 0x00, 0x3E, 0x00, 0x03, 0xF8, 0x00, 0x3D, 0xE0, 0x03, 0xC7, 0x80, 0x3C, 0x1E, 0x03,
    0xC0, 0x78, 0x3F, 0x07, 0xE3, 0xF8, 0x3F, 0x9F, 0xC1, 0xFC, 0x0E, 0x0E, 0x00, 0x7F, 0xF0, 0x03,
    0xFF, 0x80, 0x1F, 0xF8, 0x00, 0x00, 0x00, 0x07, 0xFF, 0x00, 0x3F, 0xF8, 0x01, 0xC1, 0xC0, 0x0F,
    0xFE, 0x00, 0x7F, 0xF0, 0x00, 0x1E, 0x03, 0xF8, 0x3F, 0xC3, 0x3E, 0x01, 0xE1, 0xFE, 0x3F, 0xE7,
    0xFF, 0x79, 0xFF, 0x0F, 0xF0, 0xFF, 0x0E, 0xF1, 0xE7, 0xFE, 0x7F, 0xC3, 0xF8, 0x06, 0x00, 0x07,
    0x88, 0x7F, 0xE3, 0xFF, 0x0F, 0xFE, 0x78, 0xF9, 0xE6, 0xE7, 0x33, 0x9F, 0x8E, 0x7C, 0x78, 0xFF,
    0xC3, 0xFF, 0x1B, 0xF8, 0x43, 0x00, 0x03, 0x80, 0x0F, 0x80, 0x1F, 0x80, 0x7F, 0x00, 0xFE, 0x01,
    0xFE, 0x07, 0xBC, 0x0F, 0x78, 0x1E, 0x78, 0x78, 0xF0, 0xF1, 0xE1, 0xE1, 0xE7, 0x83, 0xCF, 0xFF,
    0x9F, 0xFF, 0xFF, 0xFF, 0xFF, 0xEF, 0xFF, 0xFF, 0xFF, 0xFF, 0xF0, 0xFF, 0x0F, 0xF0, 0xFF, 0x0F,
    0xF0, 0xFF, 0x0F, 0xF0, 0xFF, 0x0F, 0xF0, 0xFF, 0x0F, 0xF0, 0xFF, 0x0F, 0xF0, 0xFF, 0x0F, 0xE0,
    0xF0, 0x7F, 0xF7, 0xFF, 0xFF, 0xFE, 0xFF, 0xF3, 0xC0, 0x0F, 0x00, 0x7C, 0x01, 0xF0, 0x07, 0x80,
    0x1E, 0x00, 0xF0, 0x0F, 0x00, 0xF0, 0x0F, 0x00, 0xF8, 0x0F, 0x80, 0x7F, 0xFF, 0xFF, 0xFF, 0xFE,
    0x7F, 0xEF, 0xFF, 0xFF, 0xF7, 0xFE, 0x00, 0x1C, 0x00, 0x78, 0x00, 0xE0, 0x03, 0x80, 0x0E, 0x00,
    0x3C, 0x00, 0x70, 0x01, 0xC0, 0x07, 0x00, 0x1E, 0x00, 0x38, 0x00, 0xE0, 0x03, 0x80, 0x07, 0x00,
    0x1C, 0x00, 0x00, 0x00, 0x60, 0x07, 0x00, 0xF0, 0x0E, 0x00, 0xE0, 0x0E, 0x01, 0xC0, 0x1C, 0xF9,
    0xCF, 0xB8, 0xFB, 0x81, 0xF8, 0x1F, 0x81, 0xF0, 0x0F, 0x00, 0xF0, 0x00, 0x00, 0x01, 0xF0, 0xFC,
    0x3F, 0xDF, 0xE7, 0xFF, 0xFE, 0x71, 0xF8, 0xFF, 0x0F, 0x0F, 0x71, 0xF8, 0xF7, 0xFF, 0xFE, 0x7F,
    0xFF, 0xE3, 0xF8, 0xFC, 0x00, 0x00, 0x00, 0x00, 0x07, 0xC7, 0xE3, 0xF1, 0xC0, 0xE0, 0x70, 0x38,
    0x1C, 0x0E, 0x07, 0x03, 0x81, 0xC0, 0xE0, 0x70, 0x38, 0x1C, 0x0E, 0x0F, 0x1F, 0x8F, 0xC7, 0xC0,
    0x27, 0xBD, 0xE2, 0x00, 0x00, 0x27, 0xBD, 0xE2, 0x00, 0x38, 0x77, 0xE7, 0xFF, 0xFE, 0x7E, 0xE3,
    0xC3, 0xC7, 0x7E, 0xFF, 0xFF, 0xE7, 0xE6, 0x1C, 0x01, 0xC0, 0x38, 0x7F, 0xE7, 0xFE, 0x7F, 0xE0,
    0x70, 0x0E, 0x07, 0xFE, 0x7F, 0xE7, 0xFE, 0x1C, 0x03, 0x80, 0x00, 0x00, 0x0F, 0x0F, 0xF7, 0xFE,
    0xFF, 0x0F, 0xE0, 0x7F, 0xE0, 0xFF, 0x01, 0xF0, 0x00, 0xFF, 0xFF, 0xFF, 0x7F, 0xE0, 0x00, 0x0F,
    0x00, 0xFF, 0x07, 0xFE, 0x0F, 0xF0, 0x7F, 0x7F, 0xEF, 0xF0, 0xF8, 0x00, 0x00, 0xFF, 0xFF, 0xFF,
    0x7F, 0xE0, 0x00, 0x3F, 0xE0, 0x00, 0x07, 0xFF, 0xC0, 0x00, 0xFF, 0xFF, 0x80, 0x0F, 0x80, 0x7E,
    0x00, 0xF0, 0x00, 0x78, 0x0F, 0x00, 0x01, 0xE0, 0xF0, 0x00, 0x07, 0x87, 0x00, 0xE0, 0x1C, 0x70,
    0x07, 0x00, 0xF3, 0x80, 0x38, 0x03, 0xBC, 0x01, 0xC0, 0x1F, 0xC0, 0x0E, 0x00, 0x7E, 0x00, 0x70,
    0x03, 0xF0, 0xFF, 0xFE, 0x1F, 0x87, 0xFF, 0xF0, 0xFC, 0x3F, 0xFF, 0x87, 0xE0, 0x07, 0x00, 0x3F,
    0x00, 0x38, 0x01, 0xFC, 0x01, 0xC0, 0x1C, 0xE0, 0x0E, 0x00, 0xE7, 0x80, 0x70, 0x0F, 0x1C, 0x03,
    0x80, 0x70, 0xF0, 0x00, 0x07, 0x83, 0xC0, 0x00, 0x78, 0x0F, 0x80, 0x0F, 0x80, 0x3F, 0x01, 0xF8,
    0x00, 0xFF, 0xFF, 0x80, 0x01, 0xFF, 0xF0, 0x00, 0x01, 0xFC, 0x00, 0x00, 0x00, 0x3F, 0xE0, 0x00,
    0x07, 0xFF, 0xC0, 0x00, 0xFF, 0xFF, 0x80, 0x0F, 0x80, 0x7E, 0x00, 0xF0, 0x00, 0x78, 0x0F, 0x00,
    0x01, 0xE0, 0xF0, 0x00, 0x07, 0x87, 0x00, 0x00, 0x1C, 0x70, 0x00, 0x00, 0xF3, 0x80, 0x00, 0x03,
    0xBC, 0x00, 0x00, 0x1F, 0xC0, 0x00, 0x00, 0x7E, 0x07, 0xFF, 0x03, 0xF0, 0x3F, 0xF8, 0x1F, 0x81,
    0xFF, 0xC0, 0xFC, 0x0F, 0xFE, 0x07, 0xE0, 0x00, 0x00, 0x3F, 0x00, 0x00, 0x01, 0xFC, 0x00, 0x00,
    0x1C, 0xE0, 0x00, 0x00, 0xE7, 0x80, 0x00, 0x0F, 0x1C, 0x00, 0x00, 0x70, 0xF0, 0x00, 0x07, 0x83,
    0xC0, 0x00, 0x78, 0x0F, 0x80, 0x0F, 0x80, 0x3F, 0x01, 0xF8, 0x00, 0xFF, 0xFF, 0x80, 0x01, 0xFF,
    0xF0, 0x00, 0x01, 0xFC, 0x00, 0x00, 0x00, 0x3F, 0xE0, 0x00, 0x07, 0xFF, 0xC0, 0x00, 0xFF, 0xFF,
    0x80, 0x0F, 0x80, 0x7E, 0x00, 0xF0, 0x00, 0x78, 0x0F, 0x00, 0x01, 0xE0, 0xF0, 0x00, 0x07, 0x87,
    0x00, 0x00, 0x1C, 0x70, 0x00, 0x00, 0xF3, 0x81, 0x83, 0x03, 0xBC, 0x1E, 0x3C, 0x1F, 0xC0, 0x7F,
    0xC0, 0x7E, 0x01, 0xFC, 0x03, 0xF0, 0x07, 0xC0, 0x1F, 0x80, 0x3E, 0x00, 0xFC, 0x03, 0xF8, 0x07,
    0xE0, 0x3F, 0xE0, 0x3F, 0x03, 0xC7, 0x81, 0xFC, 0x0C, 0x18, 0x1C, 0xE0, 0x00, 0x00, 0xE7, 0x80,
    0x00, 0x0F, 0x1C, 0x00, 0x00, 0x70, 0xF0, 0x00, 0x07, 0x83, 0xC0, 0x00, 0x78, 0x0F, 0x80, 0x0F,
    0x80, 0x3F, 0x01, 0xF8, 0x00, 0xFF, 0xFF, 0x80, 0x01, 0xFF, 0xF0, 0x00, 0x01, 0xFC, 0x00, 0x00,
    0x00, 0x3F, 0xE0, 0x00, 0x07, 0xFF, 0xC0, 0x00, 0xFF, 0xFF, 0x80, 0x0F, 0x80, 0x7E, 0x00, 0xF0,
    0x00, 0x78, 0x0F, 0x00, 0x01, 0xE0, 0xF0, 0x00, 0x07, 0x87, 0x00, 0x00, 0x1C, 0x70, 0x00, 0x60,
    0xF3, 0x80, 0x07, 0x83, 0xBC, 0x00, 0x3C, 0x1F, 0xC0, 0x03, 0xC0, 0x7E, 0x00, 0x3C, 0x03, 0xF0,
    0x03, 0xC0, 0x1F, 0x80, 0x3E, 0x00, 0xFC, 0x03, 0xE0, 0x07, 0xE0, 0x1E, 0x00, 0x3F, 0x01, 0xE0,
    0x01, 0xFC, 0x1E, 0x00, 0x1C, 0xE0, 0xE0, 0x00, 0xE7, 0x83, 0x00, 0x0F, 0x1C, 0x00, 0x00, 0x70,
    0xF0, 0x00, 0x07, 0x83, 0xC0, 0x00, 0x78, 0x0F, 0x80, 0x0F, 0x80, 0x3F, 0x01, 0xF8, 0x00, 0xFF,
    0xFF, 0x80, 0x01, 0xFF, 0xF0, 0x00, 0x01, 0xFC, 0x00, 0x00, 0x1F, 0x71, 0xFF, 0xCE, 0x3E, 0x70,
    0xE3, 0x80, 0x7F, 0xFF, 0xFF, 0xE7, 0x0F, 0x38, 0x79, 0xC3, 0xCE, 0x1E, 0x70, 0xF3, 0x87, 0x9C,
    0x3C, 0xE1, 0xE7, 0x0F, 0x1F, 0x78, 0xFD, 0xE3, 0x87, 0x8E, 0x1E, 0x38, 0x7B, 0xFD, 0xEF, 0xF7,
    0x8E, 0x1E, 0x38, 0x78, 0xE1, 0xE3, 0x87, 0x8E, 0x1E, 0x38, 0x78, 0xE1, 0xE3, 0x87, 0xCE, 0x0F,
    0x00, 0x00, 0x00, 0x00, 0x07, 0x9C, 0x00, 0x3C, 0xE0, 0x00, 0xEF, 0x00, 0x07, 0xF8, 0x00, 0x3F,
    0xE0, 0x03, 0xEF, 0xFF, 0xFE, 0x7F, 0xFF, 0xF1, 0xFF, 0xFE, 0x01, 0xFF, 0x80, 0x00, 0x00, 0x00,
    0x1D, 0x80, 0x00, 0xFC, 0x00, 0x03, 0xE0, 0x00, 0x0E, 0x00, 0x00, 0x70, 0x00, 0x00, 0x00, 0x00,
    0x00, 0x00, 0x00, 0x1C, 0x00, 0x00, 0x07, 0x00, 0x01, 0x83, 0xC0, 0x00, 0xF0, 0xF0, 0x00, 0x7C,
    0x3E, 0x00, 0x7F, 0x07, 0xFF, 0xFF, 0xF9, 0xFF, 0xFF, 0xFF, 0x3F, 0xFF, 0x8F, 0xC1, 0xFE, 0x00,
    0x00, 0x00, 0x00, 0x00, 0x07, 0xE0, 0x00, 0x01, 0xF8, 0x00, 0x00, 0x3E, 0x00, 0x00, 0x07, 0x00,
    0x00, 0x01, 0xC0, 0x00, 0x00, 0x00, 0x00, 0x00, 0x3C, 0x78, 0xF0, 0xE1, 0xE3, 0xC7, 0xFE, 0xFD,
    0xF0, 0x00, 0x0F, 0xDF, 0x9F, 0x1C, 0x38, 0x00, 0x00, 0x03, 0xC0, 0x70, 0x0E, 0x03, 0xE1, 0xFF,
    0xBF, 0xFF, 0xBE, 0x00, 0x00, 0x01, 0xF8, 0x3F, 0x03, 0xC0, 0x70, 0x0E, 0x00, 0x00, 0x00, 0xC0,
    0x00, 0x06, 0x00, 0x00, 0x3E, 0x00, 0x01, 0xF8, 0x00, 0x0F, 0xC0, 0x00, 0xFC, 0x00, 0x01, 0x80,
    0x00, 0x00, 0x1E, 0x70, 0x00, 0xF3, 0x80, 0x03, 0xBC, 0x00, 0x1F, 0xE0, 0x00, 0xFF, 0x80, 0x0F,
    0xBF, 0xFF, 0xF9, 0xFF, 0xFF, 0xC7, 0xFF, 0xF8, 0x07, 0xFE, 0x00, 0x00, 0x40, 0x00, 0x00, 0x18,
    0x00, 0x00, 0x07, 0xC0, 0x00, 0x01, 0xF0, 0x00, 0x00, 0xFC, 0x00, 0x00, 0x3F, 0x00, 0x00, 0x07,
    0x00, 0x00, 0x00, 0x00, 0x00, 0x70, 0x00, 0x00, 0x1C, 0x00, 0x06, 0x0F, 0x00, 0x03, 0xC3, 0xC0,
    0x01, 0xF0, 0xF8, 0x01, 0xFC, 0x1F, 0xFF, 0xFF, 0xE7, 0xFF, 0xFF, 0xFC, 0xFF, 0xFE, 0x3F, 0x07,
    0xF8, 0x00, 0x00, 0x61, 0x87, 0xDF, 0xFF, 0xF7, 0x00, 0x39, 0xE3, 0xCF, 0x3C, 0xF3, 0xFF, 0xFB,
    0xC0, 0x00, 0x10, 0x03, 0x00, 0x7C, 0x0F, 0x83, 0xF0, 0x7E, 0x07, 0x00, 0x00, 0x00, 0x03, 0xC0,
    0x70, 0x0E, 0x03, 0xE1, 0xFF, 0xBF, 0xFF, 0xBE, 0x00, 0x00, 0x7C, 0x01, 0xFF, 0x01, 0xFF, 0xE3,
    0xFF, 0xE0, 0x1F, 0xC0, 0xFF, 0x87, 0xF8, 0x1F, 0x80, 0x7C, 0x00, 0xF0, 0x03, 0xCF, 0x87, 0x9F,
    0x0F, 0x1C, 0x1E, 0x38, 0x3C, 0x00, 0x7E, 0x06, 0x7F, 0xFC, 0x7F, 0xF8, 0x7F, 0xF0, 0x0E, 0x00,
    0x7C, 0x00, 0x3F, 0xE0, 0x07, 0xFF, 0x81, 0xFF, 0xF0, 0x01, 0xFC, 0x01, 0xFF, 0x01, 0xFF, 0x80,
    0xFC, 0xF0, 0x7C, 0x3F, 0x9E, 0x07, 0xFF, 0x3E, 0xFF, 0xCF, 0x80, 0xF1, 0xC0, 0x3C, 0x70, 0x0F,
    0x00, 0x03, 0xF0, 0x30, 0x7F, 0xFC, 0x0F, 0xFF, 0x01, 0xFF, 0xC0, 0x07, 0x00, 0x00, 0x03, 0xF8,
    0x1F, 0xF0, 0xFF, 0xF0, 0x3F, 0x80, 0xFC, 0x3F, 0xFF, 0xF8, 0xFF, 0x07, 0xE0, 0x00, 0x00, 0x00,
    0x01, 0xF8, 0x0F, 0xC0, 0x3E, 0x00, 0xE0, 0x07, 0x00, 0x00, 0x00, 0x00, 0x00, 0x7F, 0x00, 0x7F,
    0xC0, 0x7F, 0xF8, 0x03, 0xF8, 0x01, 0xF8, 0x0F, 0xF8, 0xFF, 0xFE, 0xFF, 0x7F, 0xFC, 0x3E, 0x00,
    0x00, 0x00, 0x00, 0x1F, 0x80, 0x1F, 0x80, 0x0F, 0x00, 0x0E, 0x00, 0x0E, 0x00, 0x00, 0x00, 0x10,
    0x0E, 0x03, 0xF0, 0xFC, 0x3F, 0x0F, 0x81, 0x80, 0x00, 0x02, 0x03, 0xC0, 0xF8, 0x1E, 0x03, 0xC0,
    0xF0, 0x3D, 0x8F, 0x7F, 0xDF, 0xF7, 0xF8, 0x00, 0x10, 0x00, 0xE0, 0x03, 0xF0, 0x0F, 0xC0, 0x3F,
    0x00, 0xF8, 0x01, 0x80, 0x00, 0x00, 0x02, 0x00, 0x3C, 0x00, 0xF8, 0x01, 0xE0, 0x07, 0xC0, 0x0F,
    0x00, 0x3C, 0x18, 0xF8, 0x7F, 0xFD, 0xFF, 0xF7, 0xFF, 0xC0, 0x00, 0x06, 0x07, 0x81, 0x83, 0xF1,
    0xF8, 0xFC, 0x00, 0x00, 0x06, 0x07, 0x83, 0xC0, 0xE0, 0x78, 0x3C, 0x1C, 0x1E, 0x1F, 0x3F, 0x3F,
    0x1F, 0x06, 0x00, 0x06, 0x00, 0x70, 0x03, 0x80, 0x37, 0x03, 0xF8, 0x0D, 0x80, 0x00, 0x00, 0x00,
    0x06, 0x00, 0x78, 0x03, 0xC0, 0x0E, 0x00, 0x78, 0x03, 0xF8, 0x1F, 0xC1, 0xFE, 0x1F, 0x03, 0xF0,
    0x3F, 0x01, 0xF0, 0x06, 0x00, 0x00, 0x08, 0x06, 0x03, 0xE1, 0xF1, 0xF8, 0xFC, 0x38, 0x00, 0x00,
    0x03, 0x03, 0xC1, 0xE0, 0x70, 0x3C, 0x1E, 0x0E, 0x0F, 0x0F, 0x9F, 0x9F, 0x8F, 0x83, 0x00, 0x08,
    0x00, 0xC0, 0x07, 0xC0, 0x3F, 0x01, 0xF8, 0x1F, 0x80, 0x30, 0x00, 0x00, 0x00, 0x00, 0x30, 0x03,
    0xC0, 0x1E, 0x00, 0x70, 0x03, 0xC0, 0x1F, 0xC0, 0xFE, 0x0F, 0xF0, 0xF8, 0x1F, 0x81, 0xF8, 0x0F,
    0x80, 0x30, 0x00, 0x00, 0x00, 0xC0, 0x00, 0x3E, 0x00, 0x0F, 0xE0, 0x01, 0xFC, 0x00, 0x3F, 0x00,
    0x03, 0xC0, 0x00, 0x3E, 0x07, 0x01, 0xF0, 0x70, 0x0F, 0x8F, 0x00, 0x78, 0xF0, 0x03, 0xCF, 0x80,
    0x3C, 0x7F, 0xFF, 0xC7, 0xFF, 0xF8, 0x3F, 0xFF, 0x00, 0x7F, 0x80, 0x00, 0x00, 0xC0, 0x00, 0x0F,
    0x80, 0x00, 0xFE, 0x00, 0x07, 0xF0, 0x00, 0x3F, 0x00, 0x01, 0xF0, 0x00, 0x03, 0xC0, 0x1C, 0x0F,
    0x80, 0x70, 0x1F, 0x03, 0xC0, 0x3E, 0x0F, 0x00, 0x7C, 0x3E, 0x00, 0xF8, 0x7F, 0xFF, 0xF9, 0xFF,
    0xFF, 0xF3, 0xFF, 0xF7, 0xC1, 0xFF, 0x00, 0x01, 0x81, 0xE1, 0xFD, 0xFE, 0xFC, 0x3E, 0x0F, 0xC1,
    0xF8, 0x3E, 0x07, 0xC0, 0xF0, 0x3C, 0xFF, 0x3F, 0xCF, 0xE0, 0x00, 0x01, 0x80, 0x3C, 0x07, 0xF0,
    0xFF, 0x0F, 0xE0, 0x7C, 0x03, 0xE0, 0x0F, 0x80, 0x3E, 0x00, 0xF8, 0x03, 0xC0, 0x1F, 0x8F, 0xFF,
    0x7F, 0xFF, 0xFB, 0xC0, 0x00, 0x00, 0x00, 0x00, 0x00, 0x38, 0x00, 0x07, 0x80, 0x01, 0xF8, 0x00,
    0x7E, 0xC0, 0x07, 0xBE, 0x00, 0x2F, 0xE0, 0x01, 0xFC, 0x00, 0x3F, 0x00, 0x03, 0xC0, 0x00, 0x3E,
    0x07, 0x01, 0xF0, 0x70, 0x0F, 0x8F, 0x00, 0x78, 0xF0, 0x03, 0xCF, 0x80, 0x3C, 0x7F, 0xFF, 0xC7,
    0xFF, 0xF8, 0x3F, 0xFF, 0x00, 0x7F, 0x80, 0x00, 0x00, 0x00, 0x00, 0x0E, 0x00, 0x00, 0xF8, 0x00,
    0x07, 0xC0, 0x00, 0x7C, 0xC0, 0x01, 0xCF, 0x80, 0x02, 0xFE, 0x00, 0x07, 0xF0, 0x00, 0x3F, 0x00,
    0x01, 0xF0, 0x00, 0x03, 0xC0, 0x1C, 0x0F, 0x80, 0x70, 0x1F, 0x03, 0xC0, 0x3E, 0x0F, 0x00, 0x7C,
    0x3E, 0x00, 0xF8, 0x7F, 0xFF, 0xF9, 0xFF, 0xFF, 0xF3, 0xFF, 0xF7, 0xC1, 0xFF, 0x00, 0x00, 0x00,
    0x70, 0x3E, 0x1F, 0x87, 0xCC, 0xE7, 0x93, 0xF9, 0xFE, 0x7E, 0x0F, 0x81, 0xF8, 0x1F, 0x81, 0xF0,
    0x1F, 0x01, 0xE0, 0x3C, 0x7F, 0x8F, 0xF1, 0xFC, 0x00, 0x00, 0x00, 0x00, 0x0E, 0x00, 0xF8, 0x0F,
    0xC0, 0x7C, 0xC1, 0xCF, 0x04, 0xFE, 0x0F, 0xF0, 0x7F, 0x01, 0xF0, 0x07, 0xC0, 0x0F, 0x80, 0x1F,
    0x00, 0x3E, 0x00, 0x78, 0x01, 0xF8, 0x7F, 0xF9, 0xFF, 0xF7, 0xF7, 0x80, 0x00, 0x00, 0x08, 0x00,
    0x78, 0x00, 0xF3, 0x80, 0xE7, 0x01, 0xFE, 0x03, 0xFC, 0x07, 0xF8, 0x0F, 0xF0, 0x3C, 0xFD, 0xF9,
    0xFF, 0xE1, 0xFF, 0x81, 0xFE, 0x00, 0x00, 0x00, 0x00, 0x07, 0x80, 0x00, 0xF0, 0x38, 0x0E, 0x07,
    0x01, 0xE1, 0xE0, 0x3F, 0xBC, 0x07, 0xFF, 0x80, 0xFF, 0xF0, 0x3C, 0x0F, 0xDF, 0x81, 0xFF, 0xE0,
    0x1F, 0xFC, 0x01, 0xFE, 0x00, 0x00, 0x07, 0x03, 0xE0, 0xFC, 0x3F, 0x1F, 0xE7, 0x3B, 0xCE, 0xF3,
    0xBF, 0xE7, 0xF8, 0xFC, 0x00, 0x00, 0x06, 0x00, 0xFE, 0x07, 0xF8, 0x1F, 0xF0, 0xF3, 0xC3, 0xC7,
    0x8F, 0x1F, 0xFC, 0x3F, 0x70, 0x7C, 0x00, 0x00, 0x39, 0xE3, 0xCF, 0x3C, 0xF3, 0xFF, 0xFB, 0xC3,
    0x1C, 0x71, 0xC0, 0x30, 0x03, 0xC0, 0x3E, 0x3D, 0xF3, 0xFF, 0xBF, 0x9F, 0xE0, 0xFE, 0x03, 0xF0,
    0x1F, 0x00, 0x78, 0x01, 0x00, 0x03, 0x00, 0x03, 0x80, 0x07, 0xC0, 0x07, 0xF0, 0x0F, 0xF8, 0x0E,
    0xFC, 0x0E, 0xFE, 0x0E, 0xFE, 0x0F, 0xEF, 0xFF, 0xFF, 0xFF, 0xFE, 0xFF, 0xFC, 0x10, 0x30, 0x01,
    0xE0, 0x03, 0xF0, 0x07, 0xF8, 0x07, 0xF8, 0x0F, 0x78, 0x0F, 0x70, 0x0E, 0xF0, 0xFF, 0xFF, 0xFF,
    0xFF, 0xFF, 0xFF, 0x0F, 0x3C, 0x0F, 0xFC, 0x07, 0xF8, 0x07, 0xF8, 0x01, 0xF0, 0x08, 0x00, 0xE0,
    0x0F, 0xC0, 0x7F, 0x03, 0xFC, 0x3F, 0xF1, 0xCF, 0xCF, 0xFF, 0x7F, 0x7F, 0xFF, 0xFF, 0xFF, 0xFF,
    0xE0, 0x08, 0x00, 0x07, 0x80, 0x7F, 0x01, 0xFC, 0x0F, 0x70, 0x3D, 0xC1, 0xE7, 0x07, 0xFC, 0x3F,
    0xFF, 0xFF, 0xFF, 0xFF, 0xF7, 0x8E, 0x0F, 0xF8, 0x3F, 0xE0, 0x7F, 0x80, 0x78, 0x00, 0x03, 0x80,
    0x00, 0x7C, 0x00, 0x0F, 0xE0, 0x01, 0xFE, 0x00, 0x3C, 0xF0, 0x07, 0xCE, 0x00, 0xF8, 0x00, 0x0F,
    0x00, 0x00, 0xFF, 0xFF, 0xE7, 0xFF, 0xFE, 0x3F, 0xFF, 0xE0, 0x7F, 0xF0, 0x07, 0xF8, 0xFF, 0xF7,
    0xFF, 0xBF, 0xF8, 0xF0, 0x03, 0xC0, 0x0F, 0xFF, 0xBF, 0xFE, 0x7F, 0xF8, 0x0F, 0x00, 0x18, 0x00,
    0x03, 0xC0, 0x00, 0x38, 0x00, 0x03, 0xC0, 0x00, 0x3E, 0x00, 0x03, 0xC0, 0x00, 0x03, 0x80, 0x00,
    0x7C, 0x00, 0x0F, 0xE0, 0x01, 0xFE, 0x00, 0x3C, 0xF0, 0x07, 0xCE, 0x00, 0xF8, 0x00, 0x0F, 0x00,
    0x00, 0xFF, 0xFF, 0xE7, 0xFF, 0xFE, 0x3F, 0xFF, 0xE0, 0x7F, 0xF0, 0x18, 0x00, 0xE0, 0x07, 0x80,
    0x1F, 0x00, 0x7C, 0x01, 0xE0, 0x00, 0x7F, 0x8F, 0xFF, 0x7F, 0xFB, 0xFF, 0x8F, 0x00, 0x3C, 0x00,
    0xFF, 0xFB, 0xFF, 0xE7, 0xFF, 0x80, 0xF0, 0x00, 0x1F, 0x80, 0x1F, 0xC0, 0x1F, 0xC0, 0x1F, 0x20,
    0x0E, 0x03, 0x87, 0x01, 0xC3, 0xE1, 0xE1, 0xFC, 0xF0, 0x3F, 0x78, 0x07, 0xBC, 0x03, 0xCF, 0xDF,
    0xE7, 0xFF, 0xE1, 0xFF, 0xE0, 0x3F, 0xC0, 0x00, 0x00, 0x0E, 0x00, 0x01, 0xC0, 0xF8, 0x78, 0x1F,
    0xEF, 0x03, 0xFF, 0xE0, 0x1F, 0xBC, 0x03, 0xC3, 0xFB, 0xF8, 0x7F, 0xFE, 0x07, 0xFF, 0x80, 0x3F,
    0xC0, 0x00, 0x3C, 0x78, 0xF0, 0xE1, 0xE3, 0xC7, 0xFE, 0xFD, 0xF0, 0x00, 0x0E, 0xFF, 0xFB, 0x80,
    0x00, 0x03, 0xC0, 0x70, 0x0E, 0x03, 0xE1, 0xFF, 0xBF, 0xFF, 0xBE, 0x00, 0x00, 0x01, 0xF8, 0x7F,
    0x87, 0xE0, 0x00, 0x0F, 0xC7, 0xE1, 0xF8, 0x78, 0x1E, 0x07, 0xF8, 0xFE, 0xFF, 0xBF, 0xC7, 0x80,
    0x00, 0x00, 0x3F, 0x9F, 0xC0, 0xC0, 0x00, 0xE0, 0x78, 0x3C, 0x1E, 0x0F, 0x07, 0x83, 0xC1, 0xE0,
    0xF0, 0x78, 0x3C, 0x1E, 0x0F, 0x07, 0x80, 0x00, 0x3F, 0x8F, 0xE0, 0x30, 0x38, 0x0F, 0x03, 0xC0,
    0xF0, 0x3C, 0x0F, 0x03, 0xC0, 0xF0, 0x3C, 0x0F, 0x03, 0xC0, 0xF0, 0x3C, 0x0F, 0xE1, 0xFC, 0x3E,
    0x00, 0x00, 0x37, 0xBD, 0xEF, 0xF8, 0x0E, 0x7B, 0xDE, 0xF7, 0xBD, 0xEF, 0x7B, 0xDE, 0xF7, 0x80,
    0x30, 0x78, 0x3C, 0x1F, 0x0F, 0x87, 0x81, 0xC0, 0xF0, 0x78, 0x3C, 0x1E, 0x0F, 0x07, 0x83, 0xC1,
    0xE0, 0xF0, 0x78, 0x3C, 0x1E, 0x0F, 0xE3, 0xF8, 0xF8, 0x00, 0x0C, 0x07, 0x81, 0xC0, 0x78, 0x1E,
    0x07, 0x80, 0xE0, 0xFC, 0x3F, 0x9F, 0xE7, 0x3D, 0xCF, 0x7F, 0xDF, 0xF3, 0xFC, 0x3E, 0x7F, 0xBF,
    0xC7, 0xE1, 0xE0, 0x0C, 0x00, 0xF0, 0x07, 0x00, 0x3C, 0x01, 0xE0, 0x0F, 0x00, 0x00, 0x01, 0xC0,
    0x3F, 0x01, 0xFC, 0x1F, 0xE0, 0xE7, 0x87, 0x3C, 0x3F, 0xFD, 0xFF, 0xE7, 0xFF, 0x0F, 0x83, 0xFC,
    0x3F, 0xC0, 0xFC, 0x07, 0x80, 0x00, 0xE7, 0xBD, 0xEF, 0x7B, 0xDE, 0xF7, 0xBD, 0xEF, 0x7B, 0xDE,
    0x37, 0xBD, 0xFF, 0xF8, 0x00, 0xE0, 0xF0, 0xF0, 0xF0, 0xF0, 0xF0, 0xF0, 0xF0, 0xF0, 0xF0, 0xF0,
    0xF0, 0xF0, 0xFE, 0x7F, 0x3E, 0x30, 0x70, 0xF0, 0xF8, 0xF8, 0xF0, 0x00, 0x0C, 0x00, 0x1E, 0x00,
    0x0F, 0x07, 0xE7, 0xC7, 0xF3, 0xE7, 0xF1, 0xE7, 0xC8, 0x03, 0x80, 0xE1, 0xC0, 0x70, 0xF8, 0x78,
    0x7F, 0x3C, 0x0F, 0xDE, 0x01, 0xEF, 0x00, 0xF3, 0xF7, 0xF9, 0xFF, 0xF8, 0x7F, 0xF8, 0x0F, 0xF0,
    0x00, 0x0C, 0x00, 0x07, 0x80, 0x00, 0xF0, 0x00, 0x1F, 0x00, 0x03, 0xE0, 0x00, 0x78, 0x00, 0x00,
    0x00, 0x03, 0x80, 0x00, 0x70, 0x3E, 0x1E, 0x07, 0xFB, 0xC0, 0xFF, 0xF8, 0x07, 0xEF, 0x00, 0xF0,
    0xFE, 0xFE, 0x1F, 0xFF, 0x81, 0xFF, 0xE0, 0x0F, 0xF0, 0x00, 0x31, 0xCF, 0x3E, 0xFB, 0xC0, 0x0E,
    0x78, 0xF3, 0xCF, 0x3C, 0xFF, 0xFE, 0xF0, 0x00, 0x18, 0x0F, 0x07, 0x80, 0xF0, 0x3C, 0x0F, 0x00,
    0x00, 0x00, 0x1C, 0x0F, 0x03, 0xC0, 0xF0, 0xFF, 0xFF, 0xFF, 0xFC, 0x00, 0xEF, 0xFF, 0xFF, 0xFF,
    0xFF, 0xFF, 0xFF, 0xFF, 0xE0, 0xF0, 0xF0, 0xF0, 0xF0, 0xF0, 0xF0, 0xF0, 0xF0, 0xF0, 0xF0, 0xF0,
    0xF0, 0xFE, 0x7F, 0x3E, 0x00, 0x00, 0x00, 0x00, 0x00, 0x07, 0x9C, 0x00, 0x3C, 0xE0, 0x00, 0xEF,
    0x00, 0x07, 0xF8, 0x00, 0x3F, 0xE0, 0x03, 0xEF, 0xFF, 0xFE, 0x7F, 0xFF, 0xF1, 0xFF, 0xFE, 0x01,
    0xFF, 0x80, 0x00, 0x00, 0x00, 0x07, 0x00, 0x00, 0x38, 0x00, 0x01, 0xC0, 0x00, 0x00, 0x00, 0x00,
    0x1C, 0x00, 0x00, 0x07, 0x00, 0x01, 0x83, 0xC0, 0x00, 0xF0, 0xF0, 0x00, 0x7C, 0x3E, 0x00, 0x7F,
    0x07, 0xFF, 0xFF, 0xF9, 0xFF, 0xFF, 0xFF, 0x3F, 0xFF, 0x8F, 0xC1, 0xFE, 0x00, 0x00, 0x00, 0x00,
    0x00, 0x01, 0xC0, 0x00, 0x00, 0x70, 0x00, 0x00, 0x1C, 0x00, 0x00, 0x39, 0xE3, 0xCF, 0x3C, 0xF3,
    0xFF, 0xFB, 0xC0, 0x00, 0x71, 0xC7, 0x00, 0x00, 0x07, 0x03, 0xC0, 0xF0, 0x3C, 0x3F, 0xFF, 0xFF,
    0xFF, 0x00, 0x00, 0x03, 0x80, 0xF0, 0x38, 0x00, 0x02, 0x1F, 0xC7, 0xF0, 0xDC, 0x00, 0x00, 0x01,
    0xC0, 0xF8, 0x3F, 0x0F, 0xC7, 0xF9, 0xCE, 0xF3, 0xBC, 0xEF, 0xF9, 0xFE, 0x3F, 0x00, 0x00, 0x09,
    0x00, 0x7E, 0x03, 0xFC, 0x06, 0x60, 0x00, 0x00, 0x0E, 0x00, 0x3C, 0x01, 0xF0, 0x1F, 0xC1, 0xFF,
    0x07, 0xFC, 0x3C, 0xF0, 0xF3, 0xC3, 0xFF, 0x07, 0xFC, 0x1F, 0xFE, 0x1F, 0xFC, 0x03, 0xE0, 0x00,
    0x00, 0x00, 0x88, 0x00, 0x0E, 0xE0, 0x00, 0x7F, 0x00, 0x03, 0xB8, 0x00, 0x00, 0x0F, 0x38, 0x00,
    0x79, 0xC0, 0x01, 0xDE, 0x00, 0x0F, 0xF0, 0x00, 0x7F, 0xC0, 0x07, 0xDF, 0xFF, 0xFC, 0xFF, 0xFF,
    0xE3, 0xFF, 0xFC, 0x03, 0xFF, 0x00, 0x00, 0x48, 0x00, 0x00, 0x7F, 0x00, 0x00, 0x1F, 0xC0, 0x00,
    0x03, 0x70, 0x00, 0x00, 0x00, 0x00, 0x1C, 0x00, 0x00, 0x07, 0x00, 0x01, 0x83, 0xC0, 0x00, 0xF0,
    0xF0, 0x00, 0x7C, 0x3E, 0x00, 0x7F, 0x07, 0xFF, 0xFF, 0xF9, 0xFF, 0xFF, 0xFF, 0x3F, 0xFF, 0x8F,
    0xC1, 0xFE, 0x00, 0x00, 0x24, 0x7E, 0xFF, 0x66, 0x00, 0x1C, 0x3C, 0x1E, 0x1E, 0x1E, 0x1E, 0x1E,
    0x7E, 0x7C, 0x78, 0x00, 0x12, 0x0F, 0xE1, 0xFC, 0x1B, 0x80, 0x00, 0x00, 0x07, 0x80, 0xE0, 0x1C,
    0x07, 0xC3, 0xFF, 0x7F, 0xFF, 0x7C, 0x00, 0x00, 0x00, 0x70, 0x00, 0x03, 0x80, 0x00, 0x1C, 0x00,
    0x01, 0xB8, 0x00, 0x1F, 0xC0, 0x00, 0x6C, 0x00, 0x00, 0x03, 0xCE, 0x00, 0x1E, 0x70, 0x00, 0x77,
    0x80, 0x03, 0xFC, 0x00, 0x1F, 0xF0, 0x01, 0xF7, 0xFF, 0xFF, 0x3F, 0xFF, 0xF8, 0xFF, 0xFF, 0x00,
    0xFF, 0xC0, 0x00, 0x30, 0x00, 0x00, 0x1E, 0x00, 0x00, 0x03, 0x00, 0x00, 0x03, 0xF0, 0x00, 0x00,
    0xFC, 0x00, 0x00, 0x3F, 0x00, 0x00, 0x00, 0x00, 0x01, 0xC0, 0x00, 0x00, 0x70, 0x00, 0x18, 0x3C,
    0x00, 0x0F, 0x0F, 0x00, 0x07, 0xC3, 0xE0, 0x07, 0xF0, 0x7F, 0xFF, 0xFF, 0x9F, 0xFF, 0xFF, 0xF3,
    0xFF, 0xF8, 0xFC, 0x1F, 0xE0, 0x00, 0x30, 0xE3, 0xBF, 0xFF, 0xB0, 0x0E, 0x78, 0xF3, 0xCF, 0x3C,
    0xFF, 0xFE, 0xF0, 0x00, 0x0C, 0x03, 0xC0, 0x30, 0x1F, 0x83, 0xF0, 0x7E, 0x00, 0x00, 0x00, 0x1E,
    0x03, 0x80, 0x70, 0x1F, 0x0F, 0xFD, 0xFF, 0xFD, 0xF0, 0x00, 0x7C, 0x03, 0xFE, 0x07, 0xFF, 0x9F,
    0xFE, 0x01, 0xF8, 0x1F, 0xE1, 0xFC, 0x0F, 0xC0, 0x7C, 0x01, 0xE0, 0x0F, 0x1C, 0x3C, 0x70, 0xF1,
    0xC3, 0xC7, 0x0F, 0x00, 0x3F, 0x06, 0x7F, 0xFC, 0xFF, 0xF1, 0xFF, 0x80, 0x60, 0x7C, 0x00, 0x3F,
    0xE0, 0x07, 0xFF, 0x81, 0xFF, 0xE0, 0x01, 0xF8, 0x01, 0xFE, 0x01, 0xFF, 0x00, 0xFD, 0xE0, 0x7C,
    0x3F, 0x9E, 0x0F, 0xEF, 0x1D, 0xFB, 0xC7, 0x00, 0xF1, 0xC0, 0x3C, 0x70, 0x0F, 0x00, 0x03, 0xF0,
    0x60, 0x7F, 0xFC, 0x0F, 0xFF, 0x01, 0xFF, 0x80, 0x06, 0x00, 0x00, 0x03, 0xF8, 0x1F, 0xF0, 0xFF,
    0xF0, 0x3F, 0x80, 0xFC, 0x3F, 0xFF, 0xF8, 0xFF, 0x07, 0xE0, 0x00, 0x00, 0x00, 0x00, 0x70, 0x07,
    0x80, 0x1C, 0x00, 0x00, 0x00, 0x7F, 0x00, 0x7F, 0xC0, 0x7F, 0xF8, 0x03, 0xF8, 0x01, 0xF8, 0x0F,
    0xF8, 0xFF, 0xFE, 0xFF, 0x7F, 0xFC, 0x3E, 0x00, 0x00, 0x00, 0x00, 0x0E, 0x00, 0x0F, 0x00, 0x0E,
    0x00, 0x7C, 0x03, 0xFE, 0x07, 0xFF, 0x9F, 0xFE, 0x01, 0xF8, 0x1F, 0xE1, 0xFC, 0x0F, 0xC0, 0x7C,
    0x01, 0xE0, 0x0F, 0x00, 0x3C, 0x00, 0xF0, 0x03, 0xC0, 0x0F, 0x00, 0x3F, 0x06, 0x7F, 0xFC, 0xFF,
    0xF1, 0xFF, 0x80, 0x60, 0x7C, 0x00, 0x3F, 0xE0, 0x07, 0xFF, 0x81, 0xFF, 0xE0, 0x01, 0xF8, 0x01,
    0xFE, 0x01, 0xFF, 0x00, 0xFD, 0xE0, 0x7C, 0x3F, 0x9E, 0x0F, 0xEF, 0x01, 0xFB, 0xC0, 0x00, 0xF0,
    0x00, 0x3C, 0x00, 0x0F, 0x00, 0x03, 0xF0, 0x60, 0x7F, 0xFC, 0x0F, 0xFF, 0x01, 0xFF, 0x80, 0x06,
    0x00, 0x00, 0x03, 0xF8, 0x1F, 0xF0, 0xFF, 0xF0, 0x3F, 0x80, 0xFC, 0x3F, 0xFF, 0xF8, 0xFF, 0x07,
    0xE0, 0x00, 0x00, 0x00, 0x00, 0x7F, 0x00, 0x7F, 0xC0, 0x7F, 0xF8, 0x03, 0xF8, 0x01, 0xF8, 0x0F,
    0xF8, 0xFF, 0xFE, 0xFF, 0x7F, 0xFC, 0x3E, 0x00, 0x00, 0x03, 0x00, 0x1E, 0x00, 0x78, 0x00, 0xC0,
    0x00, 0x01, 0xF0, 0x0F, 0xF8, 0x1F, 0xFE, 0x7F, 0xF8, 0x07, 0xE0, 0x7F, 0x87, 0xF0, 0x3F, 0x01,
    0xF0, 0x07, 0x80, 0x3C, 0x00, 0xF0, 0x03, 0xC0, 0x0F, 0x00, 0x3C, 0x00, 0xFC, 0x19, 0xFF, 0xF3,
    0xFF, 0xC7, 0xFE, 0x01, 0x80, 0x03, 0x00, 0x01, 0xE0, 0x00, 0x78, 0x00, 0x0C, 0x00, 0x00, 0x00,
    0x1F, 0x00, 0x0F, 0xF8, 0x01, 0xFF, 0xE0, 0x7F, 0xF8, 0x00, 0x7E, 0x00, 0x7F, 0x80, 0x7F, 0xC0,
    0x3F, 0x78, 0x1F, 0x0F, 0xE7, 0x83, 0xFB, 0xC0, 0x7E, 0xF0, 0x00, 0x3C, 0x00, 0x0F, 0x00, 0x03,
    0xC0, 0x00, 0xFC, 0x18, 0x1F, 0xFF, 0x03, 0xFF, 0xC0, 0x7F, 0xE0, 0x01, 0x80, 0x00, 0x18, 0x01,
    0xC0, 0x0E, 0x00, 0x70, 0x00, 0x00, 0x00, 0x01, 0xFC, 0x0F, 0xF8, 0x7F, 0xF8, 0x1F, 0xC0, 0x7E,
    0x1F, 0xFF, 0xFC, 0x7F, 0x83, 0xF0, 0x00, 0x00, 0x10, 0x00, 0x38, 0x00, 0x38, 0x00, 0x38, 0x00,
    0x00, 0x00, 0x00, 0x00, 0x7F, 0x00, 0x7F, 0xC0, 0x7F, 0xF8, 0x03, 0xF8, 0x01, 0xF8, 0x0F, 0xF8,
    0xFF, 0xFE, 0xFF, 0x7F, 0xFC, 0x3E, 0x00, 0x00, 0x02, 0x03, 0xC0, 0xF8, 0x1E, 0x03, 0xC0, 0xF0,
    0x3D, 0x8F, 0x7F, 0xDF, 0xF7, 0xF8, 0x00, 0x02, 0x00, 0x3C, 0x00, 0xF8, 0x01, 0xE0, 0x07, 0xC0,
    0x0F, 0x00, 0x3C, 0x18, 0xF8, 0x7F, 0xFD, 0xFF, 0xF7, 0xFF, 0xC0, 0x00, 0x0C, 0x07, 0x01, 0xC0,
    0x70, 0x00, 0x00, 0x80, 0xF0, 0x3E, 0x07, 0x80, 0xF0, 0x3C, 0x0F, 0x63, 0xDF, 0xF7, 0xFD, 0xFE,
    0x00, 0x00, 0x0C, 0x00, 0x70, 0x01, 0xC0, 0x07, 0x00, 0x00, 0x00, 0x08, 0x00, 0xF0, 0x03, 0xE0,
    0x07, 0x80, 0x1F, 0x00, 0x3C, 0x00, 0xF0, 0x63, 0xE1, 0xFF, 0xF7, 0xFF, 0xDF, 0xFF, 0x00, 0x00,
    0x06, 0x07, 0x83, 0xC0, 0xE0, 0x78, 0x3C, 0x1C, 0x1E, 0x1F, 0x3F, 0x3F, 0x1F, 0x06, 0x00, 0x06,
    0x00, 0x78, 0x03, 0xC0, 0x0E, 0x00, 0x78, 0x03, 0xF8, 0x1F, 0xC1, 0xFE, 0x1F, 0x03, 0xF0, 0x3F,
    0x01, 0xF0, 0x06, 0x00, 0x00, 0x06, 0x07, 0x83, 0xC0, 0xC0, 0x00, 0x00, 0x18, 0x1E, 0x0F, 0x03,
    0x81, 0xE0, 0xF0, 0x70, 0x78, 0x7C, 0xFC, 0xFC, 0x7C, 0x18, 0x00, 0x04, 0x00, 0x70, 0x03, 0x80,
    0x1C, 0x00, 0x00, 0x00, 0x00, 0x18, 0x01, 0xE0, 0x0F, 0x00, 0x38, 0x01, 0xE0, 0x0F, 0xE0, 0x7F,
    0x07, 0xF8, 0x7C, 0x0F, 0xC0, 0xFC, 0x07, 0xC0, 0x18, 0x00, 0x00, 0x00, 0x00, 0xE0, 0x00, 0x00,
    0x1E, 0x00, 0x00, 0x01, 0xE0, 0x03, 0xC3, 0x8F, 0x00, 0x3C, 0x38, 0xF7, 0x01, 0xC3, 0x8F, 0x70,
    0x1E, 0x78, 0xFF, 0x01, 0xFF, 0xFF, 0xF0, 0x1F, 0xFF, 0xEF, 0x01, 0xFE, 0xFC, 0xF0, 0x3C, 0x00,
    0x07, 0xCF, 0xC0, 0x00, 0x7F, 0xF8, 0x00, 0x03, 0xFF, 0x80, 0x00, 0x1F, 0xE0, 0x00, 0x00, 0x00,
    0x00, 0x00, 0xE0, 0x00, 0x00, 0x00, 0xE0, 0x00, 0x3C, 0x38, 0xF0, 0x00, 0x3C, 0x38, 0xF0, 0x70,
    0x1C, 0x38, 0xF0, 0x70, 0x1E, 0x78, 0xF8, 0xF0, 0x1F, 0xFF, 0xFF, 0xF0, 0x1F, 0xFF, 0xFF, 0xF0,
    0x1F, 0xEF, 0xDF, 0xF0, 0x3C, 0x00, 0x00, 0x7C, 0xFC, 0x00, 0x00, 0x7F, 0xF8, 0x00, 0x00, 0x3F,
    0xF8, 0x00, 0x00, 0x1F, 0xE0, 0x00, 0x00, 0x00, 0x01, 0xC0, 0x00, 0x78, 0x00, 0x07, 0x8E, 0x3C,
    0xF3, 0xC7, 0x9E, 0x78, 0xE3, 0xCF, 0x3E, 0x7F, 0xFF, 0xFF, 0xFF, 0xFF, 0xDF, 0xFB, 0xF0, 0x00,
    0x00, 0x00, 0x00, 0x01, 0xE0, 0x00, 0x03, 0xC0, 0x71, 0xE7, 0x81, 0xE3, 0xCF, 0x03, 0xC7, 0x1E,
    0x07, 0x9F, 0x3E, 0x3F, 0xFF, 0xFF, 0xFF, 0xFF, 0xFF, 0xFF, 0xDF, 0xBE, 0x00, 0x00, 0x00, 0x00,
    0x00, 0x70, 0x00, 0x00, 0x07, 0x00, 0x00, 0x00, 0x70, 0x00, 0x00, 0x1D, 0x80, 0x00, 0x01, 0xFC,
    0x00, 0x00, 0x0D, 0x80, 0x00, 0x00, 0x00, 0xE0, 0x00, 0x00, 0x1E, 0x00, 0x00, 0x01, 0xE0, 0x03,
    0xC3, 0x8F, 0x00, 0x3C, 0x38, 0xF7, 0x01, 0xC3, 0x8F, 0x70, 0x1E, 0x78, 0xFF, 0x01, 0xFF, 0xFF,
    0xF0, 0x1F, 0xFF, 0xEF, 0x01, 0xFE, 0xFC, 0xF0, 0x3C, 0x00, 0x07, 0xCF, 0xC0, 0x00, 0x7F, 0xF8,
    0x00, 0x03, 0xFF, 0x80, 0x00, 0x1F, 0xE0, 0x00, 0x00, 0x00, 0x00, 0x70, 0x00, 0x00, 0x00, 0x70,
    0x00, 0x00, 0x00, 0x70, 0x00, 0x00, 0x01, 0xD8, 0x00, 0x00, 0x01, 0xFC, 0x00, 0x00, 0x00, 0xD8,
    0x00, 0x00, 0x00, 0x00, 0x00, 0x00, 0x00, 0x00, 0xE0, 0x00, 0x00, 0x00, 0xE0, 0x00, 0x3C, 0x38,
    0xF0, 0x00, 0x3C, 0x38, 0xF0, 0x70, 0x1C, 0x38, 0xF0, 0x70, 0x1E, 0x78, 0xF8, 0xF0, 0x1F, 0xFF,
    0xFF, 0xF0, 0x1F, 0xFF, 0xFF, 0xF0, 0x1F, 0xEF, 0xDF, 0xF0, 0x3C, 0x00, 0x00, 0x7C, 0xFC, 0x00,
    0x00, 0x7F, 0xF8, 0x00, 0x00, 0x3F, 0xF8, 0x00, 0x00, 0x1F, 0xE0, 0x00, 0x00, 0x00, 0x30, 0x00,
    0x0F, 0x00, 0x00, 0xC0, 0x00, 0x7E, 0x00, 0x0F, 0xC0, 0x01, 0xB8, 0x00, 0x00, 0x70, 0x00, 0x1E,
    0x00, 0x01, 0xE3, 0x8F, 0x3C, 0xF1, 0xE7, 0x9E, 0x38, 0xF3, 0xCF, 0x9F, 0xFF, 0xFF, 0xFF, 0xFF,
    0xF7, 0xFE, 0xFC, 0x00, 0x00, 0x00, 0x00, 0x70, 0x00, 0x00, 0xE0, 0x00, 0x01, 0xC0, 0x00, 0x06,
    0xE0, 0x00, 0x1F, 0xC0, 0x00, 0x1B, 0x00, 0x00, 0x00, 0x00, 0x00, 0x00, 0xF0, 0x00, 0x01, 0xE0,
    0x38, 0xF3, 0xC0, 0xF1, 0xE7, 0x81, 0xE3, 0x8F, 0x03, 0xCF, 0x9F, 0x1F, 0xFF, 0xFF, 0xFF, 0xFF,
    0xFF, 0xFF, 0xEF, 0xDF, 0x00, 0x00, 0x00, 0x00, 0x00, 0x00, 0x80, 0x00, 0x00, 0x3F, 0x80, 0x00,
    0x07, 0xFC, 0x00, 0x78, 0x7F, 0xF0, 0x03, 0xC7, 0xE7, 0xB8, 0x0E, 0x7C, 0x3D, 0xC0, 0x7B, 0xC3,
    0xFE, 0x03, 0xFF, 0xFF, 0xF0, 0x1F, 0xFF, 0xF7, 0x80, 0xFF, 0xFE, 0x3C, 0x0F, 0x0F, 0x80, 0xFD,
    0xF8, 0x00, 0x07, 0xFF, 0x80, 0x00, 0x1F, 0xFC, 0x00, 0x00, 0x3F, 0x80, 0x00, 0x00, 0x00, 0x00,
    0x00, 0x80, 0x00, 0x00, 0x07, 0xF0, 0x00, 0x00, 0x1F, 0xF0, 0x00, 0x3C, 0x3F, 0xF8, 0x00, 0x3C,
    0x7E, 0x78, 0x70, 0x1C, 0xF8, 0x78, 0x70, 0x1E, 0xF0, 0xF8, 0xF0, 0x1F, 0xFF, 0xFF, 0xF0, 0x1F,
    0xFF, 0xFF, 0xF0, 0x1F, 0xFF, 0xFF, 0xF0, 0x3C, 0x3E, 0x00, 0x7E, 0xFC, 0x00, 0x00, 0x7F, 0xF8,
    0x00, 0x00, 0x3F, 0xF8, 0x00, 0x00, 0x0F, 0xE0, 0x00, 0x00, 0x00, 0x00, 0x00, 0x00, 0xFC, 0x00,
    0x3F, 0xE3, 0xC7, 0xFF, 0x3C, 0xFC, 0xF3, 0x9F, 0x0F, 0x7F, 0xE1, 0xFF, 0xFF, 0xFE, 0xFF, 0xFF,
    0xEE, 0xFF, 0xF8, 0x01, 0xFC, 0x00, 0x00, 0x00, 0x00, 0x00, 0x1F, 0x80, 0x00, 0xFF, 0x81, 0xE3,
    0xFF, 0x83, 0xCF, 0xCF, 0x07, 0x3E, 0x1E, 0x1F, 0xF8, 0x7C, 0x7F, 0xFF, 0xFF, 0xFF, 0xFF, 0xFF,
    0xDF, 0xFF, 0xFC, 0x07, 0xF0, 0x00, 0x00, 0x00, 0x01, 0x80, 0x00, 0x00, 0x1C, 0x00, 0x00, 0x00,
    0xE0, 0x00, 0x00, 0x07, 0x00, 0x00, 0x00, 0x00, 0x00, 0x00, 0x00, 0x40, 0x00, 0x00, 0x1F, 0xC0,
    0x00, 0x03, 0xFE, 0x00, 0x3C, 0x3F, 0xF8, 0x01, 0xE3, 0xF3, 0xDC, 0x07, 0x3E, 0x1E, 0xE0, 0x3D,
    0xE1, 0xFF, 0x01, 0xFF, 0xFF, 0xF8, 0x0F, 0xFF, 0xFB, 0xC0, 0x7F, 0xFF, 0x1E, 0x07, 0x87, 0xC0,
    0x7E, 0xFC, 0x00, 0x03, 0xFF, 0xC0, 0x00, 0x0F, 0xFE, 0x00, 0x00, 0x1F, 0xC0, 0x00, 0x00, 0x00,
    0x00, 0x01, 0x80, 0x00, 0x00, 0x03, 0x80, 0x00, 0x00, 0x03, 0x80, 0x00, 0x00, 0x03, 0x80, 0x00,
    0x00, 0x00, 0x00, 0x00, 0x00, 0x00, 0x80, 0x00, 0x00, 0x07, 0xF0, 0x00, 0x00, 0x1F, 0xF0, 0x00,
    0x3C, 0x3F, 0xF8, 0x00, 0x3C, 0x7E, 0x78, 0x70, 0x1C, 0xF8, 0x78, 0x70, 0x1E, 0xF0, 0xF8, 0xF0,
    0x1F, 0xFF, 0xFF, 0xF0, 0x1F, 0xFF, 0xFF, 0xF0, 0x1F, 0xFF, 0xFF, 0xF0, 0x3C, 0x3E, 0x00, 0x7E,
    0xFC, 0x00, 0x00, 0x7F, 0xF8, 0x00, 0x00, 0x3F, 0xF8, 0x00, 0x00, 0x0F, 0xE0, 0x00, 0x00, 0x00,
    0x02, 0x00, 0x00, 0x70, 0x00, 0x07, 0x00, 0x00, 0x70, 0x00, 0x00, 0x00, 0x00, 0x00, 0x00, 0x0F,
    0xC0, 0x03, 0xFE, 0x3C, 0x7F, 0xF3, 0xCF, 0xCF, 0x39, 0xF0, 0xF7, 0xFE, 0x1F, 0xFF, 0xFF, 0xEF,
    0xFF, 0xFE, 0xEF, 0xFF, 0x80, 0x1F, 0xC0, 0x00, 0x02, 0x00, 0x00, 0x0E, 0x00, 0x00, 0x1C, 0x00,
    0x00, 0x38, 0x00, 0x00, 0x00, 0x00, 0x00, 0x00, 0x00, 0x03, 0xF0, 0x00, 0x1F, 0xF0, 0x3C, 0x7F,
    0xF0, 0x79, 0xF9, 0xE0, 0xE7, 0xC3, 0xC3, 0xFF, 0x0F, 0x8F, 0xFF, 0xFF, 0xFF, 0xFF, 0xFF, 0xFB,
    0xFF, 0xFF, 0x80, 0xFE, 0x00, 0x0E, 0x00, 0x07, 0x00, 0x03, 0x80, 0x01, 0xC0, 0x00, 0xE0, 0x00,
    0x70, 0x00, 0x3C, 0x20, 0x1E, 0xFC, 0x0F, 0xFF, 0x07, 0xFF, 0xC3, 0xF9, 0xE1, 0xF0, 0xF0, 0xF0,
    0xFF, 0xFF, 0xFB, 0xFF, 0xFD, 0xFF, 0xF8, 0x1F, 0xE0, 0x00, 0x0E, 0x00, 0x00, 0xE0, 0x00, 0x0E,
    0x00, 0x00, 0xE0, 0x00, 0x0E, 0x00, 0x00, 0xE0, 0x00, 0x0F, 0x08, 0x00, 0xF7, 0xE0, 0x0F, 0xFF,
    0x00, 0xFF, 0xF8, 0x0F, 0xE7, 0x80, 0xF8, 0x78, 0x0F, 0x0F, 0x8F, 0xFF, 0xFF, 0xFF, 0xFF, 0xFF,
    0xFF, 0xFF, 0x1F, 0xE0, 0x00, 0x38, 0x00, 0xF0, 0x01, 0xE0, 0x03, 0xC0, 0x07, 0x80, 0x07, 0x00,
    0x0E, 0x1C, 0x1D, 0xFC, 0x3F, 0xFC, 0x7F, 0xFC, 0xFC, 0x79, 0xF0, 0xF7, 0xC7, 0xFF, 0xFF, 0xBF,
    0xFE, 0x7F, 0xF8, 0x00, 0x00, 0x38, 0x00, 0x1E, 0x00, 0x07, 0x80, 0x01, 0xE0, 0x00, 0x78, 0x00,
    0x0E, 0x00, 0x03, 0x87, 0x00, 0xEF, 0xE0, 0x3F, 0xFC, 0x0F, 0xFF, 0x83, 0xF1, 0xE0, 0xF8, 0x78,
    0x7C, 0x7E, 0x3F, 0xFF, 0xFF, 0xFF, 0xFF, 0xFF, 0xFF, 0x00, 0x00, 0x00, 0x0E, 0x00, 0x07, 0x0C,
    0x03, 0x87, 0x01, 0xC3, 0x80, 0xE1, 0xC0, 0x70, 0x00, 0x3C, 0x20, 0x1E, 0xFC, 0x0F, 0xFF, 0x07,
    0xFF, 0xC3, 0xF9, 0xE1, 0xF0, 0xF0, 0xF0, 0xFF, 0xFF, 0xFB, 0xFF, 0xFD, 0xFF, 0xF8, 0x1F, 0xE0,
    0x00, 0x0E, 0x00, 0x00, 0xE1, 0x80, 0x0E, 0x3C, 0x00, 0xE3, 0xC0, 0x0E, 0x18, 0x00, 0xE0, 0x00,
    0x0F, 0x08, 0x00, 0xF7, 0xE0, 0x0F, 0xFF, 0x00, 0xFF, 0xF8, 0x0F, 0xE7, 0x80, 0xF8, 0x78, 0x0F,
    0x0F, 0x8F, 0xFF, 0xFF, 0xFF, 0xFF, 0xFF, 0xFF, 0xFF, 0x1F, 0xE0, 0x00, 0x38, 0x00, 0xF0, 0x81,
    0xE3, 0x83, 0xC7, 0x07, 0x8E, 0x07, 0x00, 0x0E, 0x1C, 0x1D, 0xFC, 0x3F, 0xFC, 0x7F, 0xFC, 0xFC,
    0x79, 0xF0, 0xF7, 0xC7, 0xFF, 0xFF, 0xBF, 0xFE, 0x7F, 0xF8, 0x00, 0x00, 0x38, 0x00, 0x1E, 0x10,
    0x07, 0x8E, 0x01, 0xE3, 0x80, 0x78, 0xE0, 0x0E, 0x00, 0x03, 0x87, 0x00, 0xEF, 0xE0, 0x3F, 0xFC,
    0x0F, 0xFF, 0x83, 0xF1, 0xE0, 0xF8, 0x78, 0x7C, 0x7E, 0x3F, 0xFF, 0xFF, 0xFF, 0xFF, 0xFF, 0xFF,
    0x00, 0x00, 0x00, 0x1F, 0x00, 0xFE, 0x07, 0xF0, 0x1F, 0xC0, 0x70, 0x01, 0xC1, 0x07, 0xFC, 0x1F,
    0xF8, 0x3F, 0xE0, 0xFC, 0x07, 0xC0, 0x3E, 0x00, 0xF0, 0x03, 0xC0, 0x0F, 0x00, 0x3C, 0x00, 0xF8,
    0x19, 0xFF, 0xE3, 0xFF, 0xC7, 0xFE, 0x03, 0x80, 0x0F, 0xC0, 0xFF, 0x83, 0xFE, 0x1E, 0x78, 0x3D,
    0xE0, 0xFF, 0x81, 0xFC, 0x03, 0xFF, 0x3F, 0xFD, 0xFF, 0xF7, 0x80, 0x3C, 0x00, 0xF0, 0x03, 0xC0,
    0x0F, 0x83, 0x3F, 0xFC, 0x7F, 0xF0, 0xFF, 0x80, 0x70, 0x00, 0x07, 0x03, 0xF0, 0xFE, 0x3F, 0xC7,
    0x80, 0xF0, 0x1E, 0x31, 0xFF, 0xFF, 0xFF, 0xFB, 0xFC, 0x00, 0x00, 0x07, 0xC0, 0x3F, 0xC0, 0xFF,
    0xC1, 0xE7, 0x83, 0xEF, 0x03, 0xFC, 0x03, 0xF8, 0x3F, 0xFE, 0x7F, 0xFE, 0xFB, 0xF8, 0x00, 0x00,
    0x06, 0x00, 0x3C, 0x00, 0xF0, 0x01, 0x80, 0x00, 0x00, 0x7C, 0x03, 0xF8, 0x1F, 0xC0, 0x7F, 0x01,
    0xC0, 0x07, 0x04, 0x1F, 0xF0, 0x7F, 0xE0, 0xFF, 0x83, 0xF0, 0x1F, 0x00, 0xF8, 0x03, 0xC0, 0x0F,
    0x00, 0x3C, 0x00, 0xF0, 0x03, 0xE0, 0x67, 0xFF, 0x8F, 0xFF, 0x1F, 0xF8, 0x0E, 0x00, 0x03, 0x00,
    0x1C, 0x00, 0x78, 0x01, 0xC0, 0x00, 0x00, 0x3F, 0x03, 0xFE, 0x0F, 0xF8, 0x79, 0xE0, 0xF7, 0x83,
    0xFE, 0x07, 0xF0, 0x0F, 0xFC, 0xFF, 0xF7, 0xFF, 0xDE, 0x00, 0xF0, 0x03, 0xC0, 0x0F, 0x00, 0x3E,
    0x0C, 0xFF, 0xF1, 0xFF, 0xC3, 0xFE, 0x01, 0xC0, 0x06, 0x01, 0xC0, 0x3C, 0x07, 0x00, 0x00, 0x0E,
    0x07, 0xE1, 0xFC, 0x7F, 0x8F, 0x01, 0xE0, 0x3C, 0x63, 0xFF, 0xFF, 0xFF, 0xF7, 0xF8, 0x00, 0x00,
    0x03, 0x00, 0x0F, 0x00, 0x1E, 0x00, 0x1C, 0x00, 0x00, 0x00, 0xF8, 0x07, 0xF8, 0x1F, 0xF8, 0x3C,
    0xF0, 0x7D, 0xE0, 0x7F, 0x80, 0x7F, 0x07, 0xFF, 0xCF, 0xFF, 0xDF, 0x7F, 0x00, 0x00, 0x00, 0x01,
    0x80, 0x00, 0x0E, 0x00, 0x00, 0xF0, 0x00, 0x03, 0x80, 0x00, 0x00, 0x00, 0x00, 0x00, 0x00, 0x0F,
    0x80, 0x00, 0xFE, 0x00, 0x0F, 0xF0, 0x00, 0x7B, 0xDC, 0x03, 0x9E, 0xE0, 0x1F, 0xFF, 0x00, 0xFF,
    0xF8, 0x07, 0xFF, 0xE0, 0x07, 0xEF, 0xFF, 0xFE, 0x7F, 0xFF, 0xF1, 0xFF, 0xFF, 0x01, 0xFF, 0x80,
    0x00, 0x00, 0x60, 0x00, 0x00, 0x78, 0x00, 0x00, 0x3C, 0x00, 0x00, 0x0C, 0x00, 0x00, 0x00, 0x00,
    0x00, 0x00, 0x00, 0x00, 0x07, 0xC0, 0x00, 0x07, 0xF0, 0x70, 0x03, 0xFC, 0x38, 0x03, 0xDE, 0x3C,
    0x01, 0xE7, 0x1E, 0x00, 0xF7, 0x8F, 0x80, 0x3F, 0xC3, 0xFF, 0xFF, 0xFD, 0xFF, 0xFF, 0xFE, 0x7F,
    0xFF, 0xFF, 0x07, 0xFC, 0x00, 0x00, 0x04, 0x03, 0x80, 0xE0, 0x38, 0x00, 0x00, 0x01, 0xF0, 0xFE,
    0x7F, 0x9E, 0xF7, 0xBD, 0xFF, 0x7F, 0xCF, 0xF0, 0xFF, 0xFE, 0xFF, 0xBF, 0x80, 0x00, 0x06, 0x00,
    0x70, 0x03, 0xC0, 0x1C, 0x00, 0x00, 0x00, 0x00, 0x7C, 0x07, 0xF0, 0x7F, 0xC3, 0xDE, 0x1E, 0xF0,
    0xF7, 0x83, 0xFC, 0x7F, 0xFF, 0xFF, 0xFF, 0xFF, 0x00, 0x00, 0x00, 0x22, 0x00, 0x3B, 0x80, 0x1F,
    0xC0, 0x0E, 0xC0, 0x00, 0x00, 0x00, 0xE0, 0x01, 0xF8, 0x00, 0xFE, 0x00, 0xFF, 0x38, 0x73, 0xDC,
    0x3D, 0xFE, 0x1F, 0xFF, 0x0F, 0xFF, 0x83, 0xFF, 0xC0, 0x3D, 0xF8, 0x7E, 0x7F, 0xFE, 0x1F, 0xFE,
    0x07, 0xFC, 0x00, 0x00, 0x20, 0x00, 0x07, 0xF0, 0x00, 0x7F, 0x00, 0x07, 0x60, 0x00, 0x00, 0x00,
    0x00, 0x00, 0x00, 0x3E, 0x00, 0x07, 0xF0, 0x00, 0xFF, 0x00, 0x0F, 0x78, 0x70, 0xE7, 0x87, 0x0F,
    0xFE, 0xF0, 0xFF, 0xFF, 0x07, 0xFF, 0xF0, 0x0F, 0x8F, 0x80, 0xF0, 0x7F, 0xFE, 0x07, 0xFF, 0xE0,
    0x3F, 0xF8, 0x00, 0xFE, 0x00, 0x11, 0x0E, 0xE3, 0xF8, 0xEE, 0x00, 0x00, 0x01, 0xF0, 0xFE, 0x7F,
    0x9E, 0xF7, 0xBD, 0xFF, 0x7F, 0xCF, 0xF0, 0xFF, 0xFE, 0xFF, 0xBF, 0x80, 0x00, 0x11, 0x01, 0xDC,
    0x0F, 0xE0, 0x37, 0x00, 0x00, 0x00, 0x00, 0x7C, 0x07, 0xF0, 0x7F, 0xC3, 0xDE, 0x1E, 0xF0, 0xF7,
    0x83, 0xFC, 0x7F, 0xFF, 0xFF, 0xFF, 0xFF, 0x00, 0x00, 0x00, 0x01, 0xC0, 0x00, 0x38, 0x00, 0x07,
    0x00, 0x18, 0xE0, 0x07, 0x1C, 0x01, 0xE3, 0x80, 0x38, 0x78, 0x07, 0x8F, 0x70, 0x71, 0xEE, 0x3E,
    0x3F, 0xC7, 0x87, 0xF8, 0x40, 0xFF, 0x80, 0x3E, 0xFF, 0xFF, 0x9F, 0xFF, 0xF1, 0xFF, 0xFC, 0x07,
    0xFC, 0x00, 0x00, 0x01, 0xC0, 0x00, 0x07, 0x00, 0x00, 0x1C, 0x00, 0x0C, 0x70, 0x00, 0x71, 0xC0,
    0x03, 0xC7, 0x00, 0x0E, 0x1E, 0x00, 0x3C, 0x78, 0x70, 0x71, 0xE1, 0xC7, 0xC7, 0x8F, 0x1E, 0x1E,
    0x3C, 0x20, 0x78, 0xF8, 0x03, 0xE1, 0xFF, 0xFF, 0xF7, 0xFF, 0xFF, 0xCF, 0xFF, 0xFF, 0x07, 0xFC,
    0x00, 0x01, 0x81, 0xE1, 0xFD, 0xFE, 0xFC, 0x3E, 0x0F, 0xC1, 0xF8, 0x3E, 0x07, 0xC0, 0xF0, 0x3C,
    0xFF, 0x3F, 0xCF, 0xE0, 0x00, 0x01, 0x80, 0x3C, 0x07, 0xF0, 0xFF, 0x0F, 0xE0, 0x7C, 0x03, 0xE0,
    0x0F, 0x80, 0x3E, 0x00, 0xF8, 0x03, 0xC0, 0x1F, 0x8F, 0xFF, 0x7F, 0xFF, 0xFB, 0xC0, 0x00, 0x00,
    0x1C, 0x00, 0x38, 0x00, 0x70, 0x00, 0xE0, 0x01, 0xC0, 0x03, 0x80, 0x07, 0x80, 0x0F, 0x00, 0x1E,
    0x00, 0x3C, 0x00, 0x7B, 0x80, 0xF7, 0x01, 0xFE, 0x03, 0xFC, 0x07, 0xF8, 0x0E, 0xF0, 0x3C, 0xF8,
    0xF9, 0xFF, 0xE1, 0xFF, 0x80, 0xFE, 0x00, 0x00, 0x1C, 0x00, 0x03, 0x80, 0x00, 0x70, 0x00, 0x0E,
    0x00, 0x01, 0xC0, 0x00, 0x38, 0x00, 0x07, 0x00, 0x00, 0xE0, 0x00, 0x1E, 0x00, 0x03, 0xC0, 0x00,
    0x78, 0x38, 0x0F, 0x07, 0x01, 0xE1, 0xE0, 0x3F, 0xBC, 0x07, 0xF7, 0x80, 0xFE, 0xF0, 0x3C, 0x0F,
    0x8F, 0x81, 0xFF, 0xE0, 0x1F, 0xF8, 0x00, 0xFE, 0x00, 0x39, 0xE7, 0x9E, 0x38, 0xE3, 0x8E, 0x38,
    0xE3, 0x8E, 0x3B, 0xEF, 0xBC, 0x00, 0x38, 0x3C, 0x1E, 0x07, 0x03, 0x81, 0xC0, 0xE0, 0x70, 0x38,
    0x1C, 0x0E, 0x07, 0x83, 0xC7, 0xFF, 0xFF, 0xFF, 0x00, 0x00, 0x06, 0x03, 0xF0, 0xFF, 0x3F, 0xE7,
    0x9E, 0x23, 0xC7, 0xF9, 0xFF, 0x7F, 0xFF, 0x3B, 0xC0, 0x78, 0x0F, 0x01, 0xE0, 0x3C, 0x07, 0x80,
    0x70, 0x0E, 0x00, 0x00, 0x00, 0x03, 0xC0, 0x0F, 0xE0, 0x1F, 0xE0, 0x3F, 0xF0, 0x7C, 0x70, 0x7E,
    0x78, 0xFF, 0xFE, 0xFF, 0xFF, 0xF7, 0xFF, 0xF1, 0xC0, 0xF0, 0x00, 0xF0, 0x00, 0xF0, 0x00, 0xF0,
    0x00, 0x70, 0x00, 0x78, 0x00, 0x78, 0x00, 0x00, 0x00, 0x07, 0x80, 0xFC, 0x1F, 0xE3, 0xFE, 0x3C,
    0xE7, 0xCE, 0xFF, 0xEF, 0xFE, 0xEF, 0xC0, 0x00, 0x07, 0x80, 0x3F, 0x80, 0x7F, 0x01, 0xFF, 0x03,
    0x9E, 0x0F, 0x9E, 0x3F, 0xFF, 0xFF, 0xFF, 0xEF, 0xFE, 0x07, 0x00, 0x03, 0x00, 0x07, 0x00, 0x1E,
    0x00, 0x1C, 0x00, 0x00, 0x80, 0x07, 0x80, 0x0F, 0x38, 0x0E, 0x70, 0x1F, 0xE0, 0x3F, 0xC0, 0x7F,
    0x80, 0xFF, 0x03, 0xCF, 0xDF, 0x9F, 0xFE, 0x1F, 0xF8, 0x1F, 0xE0, 0x03, 0x00, 0x00, 0x70, 0x00,
    0x1E, 0x00, 0x01, 0xC0, 0x00, 0x00, 0x00, 0x00, 0x78, 0x00, 0x0F, 0x03, 0x80, 0xE0, 0x70, 0x1E,
    0x1E, 0x03, 0xFB, 0xC0, 0x7F, 0xF8, 0x0F, 0xFF, 0x03, 0xC0, 0xFD, 0xF8, 0x1F, 0xFE, 0x01, 0xFF,
    0xC0, 0x1F, 0xE0, 0x00, 0x31, 0xE7, 0x8C, 0x00, 0xE7, 0x8F, 0x3C, 0xF3, 0xCF, 0xFF, 0xEF, 0x00,
    0x18, 0x0F, 0x03, 0xC0, 0x70, 0x00, 0x00, 0x01, 0xC0, 0xF0, 0x3C, 0x0F, 0x0F, 0xFF, 0xFF, 0xFF,
    0xC0, 0x00, 0x00, 0x07, 0x03, 0xE0, 0xFC, 0x3F, 0x1F, 0xE7, 0x3B, 0xCE, 0xF3, 0xBF, 0xE7, 0xF8,
    0xFC, 0x00, 0x00, 0x03, 0x80, 0x0F, 0x00, 0x7C, 0x07, 0xF0, 0x7F, 0xC1, 0xFF, 0x0F, 0x3C, 0x3C,
    0xF0, 0xFF, 0xC1, 0xFF, 0x07, 0xFF, 0x87, 0xFF, 0x00, 0xF8, 0x00, 0x00, 0x08, 0x00, 0xE0, 0x0F,
    0xC0, 0x7F, 0x03, 0xFC, 0x3F, 0xF1, 0xCF, 0xCF, 0xFF, 0x7F, 0x7F, 0xFF, 0xFF, 0xFF, 0xFF, 0xE0,
    0x08, 0x00, 0x07, 0x80, 0x7F, 0x01, 0xFC, 0x0F, 0x70, 0x3D, 0xC1, 0xE7, 0x07, 0xFC, 0x3F, 0xFF,
    0xFF, 0xFF, 0xFF, 0xF7, 0x8E, 0x0F, 0xF8, 0x3F, 0xE0, 0x7F, 0x80, 0x78, 0x00, 0x0E, 0x0F, 0xC3,
    0xF9, 0xFE, 0x73, 0xDC, 0xF7, 0xFD, 0xFF, 0x3F, 0xC3, 0xE7, 0xFB, 0xFC, 0x7E, 0x1E, 0x00, 0x0E,
    0x01, 0xF8, 0x0F, 0xE0, 0xFF, 0x07, 0x3C, 0x39, 0xE1, 0xFF, 0xEF, 0xFF, 0x3F, 0xF8, 0x7C, 0x1F,
    0xE1, 0xFE, 0x07, 0xE0, 0x3C, 0x00, 0x00, 0x1F, 0x80, 0x1F, 0xC0, 0x1F, 0xC0, 0x1F, 0x20, 0x0E,
    0x03, 0x87, 0x01, 0xC3, 0xE1, 0xE1, 0xFC, 0xF0, 0x3F, 0x78, 0x07, 0xBC, 0x03, 0xCF, 0xDF, 0xE7,
    0xFF, 0xE1, 0xFF, 0xE0, 0x3F, 0xC0, 0x00, 0x00, 0x0E, 0x00, 0x01, 0xC0, 0xF8, 0x78, 0x1F, 0xEF,
    0x03, 0xFF, 0xE0, 0x1F, 0xBC, 0x03, 0xC3, 0xFB, 0xF8, 0x7F, 0xFE, 0x07, 0xFF, 0x80, 0x3F, 0xC0,
    0x00, 0x00, 0x1F, 0x80, 0x1F, 0xC0, 0x1F, 0xC0, 0x1F, 0x20, 0x0E, 0x03, 0x87, 0x01, 0xC3, 0xE1,
    0xE1, 0xFC, 0xF0, 0x3F, 0x78, 0x07, 0xBC, 0x03, 0xCF, 0xDF, 0xE7, 0xFF, 0xE1, 0xFF, 0xE0, 0x3F,
    0xC0, 0x00, 0x00, 0x00, 0x00, 0x07, 0x70, 0x03, 0xF8, 0x01, 0xDC, 0x00, 0x00, 0x00, 0x0E, 0x00,
    0x01, 0xC0, 0xF8, 0x78, 0x1F, 0xEF, 0x03, 0xFF, 0xE0, 0x1F, 0xBC, 0x03, 0xC3, 0xFB, 0xF8, 0x7F,
    0xFE, 0x07, 0xFF, 0x80, 0x3F, 0xC0, 0x00, 0x00, 0x00, 0x00, 0x00, 0x0F, 0xC0, 0x03, 0xFC, 0x00,
    0x3F, 0x00, 0x3C, 0x78, 0xF0, 0xE1, 0xE3, 0xC7, 0xFE, 0xFD, 0xF0, 0x00, 0x0E, 0xFF, 0xFB, 0x80,
    0x00, 0x03, 0xC0, 0x70, 0x0E, 0x03, 0xE1, 0xFF, 0xBF, 0xFF, 0xBE, 0x00, 0x00, 0x01, 0xF8, 0x7F,
    0x87, 0xE0, 0x00, 0x00, 0xFE, 0x31, 0xFD, 0xE0, 0x31, 0xC0, 0xC3, 0x83, 0xC7, 0x07, 0xCE, 0x07,
    0xFC, 0x07, 0xF8, 0x03, 0xF0, 0x03, 0xE0, 0x0F, 0xE0, 0x3F, 0xC0, 0xFB, 0x83, 0xFF, 0x07, 0xFE,
    0x0F, 0xF8, 0x00, 0x00, 0x7F, 0x00, 0xFF, 0x70, 0x0E, 0xF0, 0x00, 0xF0, 0x20, 0x70, 0x70, 0x70,
    0x78, 0x70, 0x7C, 0x70, 0x3E, 0x70, 0x1F, 0x70, 0x0F, 0xF0, 0x07, 0xF0, 0x03, 0xF8, 0x07, 0xF8,
    0x7F, 0xFF, 0x7F, 0xFF, 0x7F, 0x3F, 0x00, 0x00, 0x70, 0x07, 0x80, 0x3C, 0x01, 0xE0, 0xCF, 0x9E,
    0x78, 0x70, 0xC3, 0x8F, 0x1C, 0x7C, 0xE1, 0xFF, 0x07, 0xF8, 0x0F, 0xC0, 0x3E, 0x03, 0xF8, 0x3F,
    0xC3, 0xEE, 0x3F, 0xF1, 0xFF, 0x8F, 0xF8, 0x18, 0x00, 0x3C, 0x00, 0x38, 0x00, 0x3C, 0x00, 0x3E,
    0x70, 0x3C, 0xF0, 0x00, 0xF0, 0x20, 0x70, 0x70, 0x70, 0x78, 0x70, 0x7C, 0x70, 0x3E, 0x70, 0x1F,
    0x70, 0x0F, 0xF0, 0x07, 0xF0, 0x03, 0xF8, 0x07, 0xF8, 0x7F, 0xFF, 0x7F, 0xFF, 0x7F, 0x3F, 0x00,
    0x00, 0x00, 0x60, 0x0F, 0x00, 0x38, 0x61, 0xC7, 0x8E, 0x3E, 0x70, 0xFF, 0x83, 0xFC, 0x07, 0xE0,
    0x1F, 0x01, 0xFC, 0x1F, 0xE1, 0xF7, 0x1F, 0xF8, 0xFF, 0xC7, 0xFC, 0x0C, 0x00, 0xE0, 0x0F, 0x00,
    0x7C, 0x03, 0xE0, 0x1E, 0x00, 0x00, 0x00, 0x00, 0x70, 0x00, 0xF0, 0x00, 0xF0, 0x20, 0x70, 0x70,
    0x70, 0x78, 0x70, 0x7C, 0x70, 0x3E, 0x70, 0x1F, 0x70, 0x0F, 0xF0, 0x07, 0xF0, 0x03, 0xF8, 0x07,
    0xF8, 0x7F, 0xFF, 0x7F, 0xFF, 0x7F, 0x3F, 0x1C, 0x00, 0x1C, 0x00, 0x3C, 0x00, 0x3E, 0x00, 0x3E,
    0x00, 0x3C, 0x00, 0x00, 0x00, 0x00, 0x60, 0x0F, 0x00, 0x38, 0x61, 0xC7, 0x8E, 0x3E, 0x70, 0xFF,
    0x83, 0xFC, 0x07, 0xE0, 0x1F, 0x01, 0xFC, 0x1F, 0xE1, 0xF7, 0x1F, 0xF8, 0xFF, 0xC7, 0xFC, 0x00,
    0x70, 0x00, 0xF0, 0x00, 0xF0, 0x20, 0x70, 0x70, 0x70, 0x78, 0x70, 0x7C, 0x70, 0x3E, 0x70, 0x1F,
    0x70, 0x0F, 0xF0, 0x07, 0xF0, 0x03, 0xF8, 0x07, 0xF8, 0x7F, 0xFF, 0x7F, 0xFF, 0x7F, 0x3F, 0x00,
    0x00,
};

static const EpdGlyph inter_10_boldGlyphs[] = {
    { 0, 0, 0, 0, 0, 0, 0 }, // U+0000
    { 0, 0, 0, 0, 0, 0, 0 }, // U+0001
    { 0, 0, 0, 0, 0, 0, 0 }, // U+0002
    { 0, 0, 0, 0, 0, 0, 0 }, // U+0003
    { 0, 0, 0, 0, 0, 0, 0 }, // U+0004
    { 0, 0, 0, 0, 0, 0, 0 }, // U+0005
    { 0, 0, 0, 0, 0, 0, 0 }, // U+0006
    { 0, 0, 0, 0, 0, 0, 0 }, // U+0007
    { 0, 0, 0, 0, 0, 0, 0 }, // U+0008
    { 0, 0, 0, 0, 0, 0, 0 }, // U+0009
    { 0, 0, 0, 0, 0, 0, 0 }, // U+000A
    { 0, 0, 0, 0, 0, 0, 0 }, // U+000B
    { 0, 0, 0, 0, 0, 0, 0 }, // U+000C
    { 0, 0, 0, 0, 0, 0, 0 }, // U+000D
    { 0, 0, 0, 0, 0, 0, 0 }, // U+000E
    { 0, 0, 0, 0, 0, 0, 0 }, // U+000F
    { 0, 0, 0, 0, 0, 0, 0 }, // U+0010
    { 0, 0, 0, 0, 0, 0, 0 }, // U+0011
    { 0, 0, 0, 0, 0, 0, 0 }, // U+0012
    { 0, 0, 0, 0, 0, 0, 0 }, // U+0013
    { 0, 0, 0, 0, 0, 0, 0 }, // U+0014
    { 0, 0, 0, 0, 0, 0, 0 }, // U+0015
    { 0, 0, 0, 0, 0, 0, 0 }, // U+0016
    { 0, 0, 0, 0, 0, 0, 0 }, // U+0017
    { 0, 0, 0, 0, 0, 0, 0 }, // U+0018
    { 0, 0, 0, 0, 0, 0, 0 }, // U+0019
    { 0, 0, 0, 0, 0, 0, 0 }, // U+001A
    { 0, 0, 0, 0, 0, 0, 0 }, // U+001B
    { 0, 0, 0, 0, 0, 0, 0 }, // U+001C
    { 0, 0, 0, 0, 0, 0, 0 }, // U+001D
    { 0, 0, 0, 0, 0, 0, 0 }, // U+001E
    { 0, 0, 0, 0, 0, 0, 0 }, // U+001F
    { 0, 0, 77, 0, 0, 0, 0 }, // U+0020
    { 5, 17, 106, 1, 16, 11, 0 }, // !
    { 9, 8, 178, 1, 16, 9, 11 }, // "
    { 14, 16, 214, 0, 16, 28, 20 }, // #
    { 13, 21, 218, 0, 18, 35, 48 }, // $
    { 19, 17, 333, 1, 16, 41, 83 }, // %
    { 14, 17, 222, 0, 16, 30, 124 }, // &
    { 4, 8, 108, 1, 16, 4, 154 }, // '
    { 7, 20, 122, 1, 17, 18, 158 }, // (
    { 7, 20, 122, 0, 17, 18, 176 }, // )
    { 9, 10, 185, 1, 16, 12, 194 }, // *
    { 12, 12, 224, 1, 12, 18, 206 }, // +
    { 4, 8, 105, 1, 3, 4, 224 }, // ,
    { 8, 4, 154, 1, 8, 4, 228 }, // -
    { 5, 5, 105, 1, 4, 4, 232 }, // .
    { 8, 19, 128, 0, 16, 19, 236 }, // /
    { 14, 17, 223, 0, 16, 30, 255 }, // 0
    { 8, 16, 141, 0, 16, 16, 285 }, // 1
    { 11, 16, 207, 1, 16, 22, 301 }, // 2
    { 13, 17, 213, 0, 16, 28, 323 }, // 3
    { 14, 16, 224, 0, 16, 28, 351 }, // 4
    { 12, 17, 206, 0, 16, 26, 379 }, // 5
    { 13, 17, 214, 0, 16, 28, 405 }, // 6
    { 12, 16, 191, 0, 16, 24, 433 }, // 7
    { 13, 17, 214, 0, 16, 28, 457 }, // 8
    { 13, 17, 214, 0, 16, 28, 485 }, // 9
    { 5, 12, 105, 1, 11, 8, 513 }, // :
    { 5, 16, 107, 1, 11, 10, 521 }, // ;
    { 11, 12, 224, 1, 12, 17, 531 }, // <
    { 12, 8, 224, 1, 10, 12, 548 }, // =
    { 11, 12, 224, 2, 12, 17, 560 }, // >
    { 11, 17, 187, 0, 16, 24, 577 }, // ?
    { 21, 21, 338, 0, 16, 56, 601 }, // @
    { 15, 16, 246, 0, 16, 30, 657 }, // A
    { 12, 16, 219, 1, 16, 24, 687 }, // B
    { 15, 17, 246, 0, 16, 32, 711 }, // C
    { 14, 16, 239, 1, 16, 28, 743 }, // D
    { 11, 16, 202, 1, 16, 22, 771 }, // E
    { 11, 16, 195, 1, 16, 22, 793 }, // F
    { 15, 17, 249, 0, 16, 32, 815 }, // G
    { 14, 16, 247, 1, 16, 28, 847 }, // H
    { 4, 16, 92, 1, 16, 8, 875 }, // I
    { 11, 17, 193, 0, 16, 24, 883 }, // J
    { 14, 16, 237, 1, 16, 28, 907 }, // K
    { 11, 16, 188, 1, 16, 22, 935 }, // L
    { 17, 16, 308, 1, 16, 34, 957 }, // M
    { 14, 16, 251, 1, 16, 28, 991 }, // N
    { 16, 17, 255, 0, 16, 34, 1019 }, // O
    { 12, 16, 215, 1, 16, 24, 1053 }, // P
    { 16, 18, 257, 0, 16, 36, 1077 }, // Q
    { 13, 16, 218, 1, 16, 26, 1113 }, // R
    { 13, 17, 218, 0, 16, 28, 1139 }, // S
    { 14, 16, 220, 0, 16, 28, 1167 }, // T
    { 13, 17, 242, 1, 16, 28, 1195 }, // U
    { 15, 16, 246, 0, 16, 30, 1223 }, // V
    { 22, 16, 343, 0, 16, 44, 1253 }, // W
    { 15, 16, 243, 0, 16, 30, 1297 }, // X
    { 15, 16, 240, 0, 16, 30, 1327 }, // Y
    { 12, 16, 219, 1, 16, 24, 1357 }, // Z
    { 6, 20, 122, 1, 17, 15, 1381 }, // [
    { 8, 19, 128, 0, 16, 19, 1396 }, // <backslash>
    { 6, 20, 122, 0, 17, 15, 1415 }, // ]
    { 10, 7, 160, 0, 15, 9, 1430 }, // ^
    { 10, 3, 159, 0, 0, 4, 1439 }, // _
    { 5, 4, 117, 1, 16, 3, 1443 }, // `
    { 11, 13, 191, 0, 12, 18, 1446 }, // a
    { 12, 17, 208, 1, 16, 26, 1464 }, // b
    { 12, 13, 194, 0, 12, 20, 1490 }, // c
    { 12, 17, 208, 0, 16, 26, 1510 }, // d
    { 12, 13, 196, 0, 12, 20, 1536 }, // e
    { 8, 16, 131, 0, 16, 16, 1556 }, // f
    { 12, 17, 208, 0, 12, 26, 1572 }, // g
    { 11, 16, 205, 1, 16, 22, 1598 }, // h
    { 4, 16, 89, 1, 16, 8, 1620 }, // i
    { 6, 21, 89, -1, 16, 16, 1628 }, // j
    { 11, 16, 191, 1, 16, 22, 1644 }, // k
    { 4, 16, 89, 1, 16, 8, 1666 }, // l
    { 17, 12, 302, 1, 12, 26, 1674 }, // m
    { 11, 12, 205, 1, 12, 17, 1700 }, // n
    { 12, 13, 202, 0, 12, 20, 1717 }, // o
    { 12, 17, 208, 1, 12, 26, 1737 }, // p
    { 12, 17, 208, 0, 12, 26, 1763 }, // q
    { 7, 12, 133, 1, 12, 11, 1789 }, // r
    { 11, 13, 184, 0, 12, 18, 1800 }, // s
    { 8, 15, 122, 0, 14, 15, 1818 }, // t
    { 11, 13, 205, 1, 12, 18, 1833 }, // u
    { 12, 12, 196, 0, 12, 18, 1851 }, // v
    { 18, 12, 281, 0, 12, 27, 1869 }, // w
    { 12, 12, 190, 0, 12, 18, 1896 }, // x
    { 13, 17, 197, 0, 12, 28, 1914 }, // y
    { 10, 12, 187, 1, 12, 15, 1942 }, // z
    { 8, 20, 154, 1, 17, 20, 1957 }, // {
    { 4, 26, 122, 2, 21, 13, 1977 }, // |
    { 9, 20, 154, 0, 17, 23, 1990 }, // }
    { 12, 6, 224, 1, 9, 9, 2013 }, // ~
    { 0, 0, 0, 0, 0, 0, 2022 }, // U+007F
    { 0, 0, 0, 0, 0, 0, 2022 }, // U+0080
    { 0, 0, 0, 0, 0, 0, 2022 }, // U+0081
    { 0, 0, 0, 0, 0, 0, 2022 }, // U+0082
    { 0, 0, 0, 0, 0, 0, 2022 }, // U+0083
    { 0, 0, 0, 0, 0, 0, 2022 }, // U+0084
    { 0, 0, 0, 0, 0, 0, 2022 }, // U+0085
    { 0, 0, 0, 0, 0, 0, 2022 }, // U+0086
    { 0, 0, 0, 0, 0, 0, 2022 }, // U+0087
    { 0, 0, 0, 0, 0, 0, 2022 }, // U+0088
    { 0, 0, 0, 0, 0, 0, 2022 }, // U+0089
    { 0, 0, 0, 0, 0, 0, 2022 }, // U+008A
    { 0, 0, 0, 0, 0, 0, 2022 }, // U+008B
    { 0, 0, 0, 0, 0, 0, 2022 }, // U+008C
    { 0, 0, 0, 0, 0, 0, 2022 }, // U+008D
    { 0, 0, 0, 0, 0, 0, 2022 }, // U+008E
    { 0, 0, 0, 0, 0, 0, 2022 }, // U+008F
    { 0, 0, 0, 0, 0, 0, 2022 }, // U+0090
    { 0, 0, 0, 0, 0, 0, 2022 }, // U+0091
    { 0, 0, 0, 0, 0, 0, 2022 }, // U+0092
    { 0, 0, 0, 0, 0, 0, 2022 }, // U+0093
    { 0, 0, 0, 0, 0, 0, 2022 }, // U+0094
    { 0, 0, 0, 0, 0, 0, 2022 }, // U+0095
    { 0, 0, 0, 0, 0, 0, 2022 }, // U+0096
    { 0, 0, 0, 0, 0, 0, 2022 }, // U+0097
    { 0, 0, 0, 0, 0, 0, 2022 }, // U+0098
    { 0, 0, 0, 0, 0, 0, 2022 }, // U+0099
    { 0, 0, 0, 0, 0, 0, 2022 }, // U+009A
    { 0, 0, 0, 0, 0, 0, 2022 }, // U+009B
    { 0, 0, 0, 0, 0, 0, 2022 }, // U+009C
    { 0, 0, 0, 0, 0, 0, 2022 }, // U+009D
    { 0, 0, 0, 0, 0, 0, 2022 }, // U+009E
    { 0, 0, 0, 0, 0, 0, 2022 }, // U+009F
    { 0, 0, 77, 0, 0, 0, 2022 }, // U+00A0
    { 5, 16, 106, 1, 12, 10, 2022 }, // U+00A1
    { 12, 16, 194, 0, 16, 24, 2032 }, // U+00A2
    { 13, 16, 211, 0, 16, 26, 2056 }, // U+00A3
    { 14, 14, 252, 1, 13, 25, 2082 }, // U+00A4
    { 12, 16, 188, 0, 16, 24, 2107 }, // U+00A5
    { 3, 19, 111, 2, 16, 8, 2131 }, // U+00A6
    { 11, 20, 187, 0, 16, 28, 2139 }, // U+00A7
    { 9, 4, 205, 2, 16, 5, 2167 }, // U+00A8
    { 17, 17, 303, 1, 16, 37, 2172 }, // U+00A9
    { 9, 10, 153, 0, 16, 12, 2209 }, // U+00AA
    { 13, 10, 217, 0, 11, 17, 2221 }, // U+00AB
    { 10, 6, 224, 2, 8, 8, 2238 }, // U+00AC
    { 0, 0, 0, 0, 0, 0, 2246 }, // U+00AD
    { 13, 13, 219, 0, 16, 22, 2246 }, // U+00AE
    { 7, 3, 143, 1, 16, 3, 2268 }, // U+00AF
    { 8, 8, 151, 1, 16, 8, 2271 }, // U+00B0
    { 12, 12, 224, 1, 12, 18, 2279 }, // U+00B1
    { 9, 9, 149, 0, 18, 11, 2297 }, // U+00B2
    { 9, 10, 152, 0, 18, 12, 2308 }, // U+00B3
    { 5, 4, 117, 1, 16, 3, 2320 }, // U+00B4
    { 12, 17, 207, 1, 12, 26, 2323 }, // U+00B5
    { 12, 16, 198, 0, 16, 24, 2349 }, // U+00B6
    { 5, 5, 105, 1, 10, 4, 2373 }, // U+00B7
    { 5, 6, 120, 2, 1, 4, 2377 }, // U+00B8
    { 6, 9, 106, 0, 18, 7, 2381 }, // U+00B9
    { 10, 10, 161, 0, 16, 13, 2388 }, // U+00BA
    { 13, 10, 217, 0, 11, 17, 2401 }, // U+00BB
    { 17, 16, 278, 0, 16, 34, 2418 }, // U+00BC
    { 18, 16, 289, 0, 16, 36, 2452 }, // U+00BD
    { 19, 16, 303, 0, 16, 38, 2488 }, // U+00BE
    { 11, 17, 187, 0, 12, 24, 2526 }, // U+00BF
    { 15, 20, 246, 0, 20, 38, 2550 }, // U+00C0
    { 15, 20, 246, 0, 20, 38, 2588 }, // U+00C1
    { 15, 20, 246, 0, 20, 38, 2626 }, // U+00C2
    { 15, 20, 246, 0, 20, 38, 2664 }, // U+00C3
    { 15, 20, 246, 0, 20, 38, 2702 }, // U+00C4
    { 15, 21, 246, 0, 21, 40, 2740 }, // U+00C5
    { 21, 16, 340, 0, 16, 42, 2780 }, // U+00C6
    { 15, 21, 246, 0, 16, 40, 2822 }, // U+00C7
    { 11, 20, 202, 1, 20, 28, 2862 }, // U+00C8
    { 11, 20, 202, 1, 20, 28, 2890 }, // U+00C9
    { 11, 20, 202, 1, 20, 28, 2918 }, // U+00CA
    { 11, 20, 202, 1, 20, 28, 2946 }, // U+00CB
    { 6, 20, 92, -1, 20, 15, 2974 }, // U+00CC
    { 6, 20, 92, 1, 20, 15, 2989 }, // U+00CD
    { 9, 20, 92, -2, 20, 23, 3004 }, // U+00CE
    { 8, 20, 92, -1, 20, 20, 3027 }, // U+00CF
    { 15, 16, 252, 0, 16, 30, 3047 }, // U+00D0
    { 14, 20, 251, 1, 20, 35, 3077 }, // U+00D1
    { 16, 21, 255, 0, 20, 42, 3112 }, // U+00D2
    { 16, 21, 255, 0, 20, 42, 3154 }, // U+00D3
    { 16, 21, 255, 0, 20, 42, 3196 }, // U+00D4
    { 16, 21, 255, 0, 20, 42, 3238 }, // U+00D5
    { 16, 21, 255, 0, 20, 42, 3280 }, // U+00D6
    { 12, 12, 224, 1, 12, 18, 3322 }, // U+00D7
    { 16, 17, 255, 0, 16, 34, 3340 }, // U+00D8
    { 13, 21, 242, 1, 20, 35, 3374 }, // U+00D9
    { 13, 21, 242, 1, 20, 35, 3409 }, // U+00DA
    { 13, 21, 242, 1, 20, 35, 3444 }, // U+00DB
    { 13, 21, 242, 1, 20, 35, 3479 }, // U+00DC
    { 15, 20, 240, 0, 20, 38, 3514 }, // U+00DD
    { 12, 16, 221, 1, 16, 24, 3552 }, // U+00DE
    { 12, 16, 217, 1, 16, 24, 3576 }, // U+00DF
    { 11, 17, 191, 0, 16, 24, 3600 }, // U+00E0
    { 11, 17, 191, 0, 16, 24, 3624 }, // U+00E1
    { 11, 17, 191, 0, 16, 24, 3648 }, // U+00E2
    { 11, 17, 191, 0, 16, 24, 3672 }, // U+00E3
    { 11, 17, 191, 0, 16, 24, 3696 }, // U+00E4
    { 11, 19, 191, 0, 18, 27, 3720 }, // U+00E5
    { 19, 13, 302, 0, 12, 31, 3747 }, // U+00E6
    { 12, 17, 194, 0, 12, 26, 3778 }, // U+00E7
    { 12, 17, 196, 0, 16, 26, 3804 }, // U+00E8
    { 12, 17, 196, 0, 16, 26, 3830 }, // U+00E9
    { 12, 17, 196, 0, 16, 26, 3856 }, // U+00EA
    { 12, 17, 196, 0, 16, 26, 3882 }, // U+00EB
    { 6, 16, 89, -1, 16, 12, 3908 }, // U+00EC
    { 5, 16, 89, 1, 16, 10, 3920 }, // U+00ED
    { 9, 16, 89, -2, 16, 18, 3930 }, // U+00EE
    { 9, 16, 89, -2, 16, 18, 3948 }, // U+00EF
    { 12, 17, 198, 0, 16, 26, 3966 }, // U+00F0
    { 11, 16, 205, 1, 16, 22, 3992 }, // U+00F1
    { 12, 17, 202, 0, 16, 26, 4014 }, // U+00F2
    { 12, 17, 202, 0, 16, 26, 4040 }, // U+00F3
    { 12, 17, 202, 0, 16, 26, 4066 }, // U+00F4
    { 12, 17, 202, 0, 16, 26, 4092 }, // U+00F5
    { 12, 17, 202, 0, 16, 26, 4118 }, // U+00F6
    { 12, 12, 224, 1, 12, 18, 4144 }, // U+00F7
    { 12, 13, 202, 0, 12, 20, 4162 }, // U+00F8
    { 11, 17, 205, 1, 16, 24, 4182 }, // U+00F9
    { 11, 17, 205, 1, 16, 24, 4206 }, // U+00FA
    { 11, 17, 205, 1, 16, 24, 4230 }, // U+00FB
    { 11, 17, 205, 1, 16, 24, 4254 }, // U+00FC
    { 13, 21, 197, 0, 16, 35, 4278 }, // U+00FD
    { 12, 21, 208, 1, 16, 32, 4313 }, // U+00FE
    { 13, 21, 197, 0, 16, 35, 4345 }, // U+00FF
    { 15, 20, 246, 0, 20, 38, 4380 }, // U+0100
    { 11, 17, 191, 0, 16, 24, 4418 }, // U+0101
    { 15, 20, 246, 0, 20, 38, 4442 }, // U+0102
    { 11, 17, 191, 0, 16, 24, 4480 }, // U+0103
    { 16, 21, 246, 0, 16, 42, 4504 }, // U+0104
    { 12, 17, 191, 0, 12, 26, 4546 }, // U+0105
    { 15, 21, 246, 0, 20, 40, 4572 }, // U+0106
    { 12, 17, 194, 0, 16, 26, 4612 }, // U+0107
    { 15, 21, 246, 0, 20, 40, 4638 }, // U+0108
    { 12, 17, 194, 0, 16, 26, 4678 }, // U+0109
    { 15, 21, 246, 0, 20, 40, 4704 }, // U+010A
    { 12, 17, 194, 0, 16, 26, 4744 }, // U+010B
    { 15, 21, 246, 0, 20, 40, 4770 }, // U+010C
    { 12, 17, 194, 0, 16, 26, 4810 }, // U+010D
    { 14, 20, 239, 1, 20, 35, 4836 }, // U+010E
    { 16, 17, 249, 0, 16, 34, 4871 }, // U+010F
    { 15, 16, 252, 0, 16, 30, 4905 }, // U+0110
    { 14, 17, 208, 0, 16, 30, 4935 }, // U+0111
    { 11, 20, 202, 1, 20, 28, 4965 }, // U+0112
    { 12, 17, 196, 0, 16, 26, 4993 }, // U+0113
    { 11, 20, 202, 1, 20, 28, 5019 }, // U+0114
    { 12, 17, 196, 0, 16, 26, 5047 }, // U+0115
    { 11, 20, 202, 1, 20, 28, 5073 }, // U+0116
    { 12, 17, 196, 0, 16, 26, 5101 }, // U+0117
    { 12, 21, 202, 1, 16, 32, 5127 }, // U+0118
    { 12, 17, 196, 0, 12, 26, 5159 }, // U+0119
    { 11, 20, 202, 1, 20, 28, 5185 }, // U+011A
    { 12, 17, 196, 0, 16, 26, 5213 }, // U+011B
    { 15, 21, 249, 0, 20, 40, 5239 }, // U+011C
    { 12, 21, 208, 0, 16, 32, 5279 }, // U+011D
    { 15, 21, 249, 0, 20, 40, 5311 }, // U+011E
    { 12, 21, 208, 0, 16, 32, 5351 }, // U+011F
    { 15, 21, 249, 0, 20, 40, 5383 }, // U+0120
    { 12, 21, 208, 0, 16, 32, 5423 }, // U+0121
    { 15, 21, 249, 0, 16, 40, 5455 }, // U+0122
    { 12, 23, 208, 0, 18, 35, 5495 }, // U+0123
    { 14, 20, 247, 1, 20, 35, 5530 }, // U+0124
    { 14, 20, 205, -2, 20, 35, 5565 }, // U+0125
    { 16, 16, 267, 0, 16, 32, 5600 }, // U+0126
    { 13, 16, 205, -1, 16, 26, 5632 }, // U+0127
    { 8, 20, 92, -1, 20, 20, 5658 }, // U+0128
    { 8, 16, 89, -1, 16, 16, 5678 }, // U+0129
    { 7, 20, 92, -1, 20, 18, 5694 }, // U+012A
    { 7, 16, 89, -1, 16, 14, 5712 }, // U+012B
    { 8, 20, 92, -1, 20, 20, 5726 }, // U+012C
    { 8, 16, 89, -1, 16, 16, 5746 }, // U+012D
    { 5, 21, 92, 0, 16, 14, 5762 }, // U+012E
    { 6, 21, 89, -1, 16, 16, 5776 }, // U+012F
    { 4, 20, 92, 1, 20, 10, 5792 }, // U+0130
    { 4, 12, 89, 1, 12, 6, 5802 }, // U+0131
    { 16, 17, 285, 1, 16, 34, 5808 }, // U+0132
    { 9, 21, 177, 1, 16, 24, 5842 }, // U+0133
    { 14, 21, 193, 0, 20, 37, 5866 }, // U+0134
    { 9, 21, 89, -2, 16, 24, 5903 }, // U+0135
    { 14, 21, 237, 1, 16, 37, 5927 }, // U+0136
    { 11, 21, 191, 1, 16, 29, 5964 }, // U+0137
    { 12, 12, 193, 1, 12, 18, 5993 }, // U+0138
    { 11, 20, 188, 1, 20, 28, 6011 }, // U+0139
    { 5, 20, 89, 1, 20, 13, 6039 }, // U+013A
    { 11, 21, 188, 1, 16, 29, 6052 }, // U+013B
    { 5, 21, 89, 0, 16, 14, 6081 }, // U+013C
    { 11, 16, 188, 1, 16, 22, 6095 }, // U+013D
    { 7, 16, 130, 1, 16, 14, 6117 }, // U+013E
    { 11, 16, 191, 1, 16, 22, 6131 }, // U+013F
    { 9, 16, 147, 1, 16, 18, 6153 }, // U+0140
    { 12, 16, 201, 0, 16, 24, 6171 }, // U+0141
    { 7, 16, 89, -1, 16, 14, 6195 }, // U+0142
    { 14, 20, 251, 1, 20, 35, 6209 }, // U+0143
    { 11, 16, 205, 1, 16, 22, 6244 }, // U+0144
    { 14, 21, 251, 1, 16, 37, 6266 }, // U+0145
    { 11, 17, 205, 1, 12, 24, 6303 }, // U+0146
    { 14, 20, 251, 1, 20, 35, 6327 }, // U+0147
    { 11, 16, 205, 1, 16, 22, 6362 }, // U+0148
    { 14, 21, 251, 1, 16, 37, 6384 }, // U+014A
    { 11, 17, 205, 1, 12, 24, 6421 }, // U+014B
    { 16, 21, 255, 0, 20, 42, 6445 }, // U+014C
    { 12, 17, 202, 0, 16, 26, 6487 }, // U+014D
    { 16, 21, 255, 0, 20, 42, 6513 }, // U+014E
    { 12, 17, 202, 0, 16, 26, 6555 }, // U+014F
    { 16, 21, 255, 0, 20, 42, 6581 }, // U+0150
    { 12, 17, 202, 0, 16, 26, 6623 }, // U+0151
    { 21, 16, 340, 0, 16, 42, 6649 }, // U+0152
    { 20, 13, 326, 0, 12, 33, 6691 }, // U+0153
    { 13, 20, 218, 1, 20, 33, 6724 }, // U+0154
    { 7, 16, 133, 1, 16, 14, 6757 }, // U+0155
    { 13, 21, 218, 1, 16, 35, 6771 }, // U+0156
    { 8, 17, 133, 0, 12, 17, 6806 }, // U+0157
    { 13, 20, 218, 1, 20, 33, 6823 }, // U+0158
    { 9, 16, 133, 0, 16, 18, 6856 }, // U+0159
    { 13, 21, 218, 0, 20, 35, 6874 }, // U+015A
    { 11, 17, 184, 0, 16, 24, 6909 }, // U+015B
    { 13, 21, 218, 0, 20, 35, 6933 }, // U+015C
    { 11, 17, 184, 0, 16, 24, 6968 }, // U+015D
    { 13, 21, 218, 0, 16, 35, 6992 }, // U+015E
    { 11, 17, 184, 0, 12, 24, 7027 }, // U+015F
    { 13, 21, 218, 0, 20, 35, 7051 }, // U+0160
    { 11, 17, 184, 0, 16, 24, 7086 }, // U+0161
    { 14, 21, 220, 0, 16, 37, 7110 }, // U+0162
    { 8, 19, 122, 0, 14, 19, 7147 }, // U+0163
    { 14, 20, 220, 0, 20, 35, 7166 }, // U+0164
    { 9, 18, 147, 0, 17, 21, 7201 }, // U+0165
    { 14, 16, 220, 0, 16, 28, 7222 }, // U+0166
    { 8, 15, 122, 0, 14, 15, 7250 }, // U+0167
    { 13, 21, 242, 1, 20, 35, 7265 }, // U+0168
    { 11, 17, 205, 1, 16, 24, 7300 }, // U+0169
    { 13, 21, 242, 1, 20, 35, 7324 }, // U+016A
    { 11, 17, 205, 1, 16, 24, 7359 }, // U+016B
    { 13, 21, 242, 1, 20, 35, 7383 }, // U+016C
    { 11, 17, 205, 1, 16, 24, 7418 }, // U+016D
    { 13, 22, 242, 1, 21, 36, 7442 }, // U+016E
    { 11, 19, 205, 1, 18, 27, 7478 }, // U+016F
    { 13, 21, 242, 1, 20, 35, 7505 }, // U+0170
    { 11, 17, 205, 1, 16, 24, 7540 }, // U+0171
    { 13, 21, 242, 1, 16, 35, 7564 }, // U+0172
    { 11, 17, 205, 1, 12, 24, 7599 }, // U+0173
    { 22, 20, 343, 0, 20, 55, 7623 }, // U+0174
    { 18, 16, 281, 0, 16, 36, 7678 }, // U+0175
    { 15, 20, 240, 0, 20, 38, 7714 }, // U+0176
    { 13, 21, 197, 0, 16, 35, 7752 }, // U+0177
    { 15, 20, 240, 0, 20, 38, 7787 }, // U+0178
    { 12, 20, 219, 1, 20, 30, 7825 }, // U+0179
    { 10, 16, 187, 1, 16, 20, 7855 }, // U+017A
    { 12, 20, 219, 1, 20, 30, 7875 }, // U+017B
    { 10, 16, 187, 1, 16, 20, 7905 }, // U+017C
    { 12, 20, 219, 1, 20, 30, 7925 }, // U+017D
    { 10, 16, 187, 1, 16, 20, 7955 }, // U+017E
    { 6, 16, 111, 1, 16, 12, 7975 }, // U+017F
    { 16, 19, 257, 0, 18, 38, 7987 }, // U+01A0
    { 13, 15, 202, 0, 14, 25, 8025 }, // U+01A1
    { 15, 19, 241, 1, 18, 36, 8050 }, // U+01AF
    { 13, 15, 219, 1, 14, 25, 8086 }, // U+01B0
    { 25, 16, 426, 1, 16, 50, 8111 }, // U+01C5
    { 24, 17, 395, 0, 16, 51, 8161 }, // U+01C6
    { 22, 17, 381, 1, 16, 47, 8212 }, // U+01C7
    { 16, 21, 276, 1, 16, 42, 8259 }, // U+01C8
    { 9, 21, 177, 1, 16, 24, 8301 }, // U+01C9
    { 26, 17, 444, 1, 16, 56, 8325 }, // U+01CA
    { 20, 21, 340, 1, 16, 53, 8381 }, // U+01CB
    { 17, 21, 293, 1, 16, 45, 8434 }, // U+01CC
    { 15, 20, 246, 0, 20, 38, 8479 }, // U+01CD
    { 11, 17, 191, 0, 16, 24, 8517 }, // U+01CE
    { 9, 20, 92, -2, 20, 23, 8541 }, // U+01CF
    { 9, 16, 89, -2, 16, 18, 8564 }, // U+01D0
    { 16, 21, 255, 0, 20, 42, 8582 }, // U+01D1
    { 12, 17, 202, 0, 16, 26, 8624 }, // U+01D2
    { 13, 21, 242, 1, 20, 35, 8650 }, // U+01D3
    { 11, 17, 205, 1, 16, 24, 8685 }, // U+01D4
    { 13, 24, 242, 1, 23, 39, 8709 }, // U+01D5
    { 11, 20, 205, 1, 19, 28, 8748 }, // U+01D6
    { 13, 25, 242, 1, 24, 41, 8776 }, // U+01D7
    { 11, 21, 205, 1, 20, 29, 8817 }, // U+01D8
    { 13, 25, 242, 1, 24, 41, 8846 }, // U+01D9
    { 11, 21, 205, 1, 20, 29, 8887 }, // U+01DA
    { 13, 25, 242, 1, 24, 41, 8916 }, // U+01DB
    { 11, 21, 205, 1, 20, 29, 8957 }, // U+01DC
    { 12, 13, 196, 0, 12, 20, 8986 }, // U+01DD
    { 15, 23, 246, 0, 23, 44, 9006 }, // U+01DE
    { 11, 20, 191, 0, 19, 28, 9050 }, // U+01DF
    { 15, 23, 246, 0, 23, 44, 9078 }, // U+01E0
    { 11, 20, 191, 0, 19, 28, 9122 }, // U+01E1
    { 21, 20, 340, 0, 20, 53, 9150 }, // U+01E2
    { 19, 17, 302, 0, 16, 41, 9203 }, // U+01E3
    { 16, 17, 249, 0, 16, 34, 9244 }, // U+01E4
    { 14, 17, 227, 0, 12, 30, 9278 }, // U+01E5
    { 15, 21, 249, 0, 20, 40, 9308 }, // U+01E6
    { 12, 21, 208, 0, 16, 32, 9348 }, // U+01E7
    { 14, 20, 237, 1, 20, 35, 9380 }, // U+01E8
    { 14, 20, 191, -2, 20, 35, 9415 }, // U+01E9
    { 16, 21, 255, 0, 16, 42, 9450 }, // U+01EA
    { 12, 17, 202, 0, 12, 26, 9492 }, // U+01EB
    { 16, 25, 255, 0, 20, 50, 9518 }, // U+01EC
    { 12, 21, 202, 0, 16, 32, 9568 }, // U+01ED
    { 14, 25, 227, 0, 20, 44, 9600 }, // U+01EE
    { 13, 21, 213, 0, 16, 35, 9644 }, // U+01EF
    { 9, 21, 89, -2, 16, 24, 9679 }, // U+01F0
    { 27, 16, 458, 1, 16, 54, 9703 }, // U+01F1
    { 25, 16, 426, 1, 16, 50, 9757 }, // U+01F2
    { 24, 17, 395, 0, 16, 51, 9807 }, // U+01F3
    { 15, 21, 249, 0, 20, 40, 9858 }, // U+01F4
    { 12, 21, 208, 0, 16, 32, 9898 }, // U+01F5
    { 21, 17, 370, 1, 16, 45, 9930 }, // U+01F6
    { 13, 21, 244, 1, 16, 35, 9975 }, // U+01F7
    { 14, 20, 251, 1, 20, 35, 10010 }, // U+01F8
    { 11, 16, 205, 1, 16, 22, 10045 }, // U+01F9
    { 15, 24, 246, 0, 24, 45, 10067 }, // U+01FA
    { 11, 21, 191, 0, 20, 29, 10112 }, // U+01FB
    { 21, 20, 340, 0, 20, 53, 10141 }, // U+01FC
    { 19, 17, 302, 0, 16, 41, 10194 }, // U+01FD
    { 16, 21, 255, 0, 20, 42, 10235 }, // U+01FE
    { 12, 17, 202, 0, 16, 26, 10277 }, // U+01FF
    { 15, 20, 246, 0, 20, 38, 10303 }, // U+0200
    { 11, 17, 191, 0, 16, 24, 10341 }, // U+0201
    { 15, 20, 246, 0, 20, 38, 10365 }, // U+0202
    { 11, 17, 191, 0, 16, 24, 10403 }, // U+0203
    { 11, 20, 202, 1, 20, 28, 10427 }, // U+0204
    { 12, 17, 196, 0, 16, 26, 10455 }, // U+0205
    { 11, 20, 202, 1, 20, 28, 10481 }, // U+0206
    { 12, 17, 196, 0, 16, 26, 10509 }, // U+0207
    { 9, 20, 92, -3, 20, 23, 10535 }, // U+0208
    { 9, 16, 89, -3, 16, 18, 10558 }, // U+0209
    { 8, 20, 92, -1, 20, 20, 10576 }, // U+020A
    { 8, 16, 89, -1, 16, 16, 10596 }, // U+020B
    { 16, 21, 255, 0, 20, 42, 10612 }, // U+020C
    { 12, 17, 202, 0, 16, 26, 10654 }, // U+020D
    { 16, 21, 255, 0, 20, 42, 10680 }, // U+020E
    { 12, 17, 202, 0, 16, 26, 10722 }, // U+020F
    { 13, 20, 218, 1, 20, 33, 10748 }, // U+0210
    { 9, 16, 133, -1, 16, 18, 10781 }, // U+0211
    { 13, 20, 218, 1, 20, 33, 10799 }, // U+0212
    { 8, 16, 133, 1, 16, 16, 10832 }, // U+0213
    { 13, 21, 242, 1, 20, 35, 10848 }, // U+0214
    { 11, 17, 205, 1, 16, 24, 10883 }, // U+0215
    { 13, 21, 242, 1, 20, 35, 10907 }, // U+0216
    { 11, 17, 205, 1, 16, 24, 10942 }, // U+0217
    { 13, 21, 218, 0, 16, 35, 10966 }, // U+0218
    { 11, 17, 184, 0, 12, 24, 11001 }, // U+0219
    { 14, 21, 220, 0, 16, 37, 11025 }, // U+021A
    { 8, 19, 122, 0, 14, 19, 11062 }, // U+021B
    { 12, 21, 221, 1, 16, 32, 11081 }, // U+021C
    { 10, 17, 190, 1, 12, 22, 11113 }, // U+021D
    { 14, 20, 247, 1, 20, 35, 11135 }, // U+021E
    { 14, 20, 205, -2, 20, 35, 11170 }, // U+021F
    { 5, 4, 0, 1, 16, 3, 11205 }, // U+0300
    { 5, 4, 0, 1, 16, 3, 11208 }, // U+0301
    { 9, 4, 0, 0, 16, 5, 11211 }, // U+0302
    { 8, 4, 0, 1, 16, 4, 11216 }, // U+0303
    { 7, 3, 0, 1, 16, 3, 11220 }, // U+0304
    { 8, 4, 0, 0, 16, 4, 11223 }, // U+0306
    { 4, 4, 0, 1, 16, 2, 11227 }, // U+0307
    { 9, 4, 0, 2, 16, 5, 11229 }, // U+0308
    { 4, 4, 0, 1, 16, 2, 11234 }, // U+0309
    { 6, 6, 0, 1, 18, 5, 11236 }, // U+030A
    { 10, 5, 0, -4, 17, 7, 11241 }, // U+030B
    { 9, 4, 0, 0, 16, 5, 11248 }, // U+030C
    { 9, 4, 0, 1, 16, 5, 11253 }, // U+030F
    { 5, 6, 0, -2, 15, 4, 11258 }, // U+0312
    { 5, 7, 0, 4, 10, 5, 11262 }, // U+0313
    { 5, 7, 0, 4, 10, 5, 11267 }, // U+0315
    { 4, 6, 0, -5, 16, 3, 11272 }, // U+031B
    { 4, 4, 94, 1, -1, 2, 11275 }, // U+0323
    { 4, 5, 0, -9, -1, 3, 11277 }, // U+0326
    { 5, 6, 0, 2, 1, 4, 11280 }, // U+0327
    { 6, 6, 0, 0, 1, 5, 11284 }, // U+0328
    { 9, 4, 0, 0, -1, 5, 11289 }, // U+032C
    { 9, 15, 0, -11, 13, 17, 11294 }, // U+0337
    { 13, 17, 0, -13, 16, 28, 11311 }, // U+0338
    { 8, 4, 0, -11, 16, 4, 11339 }, // U+0342
    { 5, 4, 0, 0, 13, 3, 11343 }, // U+0343
    { 9, 5, 0, -11, 17, 6, 11346 }, // U+0346
    { 8, 6, 0, -10, -2, 6, 11352 }, // U+0347
    { 6, 6, 0, -9, 0, 5, 11358 }, // U+0348
    { 5, 5, 0, -9, -1, 4, 11363 }, // U+0349
    { 9, 6, 0, -11, 17, 7, 11367 }, // U+034A
    { 9, 10, 0, -11, 21, 12, 11374 }, // U+034B
    { 9, 6, 0, -11, 18, 7, 11386 }, // U+034C
    { 11, 5, 0, -12, -1, 7, 11393 }, // U+034D
    { 5, 6, 0, -9, 0, 4, 11400 }, // U+034E
    { 0, 0, 0, 0, 0, 0, 11404 }, // U+034F
    { 9, 9, 0, -10, 21, 11, 11404 }, // U+0350
    { 3, 5, 0, -8, 16, 2, 11415 }, // U+0351
    { 8, 8, 0, -11, 19, 8, 11417 }, // U+0352
    { 6, 6, 0, -9, 0, 5, 11425 }, // U+0353
    { 6, 6, 0, -9, 0, 5, 11430 }, // U+0354
    { 7, 6, 0, -10, 0, 6, 11435 }, // U+0355
    { 12, 6, 0, -11, 0, 9, 11441 }, // U+0356
    { 4, 6, 0, 0, 18, 3, 11450 }, // U+0357
    { 4, 4, 0, 1, 16, 2, 11453 }, // U+0358
    { 5, 6, 0, -9, 0, 4, 11455 }, // U+0359
    { 9, 5, 0, -11, 0, 6, 11459 }, // U+035A
    { 5, 5, 0, -9, 17, 4, 11465 }, // U+035B
    { 16, 5, 0, -9, 0, 10, 11469 }, // U+035C
    { 17, 5, 0, -9, 16, 11, 11479 }, // U+035D
    { 13, 3, 0, -13, 16, 5, 11490 }, // U+035E
    { 13, 3, 0, -13, -1, 5, 11495 }, // U+035F
    { 22, 4, 0, -12, 16, 11, 11500 }, // U+0360
    { 17, 5, 0, -9, 16, 11, 11511 }, // U+0361
    { 19, 5, 0, -9, -1, 12, 11522 }, // U+0362
    { 7, 6, 0, -10, 18, 6, 11534 }, // U+0363
    { 7, 6, 0, -10, 18, 6, 11540 }, // U+0364
    { 3, 9, 0, -8, 21, 4, 11546 }, // U+0365
    { 7, 6, 0, -10, 18, 6, 11550 }, // U+0366
    { 7, 6, 0, -10, 18, 6, 11556 }, // U+0367
    { 6, 6, 0, -10, 18, 5, 11562 }, // U+0368
    { 7, 9, 0, -10, 21, 8, 11567 }, // U+0369
    { 7, 9, 0, -10, 21, 8, 11575 }, // U+036A
    { 9, 6, 0, -11, 18, 7, 11583 }, // U+036B
    { 4, 6, 0, -8, 18, 3, 11590 }, // U+036C
    { 4, 8, 0, 0, 20, 4, 11593 }, // U+036D
    { 7, 6, 0, -10, 18, 6, 11597 }, // U+036E
    { 7, 6, 0, -10, 18, 6, 11603 }, // U+036F
    { 4, 8, 96, 1, 16, 4, 11609 }, // U+0374
    { 4, 5, 96, 1, 0, 3, 11613 }, // U+0375
    { 14, 16, 251, 1, 16, 28, 11616 }, // U+0376
    { 4, 4, 96, 1, -1, 2, 11644 }, // U+037A
    { 12, 13, 194, 0, 12, 20, 11646 }, // U+037B
    { 12, 13, 194, 0, 12, 20, 11666 }, // U+037C
    { 12, 13, 194, 0, 12, 20, 11686 }, // U+037D
    { 5, 16, 107, 1, 11, 10, 11706 }, // U+037E
    { 11, 17, 193, 0, 16, 24, 11716 }, // U+037F
    { 4, 4, 111, 2, 16, 2, 11740 }, // U+0384
    { 11, 6, 236, 2, 18, 9, 11742 }, // U+0385
    { 15, 16, 246, 0, 16, 30, 11751 }, // U+0386
    { 5, 5, 105, 1, 12, 4, 11781 }, // U+0387
    { 16, 16, 262, 0, 16, 32, 11785 }, // U+0388
    { 18, 16, 307, 0, 16, 36, 11817 }, // U+0389
    { 9, 16, 152, 0, 16, 18, 11853 }, // U+038A
    { 18, 17, 301, 0, 16, 39, 11871 }, // U+038C
    { 20, 16, 315, 0, 16, 40, 11910 }, // U+038E
    { 18, 16, 303, 0, 16, 36, 11950 }, // U+038F
    { 8, 21, 100, -1, 20, 21, 11986 }, // U+0390
    { 15, 16, 246, 0, 16, 30, 12007 }, // U+0391
    { 12, 16, 219, 1, 16, 24, 12037 }, // U+0392
    { 11, 16, 192, 1, 16, 22, 12061 }, // U+0393
    { 15, 16, 244, 0, 16, 30, 12083 }, // U+0394
    { 11, 16, 202, 1, 16, 22, 12113 }, // U+0395
    { 12, 16, 219, 1, 16, 24, 12135 }, // U+0396
    { 14, 16, 247, 1, 16, 28, 12159 }, // U+0397
    { 16, 17, 255, 0, 16, 34, 12187 }, // U+0398
    { 4, 16, 92, 1, 16, 8, 12221 }, // U+0399
    { 14, 16, 237, 1, 16, 28, 12229 }, // U+039A
    { 15, 16, 246, 0, 16, 30, 12257 }, // U+039B
    { 17, 16, 308, 1, 16, 34, 12287 }, // U+039C
    { 14, 16, 251, 1, 16, 28, 12321 }, // U+039D
    { 13, 16, 226, 1, 16, 26, 12349 }, // U+039E
    { 16, 17, 255, 0, 16, 34, 12375 }, // U+039F
    { 14, 16, 247, 1, 16, 28, 12409 }, // U+03A0
    { 12, 16, 215, 1, 16, 24, 12437 }, // U+03A1
    { 13, 16, 228, 1, 16, 26, 12461 }, // U+03A3
    { 14, 16, 220, 0, 16, 28, 12487 }, // U+03A4
    { 15, 16, 240, 0, 16, 30, 12515 }, // U+03A5
    { 18, 17, 296, 0, 16, 39, 12545 }, // U+03A6
    { 15, 16, 243, 0, 16, 30, 12584 }, // U+03A7
    { 17, 16, 296, 1, 16, 34, 12614 }, // U+03A8
    { 16, 16, 258, 0, 16, 32, 12648 }, // U+03A9
    { 8, 20, 92, -1, 20, 20, 12680 }, // U+03AA
    { 15, 20, 240, 0, 20, 38, 12700 }, // U+03AB
    { 14, 17, 229, 0, 16, 30, 12738 }, // U+03AC
    { 11, 17, 183, 0, 16, 24, 12768 }, // U+03AD
    { 11, 21, 205, 1, 16, 29, 12792 }, // U+03AE
    { 6, 17, 100, 1, 16, 13, 12821 }, // U+03AF
    { 11, 19, 205, 1, 18, 27, 12834 }, // U+03B0
    { 14, 13, 229, 0, 12, 23, 12861 }, // U+03B1
    { 11, 21, 201, 1, 16, 29, 12884 }, // U+03B2
    { 12, 17, 196, 0, 12, 26, 12913 }, // U+03B3
    { 12, 17, 200, 0, 16, 26, 12939 }, // U+03B4
    { 11, 13, 183, 0, 12, 18, 12965 }, // U+03B5
    { 11, 19, 176, 0, 16, 27, 12983 }, // U+03B6
    { 11, 17, 205, 1, 12, 24, 13010 }, // U+03B7
    { 13, 17, 207, 0, 16, 28, 13034 }, // U+03B8
    { 6, 13, 100, 1, 12, 10, 13062 }, // U+03B9
    { 12, 12, 193, 1, 12, 18, 13072 }, // U+03BA
    { 14, 17, 221, 0, 16, 30, 13090 }, // U+03BB
    { 12, 17, 207, 1, 12, 26, 13120 }, // U+03BC
    { 13, 12, 201, 0, 12, 20, 13146 }, // U+03BD
    { 11, 19, 183, 0, 16, 27, 13166 }, // U+03BE
    { 12, 13, 202, 0, 12, 20, 13193 }, // U+03BF
    { 13, 13, 213, 0, 12, 22, 13213 }, // U+03C0
    { 12, 17, 208, 1, 12, 26, 13235 }, // U+03C1
    { 12, 15, 193, 0, 12, 23, 13261 }, // U+03C2
    { 14, 13, 215, 0, 12, 23, 13284 }, // U+03C3
    { 11, 13, 170, 0, 12, 18, 13307 }, // U+03C4
    { 11, 13, 205, 1, 12, 18, 13325 }, // U+03C5
    { 16, 17, 265, 0, 12, 34, 13343 }, // U+03C6
    { 13, 17, 198, 0, 12, 28, 13377 }, // U+03C7
    { 15, 19, 275, 1, 14, 36, 13405 }, // U+03C8
    { 17, 13, 276, 0, 12, 28, 13441 }, // U+03C9
    { 9, 17, 100, -2, 16, 20, 13469 }, // U+03CA
    { 11, 17, 205, 1, 16, 24, 13489 }, // U+03CB
    { 12, 17, 202, 0, 16, 26, 13513 }, // U+03CC
    { 11, 17, 205, 1, 16, 24, 13539 }, // U+03CD
    { 17, 17, 276, 0, 16, 37, 13563 }, // U+03CE
    { 14, 21, 237, 1, 16, 37, 13600 }, // U+03CF
    { 12, 17, 221, 1, 16, 26, 13637 }, // U+03D0
    { 12, 17, 221, 1, 16, 26, 13663 }, // U+03D1
    { 14, 16, 234, 0, 16, 28, 13689 }, // U+03D2
    { 19, 16, 303, 0, 16, 38, 13717 }, // U+03D3
    { 14, 20, 234, 0, 20, 35, 13755 }, // U+03D4
    { 15, 21, 248, 0, 16, 40, 13790 }, // U+03D5
    { 19, 13, 307, 0, 12, 31, 13830 }, // U+03D6
    { 12, 17, 193, 1, 12, 26, 13861 }, // U+03D7
    { 11, 16, 199, 1, 16, 22, 13887 }, // U+03DC
    { 10, 17, 177, 1, 12, 22, 13909 }, // U+03DD
    { 14, 13, 252, 1, 12, 23, 13931 }, // U+03F0
    { 12, 17, 221, 1, 12, 26, 13954 }, // U+03F1
    { 12, 13, 194, 0, 12, 20, 13980 }, // U+03F2
    { 6, 21, 89, -1, 16, 16, 14000 }, // U+03F3
    { 16, 17, 255, 0, 16, 34, 14016 }, // U+03F4
    { 10, 13, 158, 0, 12, 17, 14050 }, // U+03F5
    { 10, 13, 158, 0, 12, 17, 14067 }, // U+03F6
    { 15, 17, 246, 0, 16, 32, 14084 }, // U+03F9
    { 17, 16, 308, 1, 16, 34, 14116 }, // U+03FA
    { 14, 17, 208, -1, 12, 30, 14150 }, // U+03FC
    { 15, 17, 246, 0, 16, 32, 14180 }, // U+03FD
    { 15, 17, 246, 0, 16, 32, 14212 }, // U+03FE
    { 15, 17, 246, 0, 16, 32, 14244 }, // U+03FF
    { 11, 20, 202, 1, 20, 28, 14276 }, // U+0400
    { 11, 20, 202, 1, 20, 28, 14304 }, // U+0401
    { 17, 18, 284, 0, 16, 39, 14332 }, // U+0402
    { 11, 20, 192, 1, 20, 28, 14371 }, // U+0403
    { 15, 17, 246, 0, 16, 32, 14399 }, // U+0404
    { 13, 17, 218, 0, 16, 28, 14431 }, // U+0405
    { 4, 16, 92, 1, 16, 8, 14459 }, // U+0406
    { 8, 20, 92, -1, 20, 20, 14467 }, // U+0407
    { 11, 17, 193, 0, 16, 24, 14487 }, // U+0408
    { 23, 16, 370, 0, 16, 46, 14511 }, // U+0409
    { 22, 16, 373, 1, 16, 44, 14557 }, // U+040A
    { 18, 16, 296, 0, 16, 36, 14601 }, // U+040B
    { 14, 20, 237, 1, 20, 35, 14637 }, // U+040C
    { 14, 20, 251, 1, 20, 35, 14672 }, // U+040D
    { 14, 20, 228, 0, 20, 35, 14707 }, // U+040E
    { 13, 20, 241, 1, 16, 33, 14742 }, // U+040F
    { 15, 16, 246, 0, 16, 30, 14775 }, // U+0410
    { 12, 16, 214, 1, 16, 24, 14805 }, // U+0411
    { 12, 16, 219, 1, 16, 24, 14829 }, // U+0412
    { 11, 16, 192, 1, 16, 22, 14853 }, // U+0413
    { 18, 20, 285, 0, 16, 45, 14875 }, // U+0414
    { 11, 16, 202, 1, 16, 22, 14920 }, // U+0415
    { 22, 16, 351, 0, 16, 44, 14942 }, // U+0416
    { 13, 17, 213, 0, 16, 28, 14986 }, // U+0417
    { 14, 16, 251, 1, 16, 28, 15014 }, // U+0418
    { 14, 20, 251, 1, 20, 35, 15042 }, // U+0419
    { 14, 16, 237, 1, 16, 28, 15077 }, // U+041A
    { 15, 16, 248, 0, 16, 30, 15105 }, // U+041B
    { 17, 16, 308, 1, 16, 34, 15135 }, // U+041C
    { 14, 16, 247, 1, 16, 28, 15169 }, // U+041D
    { 16, 17, 255, 0, 16, 34, 15197 }, // U+041E
    { 14, 16, 247, 1, 16, 28, 15231 }, // U+041F
    { 12, 16, 215, 1, 16, 24, 15259 }, // U+0420
    { 15, 17, 246, 0, 16, 32, 15283 }, // U+0421
    { 14, 16, 220, 0, 16, 28, 15315 }, // U+0422
    { 14, 16, 228, 0, 16, 28, 15343 }, // U+0423
    { 17, 17, 277, 0, 16, 37, 15371 }, // U+0424
    { 15, 16, 243, 0, 16, 30, 15408 }, // U+0425
    { 15, 20, 254, 1, 16, 38, 15438 }, // U+0426
    { 13, 16, 234, 1, 16, 26, 15476 }, // U+0427
    { 19, 16, 328, 1, 16, 38, 15502 }, // U+0428
    { 20, 20, 337, 1, 16, 50, 15540 }, // U+0429
    { 17, 16, 275, 0, 16, 34, 15590 }, // U+042A
    { 17, 16, 303, 1, 16, 34, 15624 }, // U+042B
    { 12, 16, 219, 1, 16, 24, 15658 }, // U+042C
    { 15, 17, 246, 0, 16, 32, 15682 }, // U+042D
    { 20, 17, 346, 1, 16, 43, 15714 }, // U+042E
    { 13, 16, 218, 0, 16, 26, 15757 }, // U+042F
    { 11, 13, 191, 0, 12, 18, 15783 }, // U+0430
    { 12, 17, 201, 0, 16, 26, 15801 }, // U+0431
    { 11, 12, 189, 1, 12, 17, 15827 }, // U+0432
    { 8, 12, 150, 1, 12, 12, 15844 }, // U+0433
    { 14, 16, 219, 0, 12, 28, 15856 }, // U+0434
    { 12, 13, 196, 0, 12, 20, 15884 }, // U+0435
    { 18, 12, 286, 0, 12, 27, 15904 }, // U+0436
    { 11, 13, 171, 0, 12, 18, 15931 }, // U+0437
    { 11, 12, 206, 1, 12, 17, 15949 }, // U+0438
    { 11, 16, 206, 1, 16, 22, 15966 }, // U+0439
    { 11, 12, 192, 1, 12, 17, 15988 }, // U+043A
    { 12, 12, 200, 0, 12, 18, 16005 }, // U+043B
    { 15, 12, 268, 1, 12, 23, 16023 }, // U+043C
    { 11, 12, 205, 1, 12, 17, 16046 }, // U+043D
    { 12, 13, 202, 0, 12, 20, 16063 }, // U+043E
    { 11, 12, 202, 1, 12, 17, 16083 }, // U+043F
    { 12, 17, 208, 1, 12, 26, 16100 }, // U+0440
    { 12, 13, 194, 0, 12, 20, 16126 }, // U+0441
    { 11, 12, 170, 0, 12, 17, 16146 }, // U+0442
    { 13, 17, 197, 0, 12, 28, 16163 }, // U+0443
    { 16, 21, 256, 0, 16, 42, 16191 }, // U+0444
    { 12, 12, 190, 0, 12, 18, 16233 }, // U+0445
    { 12, 16, 217, 1, 12, 24, 16251 }, // U+0446
    { 11, 12, 199, 1, 12, 17, 16275 }, // U+0447
    { 16, 12, 285, 1, 12, 24, 16292 }, // U+0448
    { 18, 16, 294, 1, 12, 36, 16316 }, // U+0449
    { 14, 12, 223, 0, 12, 21, 16352 }, // U+044A
    { 15, 12, 264, 1, 12, 23, 16373 }, // U+044B
    { 11, 12, 193, 1, 12, 17, 16396 }, // U+044C
    { 12, 13, 194, 0, 12, 20, 16413 }, // U+044D
    { 17, 13, 286, 1, 12, 28, 16433 }, // U+044E
    { 11, 12, 191, 0, 12, 17, 16461 }, // U+044F
    { 12, 17, 196, 0, 16, 26, 16478 }, // U+0450
    { 12, 17, 196, 0, 16, 26, 16504 }, // U+0451
    { 13, 21, 205, -1, 16, 35, 16530 }, // U+0452
    { 8, 16, 150, 1, 16, 16, 16565 }, // U+0453
    { 12, 13, 194, 0, 12, 20, 16581 }, // U+0454
    { 11, 13, 184, 0, 12, 18, 16601 }, // U+0455
    { 4, 16, 89, 1, 16, 8, 16619 }, // U+0456
    { 9, 16, 89, -2, 16, 18, 16627 }, // U+0457
    { 6, 21, 89, -1, 16, 16, 16645 }, // U+0458
    { 19, 12, 311, 0, 12, 29, 16661 }, // U+0459
    { 18, 12, 305, 1, 12, 27, 16690 }, // U+045A
    { 13, 16, 205, -1, 16, 26, 16717 }, // U+045B
    { 11, 16, 192, 1, 16, 22, 16743 }, // U+045C
    { 11, 16, 206, 1, 16, 22, 16765 }, // U+045D
    { 13, 21, 197, 0, 16, 35, 16787 }, // U+045E
    { 11, 16, 202, 1, 12, 22, 16822 }, // U+045F
    { 18, 17, 324, 1, 16, 39, 16844 }, // U+0460
    { 16, 13, 292, 1, 12, 26, 16883 }, // U+0461
    { 14, 16, 236, 0, 16, 28, 16909 }, // U+0462
    { 13, 16, 212, 0, 16, 26, 16937 }, // U+0463
    { 19, 17, 332, 1, 16, 41, 16963 }, // U+0464
    { 16, 13, 274, 1, 12, 26, 17004 }, // U+0465
    { 15, 16, 246, 0, 16, 30, 17030 }, // U+0466
    { 12, 12, 195, 0, 12, 18, 17060 }, // U+0467
    { 20, 16, 329, 1, 16, 40, 17078 }, // U+0468
    { 16, 12, 276, 1, 12, 24, 17118 }, // U+0469
    { 17, 16, 292, 1, 16, 34, 17142 }, // U+046A
    { 14, 12, 248, 1, 12, 21, 17176 }, // U+046B
    { 23, 16, 393, 1, 16, 46, 17197 }, // U+046C
    { 20, 12, 338, 1, 12, 30, 17243 }, // U+046D
    { 10, 25, 188, 1, 20, 32, 17273 }, // U+046E
    { 10, 21, 179, 0, 16, 27, 17305 }, // U+046F
    { 17, 16, 296, 1, 16, 34, 17332 }, // U+0470
    { 15, 19, 275, 1, 14, 36, 17366 }, // U+0471
    { 16, 17, 255, 0, 16, 34, 17402 }, // U+0472
    { 12, 13, 202, 0, 12, 20, 17436 }, // U+0473
    { 16, 16, 250, 0, 16, 32, 17456 }, // U+0474
    { 13, 12, 203, 0, 12, 20, 17488 }, // U+0475
    { 16, 20, 250, 0, 20, 40, 17508 }, // U+0476
    { 13, 16, 203, 0, 16, 26, 17548 }, // U+0477
    { 28, 21, 452, 0, 16, 74, 17574 }, // U+0478
    { 25, 17, 393, 0, 12, 54, 17648 }, // U+0479
    { 14, 16, 238, 0, 16, 28, 17702 }, // U+0480
    { 12, 16, 193, 0, 12, 24, 17730 }, // U+0481
    { 12, 14, 221, 1, 14, 21, 17754 }, // U+0482
    { 9, 4, 0, -11, 16, 5, 17775 }, // U+0483
    { 8, 3, 0, -10, 16, 3, 17780 }, // U+0484
    { 3, 4, 0, -7, 17, 2, 17783 }, // U+0485
    { 3, 4, 0, -7, 17, 2, 17785 }, // U+0486
    { 9, 3, 0, -11, 16, 4, 17787 }, // U+0487
    { 21, 19, 0, -17, 15, 50, 17791 }, // U+0488
    { 20, 21, 0, -16, 16, 53, 17841 }, // U+0489
    { 15, 24, 251, 1, 20, 45, 17894 }, // U+048A
    { 13, 20, 206, 1, 16, 33, 17939 }, // U+048B
    { 14, 16, 236, 0, 16, 28, 17972 }, // U+048C
    { 13, 14, 212, 0, 14, 23, 18000 }, // U+048D
    { 12, 16, 218, 1, 16, 24, 18023 }, // U+048E
    { 12, 17, 202, 1, 12, 26, 18047 }, // U+048F
    { 11, 19, 192, 1, 19, 27, 18073 }, // U+0490
    { 8, 15, 150, 1, 15, 15, 18100 }, // U+0491
    { 13, 16, 192, -1, 16, 26, 18115 }, // U+0492
    { 10, 12, 150, -1, 12, 15, 18141 }, // U+0493
    { 12, 18, 220, 1, 16, 27, 18156 }, // U+0494
    { 11, 16, 189, 1, 12, 22, 18183 }, // U+0495
    { 23, 20, 363, 0, 16, 58, 18205 }, // U+0496
    { 19, 16, 296, 0, 12, 38, 18263 }, // U+0497
    { 13, 21, 213, 0, 16, 35, 18301 }, // U+0498
    { 11, 17, 171, 0, 12, 24, 18336 }, // U+0499
    { 15, 20, 252, 1, 16, 38, 18360 }, // U+049A
    { 12, 16, 204, 1, 12, 24, 18398 }, // U+049B
    { 14, 16, 237, 1, 16, 28, 18422 }, // U+049C
    { 13, 12, 209, 1, 12, 20, 18450 }, // U+049D
    { 18, 16, 293, 0, 16, 36, 18470 }, // U+04A0
    { 14, 12, 223, 0, 12, 21, 18506 }, // U+04A1
    { 15, 20, 256, 1, 16, 38, 18527 }, // U+04A2
    { 13, 16, 214, 1, 12, 26, 18565 }, // U+04A3
    { 20, 16, 333, 1, 16, 40, 18591 }, // U+04A4
    { 14, 12, 236, 1, 12, 21, 18631 }, // U+04A5
    { 22, 18, 373, 1, 16, 50, 18652 }, // U+04A6
    { 18, 16, 312, 1, 12, 36, 18702 }, // U+04A7
    { 22, 17, 347, 0, 16, 47, 18738 }, // U+04A8
    { 17, 13, 278, 0, 12, 28, 18785 }, // U+04A9
    { 15, 21, 246, 0, 16, 40, 18813 }, // U+04AA
    { 12, 17, 194, 0, 12, 26, 18853 }, // U+04AB
    { 14, 20, 220, 0, 16, 35, 18879 }, // U+04AC
    { 11, 16, 170, 0, 12, 22, 18914 }, // U+04AD
    { 15, 16, 240, 0, 16, 30, 18936 }, // U+04AE
    { 12, 17, 196, 0, 12, 26, 18966 }, // U+04AF
    { 15, 16, 240, 0, 16, 30, 18992 }, // U+04B0
    { 12, 17, 196, 0, 12, 26, 19022 }, // U+04B1
    { 16, 20, 255, 0, 16, 40, 19048 }, // U+04B2
    { 13, 16, 202, 0, 12, 26, 19088 }, // U+04B3
    { 20, 20, 316, 0, 16, 50, 19114 }, // U+04B4
    { 15, 16, 236, 0, 12, 30, 19164 }, // U+04B5
    { 14, 20, 243, 1, 16, 35, 19194 }, // U+04B6
    { 12, 16, 208, 1, 12, 24, 19229 }, // U+04B7
    { 13, 16, 234, 1, 16, 26, 19253 }, // U+04B8
    { 11, 12, 199, 1, 12, 17, 19279 }, // U+04B9
    { 13, 16, 234, 1, 16, 26, 19296 }, // U+04BA
    { 11, 16, 205, 1, 16, 22, 19322 }, // U+04BB
    { 18, 17, 296, 0, 16, 39, 19344 }, // U+04BC
    { 15, 13, 249, 0, 12, 25, 19383 }, // U+04BD
    { 18, 20, 296, 0, 16, 45, 19408 }, // U+04BE
    { 15, 17, 249, 0, 12, 32, 19453 }, // U+04BF
    { 4, 16, 92, 1, 16, 8, 19485 }, // U+04C0
    { 22, 20, 351, 0, 20, 55, 19493 }, // U+04C1
    { 18, 16, 286, 0, 16, 36, 19548 }, // U+04C2
    { 13, 20, 230, 1, 16, 33, 19584 }, // U+04C3
    { 11, 16, 205, 1, 12, 22, 19617 }, // U+04C4
    { 17, 20, 248, 0, 16, 43, 19639 }, // U+04C5
    { 14, 16, 200, 0, 12, 28, 19682 }, // U+04C6
    { 14, 21, 247, 1, 16, 37, 19710 }, // U+04C7
    { 11, 17, 205, 1, 12, 24, 19747 }, // U+04C8
    { 16, 20, 247, 1, 16, 40, 19771 }, // U+04C9
    { 13, 16, 205, 1, 12, 26, 19811 }, // U+04CA
    { 14, 20, 243, 1, 16, 35, 19837 }, // U+04CB
    { 12, 16, 208, 1, 12, 24, 19872 }, // U+04CC
    { 19, 20, 308, 1, 16, 48, 19896 }, // U+04CD
    { 17, 16, 268, 1, 12, 34, 19944 }, // U+04CE
    { 4, 16, 89, 1, 16, 8, 19978 }, // U+04CF
    { 15, 20, 246, 0, 20, 38, 19986 }, // U+04D0
    { 11, 17, 191, 0, 16, 24, 20024 }, // U+04D1
    { 15, 20, 246, 0, 20, 38, 20048 }, // U+04D2
    { 11, 17, 191, 0, 16, 24, 20086 }, // U+04D3
    { 21, 16, 340, 0, 16, 42, 20110 }, // U+04D4
    { 19, 13, 302, 0, 12, 31, 20152 }, // U+04D5
    { 11, 20, 202, 1, 20, 28, 20183 }, // U+04D6
    { 12, 17, 196, 0, 16, 26, 20211 }, // U+04D7
    { 15, 17, 248, 0, 16, 32, 20237 }, // U+04D8
    { 12, 13, 196, 0, 12, 20, 20269 }, // U+04D9
    { 15, 21, 248, 0, 20, 40, 20289 }, // U+04DA
    { 12, 17, 196, 0, 16, 26, 20329 }, // U+04DB
    { 22, 20, 351, 0, 20, 55, 20355 }, // U+04DC
    { 18, 16, 286, 0, 16, 36, 20410 }, // U+04DD
    { 13, 21, 213, 0, 20, 35, 20446 }, // U+04DE
    { 11, 17, 171, 0, 16, 24, 20481 }, // U+04DF
    { 13, 17, 213, 0, 16, 28, 20505 }, // U+04E0
    { 13, 17, 213, 0, 12, 28, 20533 }, // U+04E1
    { 14, 20, 251, 1, 20, 35, 20561 }, // U+04E2
    { 11, 16, 206, 1, 16, 22, 20596 }, // U+04E3
    { 14, 20, 251, 1, 20, 35, 20618 }, // U+04E4
    { 11, 16, 206, 1, 16, 22, 20653 }, // U+04E5
    { 16, 21, 255, 0, 20, 42, 20675 }, // U+04E6
    { 12, 17, 202, 0, 16, 26, 20717 }, // U+04E7
    { 16, 17, 255, 0, 16, 34, 20743 }, // U+04E8
    { 12, 13, 202, 0, 12, 20, 20777 }, // U+04E9
    { 16, 21, 255, 0, 20, 42, 20797 }, // U+04EA
    { 12, 17, 202, 0, 16, 26, 20839 }, // U+04EB
    { 15, 21, 246, 0, 20, 40, 20865 }, // U+04EC
    { 12, 17, 194, 0, 16, 26, 20905 }, // U+04ED
    { 14, 20, 228, 0, 20, 35, 20931 }, // U+04EE
    { 13, 21, 197, 0, 16, 35, 20966 }, // U+04EF
    { 14, 20, 228, 0, 20, 35, 21001 }, // U+04F0
    { 13, 21, 197, 0, 16, 35, 21036 }, // U+04F1
    { 14, 20, 228, 0, 20, 35, 21071 }, // U+04F2
    { 13, 21, 197, 0, 16, 35, 21106 }, // U+04F3
    { 13, 20, 234, 1, 20, 33, 21141 }, // U+04F4
    { 11, 16, 199, 1, 16, 22, 21174 }, // U+04F5
    { 11, 20, 192, 1, 16, 28, 21196 }, // U+04F6
    { 8, 16, 150, 1, 12, 16, 21224 }, // U+04F7
    { 17, 20, 303, 1, 20, 43, 21240 }, // U+04F8
    { 15, 16, 264, 1, 16, 30, 21283 }, // U+04F9
    { 13, 21, 205, 0, 16, 35, 21313 }, // U+04FA
    { 10, 17, 150, -1, 12, 22, 21348 }, // U+04FB
    { 16, 21, 261, 0, 16, 42, 21370 }, // U+04FC
    { 11, 17, 179, 0, 12, 24, 21412 }, // U+04FD
    { 15, 16, 243, 0, 16, 30, 21436 }, // U+04FE
    { 12, 12, 190, 0, 12, 18, 21466 }, // U+04FF
    { 13, 13, 227, 1, 13, 22, 21484 }, // U+05D0
    { 12, 13, 188, 0, 13, 20, 21506 }, // U+05D1
    { 9, 13, 151, 0, 13, 15, 21526 }, // U+05D2
    { 12, 13, 183, 0, 13, 20, 21541 }, // U+05D3
    { 12, 13, 219, 1, 13, 20, 21561 }, // U+05D4
    { 4, 13, 99, 1, 13, 7, 21581 }, // U+05D5
    { 9, 13, 135, 0, 13, 15, 21588 }, // U+05D6
    { 12, 13, 226, 1, 13, 20, 21603 }, // U+05D7
    { 12, 13, 220, 1, 13, 20, 21623 }, // U+05D8
    { 4, 8, 94, 1, 13, 4, 21643 }, // U+05D9
    { 10, 17, 176, 0, 13, 22, 21647 }, // U+05DA
    { 11, 13, 181, 0, 13, 18, 21669 }, // U+05DB
    { 11, 16, 172, 0, 16, 22, 21687 }, // U+05DC
    { 12, 13, 226, 1, 13, 20, 21709 }, // U+05DD
    { 14, 13, 230, 0, 13, 23, 21729 }, // U+05DE
    { 4, 17, 99, 1, 13, 9, 21752 }, // U+05DF
    { 7, 13, 133, 0, 13, 12, 21761 }, // U+05E0
    { 13, 13, 221, 0, 13, 22, 21773 }, // U+05E1
    { 12, 14, 205, 0, 13, 21, 21795 }, // U+05E2
    { 12, 17, 216, 1, 13, 26, 21816 }, // U+05E3
    { 12, 13, 218, 1, 13, 20, 21842 }, // U+05E4
    { 12, 17, 194, 0, 13, 26, 21862 }, // U+05E5
    { 12, 13, 205, 0, 13, 20, 21888 }, // U+05E6
    { 12, 17, 213, 1, 13, 26, 21908 }, // U+05E7
    { 10, 13, 179, 0, 13, 17, 21934 }, // U+05E8
    { 15, 13, 267, 1, 13, 25, 21951 }, // U+05E9
    { 12, 13, 222, 1, 13, 20, 21976 }, // U+05EA
    { 4, 7, 108, 1, 6, 4, 21996 }, // U+060C
    { 6, 16, 113, 0, 15, 12, 22000 }, // U+061B
    { 11, 17, 171, 0, 16, 24, 22012 }, // U+061F
    { 10, 12, 157, 0, 10, 15, 22036 }, // U+0621
    { 8, 4, 96, 0, 3, 4, 22051 }, // U+0640
    { 6, 6, 191, 3, 9, 5, 22055 }, // U+0660
    { 6, 16, 191, 3, 15, 12, 22060 }, // U+0661
    { 10, 16, 191, 1, 15, 20, 22072 }, // U+0662
    { 12, 16, 191, 0, 15, 24, 22092 }, // U+0663
    { 10, 16, 191, 1, 15, 20, 22116 }, // U+0664
    { 10, 12, 191, 1, 12, 15, 22136 }, // U+0665
    { 12, 16, 191, 0, 15, 24, 22151 }, // U+0666
    { 12, 16, 191, 0, 15, 24, 22175 }, // U+0667
    { 12, 16, 191, 0, 15, 24, 22199 }, // U+0668
    { 10, 15, 191, 1, 15, 19, 22223 }, // U+0669
    { 15, 13, 247, 0, 8, 25, 22242 }, // U+06BA
    { 7, 2, 108, 0, 2, 2, 22267 }, // U+06D4
    { 6, 6, 191, 3, 9, 5, 22269 }, // U+06F0
    { 6, 16, 191, 3, 15, 12, 22274 }, // U+06F1
    { 10, 16, 191, 1, 15, 20, 22286 }, // U+06F2
    { 12, 16, 191, 0, 15, 24, 22306 }, // U+06F3
    { 12, 16, 191, 0, 15, 24, 22330 }, // U+06F4
    { 12, 15, 191, 0, 15, 23, 22354 }, // U+06F5
    { 10, 16, 191, 1, 15, 20, 22377 }, // U+06F6
    { 12, 16, 191, 0, 15, 24, 22397 }, // U+06F7
    { 12, 16, 191, 0, 15, 24, 22421 }, // U+06F8
    { 10, 15, 191, 1, 15, 19, 22445 }, // U+06F9
    { 15, 21, 246, 0, 16, 40, 22464 }, // U+1EA0
    { 11, 17, 191, 0, 12, 24, 22504 }, // U+1EA1
    { 15, 20, 246, 0, 20, 38, 22528 }, // U+1EA2
    { 11, 17, 191, 0, 16, 24, 22566 }, // U+1EA3
    { 15, 24, 246, 0, 24, 45, 22590 }, // U+1EA4
    { 12, 21, 191, 0, 20, 32, 22635 }, // U+1EA5
    { 15, 24, 246, 0, 24, 45, 22667 }, // U+1EA6
    { 11, 21, 191, 0, 20, 29, 22712 }, // U+1EA7
    { 15, 24, 246, 0, 24, 45, 22741 }, // U+1EA8
    { 11, 21, 191, 0, 20, 29, 22786 }, // U+1EA9
    { 15, 23, 246, 0, 23, 44, 22815 }, // U+1EAA
    { 11, 20, 191, 0, 19, 28, 22859 }, // U+1EAB
    { 15, 25, 246, 0, 20, 47, 22887 }, // U+1EAC
    { 11, 21, 191, 0, 16, 29, 22934 }, // U+1EAD
    { 15, 24, 246, 0, 24, 45, 22963 }, // U+1EAE
    { 11, 21, 191, 0, 20, 29, 23008 }, // U+1EAF
    { 15, 24, 246, 0, 24, 45, 23037 }, // U+1EB0
    { 11, 21, 191, 0, 20, 29, 23082 }, // U+1EB1
    { 15, 24, 246, 0, 24, 45, 23111 }, // U+1EB2
    { 11, 21, 191, 0, 20, 29, 23156 }, // U+1EB3
    { 15, 23, 246, 0, 23, 44, 23185 }, // U+1EB4
    { 11, 20, 191, 0, 19, 28, 23229 }, // U+1EB5
    { 15, 25, 246, 0, 20, 47, 23257 }, // U+1EB6
    { 11, 21, 191, 0, 16, 29, 23304 }, // U+1EB7
    { 11, 21, 202, 1, 16, 29, 23333 }, // U+1EB8
    { 12, 17, 196, 0, 12, 26, 23362 }, // U+1EB9
    { 11, 20, 202, 1, 20, 28, 23388 }, // U+1EBA
    { 12, 17, 196, 0, 16, 26, 23416 }, // U+1EBB
    { 11, 20, 202, 1, 20, 28, 23442 }, // U+1EBC
    { 12, 17, 196, 0, 16, 26, 23470 }, // U+1EBD
    { 11, 24, 202, 1, 24, 33, 23496 }, // U+1EBE
    { 12, 21, 196, 0, 20, 32, 23529 }, // U+1EBF
    { 11, 24, 202, 1, 24, 33, 23561 }, // U+1EC0
    { 12, 21, 196, 0, 20, 32, 23594 }, // U+1EC1
    { 11, 24, 202, 1, 24, 33, 23626 }, // U+1EC2
    { 12, 21, 196, 0, 20, 32, 23659 }, // U+1EC3
    { 11, 23, 202, 1, 23, 32, 23691 }, // U+1EC4
    { 12, 20, 196, 0, 19, 30, 23723 }, // U+1EC5
    { 11, 25, 202, 1, 20, 35, 23753 }, // U+1EC6
    { 12, 21, 196, 0, 16, 32, 23788 }, // U+1EC7
    { 5, 20, 92, 0, 20, 13, 23820 }, // U+1EC8
    { 5, 16, 89, 0, 16, 10, 23833 }, // U+1EC9
    { 4, 21, 92, 1, 16, 11, 23843 }, // U+1ECA
    { 4, 21, 89, 1, 16, 11, 23854 }, // U+1ECB
    { 16, 21, 255, 0, 16, 42, 23865 }, // U+1ECC
    { 12, 17, 202, 0, 12, 26, 23907 }, // U+1ECD
    { 16, 21, 255, 0, 20, 42, 23933 }, // U+1ECE
    { 12, 17, 202, 0, 16, 26, 23975 }, // U+1ECF
    { 16, 25, 255, 0, 24, 50, 24001 }, // U+1ED0
    { 12, 21, 202, 0, 20, 32, 24051 }, // U+1ED1
    { 16, 25, 255, 0, 24, 50, 24083 }, // U+1ED2
    { 12, 21, 202, 0, 20, 32, 24133 }, // U+1ED3
    { 16, 25, 255, 0, 24, 50, 24165 }, // U+1ED4
    { 12, 21, 202, 0, 20, 32, 24215 }, // U+1ED5
    { 16, 24, 255, 0, 23, 48, 24247 }, // U+1ED6
    { 12, 20, 202, 0, 19, 30, 24295 }, // U+1ED7
    { 16, 25, 255, 0, 20, 50, 24325 }, // U+1ED8
    { 12, 21, 202, 0, 16, 32, 24375 }, // U+1ED9
    { 16, 21, 257, 0, 20, 42, 24407 }, // U+1EDA
    { 13, 17, 202, 0, 16, 28, 24449 }, // U+1EDB
    { 16, 21, 257, 0, 20, 42, 24477 }, // U+1EDC
    { 13, 17, 202, 0, 16, 28, 24519 }, // U+1EDD
    { 16, 21, 257, 0, 20, 42, 24547 }, // U+1EDE
    { 13, 17, 202, 0, 16, 28, 24589 }, // U+1EDF
    { 16, 21, 257, 0, 20, 42, 24617 }, // U+1EE0
    { 13, 17, 202, 0, 16, 28, 24659 }, // U+1EE1
    { 16, 23, 257, 0, 18, 46, 24687 }, // U+1EE2
    { 13, 19, 202, 0, 14, 31, 24733 }, // U+1EE3
    { 13, 21, 242, 1, 16, 35, 24764 }, // U+1EE4
    { 11, 17, 205, 1, 12, 24, 24799 }, // U+1EE5
    { 13, 21, 242, 1, 20, 35, 24823 }, // U+1EE6
    { 11, 17, 205, 1, 16, 24, 24858 }, // U+1EE7
    { 15, 21, 241, 1, 20, 40, 24882 }, // U+1EE8
    { 13, 17, 219, 1, 16, 28, 24922 }, // U+1EE9
    { 15, 21, 241, 1, 20, 40, 24950 }, // U+1EEA
    { 13, 17, 219, 1, 16, 28, 24990 }, // U+1EEB
    { 15, 21, 241, 1, 20, 40, 25018 }, // U+1EEC
    { 13, 17, 219, 1, 16, 28, 25058 }, // U+1EED
    { 15, 21, 241, 1, 20, 40, 25086 }, // U+1EEE
    { 13, 17, 219, 1, 16, 28, 25126 }, // U+1EEF
    { 15, 23, 241, 1, 18, 44, 25154 }, // U+1EF0
    { 13, 19, 219, 1, 14, 31, 25198 }, // U+1EF1
    { 15, 20, 240, 0, 20, 38, 25229 }, // U+1EF2
    { 13, 21, 197, 0, 16, 35, 25267 }, // U+1EF3
    { 15, 21, 240, 0, 16, 40, 25302 }, // U+1EF4
    { 13, 17, 197, 0, 12, 28, 25342 }, // U+1EF5
    { 15, 20, 240, 0, 20, 38, 25370 }, // U+1EF6
    { 13, 21, 197, 0, 16, 35, 25408 }, // U+1EF7
    { 15, 20, 240, 0, 20, 38, 25443 }, // U+1EF8
    { 13, 21, 197, 0, 16, 35, 25481 }, // U+1EF9
    { 14, 17, 229, 0, 16, 30, 25516 }, // U+1F00
    { 14, 17, 229, 0, 16, 30, 25546 }, // U+1F01
    { 14, 17, 229, 0, 16, 30, 25576 }, // U+1F02
    { 14, 17, 229, 0, 16, 30, 25606 }, // U+1F03
    { 14, 17, 229, 0, 16, 30, 25636 }, // U+1F04
    { 14, 17, 229, 0, 16, 30, 25666 }, // U+1F05
    { 14, 21, 229, 0, 20, 37, 25696 }, // U+1F06
    { 14, 21, 229, 0, 20, 37, 25733 }, // U+1F07
    { 16, 16, 253, 0, 16, 32, 25770 }, // U+1F08
    { 16, 16, 255, 0, 16, 32, 25802 }, // U+1F09
    { 19, 16, 310, 0, 16, 38, 25834 }, // U+1F0A
    { 20, 16, 316, 0, 16, 40, 25872 }, // U+1F0B
    { 20, 16, 312, 0, 16, 40, 25912 }, // U+1F0C
    { 20, 16, 317, 0, 16, 40, 25952 }, // U+1F0D
    { 18, 19, 282, 0, 19, 43, 25992 }, // U+1F0E
    { 18, 19, 286, 0, 19, 43, 26035 }, // U+1F0F
    { 11, 17, 183, 0, 16, 24, 26078 }, // U+1F10
    { 11, 17, 183, 0, 16, 24, 26102 }, // U+1F11
    { 11, 17, 183, 0, 16, 24, 26126 }, // U+1F12
    { 11, 17, 183, 0, 16, 24, 26150 }, // U+1F13
    { 11, 17, 183, 0, 16, 24, 26174 }, // U+1F14
    { 11, 17, 183, 0, 16, 24, 26198 }, // U+1F15
    { 16, 16, 263, 0, 16, 32, 26222 }, // U+1F18
    { 16, 16, 267, 0, 16, 32, 26254 }, // U+1F19
    { 20, 16, 323, 0, 16, 40, 26286 }, // U+1F1A
    { 20, 16, 329, 0, 16, 40, 26326 }, // U+1F1B
    { 20, 16, 325, 0, 16, 40, 26366 }, // U+1F1C
    { 20, 16, 330, 0, 16, 40, 26406 }, // U+1F1D
    { 11, 21, 205, 1, 16, 29, 26446 }, // U+1F20
    { 11, 21, 205, 1, 16, 29, 26475 }, // U+1F21
    { 11, 21, 205, 1, 16, 29, 26504 }, // U+1F22
    { 11, 21, 205, 1, 16, 29, 26533 }, // U+1F23
    { 11, 21, 205, 1, 16, 29, 26562 }, // U+1F24
    { 11, 21, 205, 1, 16, 29, 26591 }, // U+1F25
    { 11, 25, 205, 1, 20, 35, 26620 }, // U+1F26
    { 11, 25, 205, 1, 20, 35, 26655 }, // U+1F27
    { 18, 16, 308, 0, 16, 36, 26690 }, // U+1F28
    { 19, 16, 311, 0, 16, 38, 26726 }, // U+1F29
    { 22, 16, 367, 0, 16, 44, 26764 }, // U+1F2A
    { 23, 16, 373, 0, 16, 46, 26808 }, // U+1F2B
    { 22, 16, 369, 0, 16, 44, 26854 }, // U+1F2C
    { 23, 16, 374, 0, 16, 46, 26898 }, // U+1F2D
    { 20, 19, 339, 0, 19, 48, 26944 }, // U+1F2E
    { 21, 19, 343, 0, 19, 50, 26992 }, // U+1F2F
    { 6, 17, 100, 1, 16, 13, 27042 }, // U+1F30
    { 6, 17, 100, 1, 16, 13, 27055 }, // U+1F31
    { 8, 17, 100, -1, 16, 17, 27068 }, // U+1F32
    { 9, 17, 100, -2, 16, 20, 27085 }, // U+1F33
    { 8, 17, 100, -1, 16, 17, 27105 }, // U+1F34
    { 8, 17, 100, -1, 16, 17, 27122 }, // U+1F35
    { 8, 21, 100, -1, 20, 21, 27139 }, // U+1F36
    { 8, 21, 100, -1, 20, 21, 27160 }, // U+1F37
    { 9, 16, 153, 0, 16, 18, 27181 }, // U+1F38
    { 9, 16, 156, 0, 16, 18, 27199 }, // U+1F39
    { 12, 16, 213, 0, 16, 24, 27217 }, // U+1F3A
    { 13, 16, 219, 0, 16, 26, 27241 }, // U+1F3B
    { 13, 16, 214, 0, 16, 26, 27267 }, // U+1F3C
    { 13, 16, 219, 0, 16, 26, 27293 }, // U+1F3D
    { 11, 19, 185, 0, 19, 27, 27319 }, // U+1F3E
    { 11, 19, 188, 0, 19, 27, 27346 }, // U+1F3F
    { 12, 17, 202, 0, 16, 26, 27373 }, // U+1F40
    { 12, 17, 202, 0, 16, 26, 27399 }, // U+1F41
    { 12, 17, 202, 0, 16, 26, 27425 }, // U+1F42
    { 12, 17, 202, 0, 16, 26, 27451 }, // U+1F43
    { 12, 17, 202, 0, 16, 26, 27477 }, // U+1F44
    { 12, 17, 202, 0, 16, 26, 27503 }, // U+1F45
    { 18, 17, 302, 0, 16, 39, 27529 }, // U+1F48
    { 19, 17, 306, 0, 16, 41, 27568 }, // U+1F49
    { 22, 17, 362, 0, 16, 47, 27609 }, // U+1F4A
    { 22, 17, 368, 0, 16, 47, 27656 }, // U+1F4B
    { 22, 17, 364, 0, 16, 47, 27703 }, // U+1F4C
    { 22, 17, 368, 0, 16, 47, 27750 }, // U+1F4D
    { 11, 17, 205, 1, 16, 24, 27797 }, // U+1F50
    { 11, 17, 205, 1, 16, 24, 27821 }, // U+1F51
    { 11, 17, 205, 1, 16, 24, 27845 }, // U+1F52
    { 11, 17, 205, 1, 16, 24, 27869 }, // U+1F53
    { 11, 17, 205, 1, 16, 24, 27893 }, // U+1F54
    { 11, 17, 205, 1, 16, 24, 27917 }, // U+1F55
    { 11, 21, 205, 1, 20, 29, 27941 }, // U+1F56
    { 11, 21, 205, 1, 20, 29, 27970 }, // U+1F57
    { 20, 16, 319, 0, 16, 40, 27999 }, // U+1F59
    { 24, 16, 382, 0, 16, 48, 28039 }, // U+1F5B
    { 24, 16, 382, 0, 16, 48, 28087 }, // U+1F5D
    { 22, 19, 352, 0, 19, 53, 28135 }, // U+1F5F
    { 17, 17, 276, 0, 16, 37, 28188 }, // U+1F60
    { 17, 17, 276, 0, 16, 37, 28225 }, // U+1F61
    { 17, 17, 276, 0, 16, 37, 28262 }, // U+1F62
    { 17, 17, 276, 0, 16, 37, 28299 }, // U+1F63
    { 17, 17, 276, 0, 16, 37, 28336 }, // U+1F64
    { 17, 17, 276, 0, 16, 37, 28373 }, // U+1F65
    { 17, 21, 276, 0, 20, 45, 28410 }, // U+1F66
    { 17, 21, 276, 0, 20, 45, 28455 }, // U+1F67
    { 18, 16, 304, 0, 16, 36, 28500 }, // U+1F68
    { 19, 16, 307, 0, 16, 38, 28536 }, // U+1F69
    { 22, 16, 364, 0, 16, 44, 28574 }, // U+1F6A
    { 23, 16, 370, 0, 16, 46, 28618 }, // U+1F6B
    { 22, 16, 365, 0, 16, 44, 28664 }, // U+1F6C
    { 23, 16, 370, 0, 16, 46, 28708 }, // U+1F6D
    { 20, 19, 336, 0, 19, 48, 28754 }, // U+1F6E
    { 21, 19, 339, 0, 19, 50, 28802 }, // U+1F6F
    { 14, 17, 229, 0, 16, 30, 28852 }, // U+1F70
    { 14, 17, 229, 0, 16, 30, 28882 }, // U+1F71
    { 11, 17, 183, 0, 16, 24, 28912 }, // U+1F72
    { 11, 17, 183, 0, 16, 24, 28936 }, // U+1F73
    { 11, 21, 205, 1, 16, 29, 28960 }, // U+1F74
    { 11, 21, 205, 1, 16, 29, 28989 }, // U+1F75
    { 7, 17, 100, 0, 16, 15, 29018 }, // U+1F76
    { 6, 17, 100, 1, 16, 13, 29033 }, // U+1F77
    { 12, 17, 202, 0, 16, 26, 29046 }, // U+1F78
    { 12, 17, 202, 0, 16, 26, 29072 }, // U+1F79
    { 11, 17, 205, 1, 16, 24, 29098 }, // U+1F7A
    { 11, 17, 205, 1, 16, 24, 29122 }, // U+1F7B
    { 17, 17, 276, 0, 16, 37, 29146 }, // U+1F7C
    { 17, 17, 276, 0, 16, 37, 29183 }, // U+1F7D
    { 14, 21, 229, 0, 16, 37, 29220 }, // U+1F80
    { 14, 21, 229, 0, 16, 37, 29257 }, // U+1F81
    { 14, 21, 229, 0, 16, 37, 29294 }, // U+1F82
    { 14, 21, 229, 0, 16, 37, 29331 }, // U+1F83
    { 14, 21, 229, 0, 16, 37, 29368 }, // U+1F84
    { 14, 21, 229, 0, 16, 37, 29405 }, // U+1F85
    { 14, 25, 229, 0, 20, 44, 29442 }, // U+1F86
    { 14, 25, 229, 0, 20, 44, 29486 }, // U+1F87
    { 16, 21, 253, 0, 16, 42, 29530 }, // U+1F88
    { 16, 21, 255, 0, 16, 42, 29572 }, // U+1F89
    { 19, 21, 310, 0, 16, 50, 29614 }, // U+1F8A
    { 20, 21, 316, 0, 16, 53, 29664 }, // U+1F8B
    { 20, 21, 312, 0, 16, 53, 29717 }, // U+1F8C
    { 20, 21, 317, 0, 16, 53, 29770 }, // U+1F8D
    { 18, 24, 282, 0, 19, 54, 29823 }, // U+1F8E
    { 18, 24, 286, 0, 19, 54, 29877 }, // U+1F8F
    { 11, 21, 205, 1, 16, 29, 29931 }, // U+1F90
    { 11, 21, 205, 1, 16, 29, 29960 }, // U+1F91
    { 11, 21, 205, 1, 16, 29, 29989 }, // U+1F92
    { 11, 21, 205, 1, 16, 29, 30018 }, // U+1F93
    { 11, 21, 205, 1, 16, 29, 30047 }, // U+1F94
    { 11, 21, 205, 1, 16, 29, 30076 }, // U+1F95
    { 11, 25, 205, 1, 20, 35, 30105 }, // U+1F96
    { 11, 25, 205, 1, 20, 35, 30140 }, // U+1F97
    { 18, 21, 308, 0, 16, 48, 30175 }, // U+1F98
    { 19, 21, 311, 0, 16, 50, 30223 }, // U+1F99
    { 22, 21, 367, 0, 16, 58, 30273 }, // U+1F9A
    { 23, 21, 373, 0, 16, 61, 30331 }, // U+1F9B
    { 22, 21, 369, 0, 16, 58, 30392 }, // U+1F9C
    { 23, 21, 374, 0, 16, 61, 30450 }, // U+1F9D
    { 20, 24, 339, 0, 19, 60, 30511 }, // U+1F9E
    { 21, 24, 343, 0, 19, 63, 30571 }, // U+1F9F
    { 17, 21, 276, 0, 16, 45, 30634 }, // U+1FA0
    { 17, 21, 276, 0, 16, 45, 30679 }, // U+1FA1
    { 17, 21, 276, 0, 16, 45, 30724 }, // U+1FA2
    { 17, 21, 276, 0, 16, 45, 30769 }, // U+1FA3
    { 17, 21, 276, 0, 16, 45, 30814 }, // U+1FA4
    { 17, 21, 276, 0, 16, 45, 30859 }, // U+1FA5
    { 17, 25, 276, 0, 20, 54, 30904 }, // U+1FA6
    { 17, 25, 276, 0, 20, 54, 30958 }, // U+1FA7
    { 18, 21, 304, 0, 16, 48, 31012 }, // U+1FA8
    { 19, 21, 307, 0, 16, 50, 31060 }, // U+1FA9
    { 22, 21, 364, 0, 16, 58, 31110 }, // U+1FAA
    { 23, 21, 370, 0, 16, 61, 31168 }, // U+1FAB
    { 22, 21, 365, 0, 16, 58, 31229 }, // U+1FAC
    { 23, 21, 370, 0, 16, 61, 31287 }, // U+1FAD
    { 20, 24, 336, 0, 19, 60, 31348 }, // U+1FAE
    { 21, 24, 339, 0, 19, 63, 31408 }, // U+1FAF
    { 14, 17, 229, 0, 16, 30, 31471 }, // U+1FB0
    { 14, 17, 229, 0, 16, 30, 31501 }, // U+1FB1
    { 14, 21, 229, 0, 16, 37, 31531 }, // U+1FB2
    { 14, 17, 229, 0, 12, 30, 31568 }, // U+1FB3
    { 14, 21, 229, 0, 16, 37, 31598 }, // U+1FB4
    { 14, 17, 229, 0, 16, 30, 31635 }, // U+1FB6
    { 14, 21, 229, 0, 16, 37, 31665 }, // U+1FB7
    { 15, 20, 246, 0, 20, 38, 31702 }, // U+1FB8
    { 15, 20, 246, 0, 20, 38, 31740 }, // U+1FB9
    { 16, 16, 246, -1, 16, 32, 31778 }, // U+1FBA
    { 15, 16, 257, 1, 16, 30, 31810 }, // U+1FBB
    { 15, 21, 246, 0, 16, 40, 31840 }, // U+1FBC
    { 4, 4, 76, 0, 16, 2, 31880 }, // U+1FBD
    { 4, 4, 96, 1, -1, 2, 31882 }, // U+1FBE
    { 4, 4, 76, 0, 16, 2, 31884 }, // U+1FBF
    { 8, 4, 165, 1, 16, 4, 31886 }, // U+1FC0
    { 9, 7, 153, 0, 19, 8, 31890 }, // U+1FC1
    { 11, 21, 205, 1, 16, 29, 31898 }, // U+1FC2
    { 11, 17, 205, 1, 12, 24, 31927 }, // U+1FC3
    { 11, 21, 205, 1, 16, 29, 31951 }, // U+1FC4
    { 11, 21, 205, 1, 16, 29, 31980 }, // U+1FC6
    { 11, 21, 205, 1, 16, 29, 32009 }, // U+1FC7
    { 17, 16, 257, -1, 16, 34, 32038 }, // U+1FC8
    { 16, 16, 262, 0, 16, 32, 32072 }, // U+1FC9
    { 19, 16, 301, -1, 16, 38, 32104 }, // U+1FCA
    { 18, 16, 307, 0, 16, 36, 32142 }, // U+1FCB
    { 14, 21, 247, 1, 16, 37, 32178 }, // U+1FCC
    { 8, 4, 119, 0, 16, 4, 32215 }, // U+1FCD
    { 8, 4, 132, 0, 16, 4, 32219 }, // U+1FCE
    { 7, 8, 111, 0, 20, 7, 32223 }, // U+1FCF
    { 8, 17, 100, -1, 16, 17, 32230 }, // U+1FD0
    { 8, 17, 100, -1, 16, 17, 32247 }, // U+1FD1
    { 11, 19, 100, -3, 18, 27, 32264 }, // U+1FD2
    { 8, 21, 100, -1, 20, 21, 32291 }, // U+1FD3
    { 8, 17, 100, -1, 16, 17, 32312 }, // U+1FD6
    { 9, 20, 100, -2, 19, 23, 32329 }, // U+1FD7
    { 8, 20, 92, -1, 20, 20, 32352 }, // U+1FD8
    { 7, 20, 92, -1, 20, 18, 32372 }, // U+1FD9
    { 9, 16, 146, -1, 16, 18, 32390 }, // U+1FDA
    { 9, 16, 152, 0, 16, 18, 32408 }, // U+1FDB
    { 8, 4, 125, 0, 16, 4, 32426 }, // U+1FDD
    { 9, 4, 136, 0, 16, 5, 32430 }, // U+1FDE
    { 7, 8, 111, 0, 20, 7, 32435 }, // U+1FDF
    { 11, 17, 205, 1, 16, 24, 32442 }, // U+1FE0
    { 11, 17, 205, 1, 16, 24, 32466 }, // U+1FE1
    { 11, 19, 205, 1, 18, 27, 32490 }, // U+1FE2
    { 11, 19, 205, 1, 18, 27, 32517 }, // U+1FE3
    { 12, 21, 208, 1, 16, 32, 32544 }, // U+1FE4
    { 12, 21, 208, 1, 16, 32, 32576 }, // U+1FE5
    { 11, 17, 205, 1, 16, 24, 32608 }, // U+1FE6
    { 11, 20, 205, 1, 19, 28, 32632 }, // U+1FE7
    { 15, 20, 240, 0, 20, 38, 32660 }, // U+1FE8
    { 15, 20, 240, 0, 20, 38, 32698 }, // U+1FE9
    { 21, 16, 265, -4, 16, 42, 32736 }, // U+1FEA
    { 20, 16, 315, 0, 16, 40, 32778 }, // U+1FEB
    { 17, 16, 283, 0, 16, 34, 32818 }, // U+1FEC
    { 11, 6, 236, 2, 18, 9, 32852 }, // U+1FED
    { 11, 6, 236, 2, 18, 9, 32861 }, // U+1FEE
    { 4, 4, 62, 0, 16, 2, 32870 }, // U+1FEF
    { 17, 21, 276, 0, 16, 45, 32872 }, // U+1FF2
    { 17, 17, 276, 0, 12, 37, 32917 }, // U+1FF3
    { 17, 21, 276, 0, 16, 45, 32954 }, // U+1FF4
    { 17, 17, 276, 0, 16, 37, 32999 }, // U+1FF6
    { 17, 21, 276, 0, 16, 45, 33036 }, // U+1FF7
    { 20, 17, 255, -4, 16, 43, 33081 }, // U+1FF8
    { 18, 17, 301, 0, 16, 39, 33124 }, // U+1FF9
    { 20, 16, 291, -2, 16, 40, 33163 }, // U+1FFA
    { 18, 16, 303, 0, 16, 36, 33203 }, // U+1FFB
    { 16, 21, 258, 0, 16, 42, 33239 }, // U+1FFC
    { 4, 4, 111, 2, 16, 2, 33281 }, // U+1FFD
    { 4, 4, 76, 0, 16, 2, 33283 }, // U+1FFE
    { 0, 0, 189, 0, 0, 0, 33285 }, // U+2000
    { 0, 0, 376, 0, 0, 0, 33285 }, // U+2001
    { 0, 0, 167, 0, 0, 0, 33285 }, // U+2002
    { 0, 0, 333, 0, 0, 0, 33285 }, // U+2003
    { 0, 0, 111, 0, 0, 0, 33285 }, // U+2004
    { 0, 0, 83, 0, 0, 0, 33285 }, // U+2005
    { 0, 0, 55, 0, 0, 0, 33285 }, // U+2006
    { 0, 0, 215, 0, 0, 0, 33285 }, // U+2007
    { 0, 0, 105, 0, 0, 0, 33285 }, // U+2008
    { 0, 0, 51, 0, 0, 0, 33285 }, // U+2009
    { 0, 0, 25, 0, 0, 0, 33285 }, // U+200A
    { 0, 0, 0, 0, 0, 0, 33285 }, // U+200B
    { 0, 0, 0, 0, 0, 0, 33285 }, // U+200C
    { 0, 0, 0, 0, 0, 0, 33285 }, // U+200D
    { 0, 0, 0, 0, 0, 0, 33285 }, // U+200E
    { 0, 0, 0, 0, 0, 0, 33285 }, // U+200F
    { 8, 4, 150, 1, 8, 4, 33285 }, // U+2010
    { 8, 4, 150, 1, 8, 4, 33289 }, // U+2011
    { 13, 3, 215, 0, 8, 5, 33293 }, // U+2012
    { 11, 4, 167, 0, 8, 6, 33298 }, // U+2013
    { 21, 4, 333, 0, 8, 11, 33304 }, // U+2014
    { 21, 4, 333, 0, 8, 11, 33315 }, // U+2015
    { 8, 26, 186, 2, 21, 26, 33326 }, // U+2016
    { 10, 5, 157, 0, 0, 7, 33352 }, // U+2017
    { 5, 8, 97, 1, 16, 5, 33359 }, // U+2018
    { 5, 8, 97, 1, 16, 5, 33364 }, // U+2019
    { 4, 8, 90, 1, 3, 4, 33369 }, // U+201A
    { 5, 8, 97, 0, 16, 5, 33373 }, // U+201B
    { 10, 8, 172, 1, 16, 10, 33378 }, // U+201C
    { 9, 8, 169, 1, 16, 9, 33388 }, // U+201D
    { 9, 8, 162, 1, 3, 9, 33397 }, // U+201E
    { 10, 8, 169, 0, 16, 10, 33406 }, // U+201F
    { 10, 13, 193, 1, 16, 17, 33416 }, // U+2020
    { 10, 16, 193, 1, 16, 20, 33433 }, // U+2021
    { 8, 8, 155, 1, 10, 8, 33453 }, // U+2022
    { 6, 8, 155, 2, 10, 6, 33461 }, // U+2023
    { 5, 5, 105, 1, 4, 4, 33467 }, // U+2024
    { 11, 5, 209, 1, 4, 7, 33471 }, // U+2025
    { 18, 5, 314, 1, 4, 12, 33478 }, // U+2026
    { 5, 5, 105, 1, 10, 4, 33490 }, // U+2027
    { 0, 0, 0, 0, 0, 0, 33494 }, // U+202A
    { 0, 0, 0, 0, 0, 0, 33494 }, // U+202B
    { 0, 0, 0, 0, 0, 0, 33494 }, // U+202C
    { 0, 0, 0, 0, 0, 0, 33494 }, // U+202D
    { 0, 0, 0, 0, 0, 0, 33494 }, // U+202E
    { 0, 0, 51, 0, 0, 0, 33494 }, // U+202F
    { 26, 17, 457, 1, 16, 56, 33494 }, // U+2030
    { 34, 17, 581, 1, 16, 73, 33550 }, // U+2031
    { 4, 7, 90, 1, 16, 4, 33623 }, // U+2032
    { 10, 7, 179, 1, 16, 9, 33627 }, // U+2033
    { 15, 7, 268, 1, 16, 14, 33636 }, // U+2034
    { 4, 7, 90, 1, 16, 4, 33650 }, // U+2035
    { 10, 7, 179, 1, 16, 9, 33654 }, // U+2036
    { 15, 7, 268, 1, 16, 14, 33663 }, // U+2037
    { 10, 5, 181, 1, -1, 7, 33677 }, // U+2038
    { 9, 10, 141, 0, 11, 12, 33684 }, // U+2039
    { 8, 10, 141, 0, 11, 10, 33696 }, // U+203A
    { 15, 14, 268, 1, 14, 27, 33706 }, // U+203B
    { 11, 17, 212, 1, 16, 24, 33733 }, // U+203C
    { 11, 17, 185, 0, 16, 24, 33757 }, // U+203D
    { 11, 3, 164, 0, 18, 5, 33781 }, // U+203E
    { 18, 4, 281, 0, -1, 9, 33786 }, // U+203F
    { 18, 4, 281, 0, 16, 9, 33795 }, // U+2040
    { 10, 12, 157, 0, 7, 15, 33804 }, // U+2041
    { 14, 13, 253, 1, 14, 23, 33819 }, // U+2042
    { 7, 4, 155, 1, 8, 4, 33842 }, // U+2043
    { 14, 16, 68, -5, 16, 28, 33846 }, // U+2044
    { 6, 20, 122, 1, 17, 15, 33874 }, // U+2045
    { 6, 20, 122, 0, 17, 15, 33889 }, // U+2046
    { 23, 17, 374, 0, 16, 49, 33904 }, // U+2047
    { 17, 17, 293, 0, 16, 37, 33953 }, // U+2048
    { 17, 17, 293, 1, 16, 37, 33990 }, // U+2049
    { 9, 17, 153, 0, 12, 20, 34027 }, // U+204A
    { 11, 16, 198, 1, 16, 22, 34047 }, // U+204B
    { 10, 10, 201, 1, 11, 13, 34069 }, // U+204C
    { 11, 10, 201, 1, 11, 14, 34082 }, // U+204D
    { 9, 10, 185, 1, 8, 12, 34096 }, // U+204E
    { 5, 15, 107, 1, 11, 10, 34108 }, // U+204F
    { 18, 21, 281, 0, 16, 48, 34118 }, // U+2050
    { 9, 20, 190, 2, 16, 23, 34166 }, // U+2051
    { 15, 16, 265, 1, 16, 30, 34189 }, // U+2052
    { 14, 6, 252, 1, 10, 11, 34219 }, // U+2053
    { 18, 4, 281, 0, -1, 9, 34230 }, // U+2054
    { 12, 11, 237, 1, 11, 17, 34239 }, // U+2055
    { 21, 7, 357, 1, 16, 19, 34256 }, // U+2057
    { 0, 0, 97, 0, 0, 0, 34275 }, // U+205F
    { 0, 0, 0, 0, 0, 0, 34275 }, // U+2060
    { 0, 0, 0, 0, 0, 0, 34275 }, // U+2061
    { 0, 0, 0, 0, 0, 0, 34275 }, // U+2062
    { 0, 0, 0, 0, 0, 0, 34275 }, // U+2063
    { 0, 0, 0, 0, 0, 0, 34275 }, // U+2064
    { 0, 0, 0, 0, 0, 0, 34275 }, // U+2066
    { 0, 0, 0, 0, 0, 0, 34275 }, // U+2067
    { 0, 0, 0, 0, 0, 0, 34275 }, // U+2068
    { 0, 0, 0, 0, 0, 0, 34275 }, // U+2069
    { 0, 0, 0, 0, 0, 0, 34275 }, // U+206A
    { 0, 0, 0, 0, 0, 0, 34275 }, // U+206B
    { 0, 0, 0, 0, 0, 0, 34275 }, // U+206C
    { 0, 0, 0, 0, 0, 0, 34275 }, // U+206D
    { 0, 0, 0, 0, 0, 0, 34275 }, // U+206E
    { 0, 0, 0, 0, 0, 0, 34275 }, // U+206F
    { 10, 10, 160, 0, 18, 13, 34275 }, // U+2070
    { 3, 10, 72, 1, 19, 4, 34288 }, // U+2071
    { 10, 9, 157, 0, 18, 12, 34292 }, // U+2074
    { 8, 10, 152, 1, 18, 10, 34304 }, // U+2075
    { 9, 10, 153, 0, 18, 12, 34314 }, // U+2076
    { 8, 9, 137, 0, 18, 9, 34326 }, // U+2077
    { 9, 10, 155, 0, 18, 12, 34335 }, // U+2078
    { 9, 10, 153, 0, 18, 12, 34347 }, // U+2079
    { 8, 8, 154, 1, 17, 8, 34359 }, // U+207A
    { 8, 2, 154, 1, 14, 2, 34367 }, // U+207B
    { 8, 6, 154, 1, 16, 6, 34369 }, // U+207C
    { 5, 12, 93, 1, 19, 8, 34375 }, // U+207D
    { 5, 12, 93, 0, 19, 8, 34383 }, // U+207E
    { 8, 7, 149, 1, 16, 7, 34391 }, // U+207F
    { 10, 10, 160, 0, 6, 13, 34398 }, // U+2080
    { 6, 9, 106, 0, 6, 7, 34411 }, // U+2081
    { 9, 9, 149, 0, 6, 11, 34418 }, // U+2082
    { 9, 10, 152, 0, 6, 12, 34429 }, // U+2083
    { 10, 9, 157, 0, 6, 12, 34441 }, // U+2084
    { 8, 10, 152, 1, 6, 10, 34453 }, // U+2085
    { 9, 10, 153, 0, 6, 12, 34463 }, // U+2086
    { 8, 9, 137, 0, 6, 9, 34475 }, // U+2087
    { 9, 10, 155, 0, 6, 12, 34484 }, // U+2088
    { 9, 10, 153, 0, 6, 12, 34496 }, // U+2089
    { 8, 8, 154, 1, 5, 8, 34508 }, // U+208A
    { 8, 2, 154, 1, 2, 2, 34516 }, // U+208B
    { 8, 6, 154, 1, 4, 6, 34518 }, // U+208C
    { 5, 12, 93, 1, 7, 8, 34524 }, // U+208D
    { 5, 12, 93, 0, 7, 8, 34532 }, // U+208E
    { 8, 8, 137, 0, 4, 8, 34540 }, // U+2090
    { 8, 8, 140, 0, 4, 8, 34548 }, // U+2091
    { 9, 8, 144, 0, 4, 9, 34556 }, // U+2092
    { 9, 7, 139, 0, 4, 8, 34565 }, // U+2093
    { 8, 9, 158, 1, 4, 9, 34573 }, // U+2094
    { 8, 9, 149, 1, 6, 9, 34582 }, // U+2095
    { 8, 9, 138, 1, 6, 9, 34591 }, // U+2096
    { 3, 9, 72, 1, 6, 4, 34600 }, // U+2097
    { 12, 7, 211, 1, 4, 11, 34604 }, // U+2098
    { 8, 7, 149, 1, 4, 7, 34615 }, // U+2099
    { 8, 10, 148, 1, 4, 10, 34622 }, // U+209A
    { 8, 8, 134, 0, 4, 8, 34632 }, // U+209B
    { 6, 9, 91, 0, 5, 7, 34640 }, // U+209C
    { 15, 17, 252, 0, 16, 32, 34647 }, // U+20A0
    { 15, 20, 246, 0, 18, 38, 34679 }, // U+20A1
    { 15, 17, 240, 0, 16, 32, 34717 }, // U+20A2
    { 13, 16, 204, -1, 16, 26, 34749 }, // U+20A3
    { 13, 16, 211, 0, 16, 26, 34775 }, // U+20A4
    { 17, 16, 286, 1, 14, 34, 34801 }, // U+20A5
    { 16, 16, 251, 0, 16, 32, 34835 }, // U+20A6
    { 20, 17, 332, 1, 16, 43, 34867 }, // U+20A7
    { 23, 17, 388, 1, 16, 49, 34910 }, // U+20A8
    { 21, 16, 345, 0, 16, 42, 34959 }, // U+20A9
    { 17, 12, 305, 1, 12, 26, 35001 }, // U+20AA
    { 14, 21, 208, 0, 16, 37, 35027 }, // U+20AB
    { 14, 17, 227, 0, 16, 30, 35064 }, // U+20AC
    { 17, 16, 265, 0, 16, 34, 35094 }, // U+20AD
    { 14, 16, 220, 0, 16, 28, 35128 }, // U+20AE
    { 30, 23, 483, 0, 18, 87, 35156 }, // U+20AF
    { 15, 16, 236, 0, 16, 30, 35243 }, // U+20B1
    { 15, 21, 249, 0, 18, 40, 35273 }, // U+20B2
    { 15, 16, 246, 0, 16, 30, 35313 }, // U+20B3
    { 13, 17, 244, 1, 16, 28, 35343 }, // U+20B4
    { 15, 21, 246, 0, 18, 40, 35371 }, // U+20B5
    { 14, 16, 221, 0, 16, 28, 35411 }, // U+20B8
    { 12, 16, 189, 0, 16, 24, 35439 }, // U+20B9
    { 12, 17, 213, 1, 16, 26, 35463 }, // U+20BA
    { 14, 12, 252, 1, 12, 21, 35489 }, // U+20BC
    { 15, 16, 245, 0, 16, 30, 35510 }, // U+20BD
    { 14, 16, 252, 1, 16, 28, 35540 }, // U+20BE
    { 12, 20, 219, 1, 18, 30, 35568 }, // U+20BF
    { 16, 15, 316, 2, 14, 30, 35598 }, // U+2190
    { 15, 16, 300, 2, 16, 30, 35628 }, // U+2191
    { 16, 15, 316, 2, 14, 30, 35658 }, // U+2192
    { 15, 17, 300, 2, 16, 32, 35688 }, // U+2193
    { 24, 15, 445, 2, 14, 45, 35720 }, // U+2194
    { 14, 25, 285, 2, 19, 44, 35765 }, // U+2195
    { 12, 13, 256, 2, 12, 20, 35809 }, // U+2196
    { 12, 13, 256, 2, 12, 20, 35829 }, // U+2197
    { 12, 12, 256, 2, 12, 18, 35849 }, // U+2198
    { 12, 12, 256, 2, 12, 18, 35867 }, // U+2199
    { 21, 17, 384, 2, 16, 45, 35885 }, // U+21A9
    { 22, 17, 384, 1, 16, 47, 35930 }, // U+21AA
    { 17, 16, 335, 2, 16, 34, 35977 }, // U+21B0
    { 17, 16, 335, 2, 16, 34, 36011 }, // U+21B1
    { 13, 15, 300, 3, 15, 25, 36045 }, // U+21B2
    { 17, 15, 335, 2, 16, 32, 36070 }, // U+21B3
    { 15, 17, 297, 2, 16, 32, 36102 }, // U+21B4
    { 17, 15, 335, 2, 16, 32, 36134 }, // U+21B5
    { 19, 13, 300, 0, 14, 31, 36166 }, // U+21B6
    { 19, 13, 300, 0, 14, 31, 36197 }, // U+21B7
    { 16, 19, 316, 2, 19, 38, 36228 }, // U+21BA
    { 16, 19, 316, 2, 19, 38, 36266 }, // U+21BB
    { 15, 16, 300, 2, 16, 30, 36304 }, // U+21C4
    { 15, 16, 300, 2, 16, 30, 36334 }, // U+21C6
    { 16, 16, 316, 2, 15, 32, 36364 }, // U+21D0
    { 16, 16, 316, 2, 15, 32, 36396 }, // U+21D2
    { 24, 16, 445, 2, 15, 48, 36428 }, // U+21D4
    { 11, 16, 210, 1, 16, 22, 36476 }, // U+21DE
    { 11, 17, 210, 1, 16, 24, 36498 }, // U+21DF
    { 19, 11, 348, 1, 13, 27, 36522 }, // U+21E4
    { 19, 11, 348, 1, 13, 27, 36549 }, // U+21E5
    { 21, 17, 365, 1, 17, 45, 36576 }, // U+21E7
    { 21, 21, 365, 1, 17, 56, 36621 }, // U+21EA
    { 12, 17, 221, 1, 16, 26, 36677 }, // U+2202
    { 14, 13, 228, 0, 12, 23, 36703 }, // U+2205
    { 15, 16, 244, 0, 16, 30, 36726 }, // U+2206
    { 12, 19, 254, 2, 16, 29, 36756 }, // U+220F
    { 13, 19, 245, 1, 16, 31, 36785 }, // U+2211
    { 12, 4, 224, 1, 8, 6, 36816 }, // U+2212
    { 15, 15, 49, -6, 15, 29, 36822 }, // U+2215
    { 12, 16, 221, 1, 16, 24, 36851 }, // U+221A
    { 20, 11, 325, 0, 12, 28, 36875 }, // U+221E
    { 9, 22, 127, -1, 17, 25, 36903 }, // U+222B
    { 5, 13, 105, 1, 14, 9, 36928 }, // U+2236
    { 12, 10, 224, 1, 11, 15, 36937 }, // U+2248
    { 12, 12, 224, 1, 12, 18, 36952 }, // U+2260
    { 12, 13, 224, 1, 13, 20, 36970 }, // U+2264
    { 12, 13, 224, 1, 13, 20, 36990 }, // U+2265
    { 29, 29, 463, 0, 22, 106, 37010 }, // U+2295
    { 29, 29, 463, 0, 22, 106, 37116 }, // U+2296
    { 29, 29, 463, 0, 22, 106, 37222 }, // U+2297
    { 29, 29, 463, 0, 22, 106, 37328 }, // U+2298
    { 13, 16, 216, 0, 16, 26, 37434 }, // U+FB01
    { 14, 16, 221, 0, 16, 28, 37460 }, // U+FB02
    { 21, 18, 341, 0, 10, 48, 37488 }, // U+FB56
    { 26, 17, 381, 0, 9, 56, 37536 }, // U+FB57
    { 7, 18, 120, 0, 10, 16, 37592 }, // U+FB58
    { 11, 16, 136, 0, 8, 22, 37608 }, // U+FB59
    { 21, 17, 341, 0, 16, 45, 37630 }, // U+FB66
    { 26, 17, 381, 0, 16, 56, 37675 }, // U+FB67
    { 6, 19, 106, 0, 18, 15, 37731 }, // U+FB68
    { 11, 17, 136, 0, 16, 24, 37746 }, // U+FB69
    { 15, 20, 229, 0, 11, 38, 37770 }, // U+FB7A
    { 18, 20, 253, 0, 11, 45, 37808 }, // U+FB7B
    { 13, 18, 210, 0, 10, 30, 37853 }, // U+FB7C
    { 16, 18, 218, 0, 10, 36, 37883 }, // U+FB7D
    { 10, 20, 172, 0, 19, 25, 37919 }, // U+FB88
    { 14, 20, 190, 0, 19, 35, 37944 }, // U+FB89
    { 9, 21, 136, -1, 16, 24, 37979 }, // U+FB8A
    { 13, 21, 150, -1, 16, 35, 38003 }, // U+FB8B
    { 9, 22, 136, -1, 17, 25, 38038 }, // U+FB8C
    { 13, 22, 150, -1, 17, 36, 38063 }, // U+FB8D
    { 20, 16, 303, 0, 15, 40, 38099 }, // U+FB8E
    { 22, 16, 317, 0, 15, 44, 38139 }, // U+FB8F
    { 10, 16, 151, 0, 15, 20, 38183 }, // U+FB90
    { 13, 16, 169, 0, 15, 26, 38203 }, // U+FB91
    { 20, 20, 303, 0, 19, 50, 38229 }, // U+FB92
    { 22, 20, 317, 0, 19, 55, 38279 }, // U+FB93
    { 11, 20, 151, -1, 19, 28, 38334 }, // U+FB94
    { 14, 20, 169, -1, 19, 35, 38362 }, // U+FB95
    { 15, 13, 247, 0, 8, 25, 38397 }, // U+FB9E
    { 19, 13, 268, 0, 8, 31, 38422 }, // U+FB9F
    { 10, 13, 157, 0, 12, 17, 38453 }, // U+FBA6
    { 14, 10, 195, 0, 9, 18, 38470 }, // U+FBA7
    { 6, 14, 106, 0, 10, 11, 38488 }, // U+FBA8
    { 13, 11, 172, 0, 5, 18, 38499 }, // U+FBA9
    { 16, 13, 257, 0, 12, 26, 38517 }, // U+FBAA
    { 16, 15, 228, 0, 10, 30, 38543 }, // U+FBAB
    { 13, 13, 214, 0, 12, 22, 38573 }, // U+FBAC
    { 14, 15, 190, 0, 10, 27, 38595 }, // U+FBAD
    { 20, 12, 314, 0, 11, 30, 38622 }, // U+FBAE
    { 14, 10, 187, 0, 3, 18, 38652 }, // U+FBAF
    { 20, 18, 314, 0, 17, 45, 38670 }, // U+FBB0
    { 14, 16, 187, 0, 9, 28, 38715 }, // U+FBB1
    { 17, 15, 274, 0, 10, 32, 38743 }, // U+FBFC
    { 19, 11, 267, 0, 6, 27, 38775 }, // U+FBFD
    { 7, 15, 120, 0, 10, 14, 38802 }, // U+FBFE
    { 11, 13, 136, 0, 8, 18, 38816 }, // U+FBFF
    { 10, 12, 157, 0, 10, 15, 38834 }, // U+FE80
    { 9, 19, 90, -2, 19, 22, 38849 }, // U+FE81
    { 10, 21, 106, -1, 20, 27, 38871 }, // U+FE82
    { 5, 21, 90, 0, 21, 14, 38898 }, // U+FE83
    { 9, 23, 106, 0, 22, 26, 38912 }, // U+FE84
    { 10, 20, 166, 0, 15, 25, 38938 }, // U+FE85
    { 13, 21, 175, 0, 16, 35, 38963 }, // U+FE86
    { 5, 23, 91, 1, 16, 15, 38998 }, // U+FE87
    { 8, 23, 106, 1, 16, 23, 39013 }, // U+FE88
    { 17, 17, 274, 0, 12, 37, 39036 }, // U+FE89
    { 19, 17, 267, 0, 12, 41, 39073 }, // U+FE8A
    { 6, 18, 106, 0, 17, 14, 39114 }, // U+FE8B
    { 10, 16, 128, 0, 15, 20, 39128 }, // U+FE8C
    { 4, 16, 91, 1, 16, 8, 39148 }, // U+FE8D
    { 8, 17, 106, 1, 16, 17, 39156 }, // U+FE8E
    { 21, 15, 341, 0, 10, 40, 39173 }, // U+FE8F
    { 26, 14, 381, 0, 9, 46, 39213 }, // U+FE90
    { 6, 15, 106, 0, 10, 12, 39259 }, // U+FE91
    { 10, 13, 128, 0, 8, 17, 39271 }, // U+FE92
    { 10, 18, 157, 0, 17, 23, 39288 }, // U+FE93
    { 14, 19, 185, 0, 18, 34, 39311 }, // U+FE94
    { 21, 14, 341, 0, 13, 37, 39345 }, // U+FE95
    { 26, 14, 381, 0, 13, 46, 39382 }, // U+FE96
    { 8, 16, 106, -1, 15, 16, 39428 }, // U+FE97
    { 11, 14, 136, 0, 13, 20, 39444 }, // U+FE98
    { 21, 16, 341, 0, 15, 42, 39464 }, // U+FE99
    { 26, 16, 381, 0, 15, 52, 39506 }, // U+FE9A
    { 6, 18, 106, 0, 17, 14, 39558 }, // U+FE9B
    { 11, 16, 136, 0, 15, 22, 39572 }, // U+FE9C
    { 14, 20, 229, 0, 11, 35, 39594 }, // U+FE9D
    { 18, 20, 246, 0, 11, 45, 39629 }, // U+FE9E
    { 13, 15, 210, 0, 10, 25, 39674 }, // U+FE9F
    { 16, 15, 218, 0, 10, 30, 39699 }, // U+FEA0
    { 14, 20, 229, 0, 11, 35, 39729 }, // U+FEA1
    { 18, 20, 246, 0, 11, 45, 39764 }, // U+FEA2
    { 13, 11, 210, 0, 10, 18, 39809 }, // U+FEA3
    { 16, 11, 218, 0, 10, 22, 39827 }, // U+FEA4
    { 14, 25, 229, 0, 16, 44, 39849 }, // U+FEA5
    { 18, 25, 246, 0, 16, 57, 39893 }, // U+FEA6
    { 13, 16, 210, 0, 15, 26, 39950 }, // U+FEA7
    { 16, 16, 218, 0, 15, 32, 39976 }, // U+FEA8
    { 10, 12, 172, 0, 11, 15, 40008 }, // U+FEA9
    { 14, 12, 190, 0, 11, 21, 40023 }, // U+FEAA
    { 10, 17, 172, 0, 16, 22, 40044 }, // U+FEAB
    { 14, 17, 190, 0, 16, 30, 40066 }, // U+FEAC
    { 9, 13, 136, -1, 8, 15, 40096 }, // U+FEAD
    { 13, 13, 150, -1, 8, 22, 40111 }, // U+FEAE
    { 9, 19, 136, -1, 14, 22, 40133 }, // U+FEAF
    { 13, 19, 150, -1, 14, 31, 40155 }, // U+FEB0
    { 28, 15, 457, 0, 10, 53, 40186 }, // U+FEB1
    { 32, 14, 480, 0, 9, 56, 40239 }, // U+FEB2
    { 19, 11, 317, 0, 10, 27, 40295 }, // U+FEB3
    { 23, 10, 340, 0, 9, 29, 40322 }, // U+FEB4
    { 28, 21, 457, 0, 16, 74, 40351 }, // U+FEB5
    { 32, 21, 480, 0, 16, 84, 40425 }, // U+FEB6
    { 19, 17, 317, 0, 16, 41, 40509 }, // U+FEB7
    { 23, 17, 340, 0, 16, 49, 40550 }, // U+FEB8
    { 29, 15, 474, 0, 10, 55, 40599 }, // U+FEB9
    { 32, 15, 481, 0, 10, 60, 40654 }, // U+FEBA
    { 20, 11, 325, 0, 10, 28, 40714 }, // U+FEBB
    { 23, 11, 335, 0, 10, 32, 40742 }, // U+FEBC
    { 29, 20, 474, 0, 15, 73, 40774 }, // U+FEBD
    { 32, 20, 481, 0, 15, 80, 40847 }, // U+FEBE
    { 20, 16, 325, 0, 15, 40, 40927 }, // U+FEBF
    { 23, 16, 335, 0, 15, 46, 40967 }, // U+FEC0
    { 17, 17, 281, 0, 16, 37, 41013 }, // U+FEC1
    { 20, 17, 287, 0, 16, 43, 41050 }, // U+FEC2
    { 15, 17, 246, 0, 16, 32, 41093 }, // U+FEC3
    { 18, 17, 254, 0, 16, 39, 41125 }, // U+FEC4
    { 17, 17, 281, 0, 16, 37, 41164 }, // U+FEC5
    { 20, 17, 287, 0, 16, 43, 41201 }, // U+FEC6
    { 15, 17, 246, 0, 16, 32, 41244 }, // U+FEC7
    { 18, 17, 254, 0, 16, 39, 41276 }, // U+FEC8
    { 14, 21, 190, 0, 12, 37, 41315 }, // U+FEC9
    { 14, 19, 190, 0, 10, 34, 41352 }, // U+FECA
    { 11, 12, 186, 0, 11, 17, 41386 }, // U+FECB
    { 15, 11, 184, -1, 10, 21, 41403 }, // U+FECC
    { 14, 26, 190, 0, 17, 46, 41424 }, // U+FECD
    { 14, 24, 190, 0, 15, 42, 41470 }, // U+FECE
    { 11, 17, 186, 0, 16, 24, 41512 }, // U+FECF
    { 15, 16, 184, -1, 15, 30, 41536 }, // U+FED0
    { 21, 19, 341, 0, 18, 50, 41566 }, // U+FED1
    { 25, 17, 372, 0, 16, 54, 41616 }, // U+FED2
    { 10, 19, 168, 0, 18, 24, 41670 }, // U+FED3
    { 13, 17, 176, 0, 16, 28, 41694 }, // U+FED4
    { 17, 19, 277, 0, 15, 41, 41722 }, // U+FED5
    { 20, 20, 285, 0, 14, 50, 41763 }, // U+FED6
    { 10, 19, 168, 0, 18, 24, 41813 }, // U+FED7
    { 13, 17, 176, 0, 16, 28, 41837 }, // U+FED8
    { 19, 17, 310, 0, 16, 41, 41865 }, // U+FED9
    { 22, 17, 325, 0, 16, 47, 41906 }, // U+FEDA
    { 10, 16, 151, 0, 15, 20, 41953 }, // U+FEDB
    { 13, 16, 169, 0, 15, 26, 41973 }, // U+FEDC
    { 15, 21, 247, 0, 16, 40, 41999 }, // U+FEDD
    { 19, 21, 264, 0, 16, 50, 42039 }, // U+FEDE
    { 6, 17, 99, 0, 16, 13, 42089 }, // U+FEDF
    { 9, 17, 115, 0, 16, 20, 42102 }, // U+FEE0
    { 11, 19, 183, 0, 10, 27, 42122 }, // U+FEE1
    { 16, 18, 220, 0, 9, 36, 42149 }, // U+FEE2
    { 12, 10, 194, 0, 9, 15, 42185 }, // U+FEE3
    { 15, 10, 208, 0, 9, 19, 42200 }, // U+FEE4
    { 15, 17, 247, 0, 12, 32, 42219 }, // U+FEE5
    { 19, 17, 268, 0, 12, 41, 42251 }, // U+FEE6
    { 6, 16, 106, 0, 15, 12, 42292 }, // U+FEE7
    { 10, 14, 128, 0, 13, 18, 42304 }, // U+FEE8
    { 10, 13, 157, 0, 12, 17, 42322 }, // U+FEE9
    { 14, 14, 185, 0, 13, 25, 42339 }, // U+FEEA
    { 13, 13, 214, 0, 12, 22, 42364 }, // U+FEEB
    { 14, 15, 190, 0, 10, 27, 42386 }, // U+FEEC
    { 10, 14, 166, 0, 9, 18, 42413 }, // U+FEED
    { 13, 14, 175, 0, 9, 23, 42431 }, // U+FEEE
    { 17, 15, 274, 0, 10, 32, 42454 }, // U+FEEF
    { 19, 11, 267, 0, 6, 27, 42486 }, // U+FEF0
    { 17, 20, 274, 0, 10, 43, 42513 }, // U+FEF1
    { 19, 16, 267, 0, 6, 38, 42556 }, // U+FEF2
    { 7, 15, 120, 0, 10, 14, 42594 }, // U+FEF3
    { 11, 13, 136, 0, 8, 18, 42608 }, // U+FEF4
    { 15, 17, 211, -2, 17, 32, 42626 }, // U+FEF5
    { 16, 19, 227, 0, 18, 38, 42658 }, // U+FEF6
    { 13, 19, 211, 0, 19, 31, 42696 }, // U+FEF7
    { 16, 21, 227, 0, 20, 42, 42727 }, // U+FEF8
    { 13, 23, 211, 0, 16, 38, 42769 }, // U+FEF9
    { 16, 23, 227, 0, 16, 46, 42807 }, // U+FEFA
    { 13, 16, 211, 0, 16, 26, 42853 }, // U+FEFB
    { 16, 17, 227, 0, 16, 34, 42879 }, // U+FEFC
};

static const EpdUnicodeInterval inter_10_boldIntervals[] = {
    { 0x0, 0x148, 0x0 },
    { 0x14A, 0x17F, 0x149 },
    { 0x1A0, 0x1A1, 0x17F },
    { 0x1AF, 0x1B0, 0x181 },
    { 0x1C5, 0x21F, 0x183 },
    { 0x300, 0x304, 0x1DE },
    { 0x306, 0x30C, 0x1E3 },
    { 0x30F, 0x30F, 0x1EA },
    { 0x312, 0x313, 0x1EB },
    { 0x315, 0x315, 0x1ED },
    { 0x31B, 0x31B, 0x1EE },
    { 0x323, 0x323, 0x1EF },
    { 0x326, 0x328, 0x1F0 },
    { 0x32C, 0x32C, 0x1F3 },
    { 0x337, 0x338, 0x1F4 },
    { 0x342, 0x343, 0x1F6 },
    { 0x346, 0x36F, 0x1F8 },
    { 0x374, 0x376, 0x222 },
    { 0x37A, 0x37F, 0x225 },
    { 0x384, 0x38A, 0x22B },
    { 0x38C, 0x38C, 0x232 },
    { 0x38E, 0x3A1, 0x233 },
    { 0x3A3, 0x3D7, 0x247 },
    { 0x3DC, 0x3DD, 0x27C },
    { 0x3F0, 0x3F6, 0x27E },
    { 0x3F9, 0x3FA, 0x285 },
    { 0x3FC, 0x479, 0x287 },
    { 0x480, 0x49D, 0x305 },
    { 0x4A0, 0x4FF, 0x323 },
    { 0x5D0, 0x5EA, 0x383 },
    { 0x60C, 0x60C, 0x39E },
    { 0x61B, 0x61B, 0x39F },
    { 0x61F, 0x61F, 0x3A0 },
    { 0x621, 0x621, 0x3A1 },
    { 0x640, 0x640, 0x3A2 },
    { 0x660, 0x669, 0x3A3 },
    { 0x6BA, 0x6BA, 0x3AD },
    { 0x6D4, 0x6D4, 0x3AE },
    { 0x6F0, 0x6F9, 0x3AF },
    { 0x1EA0, 0x1EF9, 0x3B9 },
    { 0x1F00, 0x1F15, 0x413 },
    { 0x1F18, 0x1F1D, 0x429 },
    { 0x1F20, 0x1F45, 0x42F },
    { 0x1F48, 0x1F4D, 0x455 },
    { 0x1F50, 0x1F57, 0x45B },
    { 0x1F59, 0x1F59, 0x463 },
    { 0x1F5B, 0x1F5B, 0x464 },
    { 0x1F5D, 0x1F5D, 0x465 },
    { 0x1F5F, 0x1F7D, 0x466 },
    { 0x1F80, 0x1FB4, 0x485 },
    { 0x1FB6, 0x1FC4, 0x4BA },
    { 0x1FC6, 0x1FD3, 0x4C9 },
    { 0x1FD6, 0x1FDB, 0x4D7 },
    { 0x1FDD, 0x1FEF, 0x4DD },
    { 0x1FF2, 0x1FF4, 0x4F0 },
    { 0x1FF6, 0x1FFE, 0x4F3 },
    { 0x2000, 0x2027, 0x4FC },
    { 0x202A, 0x2055, 0x524 },
    { 0x2057, 0x2057, 0x550 },
    { 0x205F, 0x2064, 0x551 },
    { 0x2066, 0x2071, 0x557 },
    { 0x2074, 0x208E, 0x563 },
    { 0x2090, 0x209C, 0x57E },
    { 0x20A0, 0x20AF, 0x58B },
    { 0x20B1, 0x20B5, 0x59B },
    { 0x20B8, 0x20BA, 0x5A0 },
    { 0x20BC, 0x20BF, 0x5A3 },
    { 0x2190, 0x2199, 0x5A7 },
    { 0x21A9, 0x21AA, 0x5B1 },
    { 0x21B0, 0x21B7, 0x5B3 },
    { 0x21BA, 0x21BB, 0x5BB },
    { 0x21C4, 0x21C4, 0x5BD },
    { 0x21C6, 0x21C6, 0x5BE },
    { 0x21D0, 0x21D0, 0x5BF },
    { 0x21D2, 0x21D2, 0x5C0 },
    { 0x21D4, 0x21D4, 0x5C1 },
    { 0x21DE, 0x21DF, 0x5C2 },
    { 0x21E4, 0x21E5, 0x5C4 },
    { 0x21E7, 0x21E7, 0x5C6 },
    { 0x21EA, 0x21EA, 0x5C7 },
    { 0x2202, 0x2202, 0x5C8 },
    { 0x2205, 0x2206, 0x5C9 },
    { 0x220F, 0x220F, 0x5CB },
    { 0x2211, 0x2212, 0x5CC },
    { 0x2215, 0x2215, 0x5CE },
    { 0x221A, 0x221A, 0x5CF },
    { 0x221E, 0x221E, 0x5D0 },
    { 0x222B, 0x222B, 0x5D1 },
    { 0x2236, 0x2236, 0x5D2 },
    { 0x2248, 0x2248, 0x5D3 },
    { 0x2260, 0x2260, 0x5D4 },
    { 0x2264, 0x2265, 0x5D5 },
    { 0x2295, 0x2298, 0x5D7 },
    { 0xFB01, 0xFB02, 0x5DB },
    { 0xFB56, 0xFB59, 0x5DD },
    { 0xFB66, 0xFB69, 0x5E1 },
    { 0xFB7A, 0xFB7D, 0x5E5 },
    { 0xFB88, 0xFB95, 0x5E9 },
    { 0xFB9E, 0xFB9F, 0x5F7 },
    { 0xFBA6, 0xFBB1, 0x5F9 },
    { 0xFBFC, 0xFBFF, 0x605 },
    { 0xFE80, 0xFEFC, 0x609 },
};

static const uint16_t inter_10_boldKernLeftCodepoints[] = {
    0x0022, 0x0024, 0x0025, 0x0026, 0x0027, 0x0028, 0x0029, 0x002A, 0x002B, 0x002C, 0x002D, 0x002E,
    0x002F, 0x0030, 0x0031, 0x0032, 0x0033, 0x0034, 0x0035, 0x0036, 0x0037, 0x0038, 0x0039, 0x003A,
    0x003B, 0x003D, 0x003E, 0x003F, 0x0040, 0x0041, 0x0042, 0x0043, 0x0044, 0x0045, 0x0046, 0x0047,
    0x0048, 0x0049, 0x004A, 0x004B, 0x004C, 0x004D, 0x004E, 0x004F, 0x0050, 0x0051, 0x0052, 0x0053,
    0x0054, 0x0055, 0x0056, 0x0057, 0x0058, 0x0059, 0x005A, 0x005B, 0x005C, 0x005D, 0x005E, 0x005F,
    0x0061, 0x0062, 0x0063, 0x0064, 0x0065, 0x0066, 0x0067, 0x0068, 0x0069, 0x006A, 0x006B, 0x006C,
    0x006D, 0x006E, 0x006F, 0x0070, 0x0071, 0x0072, 0x0073, 0x0074, 0x0075, 0x0076, 0x0077, 0x0078,
    0x0079, 0x007A, 0x007B, 0x007C, 0x007D, 0x007E, 0x00A1, 0x00A2, 0x00A5, 0x00A9, 0x00AA, 0x00AB,
    0x00AC, 0x00AD, 0x00AE, 0x00B0, 0x00B1, 0x00B2, 0x00B3, 0x00B5, 0x00B6, 0x00B7, 0x00B9, 0x00BA,
    0x00BB, 0x00BF, 0x00C0, 0x00C1, 0x00C2, 0x00C3, 0x00C4, 0x00C5, 0x00C6, 0x00C7, 0x00C8, 0x00C9,
    0x00CA, 0x00CB, 0x00CC, 0x00CD, 0x00CE, 0x00CF, 0x00D0, 0x00D1, 0x00D2, 0x00D3, 0x00D4, 0x00D5,
    0x00D6, 0x00D7, 0x00D8, 0x00D9, 0x00DA, 0x00DB, 0x00DC, 0x00DD, 0x00DE, 0x00DF, 0x00E0, 0x00E1,
    0x00E2, 0x00E3, 0x00E4, 0x00E5, 0x00E6, 0x00E7, 0x00E8, 0x00E9, 0x00EA, 0x00EB, 0x00EC, 0x00ED,
    0x00EE, 0x00EF, 0x00F0, 0x00F1, 0x00F2, 0x00F3, 0x00F4, 0x00F5, 0x00F6, 0x00F7, 0x00F8, 0x00F9,
    0x00FA, 0x00FB, 0x00FC, 0x00FD, 0x00FE, 0x00FF, 0x0100, 0x0101, 0x0102, 0x0103, 0x0104, 0x0105,
    0x0106, 0x0107, 0x0108, 0x0109, 0x010A, 0x010B, 0x010C, 0x010D, 0x010E, 0x010F, 0x0111, 0x0112,
    0x0113, 0x0114, 0x0115, 0x0116, 0x0117, 0x0118, 0x0119, 0x011A, 0x011B, 0x011C, 0x011D, 0x011E,
    0x011F, 0x0120, 0x0121, 0x0122, 0x0123, 0x0124, 0x0125, 0x0126, 0x0127, 0x0128, 0x0129, 0x012A,
    0x012B, 0x012C, 0x012D, 0x012E, 0x012F, 0x0130, 0x0131, 0x0133, 0x0134, 0x0135, 0x0136, 0x0137,
    0x0138, 0x0139, 0x013A, 0x013B, 0x013C, 0x013D, 0x013E, 0x013F, 0x0140, 0x0141, 0x0142, 0x0143,
    0x0144, 0x0145, 0x0146, 0x0147, 0x0148, 0x014A, 0x014C, 0x014D, 0x014E, 0x014F, 0x0150, 0x0151,
    0x0152, 0x0153, 0x0154, 0x0155, 0x0156, 0x0157, 0x0158, 0x0159, 0x015A, 0x015B, 0x015C, 0x015D,
    0x015E, 0x015F, 0x0160, 0x0161, 0x0162, 0x0163, 0x0164, 0x0165, 0x0166, 0x0167, 0x0168, 0x0169,
    0x016A, 0x016B, 0x016C, 0x016D, 0x016E, 0x016F, 0x0170, 0x0171, 0x0172, 0x0173, 0x0174, 0x0175,
    0x0176, 0x0177, 0x0178, 0x0179, 0x017A, 0x017B, 0x017C, 0x017D, 0x017E, 0x017F, 0x01A0, 0x01A1,
    0x01AF, 0x01B0, 0x01C5, 0x01C6, 0x01C8, 0x01C9, 0x01CB, 0x01CC, 0x01CD, 0x01CE, 0x01CF, 0x01D0,
    0x01D1, 0x01D2, 0x01D3, 0x01D4, 0x01D5, 0x01D6, 0x01D7, 0x01D8, 0x01D9, 0x01DA, 0x01DB, 0x01DC,
    0x01DD, 0x01DE, 0x01DF, 0x01E0, 0x01E1, 0x01E2, 0x01E3, 0x01E4, 0x01E5, 0x01E6, 0x01E7, 0x01E8,
    0x01E9, 0x01EA, 0x01EB, 0x01EC, 0x01ED, 0x01F0, 0x01F1, 0x01F2, 0x01F3, 0x01F4, 0x01F5, 0x01F6,
    0x01F8, 0x01F9, 0x01FA, 0x01FB, 0x01FC, 0x01FD, 0x01FE, 0x01FF, 0x0200, 0x0201, 0x0202, 0x0203,
    0x0204, 0x0205, 0x0206, 0x0207, 0x0208, 0x0209, 0x020A, 0x020B, 0x020C, 0x020D, 0x020E, 0x020F,
    0x0210, 0x0211, 0x0212, 0x0213, 0x0214, 0x0215, 0x0216, 0x0217, 0x0218, 0x0219, 0x021A, 0x021B,
    0x021E, 0x021F, 0x0376, 0x037F, 0x0386, 0x0387, 0x0388, 0x0389, 0x038A, 0x038C, 0x038E, 0x0390,
    0x0391, 0x0392, 0x0393, 0x0395, 0x0396, 0x0397, 0x0398, 0x0399, 0x039A, 0x039B, 0x039C, 0x039D,
    0x039E, 0x039F, 0x03A0, 0x03A1, 0x03A3, 0x03A4, 0x03A5, 0x03A6, 0x03A7, 0x03A8, 0x03AA, 0x03AB,
    0x03AC, 0x03AD, 0x03B0, 0x03B1, 0x03B2, 0x03B3, 0x03B4, 0x03B5, 0x03B6, 0x03B8, 0x03BB, 0x03BD,
    0x03BE, 0x03BF, 0x03C0, 0x03C1, 0x03C3, 0x03C4, 0x03C5, 0x03C6, 0x03C7, 0x03C8, 0x03C9, 0x03CA,
    0x03CB, 0x03CC, 0x03CD, 0x03CE, 0x03CF, 0x03D5, 0x03D7, 0x03DC, 0x03F2, 0x03F3, 0x03F4, 0x03F9,
    0x03FA, 0x03FC, 0x0400, 0x0401, 0x0402, 0x0403, 0x0404, 0x0405, 0x0406, 0x0407, 0x0408, 0x0409,
    0x040A, 0x040B, 0x040C, 0x040D, 0x040F, 0x0410, 0x0411, 0x0412, 0x0413, 0x0414, 0x0415, 0x0416,
    0x0417, 0x0418, 0x0419, 0x041A, 0x041B, 0x041C, 0x041D, 0x041E, 0x041F, 0x0420, 0x0421, 0x0422,
    0x0423, 0x0424, 0x0425, 0x0426, 0x0427, 0x0428, 0x0429, 0x042A, 0x042B, 0x042C, 0x042D, 0x042E,
    0x0430, 0x0432, 0x0433, 0x0434, 0x0435, 0x0436, 0x0437, 0x0438, 0x0439, 0x043A, 0x043B, 0x043C,
    0x043D, 0x043E, 0x043F, 0x0440, 0x0441, 0x0442, 0x0443, 0x0444, 0x0445, 0x0446, 0x0447, 0x0448,
    0x0449, 0x044A, 0x044B, 0x044C, 0x044D, 0x044E, 0x044F, 0x0450, 0x0451, 0x0452, 0x0453, 0x0454,
    0x0455, 0x0456, 0x0457, 0x0458, 0x0459, 0x045A, 0x045B, 0x045C, 0x045D, 0x045E, 0x045F, 0x0460,
    0x0462, 0x0463, 0x0464, 0x0465, 0x0466, 0x0467, 0x0468, 0x046E, 0x0472, 0x0473, 0x0474, 0x0475,
    0x0476, 0x0477, 0x0479, 0x0481, 0x048A, 0x048B, 0x048C, 0x048D, 0x048E, 0x048F, 0x0490, 0x0491,
    0x0492, 0x0493, 0x0497, 0x0498, 0x049A, 0x049B, 0x049C, 0x049D, 0x04A0, 0x04A1, 0x04A2, 0x04A3,
    0x04A4, 0x04A5, 0x04A6, 0x04A7, 0x04A9, 0x04AA, 0x04AB, 0x04AC, 0x04AD, 0x04AE, 0x04AF, 0x04B0,
    0x04B1, 0x04B3, 0x04B5, 0x04B7, 0x04B9, 0x04BA, 0x04BB, 0x04BD, 0x04BF, 0x04C0, 0x04C1, 0x04C3,
    0x04C4, 0x04C6, 0x04C7, 0x04C8, 0x04C9, 0x04CA, 0x04CC, 0x04CD, 0x04CE, 0x04CF, 0x04D0, 0x04D1,
    0x04D2, 0x04D3, 0x04D4, 0x04D5, 0x04D6, 0x04D7, 0x04D9, 0x04DA, 0x04DB, 0x04DC, 0x04E0, 0x04E2,
    0x04E3, 0x04E4, 0x04E5, 0x04E6, 0x04E7, 0x04E8, 0x04E9, 0x04EA, 0x04EB, 0x04ED, 0x04EF, 0x04F1,
    0x04F3, 0x04F5, 0x04F6, 0x04F7, 0x04F9, 0x04FA, 0x04FB, 0x04FC, 0x04FD, 0x04FE, 0x04FF, 0x05D0,
    0x05D1, 0x05D2, 0x05D3, 0x05D4, 0x05D5, 0x05D6, 0x05D7, 0x05D9, 0x05DA, 0x05DB, 0x05DC, 0x05DD,
    0x05DE, 0x05DF, 0x05E0, 0x05E1, 0x05E2, 0x05E6, 0x05E7, 0x05E8, 0x05EA, 0x1EA0, 0x1EA1, 0x1EA2,
    0x1EA3, 0x1EA4, 0x1EA5, 0x1EA6, 0x1EA7, 0x1EA8, 0x1EA9, 0x1EAA, 0x1EAB, 0x1EAC, 0x1EAD, 0x1EAE,
    0x1EAF, 0x1EB0, 0x1EB1, 0x1EB2, 0x1EB3, 0x1EB4, 0x1EB5, 0x1EB6, 0x1EB7, 0x1EB8, 0x1EB9, 0x1EBA,
    0x1EBB, 0x1EBC, 0x1EBD, 0x1EBE, 0x1EBF, 0x1EC0, 0x1EC1, 0x1EC2, 0x1EC3, 0x1EC4, 0x1EC5, 0x1EC6,
    0x1EC7, 0x1EC8, 0x1EC9, 0x1ECA, 0x1ECB, 0x1ECC, 0x1ECD, 0x1ECE, 0x1ECF, 0x1ED0, 0x1ED1, 0x1ED2,
    0x1ED3, 0x1ED4, 0x1ED5, 0x1ED6, 0x1ED7, 0x1ED8, 0x1ED9, 0x1EDA, 0x1EDB, 0x1EDC, 0x1EDD, 0x1EDE,
    0x1EDF, 0x1EE0, 0x1EE1, 0x1EE2, 0x1EE3, 0x1EE4, 0x1EE5, 0x1EE6, 0x1EE7, 0x1EE8, 0x1EE9, 0x1EEA,
    0x1EEB, 0x1EEC, 0x1EED, 0x1EEE, 0x1EEF, 0x1EF0, 0x1EF1, 0x1EF2, 0x1EF3, 0x1EF4, 0x1EF5, 0x1EF6,
    0x1EF7, 0x1EF8, 0x1EF9, 0x1F00, 0x1F01, 0x1F02, 0x1F03, 0x1F04, 0x1F05, 0x1F06, 0x1F07, 0x1F08,
    0x1F09, 0x1F0A, 0x1F0B, 0x1F0C, 0x1F0D, 0x1F0E, 0x1F0F, 0x1F10, 0x1F11, 0x1F12, 0x1F13, 0x1F14,
    0x1F15, 0x1F18, 0x1F19, 0x1F1A, 0x1F1B, 0x1F1C, 0x1F1D, 0x1F28, 0x1F29, 0x1F2A, 0x1F2B, 0x1F2C,
    0x1F2D, 0x1F2E, 0x1F2F, 0x1F32, 0x1F33, 0x1F34, 0x1F35, 0x1F36, 0x1F37, 0x1F38, 0x1F39, 0x1F3A,
    0x1F3B, 0x1F3C, 0x1F3D, 0x1F3E, 0x1F3F, 0x1F40, 0x1F41, 0x1F42, 0x1F43, 0x1F44, 0x1F45, 0x1F48,
    0x1F49, 0x1F4A, 0x1F4B, 0x1F4C, 0x1F4D, 0x1F50, 0x1F51, 0x1F52, 0x1F53, 0x1F54, 0x1F55, 0x1F56,
    0x1F57, 0x1F59, 0x1F5B, 0x1F5D, 0x1F5F, 0x1F60, 0x1F61, 0x1F62, 0x1F63, 0x1F64, 0x1F65, 0x1F66,
    0x1F67, 0x1F70, 0x1F72, 0x1F78, 0x1F7A, 0x1F7C, 0x1F80, 0x1F81, 0x1F82, 0x1F83, 0x1F84, 0x1F85,
    0x1F86, 0x1F87, 0x1F88, 0x1F89, 0x1F8A, 0x1F8B, 0x1F8C, 0x1F8D, 0x1F8E, 0x1F8F, 0x1F98, 0x1F99,
    0x1F9A, 0x1F9B, 0x1F9C, 0x1F9D, 0x1F9E, 0x1F9F, 0x1FA0, 0x1FA1, 0x1FA2, 0x1FA3, 0x1FA4, 0x1FA5,
    0x1FA6, 0x1FA7, 0x1FB0, 0x1FB1, 0x1FB2, 0x1FB3, 0x1FB4, 0x1FB6, 0x1FB7, 0x1FB8, 0x1FB9, 0x1FBA,
    0x1FBB, 0x1FBC, 0x1FC8, 0x1FC9, 0x1FCA, 0x1FCB, 0x1FCC, 0x1FD0, 0x1FD1, 0x1FD2, 0x1FD6, 0x1FD7,
    0x1FD8, 0x1FD9, 0x1FDA, 0x1FDB, 0x1FE0, 0x1FE1, 0x1FE2, 0x1FE4, 0x1FE5, 0x1FE6, 0x1FE7, 0x1FE8,
    0x1FE9, 0x1FEA, 0x1FEB, 0x1FEC, 0x1FF2, 0x1FF3, 0x1FF4, 0x1FF6, 0x1FF7, 0x1FF8, 0x1FF9, 0x2018,
    0x2019, 0x201A, 0x201C, 0x201D, 0x201E, 0x2020, 0x2021, 0x2022, 0x2023, 0x2026, 0x2034, 0x2039,
    0x203A, 0x203D, 0x2043, 0x204B, 0x204C, 0x204D, 0x204F, 0x2070, 0x2071, 0x2074, 0x2075, 0x2076,
    0x2077, 0x2078, 0x2079, 0x207A, 0x207B, 0x207D, 0x2080, 0x2081, 0x2082, 0x2083, 0x2084, 0x2085,
    0x2086, 0x2087, 0x2088, 0x2089, 0x208A, 0x208B, 0x208C, 0x208D, 0x208E, 0x2090, 0x2091, 0x2092,
    0x2093, 0x2095, 0x2096, 0x2097, 0x2098, 0x2099, 0x209A, 0x209B, 0x209C, 0x20A1, 0x20A7, 0x20A8,
    0x20A9, 0x20AC, 0x20AF, 0x20B2, 0x20B5, 0x20BD, 0x20BF, 0x2190, 0x21D0, 0x2206, 0x2212, 0x221E,
    0x2248, 0x2260, 0x2264, 0x2265, 0xFB02, 0xFB8C, 0xFEAD, 0xFEAE, 0xFEAF,
};

static const uint8_t inter_10_boldKernLeftClassIds[] = {
      1,   2,   3,   4,   1,   5,   6,   7,   8,   9,   8,   9,  10,  11,  12,  13,
     14,  15,  16,  17,  18,  14,  11,  19,  19,  20,  21,  22,  23,  24,  25,  26,
     23,  27,  28,  29,  12,  12,  30,  31,  32,  12,  12,  23,  33,  23,  34,   2,
     35,  30,  36,  37,  38,  39,  40,  41,  42,   6,   7,  43,  44,  45,  45,  12,
     45,  46,  47,  44,  48,  48,  49,  12,  44,  44,  45,  45,  47,  50,  51,  52,
     53,  54,  55,  56,  54,  57,   5,  12,   6,  58,  59,  45,  60,  23,  61,  62,
     63,  64,  65,   7,  20,  66,  67,  68,  12,  69,  70,  61,  71,  72,  24,  24,
     24,  24,  24,  24,  27,  26,  27,  27,  27,  27,  12,  12,  73,  73,  23,  12,
     23,  23,  23,  23,  23,  74,  23,  30,  30,  30,  30,  39,  75,  76,  44,  44,
     44,  44,  44,  44,  77,  45,  45,  45,  45,  45,  48,  48,  78,  79,  45,  80,
     45,  45,  45,  81,  81,   8,  45,  53,  53,  53,  53,  54,  45,  54,  24,  82,
     24,  44,  24,  44,  26,  45,  26,  45,  26,  45,  26,  45,  23,  83,  84,  27,
     45,  27,  45,  27,  45,  27,  45,  27,  45,  29,  47,  29,  47,  29,  47,  29,
     47,  12,  44,  12,  44,  73,  85,  73,  86,  73,  87,  12,  48,  12,  48,  48,
     30,  88,  31,  49,  49,  89,  90,  32,  12,  91,  12,  92,  93,  94,  95,  12,
     44,  12,  44,  12,  44,  12,  23,  45,  23,  45,  23,  45,  27,  45,  34,  50,
     34,  50,  34,  50,   2,  51,   2,  51,   2,  51,   2,  51,  96,  52,  97,  52,
     98,  52,  30,  53,  30,  53,  30,  53,  30,  53,  30,  53,  30,  53,  37,  55,
     39,  54,  39,  40,  57,  40,  57,  40,  57,  99, 100, 101, 102, 103, 104,  57,
     48,  48,  48,  48,  24,  44,  90, 105,  23,  45,  30,  53,  30,  53,  30,  53,
     30,  53,  30,  53, 106,  24,  44,  24,  44,  27,  77,  29,  47,  29,  47,  31,
     49,  23,  45,  23,  45,  48, 107,  57,  57,  29,  47, 108,  12,  44,  24,  44,
     27,  77,  23,  45,  24,  44,  24,  44,  27,  45,  27,  45, 109, 110,  73, 111,
     23,  45,  23,  45,  34,  50,  34,  50,  30,  53,  30,  53,   2,  51,  35,  52,
     12,  44,  12,  30,  24,   1,  27,  12,  12,  23,  39, 112,  24,  25, 113,  27,
     40,  12,  23,  12,  31,  24,  12,  12,  27,  23,  12,  33, 114,  35,  39,  23,
     38, 115,  73,  39, 116, 117,  53, 116,  25, 118, 119,  51, 120, 121, 122,  54,
    123,  45,  52,  45, 124,  50,  53,  45, 125, 126, 127, 112,  53,  45,  53, 127,
     31,  45,  49,  28,  45,  48,  23,  26,  12,  45,  27,  27,  45,  35, 128,   2,
     12,  73,  30,  45,  45,  44,  31,  12,  12,  24,  25,  25,  35, 129,  27, 130,
     14,  12,  12,  31,  12,  12,  12,  23,  12,  33,  26,  35,  39, 131,  38, 129,
     12,  12, 129,  45,  12,  45,  23, 132,  44,  51,  50, 133,  45,  56,  44,  44,
     44,  49,  44,  44,  44,  45,  44,  45,  45, 134,  54,  45,  56, 133,  44,  44,
    133, 135,  48, 135,  45,  45,  44,  45,  45,  44,  50,  45,  51,  48,  79,  48,
    135, 135,  44,  49,  44,  54,  53,  12,  45,  45,  26,  45,  24,  24,  24,  25,
     23,  45,  36,  54,  36,  54,  46,  45,  12,  52,  45,  45,  33,  45,  35,  50,
     35,  50,  56,  14,  31,  49,  31,  49,  31,  49,  52,  52,  35,  50,  45, 135,
     77,  26,  45,  35,  50,  39,  54, 136,  54,  56, 133,  52,  44,  44,  44,  45,
     77,  12,  38,  25,  44,  52,  12,  44,  52,  52,  44,  12,  52,  12,  24,  44,
     24,  44,  27,  77,  27,  45,  45,  23,  45,  38,  14,  12,  44,  12,  44,  23,
     45,  23,  45,  23,  45,  45,  54,  54,  54,  44,  35,  50,  44,  35,  50,  38,
     56,  38,  56, 137, 138, 138, 139, 140, 141, 142, 140, 143, 139, 138, 144, 140,
    141, 141, 138, 145, 146, 147, 140, 139, 148,  24,  44,  24,  44,  24,  44,  24,
     44,  24,  44,  24,  44,  24,  44,  24,  44,  24,  44,  24,  44,  24,  44,  24,
     44,  27,  45,  27,  45,  27,  45,  27,  45,  27,  45,  27,  45,  27,  45,  27,
     45,  12, 110,  12, 149,  23,  45,  23,  45,  23,  45,  23,  45,  23, 150,  23,
     45,  23,  45,  23,  45,  23,  45,  23,  45,  23,  45,  23,  45,  30,  53,  30,
     53, 151,  53, 151,  53, 151, 103, 151,  53, 151,  53,  39,  54, 152,  54, 152,
     54, 152,  54, 116, 116, 116, 116, 116, 116, 116, 116,  24,  24,  24,  24,  24,
     24,  24,  24, 117, 117, 117, 117, 117, 117,  27,  27,  27,  27,  27,  27,  12,
     12,  12,  12,  12,  12,  12,  12, 112, 112, 112, 112, 112, 112,  12,  12,  12,
     12,  12,  12,  12,  12,  45,  45,  45,  45,  45,  45,  23,  23,  23,  23,  23,
     23,  53,  53,  53,  53,  53,  53,  53,  53,  39,  39,  39,  39, 127, 127, 127,
    127, 127, 127, 127, 127, 116, 117,  45,  53, 127, 116, 116, 116, 116, 116, 116,
    116, 116,  24,  24,  24,  24,  24,  24,  24,  24,  12,  12,  12,  12,  12,  12,
     12,  12, 127, 127, 127, 127, 127, 127, 127, 127, 116, 116, 116, 116, 116, 116,
    116,  24,  24,  24,  24,  24,  27,  27,  12,  12,  12, 112, 112, 112, 112, 112,
     73,  73,  12,  12,  53,  53,  53,  45,  45,  53,  53,  39,  39,  39,  39,  33,
    127, 127, 127, 127, 127,  23,  23, 153, 154, 155, 153, 154, 155,  61,  61, 156,
    156, 157, 154,  62,  71,  22, 156,  33,  44, 156,  19,  67, 158, 159,  67,  67,
    160,  67,  67, 161, 161, 162, 163, 163, 163, 163, 163, 164, 163, 165, 163, 163,
    163, 163, 163, 163, 163, 163, 163, 163, 163, 163, 163, 163, 163, 163, 163, 163,
    163,  26,  52,  51, 166, 167,  45,  29,  26, 168,  25,   8,  20,  24,   8,  92,
     20,  20,  20,  20, 169, 170, 170, 170, 170,
};

static const uint16_t inter_10_boldKernRightCodepoints[] = {
    0x0020, 0x0021, 0x0022, 0x0023, 0x0024, 0x0025, 0x0026, 0x0027, 0x0028, 0x0029, 0x002A, 0x002B,
    0x002C, 0x002D, 0x002E, 0x002F, 0x0030, 0x0031, 0x0032, 0x0033, 0x0034, 0x0035, 0x0036, 0x0037,
    0x0038, 0x0039, 0x003A, 0x003B, 0x003C, 0x003D, 0x003F, 0x0040, 0x0041, 0x0042, 0x0043, 0x0044,
    0x0045, 0x0046, 0x0047, 0x0048, 0x0049, 0x004A, 0x004B, 0x004C, 0x004D, 0x004E, 0x004F, 0x0050,
    0x0051, 0x0052, 0x0053, 0x0054, 0x0055, 0x0056, 0x0057, 0x0058, 0x0059, 0x005A, 0x005B, 0x005C,
    0x005D, 0x005E, 0x005F, 0x0061, 0x0062, 0x0063, 0x0064, 0x0065, 0x0066, 0x0067, 0x0068, 0x0069,
    0x006A, 0x006B, 0x006C, 0x006D, 0x006E, 0x006F, 0x0070, 0x0071, 0x0072, 0x0073, 0x0074, 0x0075,
    0x0076, 0x0077, 0x0078, 0x0079, 0x007A, 0x007B, 0x007C, 0x007D, 0x007E, 0x00A2, 0x00A5, 0x00A9,
    0x00AA, 0x00AB, 0x00AC, 0x00AD, 0x00AE, 0x00B0, 0x00B1, 0x00B2, 0x00B5, 0x00B6, 0x00B7, 0x00B9,
    0x00BA, 0x00BB, 0x00BF, 0x00C0, 0x00C1, 0x00C2, 0x00C3, 0x00C4, 0x00C5, 0x00C6, 0x00C7, 0x00C8,
    0x00C9, 0x00CA, 0x00CB, 0x00CC, 0x00CD, 0x00CE, 0x00CF, 0x00D0, 0x00D1, 0x00D2, 0x00D3, 0x00D4,
    0x00D5, 0x00D6, 0x00D7, 0x00D8, 0x00D9, 0x00DA, 0x00DB, 0x00DC, 0x00DD, 0x00DE, 0x00DF, 0x00E0,
    0x00E1, 0x00E2, 0x00E3, 0x00E4, 0x00E5, 0x00E6, 0x00E7, 0x00E8, 0x00E9, 0x00EA, 0x00EB, 0x00EC,
    0x00ED, 0x00EE, 0x00EF, 0x00F0, 0x00F1, 0x00F2, 0x00F3, 0x00F4, 0x00F5, 0x00F6, 0x00F7, 0x00F8,
    0x00F9, 0x00FA, 0x00FB, 0x00FC, 0x00FD, 0x00FE, 0x00FF, 0x0100, 0x0101, 0x0102, 0x0103, 0x0104,
    0x0105, 0x0106, 0x0107, 0x0108, 0x0109, 0x010A, 0x010B, 0x010C, 0x010D, 0x010E, 0x010F, 0x0110,
    0x0111, 0x0112, 0x0113, 0x0114, 0x0115, 0x0116, 0x0117, 0x0118, 0x0119, 0x011A, 0x011B, 0x011C,
    0x011D, 0x011E, 0x011F, 0x0120, 0x0121, 0x0122, 0x0123, 0x0124, 0x0125, 0x0126, 0x0127, 0x0128,
    0x0129, 0x012A, 0x012B, 0x012C, 0x012D, 0x012E, 0x012F, 0x0130, 0x0131, 0x0133, 0x0134, 0x0135,
    0x0136, 0x0137, 0x0138, 0x0139, 0x013A, 0x013B, 0x013C, 0x013D, 0x013E, 0x0140, 0x0141, 0x0142,
    0x0143, 0x0144, 0x0145, 0x0146, 0x0147, 0x0148, 0x014A, 0x014B, 0x014C, 0x014D, 0x014E, 0x014F,
    0x0150, 0x0151, 0x0152, 0x0153, 0x0154, 0x0155, 0x0156, 0x0157, 0x0158, 0x0159, 0x015A, 0x015B,
    0x015C, 0x015D, 0x015E, 0x015F, 0x0160, 0x0161, 0x0162, 0x0163, 0x0164, 0x0165, 0x0166, 0x0167,
    0x0168, 0x0169, 0x016A, 0x016B, 0x016C, 0x016D, 0x016E, 0x016F, 0x0170, 0x0171, 0x0172, 0x0173,
    0x0174, 0x0175, 0x0176, 0x0177, 0x0178, 0x0179, 0x017A, 0x017B, 0x017C, 0x017D, 0x017E, 0x017F,
    0x01A0, 0x01A1, 0x01AF, 0x01B0, 0x01C5, 0x01C6, 0x01C8, 0x01C9, 0x01CB, 0x01CC, 0x01CD, 0x01CE,
    0x01CF, 0x01D0, 0x01D1, 0x01D2, 0x01D3, 0x01D4, 0x01D5, 0x01D6, 0x01D7, 0x01D8, 0x01D9, 0x01DA,
    0x01DB, 0x01DC, 0x01DD, 0x01DE, 0x01DF, 0x01E0, 0x01E1, 0x01E2, 0x01E3, 0x01E4, 0x01E5, 0x01E6,
    0x01E7, 0x01E8, 0x01E9, 0x01EA, 0x01EB, 0x01EC, 0x01ED, 0x01EF, 0x01F0, 0x01F2, 0x01F3, 0x01F4,
    0x01F5, 0x01F6, 0x01F8, 0x01F9, 0x01FA, 0x01FB, 0x01FC, 0x01FD, 0x01FE, 0x01FF, 0x0200, 0x0201,
    0x0202, 0x0203, 0x0204, 0x0205, 0x0206, 0x0207, 0x0208, 0x0209, 0x020A, 0x020B, 0x020C, 0x020D,
    0x020E, 0x020F, 0x0210, 0x0211, 0x0212, 0x0213, 0x0214, 0x0215, 0x0216, 0x0217, 0x0218, 0x0219,
    0x021A, 0x021B, 0x021E, 0x021F, 0x0376, 0x037E, 0x037F, 0x0386, 0x0387, 0x0389, 0x038C, 0x038E,
    0x0390, 0x0391, 0x0392, 0x0393, 0x0395, 0x0396, 0x0397, 0x0398, 0x0399, 0x039A, 0x039B, 0x039C,
    0x039D, 0x039F, 0x03A0, 0x03A1, 0x03A3, 0x03A4, 0x03A5, 0x03A6, 0x03A7, 0x03A8, 0x03A9, 0x03AA,
    0x03AB, 0x03AC, 0x03AD, 0x03AE, 0x03B0, 0x03B1, 0x03B2, 0x03B3, 0x03B4, 0x03B5, 0x03B6, 0x03B7,
    0x03B8, 0x03BB, 0x03BD, 0x03BE, 0x03BF, 0x03C0, 0x03C1, 0x03C2, 0x03C3, 0x03C4, 0x03C5, 0x03C6,
    0x03C7, 0x03C8, 0x03C9, 0x03CA, 0x03CB, 0x03CC, 0x03CD, 0x03CE, 0x03CF, 0x03D5, 0x03D7, 0x03DC,
    0x03DD, 0x03F2, 0x03F3, 0x03F4, 0x03F9, 0x03FA, 0x03FC, 0x0400, 0x0401, 0x0402, 0x0403, 0x0404,
    0x0405, 0x0406, 0x0407, 0x0408, 0x0409, 0x040A, 0x040B, 0x040C, 0x040D, 0x040F, 0x0410, 0x0411,
    0x0412, 0x0413, 0x0414, 0x0415, 0x0416, 0x0417, 0x0418, 0x0419, 0x041A, 0x041B, 0x041C, 0x041D,
    0x041E, 0x041F, 0x0420, 0x0421, 0x0422, 0x0423, 0x0424, 0x0425, 0x0426, 0x0427, 0x0428, 0x0429,
    0x042A, 0x042B, 0x042C, 0x042D, 0x042E, 0x0430, 0x0431, 0x0432, 0x0433, 0x0434, 0x0435, 0x0436,
    0x0437, 0x0438, 0x0439, 0x043A, 0x043B, 0x043C, 0x043D, 0x043E, 0x043F, 0x0440, 0x0441, 0x0442,
    0x0443, 0x0444, 0x0445, 0x0446, 0x0447, 0x0448, 0x0449, 0x044A, 0x044B, 0x044C, 0x044D, 0x044E,
    0x044F, 0x0450, 0x0451, 0x0452, 0x0453, 0x0454, 0x0455, 0x0456, 0x0457, 0x0458, 0x0459, 0x045A,
    0x045B, 0x045C, 0x045D, 0x045E, 0x045F, 0x0460, 0x0463, 0x0464, 0x0465, 0x0466, 0x0467, 0x0468,
    0x046C, 0x046E, 0x0472, 0x0473, 0x0474, 0x0475, 0x0476, 0x0477, 0x0478, 0x0479, 0x0481, 0x048A,
    0x048B, 0x048D, 0x048E, 0x048F, 0x0490, 0x0491, 0x0493, 0x0494, 0x0495, 0x0497, 0x049A, 0x049B,
    0x049C, 0x049D, 0x04A0, 0x04A1, 0x04A2, 0x04A3, 0x04A4, 0x04A5, 0x04A6, 0x04A7, 0x04A9, 0x04AA,
    0x04AB, 0x04AC, 0x04AD, 0x04AE, 0x04AF, 0x04B0, 0x04B1, 0x04B2, 0x04B3, 0x04B4, 0x04B5, 0x04B7,
    0x04B9, 0x04BA, 0x04BB, 0x04BD, 0x04C0, 0x04C1, 0x04C3, 0x04C4, 0x04C6, 0x04C7, 0x04C8, 0x04C9,
    0x04CA, 0x04CD, 0x04CE, 0x04CF, 0x04D0, 0x04D1, 0x04D2, 0x04D3, 0x04D4, 0x04D5, 0x04D6, 0x04D7,
    0x04D9, 0x04DA, 0x04DB, 0x04DC, 0x04E1, 0x04E2, 0x04E3, 0x04E4, 0x04E5, 0x04E6, 0x04E7, 0x04E8,
    0x04E9, 0x04EA, 0x04EB, 0x04ED, 0x04EF, 0x04F1, 0x04F3, 0x04F7, 0x04F9, 0x04FB, 0x04FC, 0x04FD,
    0x04FE, 0x04FF, 0x05D0, 0x05D1, 0x05D2, 0x05D3, 0x05D4, 0x05D6, 0x05D7, 0x05D8, 0x05D9, 0x05DA,
    0x05DB, 0x05DC, 0x05DD, 0x05DE, 0x05E0, 0x05E1, 0x05E2, 0x05E3, 0x05E4, 0x05E5, 0x05E7, 0x05E8,
    0x05E9, 0x05EA, 0x1EA0, 0x1EA1, 0x1EA2, 0x1EA3, 0x1EA4, 0x1EA5, 0x1EA6, 0x1EA7, 0x1EA8, 0x1EA9,
    0x1EAA, 0x1EAB, 0x1EAC, 0x1EAD, 0x1EAE, 0x1EAF, 0x1EB0, 0x1EB1, 0x1EB2, 0x1EB3, 0x1EB4, 0x1EB5,
    0x1EB6, 0x1EB7, 0x1EB8, 0x1EB9, 0x1EBA, 0x1EBB, 0x1EBC, 0x1EBD, 0x1EBE, 0x1EBF, 0x1EC0, 0x1EC1,
    0x1EC2, 0x1EC3, 0x1EC4, 0x1EC5, 0x1EC6, 0x1EC7, 0x1EC8, 0x1EC9, 0x1ECA, 0x1ECB, 0x1ECC, 0x1ECD,
    0x1ECE, 0x1ECF, 0x1ED0, 0x1ED1, 0x1ED2, 0x1ED3, 0x1ED4, 0x1ED5, 0x1ED6, 0x1ED7, 0x1ED8, 0x1ED9,
    0x1EDA, 0x1EDB, 0x1EDC, 0x1EDD, 0x1EDE, 0x1EDF, 0x1EE0, 0x1EE1, 0x1EE2, 0x1EE3, 0x1EE4, 0x1EE5,
    0x1EE6, 0x1EE7, 0x1EE8, 0x1EE9, 0x1EEA, 0x1EEB, 0x1EEC, 0x1EED, 0x1EEE, 0x1EEF, 0x1EF0, 0x1EF1,
    0x1EF2, 0x1EF3, 0x1EF4, 0x1EF5, 0x1EF6, 0x1EF7, 0x1EF8, 0x1EF9, 0x1F00, 0x1F01, 0x1F02, 0x1F03,
    0x1F04, 0x1F05, 0x1F06, 0x1F07, 0x1F08, 0x1F09, 0x1F0A, 0x1F0B, 0x1F0C, 0x1F0D, 0x1F0E, 0x1F0F,
    0x1F10, 0x1F11, 0x1F12, 0x1F13, 0x1F14, 0x1F15, 0x1F20, 0x1F21, 0x1F22, 0x1F23, 0x1F24, 0x1F25,
    0x1F26, 0x1F27, 0x1F28, 0x1F29, 0x1F2A, 0x1F2B, 0x1F2C, 0x1F2D, 0x1F2E, 0x1F2F, 0x1F32, 0x1F33,
    0x1F34, 0x1F35, 0x1F36, 0x1F37, 0x1F40, 0x1F41, 0x1F42, 0x1F43, 0x1F44, 0x1F45, 0x1F48, 0x1F49,
    0x1F4A, 0x1F4B, 0x1F4C, 0x1F4D, 0x1F50, 0x1F51, 0x1F52, 0x1F53, 0x1F54, 0x1F55, 0x1F56, 0x1F57,
    0x1F60, 0x1F61, 0x1F62, 0x1F63, 0x1F64, 0x1F65, 0x1F66, 0x1F67, 0x1F70, 0x1F71, 0x1F72, 0x1F74,
    0x1F78, 0x1F7A, 0x1F7C, 0x1F80, 0x1F81, 0x1F82, 0x1F83, 0x1F84, 0x1F85, 0x1F86, 0x1F87, 0x1F88,
    0x1F89, 0x1F8A, 0x1F8B, 0x1F8C, 0x1F8D, 0x1F8E, 0x1F8F, 0x1F90, 0x1F91, 0x1F92, 0x1F93, 0x1F94,
    0x1F95, 0x1F96, 0x1F97, 0x1F98, 0x1F99, 0x1F9A, 0x1F9B, 0x1F9C, 0x1F9D, 0x1F9E, 0x1F9F, 0x1FA0,
    0x1FA1, 0x1FA2, 0x1FA3, 0x1FA4, 0x1FA5, 0x1FA6, 0x1FA7, 0x1FB0, 0x1FB1, 0x1FB2, 0x1FB3, 0x1FB4,
    0x1FB6, 0x1FB7, 0x1FB8, 0x1FB9, 0x1FBA, 0x1FBB, 0x1FBC, 0x1FC2, 0x1FC3, 0x1FC4, 0x1FC6, 0x1FC7,
    0x1FC9, 0x1FCA, 0x1FCB, 0x1FCC, 0x1FD0, 0x1FD1, 0x1FD2, 0x1FD6, 0x1FD7, 0x1FD8, 0x1FD9, 0x1FE0,
    0x1FE1, 0x1FE2, 0x1FE4, 0x1FE5, 0x1FE6, 0x1FE7, 0x1FE8, 0x1FE9, 0x1FEC, 0x1FF2, 0x1FF3, 0x1FF4,
    0x1FF6, 0x1FF7, 0x1FF8, 0x1FF9, 0x2018, 0x2019, 0x201A, 0x201B, 0x201C, 0x201D, 0x201E, 0x201F,
    0x2020, 0x2021, 0x2022, 0x2023, 0x2026, 0x2034, 0x2039, 0x203A, 0x203D, 0x2043, 0x2044, 0x204A,
    0x204B, 0x204C, 0x204D, 0x204F, 0x2074, 0x2077, 0x2079, 0x207E, 0x207F, 0x2080, 0x2081, 0x2082,
    0x2083, 0x2084, 0x2086, 0x2087, 0x2088, 0x2089, 0x208A, 0x208B, 0x208C, 0x208D, 0x208E, 0x2091,
    0x2092, 0x2093, 0x2095, 0x2096, 0x2097, 0x2098, 0x2099, 0x209A, 0x209B, 0x209C, 0x20A1, 0x20A7,
    0x20A8, 0x20A9, 0x20AB, 0x20B2, 0x20B4, 0x20B5, 0x20B8, 0x20BF, 0x2192, 0x21D2, 0x2206, 0x2212,
    0x221E, 0x222B, 0x2236, 0x2248, 0x2260, 0x2264, 0x2265, 0xFB8E, 0xFBA6, 0xFBAA, 0xFE8D, 0xFEA3,
    0xFEA9, 0xFEB1, 0xFEB3, 0xFEB9, 0xFEBB, 0xFEC1, 0xFEC3, 0xFEC9, 0xFECB, 0xFECD, 0xFEDB, 0xFEDF,
    0xFEE1, 0xFEE3, 0xFEE9, 0xFEEB,
};

static const uint8_t inter_10_boldKernRightClassIds[] = {
      1,   2,   3,   4,   5,   6,   7,   3,   8,   9,  10,  11,  12,  13,  14,  15,
     16,  17,  18,  19,  20,  21,  16,  22,  23,  24,  25,  25,  26,  27,  28,  29,
     30,  31,  32,  31,  31,  31,  32,  31,  31,  33,  31,  31,  31,  31,  32,  31,
     32,  31,   5,  34,  35,  36,  37,  38,  39,  40,   8,  36,   9,  41,  42,  43,
     31,  44,  44,  44,  45,  44,  31,  46,  47,  31,  31,  48,  48,  44,  48,  44,
     48,  49,  50,  51,  52,  53,  54,  52,  55,   8,  31,   9,  56,  44,  57,  32,
     58,  59,  60,  61,  62,  63,  27,  64,  65,  66,  67,  68,  58,  69,  70,  30,
     30,  30,  30,  30,  30,  30,  32,  31,  31,  31,  31,  31,  31,  71,  71,  72,
     31,  32,  32,  32,  32,  32,  73,  32,  35,  35,  35,  35,  39,  31,  31,  43,
     43,  43,  74,  75,  43,  43,  44,  44,  44,  44,  76,  77,  78,  79,  80,  44,
     48,  44,  44,  44,  81,  76,  11,  44,  51,  51,  51,  82,  52,  31,  83,  30,
     84,  30,  43,  30,  43,  32,  44,  32,  44,  32,  44,  32,  44,  31,  44,  85,
     44,  31,  44,  31,  44,  31,  44,  31,  44,  31,  44,  32,  44,  32,  44,  32,
     44,  32,  44,  31,  31,  31,  86,  71,  87,  71,  88,  71,  80,  31,  46,  31,
     46,  46,  33,  89,  31,  31,  48,  31,  31,  31,  31,  31,  31,  31,  31,  31,
     31,  48,  31,  48,  31,  48,  31,  48,  32,  90,  32,  44,  32,  44,  32,  44,
     31,  48,  31,  48,  31,  48,   5,  49,   5,  49,   5,  49,   5,  49,  91,  50,
     92,  50,  93,  50,  35,  94,  35,  51,  35,  51,  35,  51,  35,  51,  35,  51,
     37,  53,  39,  52,  39,  40,  55,  40,  55,  40,  55,  31,  32,  44,  35,  51,
     95,  44,  31,  31,  31,  48,  30,  43,  31,  96,  32,  44,  35,  51,  35,  51,
     35,  51,  35,  51,  35,  51,  90,  30,  43,  30,  43,  30,  43,  32,  44,  32,
     44,  31,  31,  32,  44,  32,  44,  50,  47,  31,  90,  32,  44,  95,  31,  48,
     30,  43,  30,  43,  32,  44,  30,  43,  30,  43,  31,  44,  31,  44,  71,  97,
     71,  98,  32,  44,  32,  44,  31,  48,  31,  48,  35,  51,  35,  51,   5,  49,
     34,  50,  31,  31,  95,  99,  33,  30,   3,  31,  32,  39, 100,  30,  31,  31,
     31,  40,  31,  32,  31,  31,  30,  31,  31,  32,  31,  31, 101,  34,  39,  32,
     38, 102, 103,  71,  39,  44, 104,  48,  48,  90,  48, 105, 106,  49, 107,  48,
    108, 109,  52, 110,  44, 111, 112, 106,  44, 113,  48,  44,  52, 114, 115, 100,
     48,  44,  48, 115,  31,  44,  48,  31,  48,  44,  47,  32,  32,  31,  48,  31,
     31,  34,  31,  32,   5,  31,  71,  33, 116,  31,  34,  31,  31,  31,  30,  31,
     31,  31, 117,  31, 118, 119,  95,  31,  31, 116,  31,  31,  32,  31,  31,  32,
     34,  36, 120,  38,  31, 121,  31,  31, 122,  31,  31,  32,  31,  43,  16,  48,
     48, 123,  44,  54,  44,  48,  48,  48, 124,  48,  48,  44,  48,  48,  44, 125,
     52,  44,  54,  48, 126,  48,  48, 127,  46,  48,  44,  48, 128,  44,  44,  31,
     48,  44,  49,  46,  80,  47, 124,  48,  31,  48,  48,  52,  51,  31,  50,  31,
     48,  30,  30,  31,  31,  31,  32,  44,  36,  52,  36,  52,  32,  44,  44,  95,
     48,  50,  31,  48,  31,  48,  50,  31,  48,  54,  31,  48,  31,  48,  34,  50,
     31,  48,  31,  48,  31,  48,  44,  32,  44,  34,  50,  39,  52, 129,  52,  38,
     54,  34,  50,  43,  43,  31,  31,  50,  31,  38,  31,  48, 124,  95,  48,  31,
     48,  31,  48,  31,  30,  43,  30,  43,  30,  43,  31,  44,  44,  32,  44,  38,
     50,  31,  48,  31,  48,  32,  44,  32,  44,  32,  44,  44,  52,  52,  52,  48,
     48,  50,  38,  54,  38,  54, 130, 131, 132, 133, 134, 135, 134, 136, 137, 134,
    136, 138, 134, 134, 139, 136, 140, 134, 136, 141, 138, 134, 140, 134,  30,  43,
     30,  43,  30,  43,  30,  43,  30,  43,  30,  43,  30,  43,  30,  43,  30,  43,
     30,  43,  30,  43,  30,  43,  31,  44,  31,  44,  31,  44,  31,  44,  31,  44,
     31,  44,  31,  44,  31,  44,  31,  46,  31,  46,  32,  44,  32,  44,  32,  44,
     32,  44,  32,  44,  32,  44,  32,  44,  32,  44,  32,  44,  32,  44,  32,  44,
     32,  44,  35,  51,  35,  51,  35,  51,  35,  51,  35,  51,  35,  51,  35,  51,
     39,  52, 142,  52, 142,  52, 142,  52,  44,  44,  44,  44,  44,  44,  44,  44,
     30,  30, 143,  30,  30,  30,  30,  30, 104, 104, 104, 104, 104, 104,  48,  48,
     48,  48,  48,  48,  48,  48,  31,  31,  31,  31,  31,  31,  31,  31, 100, 100,
    100, 100, 100, 100,  44,  44,  44,  44,  44,  44,  32,  32,  32,  32,  32,  32,
     48,  48,  48,  48,  48,  48,  48,  48, 115, 115, 115, 115, 115, 115, 115, 115,
     44,  44, 104,  48,  44,  48, 115,  44,  44,  44,  44,  44,  44,  44,  44,  30,
     30, 144, 143,  30, 143, 145, 145,  48,  48,  48,  48,  48,  48,  48,  48,  31,
     31,  31,  31,  31,  31,  31,  31, 115, 115, 115, 115, 115, 115, 115, 115,  44,
     44,  44,  44,  44,  44,  44,  30,  30,  30,  30,  30,  48,  48,  48,  48,  48,
     31,  31,  31,  31, 100, 100, 100, 100, 100,  71,  71,  48,  48,  48,  48,  48,
     48,  48,  39,  39,  31, 115, 115, 115, 115, 115,  32,  32, 146, 147, 148, 149,
    146, 147, 148, 150,  58,  58, 151, 151, 152, 153,  59,  69,  28, 151, 154,  50,
     31, 151,  48,  25, 155, 156, 157, 158, 159, 160, 160, 160, 160, 161, 160, 162,
    160, 160, 160, 160, 160, 160, 160, 160, 160, 160, 160, 160, 160, 160, 160, 160,
    160, 160,  32,  31,  31,  57,  44,  32, 163,  32, 164,  31,  11,  27,  30,  11,
    165,  47,  25,  27,  27,  27,  27, 166, 166, 166, 167, 166, 168, 168, 168, 168,
    168, 168, 168, 169, 167, 169, 166, 167, 166, 166, 166, 166,
};

static const uint16_t inter_10_boldKernRowOffsets[] = {
        0,    18,    36,    39,    57,    69,    71,    88,   116,   146,   157,   181,   198,   199,   209,   225,
      238,   243,   295,   303,   324,   348,   352,   379,   452,   462,   475,   480,   510,   530,   541,   579,
      622,   646,   667,   747,   799,   843,   881,   940,   956,   968,  1041,  1087,  1106,  1141,  1196,  1203,
     1210,  1229,  1294,  1317,  1366,  1390,  1447,  1474,  1500,  1509,  1537,  1548,  1554,  1564,  1577,  1582,
     1585,  1610,  1611,  1612,  1636,  1664,  1665,  1698,  1710,  1715,  1731,  1749,  1759,  1764,  1771,  1805,
     1824,  1859,  1878,  1913,  1933,  1967,  2001,  2035,  2042,  2085,  2102,  2145,  2148,  2165,  2208,  2225,
     2305,  2385,  2465,  2492,  2499,  2504,  2509,  2520,  2529,  2536,  2571,  2572,  2596,  2601,  2608,  2642,
     2660,  2740,  2755,  2781,  2791,  2792,  2809,  2816,  2819,  2820,  2893,  2899,  2964,  2976,  2981,  2983,
     2986,  2994,  3032,  3059,  3064,  3097,  3162,  3185,  3244,  3246,  3249,  3257,  3259,  3263,  3264,  3267,
     3272,  3273,  3274,  3277,  3280,  3287,  3322,  3326,  3385,  3408,  3473,  3501,  3517,  3547,  3548,  3550,
     3554,  3556,  3557,  3580,  3581,  3582,  3583,  3584,  3589,  3590,  3594,
};

static const uint8_t inter_10_boldKernSparseCols[] = {
      6,  11,  13,  19,  29,  32,  43,  48,  75,  80,  89, 115, 116, 127, 142, 143,
    144, 151,  21,  29,  33,  37,  79,  86,  87,  90,  91,  92,  97, 106, 117, 121,
    142, 143, 144, 160, 145, 146, 152,   2,  33,  35,  36,  38,  51,  52,  57,  61,
     82,  90,  91,  92, 101, 121, 128, 141, 145,  30,  43,  46,  47,  75,  80,  85,
     88,  89,  94,  96, 111,  96, 145,   6,  11,  13,  19,  28,  29,  31,  32,  41,
     71, 115, 116, 119, 142, 143, 144, 151,  17,  18,  21,  29,  32,  33,  35,  36,
     37,  38,  51,  53,  65,  82,  90,  91,  92, 101, 106, 117, 118, 121, 128, 141,
    142, 143, 144, 145,   0,   1,   2,  15,  16,  18,  20,  21,  22,  23,  27,  28,
     31,  33,  38,  65,  90,  91,  92, 106, 118, 119, 121, 125, 128, 141, 146, 148,
    149, 152,  11,  13,  29,  32,  35,  36,  96, 142, 143, 144, 151,  11,  13,  21,
     29,  35,  37,  38,  41,  49, 101, 106, 110, 112, 117, 124, 126, 128, 141, 142,
    143, 144, 145, 147, 151,   8,  41,  49,  51,  71,  79,  82,  84,  86,  87,  96,
     97,  99, 110, 112, 124, 126,  19,   9,  11,  13,  37,  40,  58,  62, 117, 147,
    151,   9,  11,  13,  16,  21,  40,  49,  61,  62,  65, 106, 110, 112, 124, 126,
    151,   9,  11,  13,  16,  40,  49,  61,  62, 110, 112, 124, 126, 151,  11,  13,
     41, 147, 151,   3,   5,   6,   9,  11,  13,  15,  18,  19,  20,  21,  22,  23,
     24,  25,  29,  32,  40,  41,  42,  43,  47,  48,  58,  62,  73,  74,  75,  79,
     80,  83,  86,  87,  89,  97,  99, 103, 105, 106, 107, 111, 114, 115, 116, 118,
    127, 142, 143, 144, 147, 151, 160,  33,  35,  90,  91,  92, 101, 121, 145,  29,
     33,  35,  36,  37,  38,  51,  53,  82,  90,  91,  92, 117, 121, 128, 141, 142,
    143, 144, 145, 163,  21,  29,  33,  35,  36,  37,  38,  39,  90,  91,  92, 101,
    106, 115, 116, 117, 121, 128, 141, 142, 143, 144, 145, 163,  29, 142, 143, 144,
     11,  13,  14,  29,  33,  35,  36,  37,  38,  41,  61,  90,  91,  92,  96, 117,
    121, 128, 141, 142, 143, 144, 145, 147, 151, 159, 160,   2,   4,   9,  10,  12,
     14,  15,  16,  25,  26,  27,  28,  29,  31,  33,  34,  35,  36,  38,  40,  43,
     44,  45,  48,  49,  51,  52,  55,  57,  58,  59,  61,  62,  65,  66,  68,  72,
     75,  76,  77,  78,  80,  82,  89,  90,  91,  92,  95, 101, 103, 104, 105, 110,
    112, 113, 114, 119, 121, 124, 125, 126, 127, 128, 141, 142, 143, 144, 145, 146,
    150, 152, 153, 163,  33,  79,  86,  87,  90,  91,  92,  97, 121, 145,  29,  37,
     41,  51,  79,  82,  86,  87,  97, 117, 142, 143, 144,  79,  86,  87,  96,  97,
     11,  13,  14,  29,  32,  41,  42,  43,  47,  50,  51,  54,  64,  73,  74,  75,
     80,  81,  82,  83,  89,  93,  96, 111, 142, 143, 144, 147, 151, 160,  29,  33,
     35,  37,  38,  79,  86,  87,  90,  91,  92,  96,  97, 117, 121, 128, 141, 142,
    143, 144,  11,  13,  14,  29,  41,  96, 142, 143, 144, 147, 151,   4,  10,  12,
     25,  26,  28,  31,  43,  45,  50,  51,  52,  55,  58,  59,  61,  64,  66,  72,
     75,  76,  77,  78,  79,  80,  81,  82,  86,  87,  89,  93,  95,  96,  97, 119,
    125, 150, 164,   2,   9,  10,  12,  16,  27,  28,  31,  33,  35,  36,  38,  40,
     49,  51,  55,  57,  58,  59,  61,  62,  65,  66,  72,  82,  90,  91,  92, 110,
    112, 119, 121, 124, 125, 126, 128, 141, 145, 146, 148, 149, 150, 152,   6,  10,
     11,  12,  13,  29,  32,  42,  43,  55,  59,  66,  73,  74,  75,  80,  83,  89,
    142, 143, 144, 147, 151, 160,  33,  35,  38,  42,  43,  73,  74,  75,  79,  80,
     83,  86,  87,  89,  90,  91,  92,  97, 121, 128, 141,   4,   6,  10,  11,  12,
     13,  14,  15,  19,  21,  24,  25,  26,  28,  29,  31,  32,  38,  41,  42,  43,
     47,  48,  49,  50,  51,  52,  53,  54,  55,  58,  59,  64,  66,  68,  72,  73,
     74,  75,  79,  80,  81,  82,  83,  86,  87,  89,  93,  96,  97,  99, 102, 103,
    104, 105, 106, 107, 108, 109, 110, 111, 112, 113, 114, 115, 116, 119, 124, 125,
    126, 127, 128, 141, 142, 143, 144, 147, 150, 151, 160,   6,  10,  11,  12,  13,
     14,  15,  19,  24,  25,  26,  28,  29,  31,  32,  35,  41,  42,  43,  47,  48,
     55,  58,  59,  66,  69,  72,  73,  74,  75,  79,  80,  83,  86,  87,  89,  96,
     97, 111, 115, 116, 119, 125, 127, 142, 143, 144, 147, 150, 151, 159, 160,   4,
      6,  10,  11,  12,  13,  14,  19,  24,  25,  26,  28,  29,  31,  32,  35,  36,
     42,  43,  47,  48,  55,  58,  59,  66,  69,  73,  74,  75,  80,  83,  89,  96,
    111, 119, 125, 127, 142, 143, 144, 147, 151, 159, 160,   4,  10,  12,  15,  18,
     19,  22,  25,  26,  28,  31,  33,  42,  43,  55,  58,  59,  61,  66,  72,  73,
     74,  75,  80,  83,  89,  90,  91,  92,  96, 118, 119, 120, 121, 124, 125, 150,
    162,   6,  10,  11,  12,  13,  19,  24,  25,  26,  28,  29,  31,  32,  33,  42,
     43,  45,  47,  48,  50,  55,  58,  59,  61,  64,  66,  68,  72,  73,  74,  75,
     76,  77,  78,  80,  81,  83,  89,  90,  91,  92,  93,  95,  96,  98, 111, 119,
    121, 125, 127, 142, 143, 144, 147, 150, 151, 159, 160, 164,  10,  12,  25,  28,
     31,  55,  58,  59,  66,  79,  86,  87,  96,  97, 119, 125,  30,  43,  46,  47,
     75,  80,  85,  88,  89,  94,  96, 111,   2,   4,   9,  10,  12,  14,  15,  16,
     25,  26,  27,  28,  29,  31,  33,  34,  35,  36,  38,  40,  43,  44,  45,  48,
     49,  51,  52,  55,  57,  58,  59,  61,  62,  65,  66,  68,  72,  75,  76,  77,
     78,  80,  82,  89,  90,  91,  92,  95, 101, 103, 104, 105, 110, 112, 113, 114,
    119, 121, 124, 125, 126, 127, 128, 141, 142, 143, 144, 145, 146, 150, 152, 153,
    163,   9,  15,  16,  18,  19,  20,  22,  23,  28,  30,  31,  33,  34,  35,  40,
     45,  46,  47,  51,  62,  65,  76,  77,  78,  82,  85,  88,  90,  91,  92,  94,
     95, 101, 104, 111, 115, 116, 118, 119, 120, 121, 122, 123, 125, 145, 163,   2,
     16,  33,  35,  36,  38,  51,  61,  82,  90,  91,  92,  96, 121, 128, 141, 145,
    146, 152,   2,   8,  16,  29,  33,  35,  36,  37,  38,  42,  51,  52,  53,  54,
     57,  61,  73,  74,  82,  83,  90,  91,  92,  96, 117, 121, 125, 128, 141, 142,
    143, 144, 145, 146, 152,  10,  11,  12,  13,  14,  19,  29,  32,  38,  41,  42,
     43,  44,  45,  46,  48,  49,  52,  55,  58,  59,  66,  72,  73,  74,  75,  76,
     77,  78,  79,  80,  83,  86,  87,  88,  89,  95,  96,  97, 110, 112, 115, 116,
    124, 126, 127, 128, 141, 142, 143, 144, 147, 150, 151, 160,  33,  46,  88,  90,
     91,  92, 121,   8,  56,  79,  86,  87,  96,  97,  10,  12,  19,  25,  33,  43,
     51,  55,  58,  59,  66,  75,  80,  82,  89,  90,  91,  92, 121,  10,  11,  12,
     13,  14,  25,  29,  30,  32,  33,  39,  42,  43,  44,  45,  46,  47,  49,  51,
     52,  53,  55,  59,  66,  73,  74,  75,  76,  77,  78,  79,  80,  82,  83,  85,
     86,  87,  88,  89,  90,  91,  92,  94,  95,  96,  97, 105, 108, 110, 111, 112,
    121, 122, 123, 124, 126, 142, 143, 144, 145, 146, 147, 151, 152, 160,   2,  33,
     35,  36,  38,  49,  51,  61,  82,  90,  91,  92,  96, 110, 112, 121, 124, 125,
    126, 128, 141, 145, 147,  10,  12,  19,  25,  30,  33,  35,  36,  38,  42,  43,
     44,  46,  48,  49,  51,  52,  55,  59,  66,  72,  73,  74,  75,  80,  82,  83,
     85,  88,  89,  90,  91,  92,  94,  96, 105, 110, 112, 121, 124, 126, 127, 128,
    141, 145, 146, 150, 152, 160,  10,  12,  14,  25,  33,  38,  41,  55,  59,  66,
     71,  84,  90,  91,  92,  99, 108, 121, 128, 141, 145, 146, 152, 160,  10,  11,
     12,  13,  14,  25,  26,  29,  30,  32,  33,  38,  41,  42,  43,  44,  48,  49,
     55,  58,  59,  66,  73,  74,  75,  79,  80,  83,  85,  86,  87,  89,  90,  91,
     92,  94,  96,  97, 108, 110, 112, 121, 122, 123, 124, 126, 127, 128, 141, 142,
    143, 144, 146, 147, 151, 152, 160,   6,  11,  13,  29,  32,  33,  39,  42,  43,
     58,  73,  74,  75,  80,  83,  89,  90,  91,  92, 121, 142, 143, 144, 146, 147,
    151, 152,  10,  12,  26,  33,  42,  43,  44,  49,  55,  58,  59,  66,  73,  74,
     75,  80,  83,  89,  90,  91,  92, 110, 112, 121, 124, 126,  33,  43,  75,  80,
     89,  90,  91,  92, 121,  17,  18,  21,  29,  32,  33,  35,  36,  37,  38,  51,
     53,  65,  82,  90,  91,  92, 101, 106, 117, 118, 121, 128, 141, 142, 143, 144,
    145,  33,  35,  38,  90,  91,  92, 101, 121, 128, 141, 145,  45,  76,  77,  78,
     95,  96,   6,  29,  32,  43,  75,  80,  89, 142, 143, 144,  29,  33,  38,  90,
     91,  92, 101, 121, 128, 141, 142, 143, 144,  33,  90,  91,  92, 121, 129, 130,
    132,   6,  19,  28,  29,  31,  32,  37,  38,  42,  43,  48,  73,  74,  75,  80,
     83,  89, 117, 119, 127, 128, 141, 142, 143, 144, 154, 155,  10,  12,  14,  25,
     33,  38,  41,  55,  59,  66,  71,  84,  90,  91,  92,  99, 108, 121, 128, 141,
    145, 146, 152, 160,  17,  18,  21,  29,  32,  33,  35,  36,  37,  38,  51,  53,
     65,  82,  90,  91,  92, 101, 106, 117, 118, 121, 128, 141, 142, 143, 144, 145,
    157,  16,  17,  18,  21,  22,  29,  33,  35,  36,  37,  38,  39,  51,  52,  53,
     82,  90,  91,  92, 101, 104, 106, 115, 116, 117, 118, 121, 128, 141, 142, 143,
    144, 145,  33,  35,  36,  90,  91,  92, 101, 104, 121, 145, 146, 152,  79,  86,
     87,  96,  97,  29,  33,  35,  37,  38,  90,  91,  92, 117, 121, 128, 141, 142,
    143, 144, 163,  11,  13,  29,  32,  33,  35,  39,  90,  91,  92, 101, 121, 142,
    143, 144, 145, 147, 151,  33,  79,  86,  87,  90,  91,  92,  97, 121, 145,  33,
     90,  91,  92, 121,   8,  56,  79,  86,  87,  96,  97,  16,  21,  30,  33,  35,
     39,  44,  45,  46,  47,  49,  70,  76,  77,  78,  79,  85,  86,  87,  88,  90,
     91,  92,  94,  95,  96,  97, 106, 110, 111, 112, 121, 124, 126,   2,  16,  33,
     35,  36,  38,  51,  61,  82,  90,  91,  92,  96, 121, 128, 141, 145, 146, 152,
      2,   8,  16,  29,  33,  35,  36,  37,  38,  42,  51,  52,  53,  54,  57,  61,
     73,  74,  82,  83,  90,  91,  92,  96, 117, 121, 125, 128, 141, 142, 143, 144,
    145, 146, 152,   2,  16,  33,  35,  36,  38,  51,  61,  82,  90,  91,  92,  96,
    121, 128, 141, 145, 146, 152,   2,   7,   8,   9,  16,  21,  30,  33,  40,  45,
     46,  47,  57,  61,  62,  76,  77,  78,  79,  85,  86,  87,  88,  90,  91,  92,
     94,  95,  96,  97, 106, 111, 121, 145, 160,  30,  33,  45,  46,  76,  77,  78,
     79,  85,  86,  87,  88,  90,  91,  92,  94,  95,  96,  97, 121,  16,  21,  30,
     33,  35,  39,  44,  45,  46,  47,  49,  70,  76,  77,  78,  79,  85,  86,  87,
     88,  90,  91,  92,  94,  95,  96,  97, 106, 110, 111, 112, 121, 124, 126,  16,
     21,  30,  33,  35,  39,  44,  45,  46,  47,  49,  70,  76,  77,  78,  79,  85,
     86,  87,  88,  90,  91,  92,  94,  95,  96,  97, 106, 110, 111, 112, 121, 124,
    126,  16,  21,  30,  33,  35,  39,  44,  45,  46,  47,  49,  70,  76,  77,  78,
     79,  85,  86,  87,  88,  90,  91,  92,  94,  95,  96,  97, 106, 110, 111, 112,
    121, 124, 126,   8,  56,  79,  86,  87,  96,  97,   2,   9,  10,  12,  16,  27,
     28,  31,  33,  35,  36,  38,  40,  49,  51,  55,  57,  58,  59,  61,  62,  65,
     66,  72,  82,  90,  91,  92, 110, 112, 119, 121, 124, 125, 126, 128, 141, 145,
    146, 148, 149, 150, 152,   8,  41,  49,  51,  71,  79,  82,  84,  86,  87,  96,
     97,  99, 110, 112, 124, 126,   2,   9,  10,  12,  16,  27,  28,  31,  33,  35,
     36,  38,  40,  49,  51,  55,  57,  58,  59,  61,  62,  65,  66,  72,  82,  90,
     91,  92, 110, 112, 119, 121, 124, 125, 126, 128, 141, 145, 146, 148, 149, 150,
    152,  38, 128, 141,   8,  41,  49,  51,  71,  79,  82,  84,  86,  87,  96,  97,
     99, 110, 112, 124, 126,   2,   9,  10,  12,  16,  27,  28,  31,  33,  35,  36,
     38,  40,  49,  51,  55,  57,  58,  59,  61,  62,  65,  66,  72,  82,  90,  91,
     92, 110, 112, 119, 121, 124, 125, 126, 128, 141, 145, 146, 148, 149, 150, 152,
      8,  41,  49,  51,  71,  79,  82,  84,  86,  87,  96,  97,  99, 110, 112, 124,
    126,   4,   6,  10,  11,  12,  13,  14,  15,  19,  21,  24,  25,  26,  28,  29,
     31,  32,  38,  41,  42,  43,  47,  48,  49,  50,  51,  52,  53,  54,  55,  58,
     59,  64,  66,  68,  72,  73,  74,  75,  79,  80,  81,  82,  83,  86,  87,  89,
     93,  96,  97,  99, 102, 103, 104, 105, 106, 107, 108, 109, 110, 111, 112, 113,
    114, 115, 116, 119, 124, 125, 126, 127, 128, 141, 142, 143, 144, 147, 150, 151,
    160,   4,   6,  10,  11,  12,  13,  14,  15,  19,  21,  24,  25,  26,  28,  29,
     31,  32,  38,  41,  42,  43,  47,  48,  49,  50,  51,  52,  53,  54,  55,  58,
     59,  64,  66,  68,  72,  73,  74,  75,  79,  80,  81,  82,  83,  86,  87,  89,
     93,  96,  97,  99, 102, 103, 104, 105, 106, 107, 108, 109, 110, 111, 112, 113,
    114, 115, 116, 119, 124, 125, 126, 127, 128, 141, 142, 143, 144, 147, 150, 151,
    160,   4,   6,  10,  11,  12,  13,  14,  15,  19,  21,  24,  25,  26,  28,  29,
     31,  32,  38,  41,  42,  43,  47,  48,  49,  50,  51,  52,  53,  54,  55,  58,
     59,  64,  66,  68,  72,  73,  74,  75,  79,  80,  81,  82,  83,  86,  87,  89,
     93,  96,  97,  99, 102, 103, 104, 105, 106, 107, 108, 109, 110, 111, 112, 113,
    114, 115, 116, 119, 124, 125, 126, 127, 128, 141, 142, 143, 144, 147, 150, 151,
    160,  42,  43,  44,  47,  48,  49,  50,  51,  52,  53,  54,  64,  73,  74,  75,
     80,  81,  82,  83,  89,  93, 110, 111, 112, 124, 126, 127,  11,  13,  29, 142,
    143, 144, 151,   7,   8,  11,  13, 151,  33,  90,  91,  92, 121,  43,  49,  51,
     75,  80,  82,  89, 110, 112, 124, 126,  33,  43,  75,  80,  89,  90,  91,  92,
    121,   8,  56,  79,  86,  87,  96,  97,   2,   8,  16,  29,  33,  35,  36,  37,
     38,  42,  51,  52,  53,  54,  57,  61,  73,  74,  82,  83,  90,  91,  92,  96,
    117, 121, 125, 128, 141, 142, 143, 144, 145, 146, 152,  96,  10,  12,  14,  25,
     33,  38,  41,  55,  59,  66,  71,  84,  90,  91,  92,  99, 108, 121, 128, 141,
    145, 146, 152, 160,  79,  86,  87,  96,  97,   8,  56,  79,  86,  87,  96,  97,
     16,  21,  30,  33,  35,  39,  44,  45,  46,  47,  49,  70,  76,  77,  78,  79,
     85,  86,  87,  88,  90,  91,  92,  94,  95,  96,  97, 106, 110, 111, 112, 121,
    124, 126,  10,  12,  14,  21,  25,  30,  41,  55,  59,  66,  85,  94,  99, 106,
    145, 146, 152, 160,   4,   6,  10,  11,  12,  13,  14,  15,  19,  21,  24,  25,
     26,  28,  29,  31,  32,  38,  41,  42,  43,  47,  48,  49,  50,  51,  52,  53,
     54,  55,  58,  59,  64,  66,  68,  72,  73,  74,  75,  79,  80,  81,  82,  83,
     86,  87,  89,  93,  96,  97,  99, 102, 103, 104, 105, 106, 107, 108, 109, 110,
    111, 112, 113, 114, 115, 116, 119, 124, 125, 126, 127, 128, 141, 142, 143, 144,
    147, 150, 151, 160,  10,  12,  25,  49,  55,  58,  59,  66,  72, 104, 110, 112,
    124, 126, 150,   6,  10,  11,  12,  13,  14,  15,  19,  24,  25,  41,  47,  50,
     55,  58,  59,  64,  66,  68,  81,  93, 109, 111, 147, 151, 160,  10,  12,  14,
     25,  55,  59,  66, 145, 146, 152, 101,  10,  11,  12,  13,  14,  25,  41,  55,
     59,  66, 100, 108, 145, 146, 147, 151, 152,  49, 101, 110, 112, 124, 126, 145,
     41,  99, 101, 145,   2,   4,   9,  10,  12,  14,  15,  16,  25,  26,  27,  28,
     29,  31,  33,  34,  35,  36,  38,  40,  43,  44,  45,  48,  49,  51,  52,  55,
     57,  58,  59,  61,  62,  65,  66,  68,  72,  75,  76,  77,  78,  80,  82,  89,
     90,  91,  92,  95, 101, 103, 104, 105, 110, 112, 113, 114, 119, 121, 124, 125,
    126, 127, 128, 141, 142, 143, 144, 145, 146, 150, 152, 153, 163,  41,  43,  75,
     80,  89, 101,  10,  11,  12,  13,  14,  25,  29,  30,  32,  33,  39,  42,  43,
     44,  45,  46,  47,  49,  51,  52,  53,  55,  59,  66,  73,  74,  75,  76,  77,
     78,  79,  80,  82,  83,  85,  86,  87,  88,  89,  90,  91,  92,  94,  95,  96,
     97, 105, 108, 110, 111, 112, 121, 122, 123, 124, 126, 142, 143, 144, 145, 146,
    147, 151, 152, 160,  30,  33,  46,  47,  85,  88,  90,  91,  92,  94, 111, 121,
     21, 101, 106, 108, 145, 101, 145,  11,  13, 151,  33,  41,  90,  91,  92, 115,
    116, 121,   4,  10,  12,  15,  18,  19,  22,  25,  26,  28,  31,  33,  42,  43,
     55,  58,  59,  61,  66,  72,  73,  74,  75,  80,  83,  89,  90,  91,  92,  96,
    118, 119, 120, 121, 124, 125, 150, 162,  11,  13,  14,  29,  33,  35,  36,  37,
     38,  41,  61,  90,  91,  92,  96, 117, 121, 128, 141, 142, 143, 144, 145, 147,
    151, 159, 160,  11,  13,  41, 147, 151,   2,   9,  10,  11,  12,  13,  15,  19,
     22,  23,  40,  43,  44,  49,  51,  52,  55,  59,  62,  65,  66,  75,  80,  82,
     89, 110, 112, 124, 125, 126, 146, 151, 152,  10,  11,  12,  13,  14,  25,  29,
     30,  32,  33,  39,  42,  43,  44,  45,  46,  47,  49,  51,  52,  53,  55,  59,
     66,  73,  74,  75,  76,  77,  78,  79,  80,  82,  83,  85,  86,  87,  88,  89,
     90,  91,  92,  94,  95,  96,  97, 105, 108, 110, 111, 112, 121, 122, 123, 124,
    126, 142, 143, 144, 145, 146, 147, 151, 152, 160,   8,  33,  35,  37,  38,  49,
     51,  52,  53,  57,  82,  90,  91,  92, 110, 112, 117, 121, 124, 126, 128, 141,
    145,   6,  10,  11,  12,  13,  19,  24,  25,  26,  28,  29,  31,  32,  33,  42,
     43,  45,  47,  48,  50,  55,  58,  59,  61,  64,  66,  68,  72,  73,  74,  75,
     76,  77,  78,  80,  81,  83,  89,  90,  91,  92,  93,  95,  96,  98, 111, 119,
    121, 125, 127, 142, 143, 144, 147, 150, 151, 159, 160, 164,  60, 134,  60, 137,
    139,  60, 129, 130, 131, 132, 133, 135, 137, 132, 135, 134, 135, 137, 140, 135,
    130, 131, 137,  60, 131, 133, 135, 137, 136, 135, 131, 134, 135,  60, 135, 138,
      8,  56,  79,  86,  87,  96,  97,   2,   8,  16,  29,  33,  35,  36,  37,  38,
     42,  51,  52,  53,  54,  57,  61,  73,  74,  82,  83,  90,  91,  92,  96, 117,
    121, 125, 128, 141, 142, 143, 144, 145, 146, 152,  11,  13,  96, 151,   6,  10,
     11,  12,  13,  19,  24,  25,  26,  28,  29,  31,  32,  33,  42,  43,  45,  47,
     48,  50,  55,  58,  59,  61,  64,  66,  68,  72,  73,  74,  75,  76,  77,  78,
     80,  81,  83,  89,  90,  91,  92,  93,  95,  96,  98, 111, 119, 121, 125, 127,
    142, 143, 144, 147, 150, 151, 159, 160, 164,   6,  11,  13,  14,  19,  29,  32,
     43,  48,  69,  75,  80,  89, 115, 116, 122, 123, 127, 142, 143, 144, 147, 151,
      3,   6,  10,  11,  12,  13,  14,  15,  19,  21,  22,  24,  25,  26,  28,  29,
     31,  32,  41,  42,  43,  47,  48,  49,  50,  51,  55,  58,  59,  64,  65,  66,
     69,  73,  74,  75,  80,  81,  82,  83,  89,  93,  99, 103, 105, 106, 107, 109,
    110, 111, 112, 113, 114, 115, 116, 119, 122, 123, 124, 126, 127, 142, 143, 144,
    151,  16,  33,  35,  36,  38,  42,  51,  73,  74,  82,  83,  90,  91,  92, 101,
    104, 115, 116, 120, 121, 122, 123, 124, 128, 141, 145, 146, 152,  29,  33,  35,
     37,  38,  90,  91,  92, 117, 121, 128, 141, 142, 143, 144, 163,   0,   1,   2,
     15,  16,  18,  20,  21,  22,  23,  27,  28,  31,  33,  38,  65,  90,  91,  92,
    106, 118, 119, 121, 125, 128, 141, 146, 148, 149, 152, 157,  67, 155, 154, 155,
    156, 158,  63, 155, 158,  16,  28,  31,  33,  35,  36,  38,  46,  51,  82,  88,
     90,  91,  92, 101, 104, 119, 120, 121, 128, 141, 160, 161, 159, 160,  96,  15,
     11,  13,  14,  41, 151,  60, 165, 166, 167, 168,
};

static const int8_t inter_10_boldKernSparseValues[] = {
     -11,  -30,  -30,  -21,  -26,  -55,   -8,   -4,   -8,   -8,   -8,  -15,  -15,   -4,  -26,  -26,
     -26,  -30,   -1,   -5,   -3,   -5,   15,   15,   15,   -3,   -3,   -3,   15,   -1,   -5,   -3,
      -5,   -5,   -5,  -21,  -21,  -23,  -23,  -11,  -19,  -21,  -13,  -25,  -11,  -11,  -13,   -7,
     -11,  -19,  -19,  -19,  -25,  -19,  -25,  -25,  -30,    5,   -2,    4,    5,   -2,   -2,    5,
       4,   -2,    5,   37,    5,    7,  -11,  -11,  -45,  -45,  -15,   -5,  -32,   -5,  -32,  -23,
       6,  -11,  -11,   -5,  -32,  -32,  -32,  -45,   -7,   -2,   -9,  -11,  -15,  -26,  -15,   -9,
     -14,  -21,   -1,   -7,   -3,   -1,  -45,  -45,  -26,  -12,   -9,  -36,  -10,  -50,  -21,  -21,
     -11,  -11,  -11,  -10,  -10,   -4,  -33,  -10,  -31,   -7,   -2,   -9,   -8,   -4,  -34,  -15,
     -15,  -11,  -21,  -20,  -11,  -11,  -11,   -9,   -7,  -15,  -11,  -14,  -21,  -33,  -32,  -45,
     -45,  -32,  -13,  -13,  -11,  -21,    3,    3,   17,  -11,  -11,  -11,  -13,  -10,  -10,   -7,
      -2,  -10,  -13,  -11,  -15,    6,  -11,   -7,    6,    6,  -13,    6,    6,  -11,  -11,   -2,
      -2,   -2,  -15,  -17,  -10,    5,    5,    4,    3,   11,   22,    3,   12,   22,   22,   13,
      22,   17,    4,    4,    4,    4,   -5,   -3,   -7,   -7,   -7,   -3,  -11,   -3,   -7,  -17,
      -7,  -13,  -11,  -11,  -14,   -4,  -13,   -2,   -2,  -13,  -15,   -4,   -2,   -2,   -2,   -2,
     -11,   -3,   -7,   -7,   -1,   -3,   -1,   -2,   -3,   -1,   -1,   -1,   -1,   -7,  -10,  -10,
     -15,  -15,  -10,  -19,    1,  -15,    1,  -42,  -42,   -5,   -6,  -19,   -3,    7,   -5,   -3,
     -11,  -30,  -36,  -32,    1,  -53,  -15,  -17,  -17,  -15,  -21,    1,  -15,  -15,  -17,   30,
     -17,  -15,   30,   30,  -17,   30,  -17,  -17,  -17,  -10,  -17,  -17,  -17,  -36,  -36,   -6,
     -15,  -36,  -36,  -36,  -47,  -42,  -14,  -11,  -21,  -11,  -11,  -11,  -21,  -28,  -15,  -17,
     -15,  -23,  -21,  -17,  -32,  -13,  -11,  -13,  -15,  -15,  -15,  -17,  -15,  -32,  -32,  -17,
     -17,  -17,  -19,  -13,  -25,  -13,  -26,  -25,  -25,  -19,  -30,  -21,  -26,  -26,  -26,  -30,
     -25,  -11,  -11,  -17,  -25,  -30,  -30,  -13,  -13,  -13,  -32,  -25,  -21,  -21,  -21,  -21,
     -15,  -15,  -13,  -14,  -11,  -14,   -9,  -18,  -15,  -13,   -2,  -11,  -11,  -11,    8,  -35,
     -22,  -15,  -15,  -14,  -14,  -14,  -11,  -13,  -15,  -13,  -34,  -26,   -5,  -32,  -11,  -11,
       4,   -2,  -20,  -13,  -17,  -21,  -14,    5,  -14,  -30,   -8,  -28,  -25,  -28,  -32,   -8,
      -4,    1,   -4,  -10,  -23,  -23,  -11,  -25,  -11,  -11,  -24,  -32,  -18,  -11,  -11,  -11,
      -8,    1,    1,    1,   -8,  -23,   -8,  -30,  -30,  -49,    1,  -13,   -5,  -17,  -13,  -33,
     -42,  -11,  -13,  -14,  -30,  -10,  -22,  -10,   -4,  -28,  -28,    5,    5,    5,  -43,  -34,
     -11,  -34,   -5,  -17,  -17,   11,   11,   11,  -17,  -17,  -17,   11,  -17,  -19,   -9,   -5,
     -13,    2,   11,    2,   11,   11,   11,   -5,   -9,   -9,   -9,   25,   25,   25,   15,   25,
     -13,  -24,   -2,  -30,  -23,  -11,   -6,   -8,   -6,  -11,  -11,  -11,  -11,   -6,   -6,   -8,
      -8,  -11,  -11,   -6,   -8,  -11,   31,   -6,  -30,  -30,  -30,  -40,  -42,   -9,  -10,  -10,
      -7,   -5,   -9,   11,   11,   11,  -10,  -10,  -10,   12,   11,   -5,  -10,   -9,   -9,  -10,
     -10,  -10,  -11,  -11,  -19,   -8,  -17,   13,   -8,   -8,   -8,  -26,  -11,   -5,  -26,  -26,
     -23,  -11,  -14,  -14,  -13,    2,  -11,  -13,  -21,  -26,  -17,  -43,   -5,  -11,  -41,  -11,
     -13,    2,    2,    2,   28,  -13,  -11,  -13,   28,   28,  -13,  -11,    2,   28,   28,  -14,
     -37,  -11,  -11,  -30,  -57,  -22,  -39,  -15,   -3,   -9,   -9,  -30,  -26,  -12,  -32,  -43,
      -7,  -23,  -35,  -32,  -21,  -66,  -27,  -59,  -26,  -43,  -11,  -23,  -30,  -30,  -30,   -7,
      -7,   -9,  -30,   -7,  -42,   -7,  -32,  -47,  -28,  -29,  -15,  -15,  -11,  -52,  -11,   -7,
     -13,   -7,  -24,  -28,  -32,   -5,   -4,   -7,   -7,   -7,   -5,   -5,   -4,   -4,   -5,   -4,
     -28,  -28,  -28,  -47,  -45,  -12,   -2,   -7,  -10,   -2,   -5,   -2,   -2,   -5,   15,   -5,
      -2,   15,   15,   -5,   -2,   -2,   -2,   15,   -2,  -10,  -10,   -2,  -11,  -19,  -11,  -19,
     -11,  -43,  -11,  -23,  -26,  -11,  -26,  -11,  -11,  -30,  -11,  -30,    2,  -19,  -27,  -29,
     -20,  -26,  -31,  -27,  -22,  -22,  -12,  -17,  -19,  -43,  -19,  -61,  -46,  -17,  -11,  -40,
     -40,  -46,   30,  -46,  -48,  -34,  -27,   30,   30,  -29,  -40,   47,   30,   35,  -11,  -43,
     -34,  -20,  -26,  -26,  -11,  -19,  -65,  -64,  -65,  -43,  -43,  -45,  -45,  -11,  -31,  -19,
     -31,  -26,    2,    2,  -30,  -30,  -30,  -40,  -11,  -40,  -19,  -17,  -19,  -32,  -19,  -32,
     -18,  -10,  -11,  -21,  -25,  -21,  -25,  -28,  -14,  -32,    5,  -26,  -21,  -22,   -5,  -15,
     -19,  -19,  -40,  -32,  -10,  -13,  -21,  -34,  -22,   28,  -37,  -21,   28,   28,  -22,   13,
      28,   -5,  -40,  -40,  -14,   -6,  -15,  -28,  -28,  -28,  -38,  -13,  -32,  -47,  -51,   -2,
     -17,  -14,  -32,  -14,  -32,  -10,  -11,  -17,  -25,  -21,   -9,  -25,   -9,  -21,    2,    7,
     -19,  -17,  -11,  -11,  -14,  -19,  -14,  -25,  -10,  -19,  -19,  -17,  -17,  -19,  -17,   28,
     -11,   -9,  -11,  -11,  -25,  -25,  -25,  -36,  -32,  -34,  -37,   -5,  -14,  -14,  -13,   -7,
     -13,   -7,  -19,  -17,  -18,  -18,  -10,  -19,   -9,  -25,  -13,  -31,   -2,  -29,  -15,  -19,
     -19,   -9,   -9,  -19,   -9,  -10,  -10,  -10,   28,   -7,  -35,  -11,  -10,  -21,  -29,  -15,
     -11,  -21,  -21,  -21,  -21,  -21,  -23,  -21,  -34,  -32,  -15,  -28,  -15,  -11,    2,  -35,
     -37,   -7,  -16,  -23,  -13,  -21,  -30,  -38,   -3,  -13,  -38,  -21,  -28,  -57,  -52,  -37,
      -7,  -19,   -7,  -37,  -13,  -66,  -56,    2,    2,    2,  -13,   -7,   28,  -21,  -16,  -15,
       2,  -19,  -23,  -28,  -28,  -28,  -36,  -13,  -54,  -58,  -63,  -11,  -12,  -12,  -21,  -11,
     -11,  -12,  -11,  -12,  -23,   28,   28,   28,   11,   28,  -11,   -9,    5,   -2,    4,    5,
      -2,   -2,    5,    4,   -2,    5,   29,    5,  -26,   -5,  -32,  -11,  -11,    4,   -2,  -20,
     -13,  -17,  -21,  -14,    5,  -14,  -43,   -8,  -47,  -44,  -28,  -32,   -8,   -4,    1,   -4,
     -10,  -40,  -23,  -11,  -25,  -11,  -11,  -24,  -32,  -18,  -11,  -11,  -11,   -8,    1,    1,
       1,   -8,  -40,   -8,  -43,  -43,  -43,    1,  -13,   -5,  -17,  -13,  -33,  -42,  -11,  -13,
     -14,  -43,  -10,  -22,  -10,   -4,  -28,  -28,    5,    5,    5,  -58,  -53,  -11,  -53,   -5,
     -17,  -23,  -15,  -36,  -15,  -19,  -15,  -15,  -15,  -13,    9,  -13,  -19,  -13,  -26,  -23,
       4,   32,   10,  -26,  -23,  -15,    4,    4,    4,  -26,    9,   32,  -19,  -19,  -19,    9,
       4,  -32,  -19,   10,   19,   19,  -15,  -13,  -36,  -17,   13,   13,   -3,  -13,  -17,   -8,
     -13,  -26,  -17,  -17,  -32,   -6,   -3,   -6,  -26,  -26,  -26,    2,  -26,  -32,  -32,  -15,
      -9,   -9,   -8,   -4,  -11,  -11,  -29,  -22,  -17,   -9,  -38,    3,   -6,   -5,   -7,   -7,
     -11,   -3,    3,    3,   -6,    3,  -29,  -29,  -29,   14,   -9,  -29,   -4,  -75,  -38,  -11,
     -11,  -11,  -21,   -7,   -7,   -7,  -19,   -7,  -19,   -4,  -21,  -11,  -21,    1,   -5,   -7,
      -6,  -15,    2,    1,   -6,  -13,    7,   -7,  -13,   -7,   -7,   -6,   -7,   -7,   -6,    2,
       2,    2,   34,   -6,   -7,   34,   47,    1,   -6,    2,   15,   45,  -13,  -13,  -27,  -27,
     -13,  -13,   -6,    1,    1,  -11,  -11,  -11,  -30,   -6,  -19,   -6,  -17,    3,    3,  -17,
     -17,  -17,  -17,    1,    1,   22,   33,   22,   29,   33,  -19,  -19,  -15,  -28,  -19,   -7,
       3,  -19,  -17,  -42,  -19,   -7,   -7,    3,   -7,  -19,  -19,  -19,  -19,  -11,  -21,  -11,
     -21,  -10,  -12,  -13,    4,  -19,  -19,  -11,   -4,   -7,    7,    2,    4,    2,    7,    5,
       3,    5,  -11,  -21,  -11,   -4,   -4,   -7,    2,    2,    2,    4,   -7,    5,   -4,    4,
       4,    4,    4,   -7,  -19,  -19,  -19,    4,    2,   12,    4,  -13,  -23,    7,    2,    7,
     -19,   -8,   -8,    7,    7,  -13,  -13,  -13,  -13,    5,  -26,  -21,    5,   -8,   -4,  -25,
     -15,  -11,  -25,    1,   -1,   -3,   -1,  -25,  -25,  -25,    1,    1,    1,  -25,    1,   -1,
       1,  -25,  -25,  -17,   -2,   -6,   -6,   -2,   -9,    1,  -11,   -1,   -1,   -2,    2,   -3,
     -11,    2,   -2,   -6,    7,    7,   -6,   -6,   -6,   -2,    2,    2,   -3,   -3,    7,    2,
       1,    2,   -3,  -11,  -11,  -11,    1,   15,  -11,   -6,   -6,  -11,   -6,   -6,   -2,   -2,
      -2,  -13,    5,   -2,    5,    5,  -12,  -12,  -11,  -13,  -17,  -19,  -11,  -12,  -23,  -12,
       1,    7,  -17,  -42,  -17,    7,   -6,  -17,  -19,  -19,  -13,    5,    5,  -10,  -12,  -15,
     -12,  -15,  -19,  -11,  -13,  -23,    1,  -21,  -11,  -11,  -26,   -4,   -6,    5,   -1,    6,
     -12,  -13,  -12,  -12,   -4,   -4,   -6,    6,   -6,   -4,    1,    6,    6,   -6,  -11,  -32,
     -11,    1,    1,    6,   -2,    6,    6,  -11,  -15,  -15,    6,    6,   -1,  -11,  -11,  -23,
     -23,  -23,    2,  -26,  -40,    2,   -8,  -11,  -25,  -25,  -23,  -19,  -17,  -11,   -1,   -5,
     -11,   -1,   -1,   -5,   -5,   -1,   -5,  -17,  -17,  -17,  -17,  -23,  -23,  -23,    3,  -26,
     -25,    3,   -7,   -7,  -11,  -11,   -1,   -7,    5,    5,   -7,  -11,   -7,   -7,   -1,   -1,
      -7,   -7,   -1,   -7,  -11,  -11,  -11,    5,    5,  -11,    5,    5,  -11,   -7,   -7,   -7,
      -7,  -11,  -11,  -11,  -11,   -7,   -2,   -9,  -11,  -15,  -26,  -15,   -9,  -27,  -21,   -1,
      -7,   -3,   -1,  -45,  -45,  -26,  -12,   -9,  -27,  -10,  -50,  -21,  -21,  -11,  -11,  -11,
     -10,  -23,  -11,  -23,  -23,  -23,  -23,  -23,  -23,  -23,  -23,  -11,   10,   10,   10,   10,
      10,   15,  -13,  -25,  -25,  -11,  -11,  -11,  -11,  -42,  -44,  -46,  -11,  -17,  -21,  -17,
     -17,  -17,  -21,  -40,  -21,  -21,  -11,  -11,  -11,  -17,  -17,  -17,  -17,  -17,   -5,   -7,
      -7,  -11,  -16,   -2,  -24,   -2,  -24,   -2,   -3,   -4,   -9,   -4,   -4,   -4,   -9,   -9,
      -4,   -9,   -2,   -2,   -4,   -3,   -3,  -24,  -24,  -24,   -3,   -1,  -12,  -12,  -11,  -13,
     -17,  -19,  -11,  -12,  -23,  -12,    1,    7,  -17,  -42,  -17,    7,   -6,  -17,  -19,  -19,
     -30,    5,    5,  -10,   -7,   -2,   -9,  -11,  -15,  -52,  -28,   -9,  -29,  -38,   -1,   -7,
      -3,   -1,  -52,  -52,  -52,  -12,   -9,  -29,  -10,  -52,  -38,  -38,  -11,  -11,  -11,  -10,
       4,  -13,  -17,  -15,  -17,  -11,  -11,  -43,  -21,  -19,  -13,  -30,  -11,  -11,  -11,  -11,
     -11,  -43,  -43,  -43,  -30,  -11,  -17,  -11,  -11,  -30,  -15,  -66,  -30,  -30,  -11,  -11,
     -11,  -28,  -23,  -40,  -33,  -23,  -23,  -23,  -30,  -11,  -23,  -21,  -11,  -11,   13,   13,
      13,   13,   13,  -11,  -30,  -13,  -15,  -15,  -30,  -30,  -30,  -15,  -30,  -15,  -15,  -11,
     -11,  -11,  -11,  -34,  -34,  -13,  -13,  -19,  -17,  -13,  -19,  -19,  -19,  -19,  -19,  -13,
     -13,  -13,  -19,  -42,  -34,  -17,   11,   11,   11,  -17,  -17,  -17,   11,  -17,  -42,  -26,
     -26,  -26,  -26,  -26,    1,    1,   34,   35,   34,   25,   34,   15,   30,   22,   30,   28,
      30,   13,   22,   22,    4,   17,   13,   33,   22,   33,   55,   22,   55,   55,   33,   30,
      30,   30,   47,   33,   17,   55,   30,   17,    4,   17,   30,   17,   17,   -8,  -13,  -43,
     -17,  -17,  -32,   -6,   -3,   -6,  -43,  -43,  -43,    2,  -43,  -32,  -32,  -15,   -9,   -9,
      -8,   -4,  -11,  -11,  -46,  -22,  -17,   -9,  -38,    3,   -6,   -5,   -7,   -7,  -11,   -3,
       3,    3,   -6,    3,  -46,  -46,  -46,   14,   -9,  -46,   -4,  -75,  -38,  -11,  -11,  -11,
     -21,   -7,   -7,   -8,  -13,  -50,  -17,  -17,  -32,   -6,   -3,   -6,  -50,  -50,  -50,    2,
     -50,  -32,  -32,  -15,   -9,   -9,   11,    3,   41,   19,   15,   15,   10,   13,   19,   13,
       9,    9,   14,    6,   19,   13,   13,   26,   14,   10,   14,   14,    9,   13,   13,   13,
      10,   27,   15,   14,   15,    9,   13,   11,   -6,   11,   11,   11,   13,   11,   11,   13,
      13,   13,   13,   13,   13,   11,   11,   11,   11,   11,   13,   13,   11,   15,   30,   22,
      30,   28,   30,   13,   36,   33,    4,   17,   13,   36,   36,   36,   55,   22,   55,   55,
      33,   30,   30,   30,   47,   36,   36,   55,   30,   17,    4,   17,   30,   17,   17,   15,
      30,   22,   30,   28,   30,   13,   36,   36,    4,   17,   13,   36,   36,   36,   55,   22,
      55,   55,   36,   30,   30,   30,   47,   36,   17,   55,   30,   17,    4,   17,   30,   17,
      17,   15,   30,   22,   30,   28,   30,   13,   36,   22,    4,   17,   13,   36,   36,   36,
      55,   22,   55,   55,   33,   30,   30,   30,   47,   36,   17,   55,   30,   17,    4,   17,
      30,   17,   17,    1,    1,   34,   35,   34,   25,   35,  -30,  -59,  -38,  -38,  -15,   -3,
      -9,   -9,  -30,  -26,  -12,  -32,  -59,   -7,  -23,  -37,  -32,  -21,  -38,  -27,  -59,  -26,
     -38,  -11,  -23,  -30,  -30,  -30,   -7,   -7,   -9,  -30,   -7,  -42,   -7,  -32,  -47,  -28,
     -29,  -15,  -15,  -11,  -52,    5,    5,    4,    3,   11,   22,    3,   12,   22,   22,   27,
      22,   17,    4,    4,    4,    4,  -30,  -57,  -34,  -34,  -15,   -3,   -9,   -9,  -30,  -26,
     -12,  -32,  -43,   -7,  -23,  -33,  -32,  -21,  -34,  -27,  -59,  -26,  -34,  -11,  -23,  -30,
     -30,  -30,   -7,   -7,   -9,  -30,   -7,  -42,   -7,  -32,  -47,  -28,  -29,  -15,  -15,  -11,
     -52,  -11,  -11,  -11,    5,    5,    4,    3,   23,   22,    3,   11,   22,   22,   13,   22,
      17,    4,    4,    4,    4,  -30,  -55,  -22,  -39,  -15,   -3,   -9,   -9,  -30,  -26,  -12,
     -47,  -55,   -7,  -23,  -35,  -32,  -21,  -66,  -27,  -55,  -26,  -43,  -11,  -23,  -30,  -30,
     -30,   -7,   -7,   -9,  -30,   -7,  -42,   -7,  -47,  -47,  -28,  -40,  -15,  -15,  -11,  -40,
       5,    5,   11,    3,   23,   22,    3,   11,   22,   22,   13,   22,   17,   11,   11,   11,
      11,   -2,  -11,  -32,  -11,  -32,  -11,  -43,  -11,  -23,  -26,  -11,  -26,  -11,  -11,  -30,
     -11,  -30,    2,  -19,  -27,  -29,  -20,  -26,  -31,  -47,  -22,  -22,  -29,  -30,  -32,  -43,
     -32,  -47,  -32,  -17,  -11,  -40,  -40,  -46,   30,  -46,  -47,  -34,  -27,   30,   30,  -29,
     -47,   47,   30,   35,  -11,  -43,  -34,  -20,  -26,  -26,  -11,  -19,  -65,  -64,  -65,  -43,
     -43,  -45,  -45,  -11,  -31,  -19,  -31,  -26,    2,    2,  -30,  -30,  -30,  -40,  -11,  -40,
     -19,   -2,  -11,  -32,  -11,  -32,  -11,  -43,  -11,  -23,  -26,  -11,  -26,  -11,  -11,  -30,
     -11,  -30,    2,  -19,  -27,  -29,  -20,  -26,  -31,  -27,  -22,  -22,  -12,  -17,  -32,  -43,
     -32,  -61,  -32,  -17,  -11,  -40,  -40,  -46,   30,  -46,  -48,  -34,  -27,   30,   30,  -29,
     -40,   47,   30,   35,  -11,  -43,  -34,  -20,  -26,  -26,  -11,  -19,  -65,  -64,  -65,  -43,
     -43,  -45,  -45,  -11,  -31,  -19,  -31,  -26,    2,    2,  -30,  -30,  -30,  -40,  -11,  -40,
     -19,   -2,  -11,  -19,  -11,  -19,  -11,  -43,  -11,  -23,  -26,  -11,  -26,  -11,  -11,  -51,
     -11,  -70,    2,  -19,  -27,  -29,  -20,  -26,  -31,  -27,  -22,  -22,  -12,  -17,  -19,  -43,
     -19,  -61,  -46,  -17,  -11,  -40,  -40,  -46,   30,  -46,  -48,  -34,  -27,   30,   30,  -29,
     -40,   47,   30,   35,  -11,  -43,  -34,  -20,  -26,  -26,  -11,  -19,  -65,  -64,  -65,  -43,
     -43,  -45,  -45,  -11,  -31,  -19,  -31,  -26,    2,    2,  -51,  -51,  -51,  -40,  -11,  -40,
     -30,  -20,  -21,  -14,  -20,  -20,  -13,  -20,  -19,  -19,  -19,  -20,  -20,  -20,  -20,  -21,
     -21,  -20,  -19,  -20,  -21,  -20,  -13,  -20,  -13,  -13,  -13,  -20,  -15,  -15,  -12,  -12,
     -12,  -12,  -15,    3,    8,  -15,  -15,  -15,   17,   17,   17,   17,   17,  -19,   10,    6,
     -19,  -19,    6,  -19,   10,   10,   10,   10,  -24,   -7,   -7,   -7,   -7,  -24,  -24,  -24,
     -24,    1,    1,   34,   34,   34,   35,   34,   -8,   -4,  -11,  -11,  -55,  -22,  -17,   -9,
     -38,    3,   -6,   -5,   -7,   -7,  -11,   -3,    3,    3,   -6,    3,  -55,  -55,  -55,   14,
      -9,  -55,   -4,  -75,  -38,  -11,  -11,  -11,  -21,   -7,   -7,   11,  -12,  -12,  -11,  -13,
     -32,  -19,  -11,  -12,  -23,  -12,    1,    7,  -32,  -32,  -32,    7,   -6,  -32,  -19,  -19,
     -13,    5,    5,  -10,   13,   13,   13,   24,   13,    1,    1,   34,   34,   34,   29,   34,
      15,   30,   22,   30,   28,   30,   13,   33,   36,    4,   17,   13,   33,   33,   33,   55,
      22,   55,   55,   36,   30,   30,   30,   47,   33,   32,   68,   30,   17,    4,   17,   30,
      17,   17,  -12,  -12,  -11,    3,  -13,    6,  -11,  -12,  -23,  -12,    6,    6,   30,    3,
     -17,    2,    2,  -10,   -2,  -11,  -19,  -40,  -19,  -40,  -43,  -11,  -23,  -26,  -24,  -26,
     -11,  -11,  -30,  -11,  -30,    2,  -23,  -27,  -29,  -20,  -26,  -31,  -27,  -22,  -22,  -12,
     -17,  -19,  -43,  -19,  -61,  -46,  -17,  -11,  -40,  -40,  -46,   30,  -46,  -48,  -34,  -27,
      30,   30,  -29,  -40,   47,   30,   35,  -11,  -43,  -34,  -20,  -26,  -26,  -11,  -19,  -65,
     -64,  -65,  -43,  -43,  -45,  -45,  -11,  -31,  -19,  -31,  -26,    2,    2,  -30,  -30,  -30,
     -40,  -11,  -40,  -28,   -6,   -6,  -21,  -11,   -6,  -11,   -6,   -6,  -11,  -17,  -11,  -23,
     -11,  -11,  -11,  -11,  -12,  -32,  -12,  -32,  -23,  -11,  -23,  -21,  -30,  -34,  -11,  -19,
     -12,  -16,  -12,  -19,  -12,   -7,  -19,  -19,  -11,  -11,  -40,  -32,  -17,  -12,  -12,  -11,
     -13,  -12,  -23,  -12,  -17,    7,    7,  -15,  -12,  -25,  -12,  -25,  -11,  -13,  -13,  -12,
     -23,  -12,  -11,  -13,  -21,    7,  -26,  -25,    7,  -11,  -28,  -11,  -11,  -11,  -11,  -21,
      23,  -11,  -15,  -21,  -26,   -5,  -32,  -11,  -11,    4,   -2,  -39,  -13,  -17,  -21,  -14,
       5,  -14,  -30,   -8,  -28,  -25,  -28,  -32,   -8,   -4,    1,   -4,  -10,  -23,  -23,  -11,
     -25,  -11,  -11,  -24,  -32,  -18,  -11,  -11,  -11,   -8,    1,    1,    1,   -8,  -23,   -8,
     -30,  -30,  -49,    1,  -13,   -5,  -36,  -13,  -33,  -42,  -11,  -13,  -14,  -30,  -10,  -22,
     -10,   -4,  -28,  -28,    5,    5,    5,  -43,  -34,  -11,  -34,   -5,  -17,   23,  -11,  -11,
     -11,  -11,  -15,  -22,  -45,  -22,  -45,  -21,  -12,  -13,    4,  -19,  -19,  -11,   -4,   -7,
       7,    2,    4,    2,    7,    5,    3,    5,  -22,  -22,  -22,   -4,   -4,   -7,    2,    2,
       2,    4,   -7,    5,   -4,    4,    4,    4,    4,   -7,  -19,  -19,  -19,    4,    2,   12,
       4,  -13,  -23,    7,    2,    7,  -19,   -8,   -8,    7,    7,  -13,  -13,  -13,  -13,    5,
     -26,  -45,    5,  -13,    2,  -13,   14,    2,    2,   14,  -13,  -13,  -13,    2,    2,  -13,
     -11,  -28,  -11,  -13,  -21,  -28,  -21,  -15,  -15,  -15,  -19,   21,  -19,  -19,  -19,    7,
       7,  -19,   -5,  -39,  -39,  -13,   -7,  -13,   -7,  -17,  -17,  -18,  -18,  -10,  -19,   -9,
     -39,  -30,  -39,   -2,  -39,  -15,  -19,  -19,   -9,   -9,  -19,   -9,  -10,  -10,  -10,   28,
      -7,  -35,  -11,  -10,  -21,  -29,  -15,  -11,  -15,  -15,  -13,  -14,  -11,  -14,   -9,  -18,
     -15,  -13,   -2,  -11,  -11,  -11,    8,  -35,  -22,  -15,  -15,  -14,  -14,  -14,  -11,  -30,
     -15,  -13,  -34,  -15,  -15,  -13,  -11,  -15,  -11,  -11,  -11,    6,  -11,    6,   -6,   -4,
      -3,   -1,  -11,   -6,  -10,  -10,   -9,  -10,  -11,  -11,  -11,  -10,  -11,   -6,   -6,   -9,
      -6,  -10,  -10,  -10,  -14,  -10,  -11,    6,  -11,  -11,  -42,  -11,  -42,  -10,  -12,  -13,
       4,  -19,  -19,  -11,   -4,   -7,    7,    2,    4,    2,    7,    5,    3,    5,  -11,  -21,
     -11,   -4,   -4,   -7,    2,    2,    2,    4,   -7,    5,   -4,    4,    4,    4,    4,   -7,
     -19,  -19,  -19,    4,    2,   12,    4,  -13,  -23,    7,    2,    7,  -19,   -8,   -8,    7,
       7,  -13,  -13,  -13,  -13,    5,  -51,  -42,    5,   -8,   -9,  -36,  -36,   -9,  -57,  -11,
     -12,   -9,   -6,  -16,  -12,  -36,  -36,  -36,  -11,  -11,   -9,  -36,  -11,  -39,  -57,  -57,
     -24,  -21,  -21,  -21,  -21,  -21,  -23,  -21,  -34,  -32,  -15,  -28,  -15,  -11,    2,  -35,
     -73,   -7,  -16,  -23,  -13,  -21,  -30,  -38,   -3,  -13,  -38,  -21,  -28,  -57,  -52,  -73,
      -7,  -19,   -7,  -73,  -13,  -66,  -73,    2,    2,    2,  -13,   -7,   28,  -21,  -16,  -15,
       2,  -19,  -23,  -28,  -28,  -28,  -36,  -13,  -54,  -58,  -63,  -11,   -7,   -7,   -7,    3,
      -3,  -15,   -2,   -7,  -13,    3,   -7,   -7,    5,   -3,   -3,   -7,   -3,   -3,   -3,    3,
     -10,   -7,    3,  -15,   -7,   -7,  -10,    7,    7,   -3,   -3,   -3,   -3,   -7,   -3,   -2,
       1,    1,   22,   33,   22,   25,   33,   -8,   -4,  -11,  -11,  -29,  -22,  -17,   -9,  -38,
       3,   -6,   -5,   -7,   -7,  -11,   -3,    3,    3,   -6,    3,  -29,  -29,  -29,   27,   -9,
     -29,   -4,  -75,  -38,  -11,  -11,  -11,  -21,   -7,   -7,  -11,  -11,   13,  -11,  -21,  -21,
     -33,  -21,  -33,  -23,  -21,  -34,  -32,  -15,  -28,  -15,  -11,    2,  -35,  -37,   -7,  -16,
     -23,  -13,  -21,  -30,  -38,   -3,  -13,  -38,  -21,  -28,  -57,  -52,  -37,   -7,  -19,   -7,
     -37,  -13,  -66,  -56,    2,    2,    2,  -13,   -7,   28,  -21,  -16,  -15,    2,  -19,  -23,
     -28,  -28,  -28,  -36,  -13,  -33,  -58,  -63,  -11,  -21,  -35,  -35,  -32,  -21,  -32,  -49,
     -14,   -7,  -21,  -14,  -14,  -14,  -21,  -38,  -47,  -28,   -7,  -32,  -32,  -32,  -32,  -35,
     -42,  -23,  -18,  -43,  -18,  -43,  -47,  -15,  -32,  -21,  -13,  -19,  -32,  -19,  -19,  -46,
     -19,  -42,  -13,  -19,  -21,  -10,  -23,    3,  -13,    3,  -33,  -28,  -18,  -28,   -4,  -18,
     -23,  -19,  -19,  -21,  -21,  -13,    3,  -19,  -21,  -13,  -21,  -21,  -21,  -21,  -23,  -23,
       3,  -30,    3,  -13,  -21,  -17,  -30,  -19,  -40,  -21,    3,    3,  -34,  -46,  -46,  -46,
     -43,  -23,  -32,  -30,  -21,  -36,  -11,  -17,  -11,  -11,  -17,  -11,  -32,  -32,  -32,  -34,
     -17,   17,   17,  -21,  -49,   21,   21,  -17,  -36,  -36,  -42,  -32,  -32,  -11,  -11,  -13,
     -15,  -15,  -11,  -11,  -11,  -15,  -36,  -15,  -15,  -11,  -11,  -11,  -11,  -10,   -4,  -33,
     -10,  -31,   -7,   -2,   -9,   -8,   -4,  -34,  -15,  -15,  -11,  -21,  -20,  -11,  -11,  -11,
      -9,   -7,  -15,  -11,  -14,  -21,  -33,  -32,  -45,  -61,  -32,    7,   -2,   -5,  -17,    4,
      -2,  -11,   -5,   -6,    3,  -14,  -13,  -13,  -19,  -47,  -34,  -58,    2,   -8,   -8,    2,
     -19,  -19,  -30,  -17,   -8,  -13,   -6,  -24,  -58,  -58,   -9,   -5,   -5,  -14,   13,   -3,
     -23,  -23,  -13,  -17,  -23,   -3,  -13,   -8,  -10,   17,
};

static constexpr EpdFontData inter_10_bold = {
    inter_10_boldBitmaps,
    inter_10_boldGlyphs,
    inter_10_boldIntervals,
    102,
    25,
    21,
    -6,
    false,
    nullptr,
    0,
    nullptr,
    nullptr,  // kernLeftClasses: built-in fonts use split arrays
    nullptr,  // kernRightClasses
    inter_10_boldKernLeftCodepoints,
    inter_10_boldKernLeftClassIds,
    inter_10_boldKernRightCodepoints,
    inter_10_boldKernRightClassIds,
    nullptr,  // kernMatrix: built-in fonts use sparse rows
    inter_10_boldKernRowOffsets,
    inter_10_boldKernSparseCols,
    inter_10_boldKernSparseValues,
    1017,
    1036,
    170,
    169,
    nullptr,
    0,
};
