/**
 * generated by fontconvert.py
 * name: inter_12_regular
 * size: 12
 * mode: 1-bit
 * Command used: C:\Users\cmaga\Documents\Crossink-MyDev\CrossInk-X4-Pro\lib\EpdFont\scripts\fontconvert.py inter_12_regular 12 C:\Users\cmaga\Documents\Crossink-MyDev\CrossInk-X4-Pro\lib\EpdFont\builtinFonts\source\Inter\Inter-Regular.ttf C:\Users\cmaga\Documents\Crossink-MyDev\CrossInk-X4-Pro\lib\EpdFont\builtinFonts\source\IBMPlexSansHebrew\IBMPlexSansHebrew-Regular.ttf C:\Users\cmaga\Documents\Crossink-MyDev\CrossInk-X4-Pro\lib\EpdFont\builtinFonts\source\NotoSansArabic\NotoSansArabic-Regular.ttf --additional-intervals 0x05D0,0x05EA --additional-intervals 0x0370,0x03FF --additional-intervals 0x1F00,0x1FFF --additional-intervals 0x060C,0x060C --additional-intervals 0x061B,0x061B --additional-intervals 0x061F,0x061F --additional-intervals 0x0621,0x0621 --additional-intervals 0x0640,0x0640 --additional-intervals 0x0660,0x0669 --additional-intervals 0x06BA,0x06BA --additional-intervals 0x06D4,0x06D4 --additional-intervals 0x06F0,0x06F9 --additional-intervals 0xFB56,0xFB59 --additional-intervals 0xFB66,0xFB69 --additional-intervals 0xFB7A,0xFB7D --additional-intervals 0xFB88,0xFB95 --additional-intervals 0xFB9E,0xFB9F --additional-intervals 0xFBA6,0xFBB1 --additional-intervals 0xFBFC,0xFBFF --additional-intervals 0xFE80,0xFEFC
 */
#pragma once
#include "EpdFontData.h"

static const uint8_t inter_12_regularBitmaps[53872] = {
    0x63, 0x9C, 0xE7, 0x39, 0xCE, 0x73, 0x9C, 0xE7, 0x38, 0x00, 0x77, 0x9C, 0x40, 0x67, 0xDF, 0xBF,
    0x7E, 0xFD, 0xFB, 0xF7, 0x06, 0x08, 0x06, 0x1C, 0x06, 0x1C, 0x0E, 0x18, 0x0E, 0x18, 0x3F, 0xFE,
    0x7F, 0xFF, 0x7F, 0xFE, 0x0C, 0x38, 0x1C, 0x30, 0x1C, 0x30, 0x1C, 0x70, 0xFF, 0xFE, 0xFF, 0xFC,
    0x18, 0x70, 0x38, 0x60, 0x38, 0x60, 0x38, 0xE0, 0x38, 0xE0, 0x03, 0x00, 0x0C, 0x00, 0x78, 0x07,
    0xF8, 0x3F, 0xF1, 0xED, 0xE7, 0x33, 0xB8, 0xC7, 0xF3, 0x01, 0xEC, 0x07, 0xF0, 0x0F, 0xF8, 0x07,
    0xF0, 0x0F, 0xE0, 0x33, 0xC0, 0xC7, 0xE3, 0x1F, 0xCC, 0xF7, 0xB7, 0x9F, 0xFE, 0x1F, 0xE0, 0x1E,
    0x00, 0x30, 0x00, 0xC0, 0x3C, 0x01, 0x87, 0xE0, 0x38, 0x7F, 0x07, 0x0E, 0x70, 0x70, 0xE3, 0x0E,
    0x0E, 0x71, 0xC0, 0xE7, 0x1C, 0x07, 0xE3, 0x80, 0x3E, 0x70, 0x00, 0x07, 0x00, 0x00, 0xE0, 0x00,
    0x1C, 0x7C, 0x01, 0xCF, 0xE0, 0x38, 0xE6, 0x07, 0x0C, 0x70, 0x60, 0xC7, 0x0E, 0x0C, 0x71, 0xC0,
    0xFE, 0x38, 0x07, 0xE0, 0x00, 0x38, 0x0F, 0x00, 0x3F, 0x80, 0xFF, 0x03, 0xC7, 0x07, 0x0E, 0x0E,
    0x1C, 0x0E, 0x70, 0x1F, 0xE0, 0x1F, 0x80, 0x3C, 0x00, 0xFC, 0x03, 0xFC, 0xEF, 0x3D, 0xDC, 0x3F,
    0xB8, 0x3E, 0x70, 0x3C, 0xF0, 0xF8, 0xFF, 0xF8, 0xFF, 0x78, 0x30, 0x00, 0x7F, 0xFF, 0xFF, 0x1C,
    0x73, 0x8E, 0x39, 0xC7, 0x1C, 0xE3, 0x8E, 0x38, 0xE3, 0x8E, 0x38, 0xE1, 0xC7, 0x1C, 0x38, 0xE1,
    0xC7, 0xC3, 0x8E, 0x1C, 0x70, 0xE3, 0x8E, 0x38, 0xE1, 0xC7, 0x1C, 0x71, 0xCE, 0x38, 0xE3, 0x9C,
    0x71, 0xCE, 0x38, 0x0C, 0x01, 0x81, 0x30, 0x76, 0xEF, 0xFC, 0x7E, 0x0F, 0xC7, 0xFE, 0xED, 0xC1,
    0x80, 0x30, 0x00, 0x00, 0x07, 0x00, 0x38, 0x01, 0xC0, 0x0E, 0x00, 0x70, 0x7F, 0xFB, 0xFF, 0xC0,
    0xE0, 0x07, 0x00, 0x38, 0x01, 0xC0, 0x0E, 0x00, 0x37, 0x77, 0xEE, 0xEC, 0xFF, 0xFF, 0xDF, 0xE0,
    0x03, 0xBC, 0xE2, 0x00, 0x00, 0x01, 0xC0, 0xC0, 0xE0, 0x70, 0x30, 0x38, 0x1C, 0x0E, 0x06, 0x07,
    0x03, 0x81, 0xC0, 0xC0, 0xE0, 0x70, 0x38, 0x38, 0x1C, 0x0E, 0x06, 0x07, 0x03, 0x80, 0x07, 0x80,
    0x7F, 0x83, 0xFF, 0x1E, 0x1C, 0x70, 0x39, 0xC0, 0xEE, 0x03, 0xB8, 0x06, 0xE0, 0x1F, 0x80, 0x7E,
    0x01, 0xF8, 0x07, 0xE0, 0x1B, 0x80, 0xE7, 0x03, 0x9C, 0x1E, 0x38, 0xF0, 0xFF, 0x81, 0xFC, 0x00,
    0xC0, 0x0E, 0x3D, 0xFF, 0xFE, 0xF9, 0xC3, 0x87, 0x0E, 0x1C, 0x38, 0x70, 0xE1, 0xC3, 0x87, 0x0E,
    0x1C, 0x38, 0x0F, 0x80, 0xFE, 0x0F, 0xF8, 0xE1, 0xE7, 0x07, 0x70, 0x19, 0x81, 0xC0, 0x0E, 0x00,
    0xF0, 0x07, 0x00, 0x70, 0x07, 0x80, 0x78, 0x07, 0x80, 0x78, 0x07, 0x80, 0x78, 0x07, 0xFF, 0xFF,
    0xFE, 0x07, 0x80, 0xFF, 0x0F, 0xFC, 0xF0, 0xE7, 0x07, 0xB0, 0x1C, 0x00, 0xE0, 0x0E, 0x07, 0xF0,
    0x3E, 0x01, 0xFC, 0x00, 0xF0, 0x03, 0x80, 0x1F, 0x80, 0xFE, 0x07, 0x78, 0x7B, 0xFF, 0x87, 0xF8,
    0x0E, 0x00, 0x00, 0x60, 0x03, 0xC0, 0x1F, 0x00, 0xFC, 0x03, 0xF0, 0x1D, 0xC0, 0xE7, 0x03, 0x9C,
    0x1C, 0x70, 0xE1, 0xC3, 0x87, 0x1C, 0x1C, 0xF0, 0x73, 0xFF, 0xFF, 0xFF, 0xDF, 0xFE, 0x00, 0x70,
    0x01, 0xC0, 0x07, 0x00, 0x3F, 0xE3, 0xFF, 0x9F, 0xFC, 0xE0, 0x07, 0x00, 0x38, 0x01, 0xC0, 0x0F,
    0xF8, 0xFF, 0xE7, 0xCF, 0x98, 0x1C, 0x00, 0xF0, 0x03, 0x80, 0x1F, 0x80, 0xFC, 0x0E, 0x78, 0xF3,
    0xFF, 0x0F, 0xF0, 0x0E, 0x00, 0x07, 0x80, 0xFF, 0x0F, 0xFC, 0x70, 0xF7, 0x03, 0xB8, 0x1F, 0x80,
    0x1D, 0xF8, 0xFF, 0xE7, 0xFF, 0xBC, 0x1F, 0xE0, 0x7E, 0x03, 0xF0, 0x1D, 0x80, 0xEE, 0x07, 0x78,
    0xF1, 0xFF, 0x87, 0xF8, 0x06, 0x00, 0xFF, 0xFF, 0xFF, 0xFF, 0xF0, 0x07, 0x00, 0xE0, 0x0E, 0x01,
    0xC0, 0x1C, 0x03, 0x80, 0x38, 0x07, 0x00, 0x70, 0x0E, 0x00, 0xE0, 0x1C, 0x01, 0xC0, 0x38, 0x03,
    0x80, 0x70, 0x00, 0x07, 0x80, 0xFF, 0x0F, 0xFC, 0xF0, 0xE7, 0x07, 0x38, 0x1D, 0xC1, 0xCE, 0x0E,
    0x3F, 0xE0, 0xFE, 0x0F, 0xFC, 0xE0, 0xEE, 0x03, 0xF0, 0x1F, 0x80, 0xFC, 0x07, 0x78, 0x7B, 0xFF,
    0x8F, 0xF8, 0x0E, 0x00, 0x0F, 0x01, 0xFE, 0x1F, 0xF8, 0xF1, 0xEF, 0x07, 0xF0, 0x1F, 0x80, 0xFC,
    0x07, 0xE0, 0x3B, 0x83, 0xDF, 0xFE, 0x7F, 0xF0, 0xFB, 0x80, 0x1F, 0x80, 0xFE, 0x0E, 0x78, 0xF3,
    0xFF, 0x07, 0xF0, 0x0C, 0x00, 0x03, 0xBC, 0xE2, 0x00, 0x00, 0x00, 0x00, 0xEF, 0x38, 0x80, 0x03,
    0x9E, 0xE2, 0x00, 0x00, 0x00, 0x00, 0x67, 0x39, 0xDC, 0xE7, 0x30, 0x00, 0x30, 0x0F, 0x03, 0xF0,
    0xFE, 0x3F, 0x87, 0xC0, 0xF0, 0x0F, 0x80, 0x7E, 0x01, 0xF8, 0x07, 0xE0, 0x1F, 0x00, 0x70, 0x01,
    0xFF, 0xFF, 0xFF, 0x7F, 0xF0, 0x00, 0x00, 0x0F, 0xFF, 0xFF, 0xFF, 0xFF, 0xC0, 0x07, 0x80, 0x3F,
    0x00, 0x7E, 0x00, 0xFC, 0x01, 0xF8, 0x03, 0xE0, 0x1F, 0x07, 0xE0, 0xFC, 0x1F, 0x81, 0xF0, 0x0E,
    0x00, 0x20, 0x00, 0x0F, 0x03, 0xFC, 0x3F, 0xE7, 0x8F, 0x70, 0x77, 0x07, 0x00, 0x70, 0x0F, 0x01,
    0xE0, 0x7C, 0x07, 0x80, 0x70, 0x0E, 0x00, 0xE0, 0x00, 0x00, 0x00, 0x0F, 0x00, 0xF0, 0x0F, 0x00,
    0x00, 0x00, 0xFE, 0x00, 0x1F, 0xFE, 0x00, 0xFF, 0xFE, 0x07, 0x80, 0x3C, 0x3C, 0x00, 0x71, 0xE0,
    0xC0, 0xE7, 0x0F, 0xF1, 0x9C, 0x7F, 0xC7, 0xE3, 0x87, 0x1F, 0x8C, 0x1C, 0x7E, 0x70, 0x31, 0xF9,
    0xC0, 0xC7, 0xE7, 0x03, 0x1F, 0x8C, 0x1C, 0x7E, 0x38, 0x71, 0xD8, 0xFF, 0xFE, 0x71, 0xFF, 0xF9,
    0xC1, 0xE7, 0xC3, 0x80, 0x00, 0x07, 0x80, 0x00, 0x0F, 0xC3, 0x80, 0x1F, 0xFE, 0x00, 0x1F, 0xF0,
    0x00, 0x01, 0xC0, 0x00, 0xE0, 0x00, 0xF8, 0x00, 0x7C, 0x00, 0x77, 0x00, 0x3B, 0x80, 0x1D, 0xC0,
    0x1C, 0x70, 0x0E, 0x38, 0x07, 0x1C, 0x07, 0x07, 0x03, 0x83, 0x81, 0xFF, 0xC1, 0xFF, 0xF0, 0xE0,
    0x38, 0xF0, 0x1E, 0x70, 0x07, 0x38, 0x03, 0xBC, 0x00, 0xE0, 0xFF, 0x07, 0xFE, 0x3F, 0xFD, 0xC1,
    0xEE, 0x07, 0x70, 0x1F, 0x80, 0xFC, 0x0E, 0xFF, 0xF7, 0xFE, 0x3F, 0xFD, 0xC0, 0xFE, 0x03, 0xF0,
    0x1F, 0x80, 0xFC, 0x07, 0xE0, 0xFF, 0xFF, 0xBF, 0xF8, 0x03, 0xE0, 0x0F, 0xF8, 0x1F, 0xFC, 0x3C,
    0x1E, 0x78, 0x0F, 0x70, 0x07, 0xF0, 0x07, 0xE0, 0x00, 0xE0, 0x00, 0xE0, 0x00, 0xE0, 0x00, 0xE0,
    0x00, 0xE0, 0x00, 0x70, 0x07, 0x70, 0x07, 0x78, 0x0F, 0x3E, 0x3E, 0x1F, 0xFC, 0x0F, 0xF8, 0x01,
    0xC0, 0xFE, 0x01, 0xFF, 0xC3, 0xFF, 0xC7, 0x07, 0xCE, 0x03, 0xDC, 0x03, 0xB8, 0x07, 0x70, 0x07,
    0xE0, 0x0F, 0xC0, 0x1F, 0x80, 0x3F, 0x00, 0x7E, 0x00, 0xFC, 0x03, 0xB8, 0x07, 0x70, 0x1C, 0xE1,
    0xF9, 0xFF, 0xE3, 0xFF, 0x00, 0xFF, 0xEF, 0xFF, 0xFF, 0xFE, 0x00, 0xE0, 0x0E, 0x00, 0xE0, 0x0E,
    0x00, 0xFF, 0xEF, 0xFE, 0xFF, 0xEE, 0x00, 0xE0, 0x0E, 0x00, 0xE0, 0x0E, 0x00, 0xE0, 0x0F, 0xFF,
    0xFF, 0xF0, 0xFF, 0xEF, 0xFF, 0xFF, 0xFE, 0x00, 0xE0, 0x0E, 0x00, 0xE0, 0x0E, 0x00, 0xE0, 0x0F,
    0xFE, 0xFF, 0xEE, 0x00, 0xE0, 0x0E, 0x00, 0xE0, 0x0E, 0x00, 0xE0, 0x0E, 0x00, 0xE0, 0x00, 0x03,
    0xE0, 0x07, 0xFC, 0x07, 0xFF, 0x07, 0x83, 0xC7, 0x80, 0xF3, 0x80, 0x3B, 0xC0, 0x1D, 0xC0, 0x00,
    0xE0, 0x00, 0x70, 0x1F, 0xB8, 0x1F, 0xDC, 0x0F, 0xEE, 0x00, 0x73, 0x80, 0x39, 0xC0, 0x1C, 0xF0,
    0x1E, 0x3E, 0x3E, 0x0F, 0xFE, 0x03, 0xFE, 0x00, 0x38, 0x00, 0xC0, 0x0D, 0xC0, 0x1F, 0x80, 0x3F,
    0x00, 0x7E, 0x00, 0xFC, 0x01, 0xF8, 0x03, 0xF0, 0x07, 0xFF, 0xFF, 0xFF, 0xFF, 0xFF, 0xFF, 0x00,
    0x7E, 0x00, 0xFC, 0x01, 0xF8, 0x03, 0xF0, 0x07, 0xE0, 0x0F, 0xC0, 0x1F, 0x80, 0x38, 0xDF, 0xFF,
    0xFF, 0xFF, 0xFF, 0xFF, 0xFF, 0x80, 0x00, 0x60, 0x1C, 0x03, 0x80, 0x70, 0x0E, 0x01, 0xC0, 0x38,
    0x07, 0x00, 0xE0, 0x1C, 0x03, 0x80, 0x7C, 0x0F, 0xC1, 0xF8, 0x3F, 0x07, 0xF1, 0xEF, 0xF8, 0xFE,
    0x07, 0x00, 0xC0, 0x1F, 0x80, 0xFE, 0x07, 0xB8, 0x3C, 0xE1, 0xE3, 0x8F, 0x0E, 0x78, 0x3B, 0xC0,
    0xFE, 0x03, 0xFC, 0x0F, 0xF0, 0x3D, 0xE0, 0xE3, 0xC3, 0x87, 0x0E, 0x0E, 0x38, 0x3C, 0xE0, 0x7B,
    0x80, 0xEE, 0x03, 0xC0, 0xC0, 0x1C, 0x03, 0x80, 0x70, 0x0E, 0x01, 0xC0, 0x38, 0x07, 0x00, 0xE0,
    0x1C, 0x03, 0x80, 0x70, 0x0E, 0x01, 0xC0, 0x38, 0x07, 0x00, 0xE0, 0x1F, 0xFF, 0xFF, 0x80, 0xE0,
    0x01, 0xDE, 0x00, 0x7F, 0xC0, 0x0F, 0xFC, 0x01, 0xFF, 0x80, 0x7F, 0xF8, 0x0F, 0xFF, 0x03, 0xBF,
    0xE0, 0x77, 0xEE, 0x0E, 0xFD, 0xC3, 0x9F, 0xBC, 0x73, 0xF3, 0x9C, 0x7E, 0x73, 0x8F, 0xC7, 0x71,
    0xF8, 0xFC, 0x3F, 0x1F, 0x87, 0xE1, 0xF0, 0xFC, 0x3C, 0x1F, 0x83, 0x83, 0x80, 0xE0, 0x0D, 0xE0,
    0x1F, 0xC0, 0x3F, 0xC0, 0x7F, 0xC0, 0xFF, 0x81, 0xFF, 0x83, 0xF7, 0x07, 0xE7, 0x0F, 0xCF, 0x1F,
    0x8E, 0x3F, 0x0E, 0x7E, 0x1E, 0xFC, 0x1D, 0xF8, 0x3F, 0xF0, 0x3F, 0xE0, 0x3F, 0xC0, 0x7F, 0x80,
    0x78, 0x03, 0xE0, 0x07, 0xFC, 0x07, 0xFF, 0x07, 0x83, 0xC7, 0x80, 0xF3, 0x80, 0x3B, 0xC0, 0x1F,
    0xC0, 0x07, 0xE0, 0x03, 0xF0, 0x01, 0xF8, 0x00, 0xFC, 0x00, 0x7E, 0x00, 0x3B, 0x80, 0x39, 0xC0,
    0x1C, 0xF0, 0x1E, 0x3E, 0x3E, 0x0F, 0xFE, 0x03, 0xFE, 0x00, 0x38, 0x00, 0xFE, 0x07, 0xFE, 0x3F,
    0xFD, 0xC1, 0xEE, 0x07, 0xF0, 0x1F, 0x80, 0xFC, 0x07, 0xE0, 0x7F, 0x07, 0xBF, 0xFD, 0xFF, 0xCF,
    0xF0, 0x70, 0x03, 0x80, 0x1C, 0x00, 0xE0, 0x07, 0x00, 0x38, 0x00, 0x03, 0xE0, 0x07, 0xFC, 0x07,
    0xFF, 0x07, 0x83, 0xC7, 0x80, 0xF3, 0x80, 0x3B, 0xC0, 0x1F, 0xC0, 0x07, 0xE0, 0x03, 0xF0, 0x01,
    0xF8, 0x00, 0xFC, 0x00, 0x7E, 0x00, 0x3B, 0x87, 0x39, 0xC3, 0x9C, 0xF0, 0xFE, 0x3E, 0x3E, 0x0F,
    0xFE, 0x03, 0xFF, 0x80, 0x39, 0xC0, 0x00, 0x70, 0xFE, 0x03, 0xFF, 0x8F, 0xFF, 0x38, 0x3C, 0xE0,
    0x3B, 0x80, 0xEE, 0x03, 0xB8, 0x0E, 0xE0, 0x7B, 0xFF, 0xCF, 0xFE, 0x3F, 0xF0, 0xE1, 0xC3, 0x87,
    0x8E, 0x0E, 0x38, 0x3C, 0xE0, 0x73, 0x81, 0xEE, 0x03, 0x80, 0x07, 0x80, 0x7F, 0x83, 0xFF, 0x1E,
    0x1E, 0x70, 0x3B, 0x80, 0x7F, 0x00, 0x1E, 0x00, 0x7F, 0x00, 0xFF, 0x80, 0x7F, 0x00, 0x3E, 0x00,
    0x3C, 0x00, 0x7E, 0x01, 0xFC, 0x0F, 0x78, 0x79, 0xFF, 0xE1, 0xFE, 0x01, 0xE0, 0xFF, 0xFF, 0xFF,
    0xFF, 0xFF, 0xC1, 0xE0, 0x07, 0x80, 0x1E, 0x00, 0x78, 0x01, 0xE0, 0x07, 0x80, 0x1E, 0x00, 0x78,
    0x01, 0xE0, 0x07, 0x80, 0x1E, 0x00, 0x78, 0x01, 0xE0, 0x07, 0x80, 0x1E, 0x00, 0x78, 0x00, 0xC0,
    0x0D, 0xC0, 0x1F, 0x80, 0x3F, 0x00, 0x7E, 0x00, 0xFC, 0x01, 0xF8, 0x03, 0xF0, 0x07, 0xE0, 0x0F,
    0xC0, 0x1F, 0x80, 0x3F, 0x00, 0x7E, 0x00, 0xFC, 0x01, 0xF8, 0x07, 0x78, 0x0E, 0x78, 0x7C, 0x7F,
    0xF0, 0x7F, 0xC0, 0x3C, 0x00, 0x60, 0x03, 0x78, 0x03, 0xDC, 0x01, 0xCE, 0x00, 0xE3, 0x80, 0xF1,
    0xC0, 0x70, 0xE0, 0x38, 0x38, 0x38, 0x1C, 0x1C, 0x0E, 0x0E, 0x03, 0x8E, 0x01, 0xC7, 0x00, 0xF3,
    0x80, 0x3B, 0x80, 0x1D, 0xC0, 0x06, 0xE0, 0x03, 0xE0, 0x01, 0xF0, 0x00, 0x70, 0x00, 0x60, 0x18,
    0x03, 0xE0, 0x3C, 0x07, 0x70, 0x3C, 0x07, 0x70, 0x3E, 0x0F, 0x70, 0x3E, 0x0E, 0x70, 0x7E, 0x0E,
    0x38, 0x7E, 0x0E, 0x38, 0x77, 0x1C, 0x38, 0x67, 0x1C, 0x1C, 0xE7, 0x1C, 0x1C, 0xE3, 0x1C, 0x1C,
    0xE3, 0xB8, 0x1D, 0xC3, 0xB8, 0x0F, 0xC3, 0xB8, 0x0F, 0xC1, 0xB8, 0x0F, 0xC1, 0xF0, 0x0F, 0x81,
    0xF0, 0x07, 0x81, 0xF0, 0x07, 0x80, 0xE0, 0x70, 0x07, 0x3C, 0x07, 0x8E, 0x03, 0x87, 0x83, 0x81,
    0xE3, 0xC0, 0x71, 0xC0, 0x3D, 0xC0, 0x0F, 0xE0, 0x03, 0xE0, 0x00, 0xE0, 0x00, 0xF8, 0x00, 0xFE,
    0x00, 0x77, 0x00, 0x73, 0xC0, 0x78, 0xF0, 0x38, 0x38, 0x38, 0x1E, 0x3C, 0x07, 0x9C, 0x01, 0xC0,
    0x60, 0x03, 0x38, 0x03, 0x9E, 0x03, 0xC7, 0x01, 0xC3, 0xC1, 0xC0, 0xE1, 0xE0, 0x38, 0xE0, 0x1E,
    0xE0, 0x07, 0x70, 0x01, 0xF0, 0x00, 0xF8, 0x00, 0x38, 0x00, 0x1C, 0x00, 0x0E, 0x00, 0x07, 0x00,
    0x03, 0x80, 0x01, 0xC0, 0x00, 0xE0, 0x00, 0x70, 0x00, 0x7F, 0xFB, 0xFF, 0xFF, 0xFF, 0xC0, 0x0E,
    0x00, 0x70, 0x03, 0xC0, 0x1E, 0x00, 0x70, 0x03, 0x80, 0x1E, 0x00, 0x70, 0x03, 0x80, 0x1E, 0x00,
    0x70, 0x03, 0x80, 0x1E, 0x00, 0x70, 0x03, 0xFF, 0xFF, 0xFF, 0xC0, 0x7B, 0xFF, 0xF8, 0xE3, 0x8E,
    0x38, 0xE3, 0x8E, 0x38, 0xE3, 0x8E, 0x38, 0xE3, 0x8E, 0x38, 0xE3, 0xFF, 0xFF, 0x00, 0x70, 0x18,
    0x0E, 0x07, 0x03, 0x80, 0xC0, 0x70, 0x38, 0x1C, 0x06, 0x03, 0x81, 0xC0, 0xE0, 0x38, 0x1C, 0x0E,
    0x03, 0x01, 0xC0, 0xE0, 0x70, 0x18, 0x0E, 0xFB, 0xFF, 0xC7, 0x1C, 0x71, 0xC7, 0x1C, 0x71, 0xC7,
    0x1C, 0x71, 0xC7, 0x1C, 0x71, 0xC7, 0x1F, 0xFF, 0xFE, 0x0E, 0x01, 0xE0, 0x7C, 0x0F, 0xC3, 0xB8,
    0x73, 0x9C, 0x73, 0x87, 0x00, 0x00, 0xFF, 0xFF, 0xFF, 0x00, 0x00, 0x73, 0x8E, 0x70, 0x1F, 0x8F,
    0xF9, 0xFF, 0xF0, 0x72, 0x0E, 0x01, 0xCF, 0xFB, 0xFF, 0xF8, 0xFC, 0x1F, 0x83, 0xF0, 0xFF, 0xFE,
    0xFF, 0xC7, 0x00, 0x60, 0x07, 0x00, 0x38, 0x01, 0xC0, 0x0E, 0x00, 0x73, 0xE3, 0xBF, 0x9F, 0xFE,
    0xF8, 0x77, 0x81, 0xFC, 0x0F, 0xC0, 0x7E, 0x03, 0xF0, 0x1F, 0xC0, 0xFE, 0x0F, 0xF8, 0x77, 0xFF,
    0xBB, 0xF8, 0x06, 0x00, 0x0F, 0x83, 0xFE, 0x7F, 0xE7, 0x07, 0xE0, 0x7E, 0x00, 0xE0, 0x0E, 0x00,
    0xE0, 0x0E, 0x00, 0xF0, 0x77, 0x8F, 0x3F, 0xE1, 0xFC, 0x07, 0x00, 0x00, 0x30, 0x01, 0xC0, 0x0E,
    0x00, 0x70, 0x03, 0x8F, 0x9C, 0xFE, 0xEF, 0xFF, 0x70, 0xFF, 0x03, 0xF8, 0x0F, 0xC0, 0x7E, 0x03,
    0xF0, 0x1F, 0x81, 0xFE, 0x0F, 0x78, 0xFB, 0xFF, 0xCF, 0xEE, 0x0C, 0x00, 0x0F, 0x81, 0xFE, 0x1F,
    0xF8, 0xE0, 0xEE, 0x07, 0x70, 0x1B, 0xFF, 0xFF, 0xFF, 0xE0, 0x07, 0x00, 0x38, 0x1C, 0xF1, 0xE3,
    0xFE, 0x0F, 0xE0, 0x1C, 0x00, 0x0F, 0x8F, 0xC7, 0xC7, 0x03, 0x87, 0xFB, 0xFD, 0xFE, 0x38, 0x1C,
    0x0E, 0x07, 0x03, 0x81, 0xC0, 0xE0, 0x70, 0x38, 0x1C, 0x0E, 0x00, 0x1F, 0x31, 0xFF, 0xDF, 0xFE,
    0xE0, 0xFE, 0x07, 0xF0, 0x1F, 0x80, 0xFC, 0x07, 0xE0, 0x3F, 0x03, 0xFC, 0x1E, 0xFB, 0xF3, 0xFF,
    0x8F, 0xDC, 0x00, 0xE4, 0x0E, 0x70, 0x73, 0xFF, 0x8F, 0xF8, 0x1E, 0x00, 0x60, 0x0E, 0x00, 0xE0,
    0x0E, 0x00, 0xE0, 0x0E, 0x78, 0xFF, 0xEF, 0xFE, 0xF0, 0xFF, 0x07, 0xE0, 0x7E, 0x07, 0xE0, 0x7E,
    0x07, 0xE0, 0x7E, 0x07, 0xE0, 0x7E, 0x07, 0xE0, 0x70, 0x6F, 0xF4, 0x06, 0xEE, 0xEE, 0xEE, 0xEE,
    0xEE, 0xEE, 0xE0, 0x18, 0xF3, 0xC4, 0x00, 0x63, 0x8E, 0x38, 0xE3, 0x8E, 0x38, 0xE3, 0x8E, 0x38,
    0xE3, 0x8E, 0x38, 0xEF, 0xBC, 0x00, 0x60, 0x07, 0x00, 0x38, 0x01, 0xC0, 0x0E, 0x00, 0x70, 0x3B,
    0x83, 0x9C, 0x38, 0xE3, 0x87, 0x38, 0x3B, 0x81, 0xFC, 0x0F, 0xF0, 0x7B, 0x83, 0x9E, 0x1C, 0x78,
    0xE1, 0xE7, 0x07, 0x38, 0x1C, 0x6E, 0xEE, 0xEE, 0xEE, 0xEE, 0xEE, 0xEE, 0xEE, 0xEE, 0xE0, 0x67,
    0x8F, 0x9F, 0xFB, 0xFB, 0xFF, 0xFF, 0xF8, 0x78, 0x7F, 0x0E, 0x0F, 0xC1, 0xC1, 0xF8, 0x38, 0x3F,
    0x07, 0x07, 0xE0, 0xE0, 0xFC, 0x1C, 0x1F, 0x83, 0x83, 0xF0, 0x70, 0x7E, 0x0E, 0x0F, 0xC1, 0xC1,
    0xC0, 0x67, 0x8F, 0xFE, 0xFF, 0xEF, 0x0F, 0xF0, 0x7E, 0x07, 0xE0, 0x7E, 0x07, 0xE0, 0x7E, 0x07,
    0xE0, 0x7E, 0x07, 0xE0, 0x7E, 0x07, 0x0F, 0x81, 0xFF, 0x1F, 0xF8, 0xE0, 0xEE, 0x07, 0x70, 0x1F,
    0x80, 0xFC, 0x07, 0xE0, 0x3F, 0x01, 0xFC, 0x1C, 0xF1, 0xE3, 0xFE, 0x0F, 0xE0, 0x1C, 0x00, 0x67,
    0xC7, 0x7F, 0x3F, 0xFD, 0xF0, 0xEF, 0x03, 0xF8, 0x1F, 0x80, 0xFC, 0x07, 0xE0, 0x3F, 0x81, 0xFC,
    0x1F, 0xF0, 0xEF, 0xFF, 0x77, 0xF3, 0x8C, 0x1C, 0x00, 0xE0, 0x07, 0x00, 0x38, 0x00, 0x00, 0x00,
    0x1F, 0x31, 0xFD, 0xDF, 0xFE, 0xE1, 0xFE, 0x07, 0xF0, 0x1F, 0x80, 0xFC, 0x07, 0xE0, 0x3F, 0x03,
    0xFC, 0x1E, 0xF1, 0xF7, 0xFF, 0x9F, 0xDC, 0x18, 0xE0, 0x07, 0x00, 0x38, 0x01, 0xC0, 0x0E, 0x00,
    0x00, 0x6F, 0xFF, 0xFF, 0xF0, 0xF0, 0xE0, 0xE0, 0xE0, 0xE0, 0xE0, 0xE0, 0xE0, 0xE0, 0xE0, 0x1F,
    0x0F, 0xF9, 0xFF, 0x70, 0x7E, 0x01, 0xE0, 0x1F, 0xC1, 0xFE, 0x07, 0xE0, 0x1F, 0x83, 0xF8, 0xF7,
    0xFC, 0x7F, 0x03, 0x80, 0x38, 0x38, 0x38, 0xFF, 0xFF, 0xFE, 0x38, 0x38, 0x38, 0x38, 0x38, 0x38,
    0x38, 0x38, 0x38, 0x3F, 0x1F, 0x00, 0x60, 0x7E, 0x07, 0xE0, 0x7E, 0x07, 0xE0, 0x7E, 0x07, 0xE0,
    0x7E, 0x07, 0xE0, 0x7E, 0x07, 0x70, 0x77, 0x8F, 0x7F, 0xF3, 0xFF, 0x04, 0x00, 0xE0, 0x39, 0xC0,
    0xE7, 0x03, 0x9C, 0x1C, 0x38, 0x70, 0xE1, 0xC3, 0xCE, 0x07, 0x38, 0x1C, 0xE0, 0x3F, 0x00, 0xFC,
    0x03, 0xE0, 0x07, 0x80, 0x1E, 0x00, 0x60, 0x70, 0x77, 0x0F, 0x0E, 0x70, 0xF0, 0xE7, 0x0F, 0x0E,
    0x39, 0xF8, 0xE3, 0x9F, 0x9C, 0x39, 0xD9, 0xC1, 0x99, 0x9C, 0x1F, 0x9F, 0x81, 0xF9, 0xF8, 0x1F,
    0x0F, 0x80, 0xF0, 0xF0, 0x0F, 0x0F, 0x00, 0xF0, 0x70, 0x70, 0x3B, 0xC3, 0x8E, 0x3C, 0x39, 0xC1,
    0xDC, 0x07, 0xE0, 0x1E, 0x00, 0xF0, 0x0F, 0x80, 0xFE, 0x07, 0x78, 0x71, 0xC7, 0x87, 0x38, 0x3C,
    0xE0, 0x39, 0xC0, 0xE7, 0x03, 0x9C, 0x1C, 0x38, 0x70, 0xE1, 0xC3, 0xCE, 0x07, 0x38, 0x1C, 0xC0,
    0x3F, 0x00, 0xFC, 0x03, 0xE0, 0x07, 0x80, 0x1E, 0x00, 0x70, 0x01, 0xC0, 0x0E, 0x00, 0xF8, 0x07,
    0xC0, 0x0C, 0x00, 0xFF, 0xFF, 0xFF, 0xFF, 0x80, 0xE0, 0x38, 0x0F, 0x01, 0xC0, 0x70, 0x1C, 0x07,
    0x81, 0xE0, 0x38, 0x0F, 0xFF, 0xFF, 0xC0, 0x03, 0x07, 0x83, 0xC3, 0x81, 0xC0, 0xE0, 0x70, 0x38,
    0x1C, 0x0E, 0x0E, 0x1F, 0x0F, 0x83, 0xC0, 0x70, 0x38, 0x1C, 0x0E, 0x07, 0x03, 0x81, 0xC0, 0xF8,
    0x3C, 0x06, 0x3F, 0xFF, 0xFF, 0xFF, 0xFF, 0xFF, 0xFF, 0xFC, 0xC0, 0xF0, 0xF8, 0x38, 0x18, 0x18,
    0x18, 0x18, 0x18, 0x1C, 0x1E, 0x0F, 0x0F, 0x1F, 0x1C, 0x18, 0x18, 0x18, 0x18, 0x18, 0x38, 0xF8,
    0xF0, 0xE0, 0x1C, 0x00, 0xFC, 0x77, 0xF9, 0xDC, 0xFE, 0x61, 0xF0, 0x00, 0x00, 0x77, 0x9C, 0xE0,
    0x01, 0xCE, 0x73, 0x9C, 0xE7, 0x39, 0xCE, 0x73, 0x9C, 0x02, 0x00, 0x60, 0x06, 0x01, 0xFC, 0x3F,
    0xE7, 0xEF, 0xF6, 0x7E, 0x62, 0xE6, 0x0E, 0x60, 0xE6, 0x0E, 0x60, 0xE6, 0x77, 0x67, 0x7F, 0xF3,
    0xFE, 0x1F, 0x80, 0x60, 0x06, 0x00, 0x03, 0x80, 0x7F, 0x07, 0xFC, 0x78, 0xF3, 0x83, 0x9C, 0x1C,
    0xE0, 0x07, 0x00, 0x38, 0x07, 0xFE, 0x3F, 0xF0, 0x70, 0x03, 0x80, 0x1C, 0x00, 0xE0, 0x07, 0x07,
    0x70, 0x3F, 0xFF, 0xFF, 0xFC, 0x00, 0x00, 0x6F, 0xE6, 0xFF, 0xFF, 0x7C, 0x7E, 0x78, 0x1E, 0x70,
    0x0E, 0x60, 0x0E, 0xE0, 0x07, 0xE0, 0x07, 0xE0, 0x07, 0x60, 0x0E, 0x70, 0x0E, 0x78, 0x1E, 0x7C,
    0x3E, 0xFF, 0xFF, 0x6F, 0xF6, 0x01, 0x80, 0xE0, 0x1B, 0xC0, 0xE7, 0x03, 0x9C, 0x1C, 0x38, 0x70,
    0xE3, 0x81, 0xCE, 0x07, 0x70, 0x0F, 0xC0, 0x3F, 0x07, 0xFF, 0x1F, 0xFC, 0x07, 0x01, 0xFF, 0xC7,
    0xFF, 0x01, 0xC0, 0x07, 0x00, 0x1C, 0x00, 0x70, 0x00, 0xDF, 0xFF, 0xFF, 0xE0, 0x00, 0x3F, 0xFF,
    0xFF, 0xF8, 0x0F, 0x03, 0xFC, 0x3F, 0xC7, 0x0E, 0x70, 0xE7, 0x00, 0x3C, 0x03, 0xE0, 0x7F, 0x8E,
    0x3C, 0xE1, 0xEE, 0x07, 0x70, 0x77, 0xC7, 0x1F, 0xE0, 0xFE, 0x03, 0xC0, 0x1E, 0x60, 0xE7, 0x0E,
    0x7F, 0xE3, 0xFC, 0x1F, 0x80, 0xE3, 0x73, 0xF9, 0xC8, 0x40, 0x00, 0xF8, 0x00, 0x7F, 0xE0, 0x0F,
    0xFF, 0x81, 0xF0, 0x7C, 0x3C, 0x71, 0xC3, 0x9F, 0xCE, 0x73, 0xFE, 0xE7, 0x78, 0xE7, 0x77, 0x07,
    0x76, 0x70, 0x07, 0x67, 0x00, 0x77, 0x70, 0x67, 0x77, 0x8E, 0x77, 0x3F, 0xEE, 0x39, 0xFC, 0xE3,
    0xC2, 0x3C, 0x1F, 0x0F, 0x80, 0xFF, 0xF0, 0x03, 0xFE, 0x00, 0x07, 0x00, 0x1F, 0x0F, 0xE7, 0xFD,
    0xC7, 0x03, 0xCF, 0xF7, 0xFF, 0x87, 0xE1, 0xDF, 0xF3, 0xFC, 0x00, 0x00, 0x00, 0x73, 0x87, 0xB8,
    0x7B, 0xC7, 0xBC, 0x3B, 0xC3, 0x9C, 0x1E, 0xF0, 0x7B, 0xC1, 0xEF, 0x07, 0x38, 0x1C, 0xE0, 0x63,
    0x00, 0x00, 0x1F, 0xFF, 0xFF, 0x80, 0x70, 0x0E, 0x01, 0xC0, 0x18, 0x07, 0x80, 0x3F, 0xC0, 0xFF,
    0xE3, 0x81, 0xCE, 0xF9, 0xDD, 0xF9, 0xB3, 0xB3, 0xE7, 0xE7, 0xCF, 0xCF, 0xDD, 0x9B, 0xBB, 0x73,
    0x81, 0xE3, 0xC7, 0x83, 0xFE, 0x03, 0xF0, 0x00, 0xFF, 0xFE, 0x1C, 0x1F, 0x9F, 0xDC, 0x7E, 0x3F,
    0x1D, 0xDE, 0xFE, 0x3E, 0x00, 0x07, 0x00, 0x70, 0x07, 0x00, 0x70, 0xFF, 0xFF, 0xFF, 0x07, 0x00,
    0x70, 0x07, 0x00, 0x60, 0x00, 0x0F, 0xFF, 0xFF, 0xF7, 0xFF, 0x7E, 0x7F, 0xB8, 0xF8, 0x70, 0x70,
    0x70, 0xF0, 0xF0, 0xFF, 0xFF, 0xC0, 0x00, 0x3E, 0x3F, 0xB8, 0xE0, 0x71, 0xF0, 0xF8, 0x0F, 0xC7,
    0xFF, 0xBF, 0x87, 0x00, 0x39, 0xDC, 0xC0, 0x60, 0x73, 0x81, 0xCE, 0x07, 0x38, 0x1C, 0xE0, 0x73,
    0x81, 0xCE, 0x07, 0x38, 0x1C, 0xE0, 0x73, 0x81, 0xCF, 0x07, 0x3E, 0x3C, 0xFF, 0xFF, 0xBE, 0xFE,
    0x20, 0x38, 0x00, 0xE0, 0x03, 0x80, 0x0E, 0x00, 0x00, 0x00, 0x07, 0xF3, 0xFF, 0x7F, 0xF7, 0xF7,
    0xFF, 0x7F, 0xF7, 0xFF, 0x7F, 0xF7, 0xFF, 0x77, 0xF7, 0x7F, 0x73, 0xF7, 0x06, 0x70, 0x07, 0x00,
    0x70, 0x07, 0x00, 0x70, 0x07, 0x00, 0x70, 0x03, 0xBC, 0xE2, 0x00, 0x61, 0x87, 0x9E, 0x7B, 0xE0,
    0x00, 0x7F, 0xFF, 0x73, 0x9C, 0xE7, 0x39, 0xC0, 0x0F, 0x07, 0xF9, 0xFF, 0x38, 0x77, 0x0E, 0xC1,
    0xD8, 0x3B, 0x87, 0x71, 0xE7, 0xF8, 0x7E, 0x00, 0x00, 0x00, 0x01, 0xCE, 0x03, 0x9C, 0x07, 0x38,
    0x1E, 0xF0, 0x3D, 0xE0, 0x73, 0x83, 0xDE, 0x0E, 0xF0, 0x73, 0x83, 0x9C, 0x1C, 0xE0, 0x63, 0x00,
    0x00, 0x01, 0x07, 0x80, 0x71, 0xF0, 0x1C, 0x7E, 0x07, 0x01, 0xC0, 0xE0, 0x38, 0x38, 0x07, 0x0E,
    0x00, 0xE3, 0x80, 0x1C, 0x70, 0x03, 0x9C, 0x78, 0x77, 0x0F, 0x00, 0xE3, 0xE0, 0x38, 0xFC, 0x0E,
    0x1F, 0x81, 0xC7, 0x70, 0x70, 0xFF, 0x1C, 0x1F, 0xE3, 0x83, 0xFC, 0xE0, 0x07, 0x00, 0x00, 0x01,
    0x03, 0xC0, 0x38, 0x7C, 0x07, 0x0F, 0xC0, 0xE0, 0x1C, 0x0E, 0x01, 0xC1, 0xC0, 0x1C, 0x38, 0x01,
    0xC7, 0x00, 0x1C, 0x70, 0x01, 0xCE, 0x7E, 0x1D, 0xC7, 0xE0, 0x1C, 0xE7, 0x03, 0x80, 0x70, 0x70,
    0x0E, 0x07, 0x01, 0xE0, 0xE0, 0x3C, 0x1C, 0x07, 0x81, 0xC0, 0x7F, 0x38, 0x0F, 0xF0, 0x00, 0x00,
    0x87, 0xC0, 0x1C, 0xFE, 0x03, 0x8E, 0x70, 0x70, 0x06, 0x07, 0x03, 0xE0, 0xE0, 0x3E, 0x1C, 0x00,
    0x71, 0x80, 0xC7, 0x38, 0x0F, 0xF7, 0x1E, 0x7E, 0xE1, 0xE0, 0x0E, 0x3E, 0x01, 0xC7, 0xE0, 0x38,
    0x7E, 0x03, 0x8E, 0xE0, 0x70, 0xFF, 0x0E, 0x0F, 0xF0, 0xE0, 0xFF, 0x1C, 0x00, 0xE0, 0x06, 0x01,
    0xE0, 0x3C, 0x03, 0x00, 0x00, 0x0C, 0x01, 0x80, 0x70, 0x0E, 0x03, 0xC1, 0xF0, 0x3C, 0x0E, 0x01,
    0xC0, 0x38, 0x3F, 0x07, 0xF3, 0xEF, 0xF8, 0xFE, 0x00, 0x07, 0x00, 0x01, 0xC0, 0x00, 0xE0, 0x00,
    0x38, 0x00, 0x00, 0x00, 0x0E, 0x00, 0x07, 0x00, 0x07, 0xC0, 0x03, 0xE0, 0x03, 0xB8, 0x01, 0xDC,
    0x00, 0xEE, 0x00, 0xE3, 0x80, 0x71, 0xC0, 0x38, 0xE0, 0x38, 0x38, 0x1C, 0x1C, 0x0F, 0xFE, 0x0F,
    0xFF, 0x87, 0x01, 0xC7, 0x80, 0xF3, 0x80, 0x39, 0xC0, 0x1D, 0xE0, 0x07, 0x00, 0x70, 0x00, 0x70,
    0x00, 0x38, 0x00, 0x38, 0x00, 0x00, 0x00, 0x0E, 0x00, 0x07, 0x00, 0x07, 0xC0, 0x03, 0xE0, 0x03,
    0xB8, 0x01, 0xDC, 0x00, 0xEE, 0x00, 0xE3, 0x80, 0x71, 0xC0, 0x38, 0xE0, 0x38, 0x38, 0x1C, 0x1C,
    0x0F, 0xFE, 0x0F, 0xFF, 0x87, 0x01, 0xC7, 0x80, 0xF3, 0x80, 0x39, 0xC0, 0x1D, 0xE0, 0x07, 0x01,
    0xC0, 0x01, 0xF0, 0x01, 0xDC, 0x00, 0xC7, 0x00, 0x00, 0x00, 0x0E, 0x00, 0x07, 0x00, 0x07, 0xC0,
    0x03, 0xE0, 0x03, 0xB8, 0x01, 0xDC, 0x00, 0xEE, 0x00, 0xE3, 0x80, 0x71, 0xC0, 0x38, 0xE0, 0x38,
    0x38, 0x1C, 0x1C, 0x0F, 0xFE, 0x0F, 0xFF, 0x87, 0x01, 0xC7, 0x80, 0xF3, 0x80, 0x39, 0xC0, 0x1D,
    0xE0, 0x07, 0x03, 0x30, 0x03, 0xF8, 0x01, 0xFC, 0x00, 0x00, 0x00, 0x00, 0x00, 0x0E, 0x00, 0x07,
    0x00, 0x07, 0xC0, 0x03, 0xE0, 0x03, 0xB8, 0x01, 0xDC, 0x00, 0xEE, 0x00, 0xE3, 0x80, 0x71, 0xC0,
    0x38, 0xE0, 0x38, 0x38, 0x1C, 0x1C, 0x0F, 0xFE, 0x0F, 0xFF, 0x87, 0x01, 0xC7, 0x80, 0xF3, 0x80,
    0x39, 0xC0, 0x1D, 0xE0, 0x07, 0x06, 0x30, 0x07, 0xBC, 0x03, 0xDE, 0x00, 0x82, 0x00, 0x00, 0x00,
    0x0E, 0x00, 0x07, 0x00, 0x07, 0xC0, 0x03, 0xE0, 0x03, 0xB8, 0x01, 0xDC, 0x00, 0xEE, 0x00, 0xE3,
    0x80, 0x71, 0xC0, 0x38, 0xE0, 0x38, 0x38, 0x1C, 0x1C, 0x0F, 0xFE, 0x0F, 0xFF, 0x87, 0x01, 0xC7,
    0x80, 0xF3, 0x80, 0x39, 0xC0, 0x1D, 0xE0, 0x07, 0x03, 0xE0, 0x03, 0xF8, 0x01, 0xDC, 0x00, 0xE6,
    0x00, 0x7F, 0x00, 0x1F, 0x00, 0x07, 0x00, 0x03, 0x80, 0x03, 0xE0, 0x01, 0xF0, 0x01, 0xDC, 0x00,
    0xEE, 0x00, 0x77, 0x00, 0x71, 0xC0, 0x38, 0xE0, 0x1C, 0x70, 0x1C, 0x1C, 0x0E, 0x0E, 0x07, 0xFF,
    0x07, 0xFF, 0xC3, 0x80, 0xE3, 0xC0, 0x79, 0xC0, 0x1C, 0xE0, 0x0E, 0xF0, 0x03, 0x80, 0x00, 0x7F,
    0xFE, 0x00, 0xFF, 0xFF, 0x00, 0xFF, 0xFE, 0x00, 0xEE, 0x00, 0x01, 0xCE, 0x00, 0x01, 0xCE, 0x00,
    0x03, 0x8E, 0x00, 0x03, 0x8E, 0x00, 0x07, 0x0F, 0xFC, 0x07, 0x0F, 0xFE, 0x0E, 0x0F, 0xFE, 0x0E,
    0x1E, 0x00, 0x1F, 0xFE, 0x00, 0x1F, 0xFE, 0x00, 0x3C, 0x0E, 0x00, 0x38, 0x0E, 0x00, 0x78, 0x0E,
    0x00, 0x70, 0x0F, 0xFF, 0xF0, 0x0F, 0xFF, 0x03, 0xE0, 0x0F, 0xF8, 0x1F, 0xFC, 0x3C, 0x1E, 0x78,
    0x0F, 0x70, 0x07, 0xF0, 0x07, 0xE0, 0x00, 0xE0, 0x00, 0xE0, 0x00, 0xE0, 0x00, 0xE0, 0x00, 0xE0,
    0x00, 0x70, 0x07, 0x70, 0x07, 0x78, 0x0F, 0x3E, 0x3E, 0x1F, 0xFC, 0x0F, 0xF8, 0x01, 0xC0, 0x01,
    0xE0, 0x00, 0xF0, 0x01, 0xF0, 0x01, 0xE0, 0x00, 0x00, 0x3C, 0x01, 0xC0, 0x0E, 0x00, 0xE0, 0x00,
    0x0F, 0xFE, 0xFF, 0xFF, 0xFF, 0xE0, 0x0E, 0x00, 0xE0, 0x0E, 0x00, 0xE0, 0x0F, 0xFE, 0xFF, 0xEF,
    0xFE, 0xE0, 0x0E, 0x00, 0xE0, 0x0E, 0x00, 0xE0, 0x0E, 0x00, 0xFF, 0xFF, 0xFF, 0x03, 0x80, 0x38,
    0x07, 0x00, 0x60, 0x00, 0x0F, 0xFE, 0xFF, 0xFF, 0xFF, 0xE0, 0x0E, 0x00, 0xE0, 0x0E, 0x00, 0xE0,
    0x0F, 0xFE, 0xFF, 0xEF, 0xFE, 0xE0, 0x0E, 0x00, 0xE0, 0x0E, 0x00, 0xE0, 0x0E, 0x00, 0xFF, 0xFF,
    0xFF, 0x0F, 0x01, 0xF0, 0x3B, 0x83, 0x9C, 0x00, 0x0F, 0xFE, 0xFF, 0xFF, 0xFF, 0xE0, 0x0E, 0x00,
    0xE0, 0x0E, 0x00, 0xE0, 0x0F, 0xFE, 0xFF, 0xEF, 0xFE, 0xE0, 0x0E, 0x00, 0xE0, 0x0E, 0x00, 0xE0,
    0x0E, 0x00, 0xFF, 0xFF, 0xFF, 0x31, 0xC7, 0x9C, 0x39, 0xC1, 0x08, 0x00, 0x0F, 0xFE, 0xFF, 0xFF,
    0xFF, 0xE0, 0x0E, 0x00, 0xE0, 0x0E, 0x00, 0xE0, 0x0F, 0xFE, 0xFF, 0xEF, 0xFE, 0xE0, 0x0E, 0x00,
    0xE0, 0x0E, 0x00, 0xE0, 0x0E, 0x00, 0xFF, 0xFF, 0xFF, 0xE7, 0x1C, 0x60, 0x18, 0xE7, 0x39, 0xCE,
    0x73, 0x9C, 0xE7, 0x39, 0xCE, 0x73, 0x9C, 0xE7, 0x7B, 0x99, 0xC0, 0x63, 0x9C, 0xE7, 0x39, 0xCE,
    0x73, 0x9C, 0xE7, 0x39, 0xCE, 0x73, 0x9C, 0x3C, 0x1F, 0x1D, 0xDC, 0x60, 0x00, 0xC0, 0x70, 0x38,
    0x1C, 0x0E, 0x07, 0x03, 0x81, 0xC0, 0xE0, 0x70, 0x38, 0x1C, 0x0E, 0x07, 0x03, 0x81, 0xC0, 0xE0,
    0x70, 0x38, 0xE3, 0x73, 0xF9, 0xC8, 0x40, 0x00, 0xC0, 0x70, 0x38, 0x1C, 0x0E, 0x07, 0x03, 0x81,
    0xC0, 0xE0, 0x70, 0x38, 0x1C, 0x0E, 0x07, 0x03, 0x81, 0xC0, 0xE0, 0x70, 0x38, 0x1F, 0xC0, 0x1F,
    0xFC, 0x0F, 0xFF, 0x07, 0x07, 0xC3, 0x80, 0xF1, 0xC0, 0x38, 0xE0, 0x0E, 0x70, 0x07, 0x38, 0x03,
    0xFF, 0xE1, 0xFF, 0xF0, 0xE7, 0x00, 0x73, 0x80, 0x39, 0xC0, 0x1C, 0xE0, 0x1C, 0x70, 0x1E, 0x38,
    0x7E, 0x1F, 0xFE, 0x0F, 0xFE, 0x00, 0x06, 0x60, 0x1F, 0xC0, 0x7F, 0x80, 0x00, 0x00, 0x00, 0x1C,
    0x01, 0xBC, 0x03, 0xF8, 0x07, 0xF8, 0x0F, 0xF8, 0x1F, 0xF0, 0x3F, 0xF0, 0x7E, 0xE0, 0xFC, 0xE1,
    0xF9, 0xE3, 0xF1, 0xC7, 0xE1, 0xCF, 0xC3, 0xDF, 0x83, 0xBF, 0x07, 0xFE, 0x07, 0xFC, 0x07, 0xF8,
    0x0F, 0xF0, 0x0F, 0x07, 0x00, 0x01, 0xC0, 0x00, 0xE0, 0x00, 0x38, 0x00, 0x00, 0x00, 0x1F, 0x00,
    0x3F, 0xE0, 0x3F, 0xF8, 0x3C, 0x1E, 0x3C, 0x07, 0x9C, 0x01, 0xDE, 0x00, 0xFE, 0x00, 0x3F, 0x00,
    0x1F, 0x80, 0x0F, 0xC0, 0x07, 0xE0, 0x03, 0xF0, 0x01, 0xDC, 0x01, 0xCE, 0x00, 0xE7, 0x80, 0xF1,
    0xF1, 0xF0, 0x7F, 0xF0, 0x1F, 0xF0, 0x01, 0xC0, 0x00, 0x00, 0x70, 0x00, 0x70, 0x00, 0x38, 0x00,
    0x38, 0x00, 0x00, 0x00, 0x1F, 0x00, 0x3F, 0xE0, 0x3F, 0xF8, 0x3C, 0x1E, 0x3C, 0x07, 0x9C, 0x01,
    0xDE, 0x00, 0xFE, 0x00, 0x3F, 0x00, 0x1F, 0x80, 0x0F, 0xC0, 0x07, 0xE0, 0x03, 0xF0, 0x01, 0xDC,
    0x01, 0xCE, 0x00, 0xE7, 0x80, 0xF1, 0xF1, 0xF0, 0x7F, 0xF0, 0x1F, 0xF0, 0x01, 0xC0, 0x00, 0x01,
    0xC0, 0x01, 0xF0, 0x01, 0xDC, 0x00, 0xC7, 0x00, 0x00, 0x00, 0x1F, 0x00, 0x3F, 0xE0, 0x3F, 0xF8,
    0x3C, 0x1E, 0x3C, 0x07, 0x9C, 0x01, 0xDE, 0x00, 0xFE, 0x00, 0x3F, 0x00, 0x1F, 0x80, 0x0F, 0xC0,
    0x07, 0xE0, 0x03, 0xF0, 0x01, 0xDC, 0x01, 0xCE, 0x00, 0xE7, 0x80, 0xF1, 0xF1, 0xF0, 0x7F, 0xF0,
    0x1F, 0xF0, 0x01, 0xC0, 0x00, 0x03, 0x30, 0x03, 0xF8, 0x01, 0xFC, 0x00, 0x00, 0x00, 0x00, 0x00,
    0x1F, 0x00, 0x3F, 0xE0, 0x3F, 0xF8, 0x3C, 0x1E, 0x3C, 0x07, 0x9C, 0x01, 0xDE, 0x00, 0xFE, 0x00,
    0x3F, 0x00, 0x1F, 0x80, 0x0F, 0xC0, 0x07, 0xE0, 0x03, 0xF0, 0x01, 0xDC, 0x01, 0xCE, 0x00, 0xE7,
    0x80, 0xF1, 0xF1, 0xF0, 0x7F, 0xF0, 0x1F, 0xF0, 0x01, 0xC0, 0x00, 0x06, 0x30, 0x07, 0xBC, 0x03,
    0xDE, 0x00, 0x82, 0x00, 0x00, 0x00, 0x1F, 0x00, 0x3F, 0xE0, 0x3F, 0xF8, 0x3C, 0x1E, 0x3C, 0x07,
    0x9C, 0x01, 0xDE, 0x00, 0xFE, 0x00, 0x3F, 0x00, 0x1F, 0x80, 0x0F, 0xC0, 0x07, 0xE0, 0x03, 0xF0,
    0x01, 0xDC, 0x01, 0xCE, 0x00, 0xE7, 0x80, 0xF1, 0xF1, 0xF0, 0x7F, 0xF0, 0x1F, 0xF0, 0x01, 0xC0,
    0x00, 0x60, 0x2F, 0x07, 0x78, 0xF3, 0xDE, 0x1F, 0xC0, 0xF8, 0x0F, 0x81, 0xFC, 0x3D, 0xE7, 0x8F,
    0xF0, 0x76, 0x02, 0x03, 0xE2, 0x07, 0xFF, 0x87, 0xFF, 0xC7, 0x83, 0xC7, 0x81, 0xF3, 0x81, 0xFB,
    0xC1, 0xFF, 0xC0, 0xE7, 0xE0, 0xE3, 0xF0, 0xE1, 0xF8, 0xF0, 0xFC, 0x70, 0x7E, 0x70, 0x3B, 0xF8,
    0x39, 0xF8, 0x1C, 0xF8, 0x1E, 0x3E, 0x3E, 0x3F, 0xFE, 0x1F, 0xFE, 0x04, 0x38, 0x00, 0x0E, 0x00,
    0x1C, 0x00, 0x1C, 0x00, 0x18, 0x00, 0x00, 0x18, 0x01, 0xB8, 0x03, 0xF0, 0x07, 0xE0, 0x0F, 0xC0,
    0x1F, 0x80, 0x3F, 0x00, 0x7E, 0x00, 0xFC, 0x01, 0xF8, 0x03, 0xF0, 0x07, 0xE0, 0x0F, 0xC0, 0x1F,
    0x80, 0x3F, 0x00, 0xEF, 0x01, 0xCF, 0x0F, 0x8F, 0xFE, 0x0F, 0xF8, 0x07, 0x80, 0x01, 0xC0, 0x03,
    0x80, 0x0E, 0x00, 0x1C, 0x00, 0x00, 0x18, 0x01, 0xB8, 0x03, 0xF0, 0x07, 0xE0, 0x0F, 0xC0, 0x1F,
    0x80, 0x3F, 0x00, 0x7E, 0x00, 0xFC, 0x01, 0xF8, 0x03, 0xF0, 0x07, 0xE0, 0x0F, 0xC0, 0x1F, 0x80,
    0x3F, 0x00, 0xEF, 0x01, 0xCF, 0x0F, 0x8F, 0xFE, 0x0F, 0xF8, 0x07, 0x80, 0x07, 0x80, 0x0F, 0x80,
    0x3B, 0x80, 0xE7, 0x00, 0x00, 0x18, 0x01, 0xB8, 0x03, 0xF0, 0x07, 0xE0, 0x0F, 0xC0, 0x1F, 0x80,
    0x3F, 0x00, 0x7E, 0x00, 0xFC, 0x01, 0xF8, 0x03, 0xF0, 0x07, 0xE0, 0x0F, 0xC0, 0x1F, 0x80, 0x3F,
    0x00, 0xEF, 0x01, 0xCF, 0x0F, 0x8F, 0xFE, 0x0F, 0xF8, 0x07, 0x80, 0x1C, 0x60, 0x39, 0xE0, 0x73,
    0x80, 0x42, 0x00, 0x00, 0x18, 0x01, 0xB8, 0x03, 0xF0, 0x07, 0xE0, 0x0F, 0xC0, 0x1F, 0x80, 0x3F,
    0x00, 0x7E, 0x00, 0xFC, 0x01, 0xF8, 0x03, 0xF0, 0x07, 0xE0, 0x0F, 0xC0, 0x1F, 0x80, 0x3F, 0x00,
    0xEF, 0x01, 0xCF, 0x0F, 0x8F, 0xFE, 0x0F, 0xF8, 0x07, 0x80, 0x00, 0x70, 0x00, 0x70, 0x00, 0x30,
    0x00, 0x38, 0x00, 0x00, 0x03, 0x00, 0x19, 0xC0, 0x1C, 0xF0, 0x1E, 0x38, 0x0E, 0x1E, 0x0E, 0x07,
    0x0F, 0x01, 0xC7, 0x00, 0xF7, 0x00, 0x3B, 0x80, 0x0F, 0x80, 0x07, 0xC0, 0x01, 0xC0, 0x00, 0xE0,
    0x00, 0x70, 0x00, 0x38, 0x00, 0x1C, 0x00, 0x0E, 0x00, 0x07, 0x00, 0x03, 0x80, 0x60, 0x03, 0x80,
    0x1C, 0x00, 0xE0, 0x07, 0xF8, 0x3F, 0xF1, 0xFF, 0xCE, 0x0F, 0x70, 0x3B, 0x81, 0xDC, 0x0E, 0xE0,
    0x77, 0x0F, 0x3F, 0xF9, 0xFF, 0x0E, 0x00, 0x70, 0x03, 0x80, 0x1C, 0x00, 0x1E, 0x03, 0xF8, 0x7F,
    0xCF, 0x1E, 0xE0, 0xEE, 0x0E, 0xE0, 0xEE, 0x0E, 0xE7, 0xCE, 0xF8, 0xEF, 0xEE, 0x0F, 0xE0, 0x7E,
    0x07, 0xE0, 0x7E, 0x07, 0xE1, 0xFE, 0xFE, 0xEF, 0xC0, 0x38, 0x03, 0x80, 0x30, 0x07, 0x00, 0x00,
    0x3F, 0x1F, 0xF3, 0xFF, 0xE0, 0xE4, 0x1C, 0x03, 0x9F, 0xF7, 0xFF, 0xF1, 0xF8, 0x3F, 0x07, 0xE1,
    0xFF, 0xFD, 0xFF, 0x8E, 0x00, 0x03, 0x80, 0xE0, 0x1C, 0x03, 0x00, 0x00, 0x3F, 0x1F, 0xF3, 0xFF,
    0xE0, 0xE4, 0x1C, 0x03, 0x9F, 0xF7, 0xFF, 0xF1, 0xF8, 0x3F, 0x07, 0xE1, 0xFF, 0xFD, 0xFF, 0x8E,
    0x00, 0x0F, 0x03, 0xE0, 0xEE, 0x18, 0xE0, 0x00, 0x3F, 0x1F, 0xF3, 0xFF, 0xE0, 0xE4, 0x1C, 0x03,
    0x9F, 0xF7, 0xFF, 0xF1, 0xF8, 0x3F, 0x07, 0xE1, 0xFF, 0xFD, 0xFF, 0x8E, 0x00, 0x18, 0x87, 0xF8,
    0xFE, 0x00, 0x00, 0x00, 0x3F, 0x1F, 0xF3, 0xFF, 0xE0, 0xE4, 0x1C, 0x03, 0x9F, 0xF7, 0xFF, 0xF1,
    0xF8, 0x3F, 0x07, 0xE1, 0xFF, 0xFD, 0xFF, 0x8E, 0x00, 0x31, 0xCF, 0x38, 0xE7, 0x08, 0x40, 0x00,
    0x3F, 0x1F, 0xF3, 0xFF, 0xE0, 0xE4, 0x1C, 0x03, 0x9F, 0xF7, 0xFF, 0xF1, 0xF8, 0x3F, 0x07, 0xE1,
    0xFF, 0xFD, 0xFF, 0x8E, 0x00, 0x0E, 0x03, 0xE0, 0xFE, 0x1C, 0xC3, 0xB8, 0x3F, 0x03, 0x80, 0xFC,
    0x7F, 0xCF, 0xFF, 0x83, 0x90, 0x70, 0x0E, 0x7F, 0xDF, 0xFF, 0xC7, 0xE0, 0xFC, 0x1F, 0x87, 0xFF,
    0xF7, 0xFE, 0x38, 0x00, 0x1F, 0x0F, 0x83, 0xFE, 0xFF, 0x1F, 0xFF, 0xFD, 0xC1, 0xE0, 0xE2, 0x0F,
    0x03, 0x80, 0x70, 0x1C, 0xFF, 0xFF, 0xEF, 0xFF, 0xFF, 0xF8, 0xE0, 0x07, 0x07, 0x00, 0x38, 0x3C,
    0x0D, 0xC3, 0xF0, 0xEF, 0xFF, 0xFF, 0x3F, 0xCF, 0xF0, 0x70, 0x1C, 0x00, 0x0F, 0x83, 0xFE, 0x7F,
    0xE7, 0x07, 0xE0, 0x7E, 0x00, 0xE0, 0x0E, 0x00, 0xE0, 0x0E, 0x00, 0xF0, 0x77, 0x8F, 0x3F, 0xE1,
    0xFC, 0x07, 0x00, 0x78, 0x07, 0xC0, 0x7C, 0x07, 0x80, 0x00, 0x1C, 0x00, 0xE0, 0x03, 0x80, 0x0C,
    0x00, 0x00, 0x07, 0xC0, 0xFF, 0x0F, 0xFC, 0x70, 0x77, 0x03, 0xB8, 0x0D, 0xFF, 0xFF, 0xFF, 0xF0,
    0x03, 0x80, 0x1C, 0x0E, 0x78, 0xF1, 0xFF, 0x07, 0xF0, 0x0E, 0x00, 0x03, 0xC0, 0x1C, 0x01, 0xC0,
    0x0E, 0x00, 0x00, 0x07, 0xC0, 0xFF, 0x0F, 0xFC, 0x70, 0x77, 0x03, 0xB8, 0x0D, 0xFF, 0xFF, 0xFF,
    0xF0, 0x03, 0x80, 0x1C, 0x0E, 0x78, 0xF1, 0xFF, 0x07, 0xF0, 0x0E, 0x00, 0x0F, 0x00, 0x7C, 0x07,
    0x70, 0x73, 0x80, 0x00, 0x07, 0xC0, 0xFF, 0x0F, 0xFC, 0x70, 0x77, 0x03, 0xB8, 0x0D, 0xFF, 0xFF,
    0xFF, 0xF0, 0x03, 0x80, 0x1C, 0x0E, 0x78, 0xF1, 0xFF, 0x07, 0xF0, 0x0E, 0x00, 0x38, 0xC1, 0xCF,
    0x0E, 0x70, 0x21, 0x00, 0x00, 0x07, 0xC0, 0xFF, 0x0F, 0xFC, 0x70, 0x77, 0x03, 0xB8, 0x0D, 0xFF,
    0xFF, 0xFF, 0xF0, 0x03, 0x80, 0x1C, 0x0E, 0x78, 0xF1, 0xFF, 0x07, 0xF0, 0x0E, 0x00, 0x71, 0xC3,
    0x8E, 0x00, 0x63, 0x8E, 0x38, 0xE3, 0x8E, 0x38, 0xE3, 0x8E, 0x38, 0xE3, 0x80, 0x38, 0xE7, 0x18,
    0x01, 0x8E, 0x38, 0xE3, 0x8E, 0x38, 0xE3, 0x8E, 0x38, 0xE3, 0x8E, 0x00, 0x3C, 0x7E, 0xEE, 0xE7,
    0x00, 0x18, 0x38, 0x38, 0x38, 0x38, 0x38, 0x38, 0x38, 0x38, 0x38, 0x38, 0x38, 0x38, 0x38, 0x73,
    0xB9, 0xDC, 0xE4, 0x20, 0x00, 0x60, 0x70, 0x38, 0x1C, 0x0E, 0x07, 0x03, 0x81, 0xC0, 0xE0, 0x70,
    0x38, 0x1C, 0x0E, 0x07, 0x00, 0x00, 0x00, 0xE3, 0x07, 0xF8, 0x1F, 0x81, 0xF8, 0x0E, 0xE0, 0x03,
    0x83, 0xFC, 0x3F, 0xF3, 0xCF, 0xBC, 0x1D, 0xC0, 0xEE, 0x03, 0xF0, 0x1F, 0x80, 0xDC, 0x0E, 0xE0,
    0x73, 0x87, 0x9F, 0xF8, 0x7F, 0x80, 0x70, 0x00, 0x0C, 0xC1, 0xFC, 0x3F, 0xC0, 0x00, 0x00, 0x06,
    0x78, 0xFF, 0xEF, 0xFE, 0xF0, 0xFF, 0x07, 0xE0, 0x7E, 0x07, 0xE0, 0x7E, 0x07, 0xE0, 0x7E, 0x07,
    0xE0, 0x7E, 0x07, 0xE0, 0x70, 0x1C, 0x00, 0x70, 0x03, 0x80, 0x0C, 0x00, 0x00, 0x07, 0xC0, 0xFF,
    0x8F, 0xFC, 0x70, 0x77, 0x03, 0xB8, 0x0F, 0xC0, 0x7E, 0x03, 0xF0, 0x1F, 0x80, 0xFE, 0x0E, 0x78,
    0xF1, 0xFF, 0x07, 0xF0, 0x0E, 0x00, 0x01, 0xC0, 0x1C, 0x00, 0xC0, 0x0E, 0x00, 0x00, 0x07, 0xC0,
    0xFF, 0x8F, 0xFC, 0x70, 0x77, 0x03, 0xB8, 0x0F, 0xC0, 0x7E, 0x03, 0xF0, 0x1F, 0x80, 0xFE, 0x0E,
    0x78, 0xF1, 0xFF, 0x07, 0xF0, 0x0E, 0x00, 0x07, 0x00, 0x7C, 0x07, 0x70, 0x71, 0x80, 0x00, 0x07,
    0xC0, 0xFF, 0x8F, 0xFC, 0x70, 0x77, 0x03, 0xB8, 0x0F, 0xC0, 0x7E, 0x03, 0xF0, 0x1F, 0x80, 0xFE,
    0x0E, 0x78, 0xF1, 0xFF, 0x07, 0xF0, 0x0E, 0x00, 0x0C, 0xC0, 0xFE, 0x07, 0xF0, 0x00, 0x00, 0x00,
    0x07, 0xC0, 0xFF, 0x8F, 0xFC, 0x70, 0x77, 0x03, 0xB8, 0x0F, 0xC0, 0x7E, 0x03, 0xF0, 0x1F, 0x80,
    0xFE, 0x0E, 0x78, 0xF1, 0xFF, 0x07, 0xF0, 0x0E, 0x00, 0x18, 0xC1, 0xEF, 0x0E, 0x78, 0x21, 0x00,
    0x00, 0x07, 0xC0, 0xFF, 0x8F, 0xFC, 0x70, 0x77, 0x03, 0xB8, 0x0F, 0xC0, 0x7E, 0x03, 0xF0, 0x1F,
    0x80, 0xFE, 0x0E, 0x78, 0xF1, 0xFF, 0x07, 0xF0, 0x0E, 0x00, 0x06, 0x00, 0xF0, 0x0F, 0x00, 0x70,
    0x00, 0x07, 0xFF, 0xFF, 0xFF, 0xFF, 0x00, 0x00, 0x00, 0x0F, 0x00, 0xF0, 0x0F, 0x00, 0x00, 0x00,
    0x00, 0x1F, 0x31, 0xFF, 0xCF, 0xFE, 0x38, 0x79, 0xC3, 0xE7, 0x1D, 0xDC, 0xF7, 0x73, 0x9D, 0xDC,
    0x77, 0xE1, 0xDF, 0x0E, 0x3C, 0x79, 0xFF, 0xC7, 0xFE, 0x08, 0xE0, 0x1C, 0x01, 0xE0, 0x0E, 0x00,
    0x60, 0x00, 0x06, 0x07, 0xE0, 0x7E, 0x07, 0xE0, 0x7E, 0x07, 0xE0, 0x7E, 0x07, 0xE0, 0x7E, 0x07,
    0xE0, 0x77, 0x07, 0x78, 0xF7, 0xFF, 0x3F, 0xF0, 0x40, 0x03, 0xC0, 0x38, 0x03, 0x00, 0x70, 0x00,
    0x06, 0x07, 0xE0, 0x7E, 0x07, 0xE0, 0x7E, 0x07, 0xE0, 0x7E, 0x07, 0xE0, 0x7E, 0x07, 0xE0, 0x77,
    0x07, 0x78, 0xF7, 0xFF, 0x3F, 0xF0, 0x40, 0x0F, 0x00, 0xF8, 0x1D, 0xC3, 0x8C, 0x00, 0x06, 0x07,
    0xE0, 0x7E, 0x07, 0xE0, 0x7E, 0x07, 0xE0, 0x7E, 0x07, 0xE0, 0x7E, 0x07, 0xE0, 0x77, 0x07, 0x78,
    0xF7, 0xFF, 0x3F, 0xF0, 0x40, 0x38, 0xC3, 0x9E, 0x39, 0xC1, 0x08, 0x00, 0x06, 0x07, 0xE0, 0x7E,
    0x07, 0xE0, 0x7E, 0x07, 0xE0, 0x7E, 0x07, 0xE0, 0x7E, 0x07, 0xE0, 0x77, 0x07, 0x78, 0xF7, 0xFF,
    0x3F, 0xF0, 0x40, 0x01, 0xC0, 0x07, 0x00, 0x38, 0x00, 0xC0, 0x00, 0x03, 0x80, 0xE7, 0x03, 0x9C,
    0x0E, 0x70, 0x70, 0xE1, 0xC3, 0x87, 0x0F, 0x38, 0x1C, 0xE0, 0x73, 0x00, 0xFC, 0x03, 0xF0, 0x0F,
    0x80, 0x1E, 0x00, 0x78, 0x01, 0xC0, 0x07, 0x00, 0x38, 0x03, 0xE0, 0x1F, 0x00, 0x30, 0x00, 0x60,
    0x07, 0x00, 0x38, 0x01, 0xC0, 0x0E, 0x00, 0x73, 0xE3, 0xBF, 0x9F, 0xFE, 0xF8, 0x77, 0x81, 0xFC,
    0x0F, 0xC0, 0x7E, 0x03, 0xF0, 0x1F, 0xC0, 0xFE, 0x0F, 0xF8, 0x77, 0xFF, 0xBB, 0xF9, 0xC6, 0x0E,
    0x00, 0x70, 0x03, 0x80, 0x1C, 0x00, 0x00, 0x00, 0x1C, 0xE0, 0x73, 0x81, 0xCE, 0x02, 0x10, 0x00,
    0x03, 0x80, 0xE7, 0x03, 0x9C, 0x0E, 0x70, 0x70, 0xE1, 0xC3, 0x87, 0x0F, 0x38, 0x1C, 0xE0, 0x73,
    0x00, 0xFC, 0x03, 0xF0, 0x0F, 0x80, 0x1E, 0x00, 0x78, 0x01, 0xC0, 0x07, 0x00, 0x38, 0x03, 0xE0,
    0x1F, 0x00, 0x30, 0x00, 0x07, 0xF0, 0x03, 0xF8, 0x00, 0x00, 0x00, 0x00, 0x00, 0x1C, 0x00, 0x0E,
    0x00, 0x0F, 0x80, 0x07, 0xC0, 0x07, 0x70, 0x03, 0xB8, 0x01, 0xDC, 0x01, 0xC7, 0x00, 0xE3, 0x80,
    0x71, 0xC0, 0x70, 0x70, 0x38, 0x38, 0x1F, 0xFC, 0x1F, 0xFF, 0x0E, 0x03, 0x8F, 0x01, 0xE7, 0x00,
    0x73, 0x80, 0x3B, 0xC0, 0x0E, 0x3F, 0x87, 0xF0, 0x00, 0x00, 0x01, 0xF8, 0xFF, 0x9F, 0xFF, 0x07,
    0x20, 0xE0, 0x1C, 0xFF, 0xBF, 0xFF, 0x8F, 0xC1, 0xF8, 0x3F, 0x0F, 0xFF, 0xEF, 0xFC, 0x70, 0x00,
    0x06, 0x30, 0x03, 0xB8, 0x01, 0xFC, 0x00, 0x38, 0x00, 0x00, 0x00, 0x0E, 0x00, 0x07, 0x00, 0x07,
    0xC0, 0x03, 0xE0, 0x03, 0xB8, 0x01, 0xDC, 0x00, 0xEE, 0x00, 0xE3, 0x80, 0x71, 0xC0, 0x38, 0xE0,
    0x38, 0x38, 0x1C, 0x1C, 0x0F, 0xFE, 0x0F, 0xFF, 0x87, 0x01, 0xC7, 0x80, 0xF3, 0x80, 0x39, 0xC0,
    0x1D, 0xE0, 0x07, 0x31, 0xC7, 0x30, 0x7E, 0x07, 0x80, 0x00, 0x3F, 0x1F, 0xF3, 0xFF, 0xE0, 0xE4,
    0x1C, 0x03, 0x9F, 0xF7, 0xFF, 0xF1, 0xF8, 0x3F, 0x07, 0xE1, 0xFF, 0xFD, 0xFF, 0x8E, 0x00, 0x01,
    0xC0, 0x00, 0x70, 0x00, 0x3E, 0x00, 0x0F, 0x80, 0x07, 0x70, 0x01, 0xDC, 0x00, 0x77, 0x00, 0x38,
    0xE0, 0x0E, 0x38, 0x03, 0x8E, 0x01, 0xC1, 0xC0, 0x70, 0x70, 0x1F, 0xFC, 0x0F, 0xFF, 0x83, 0x80,
    0xE1, 0xE0, 0x3C, 0x70, 0x07, 0x1C, 0x01, 0xCF, 0x00, 0x38, 0x00, 0x1C, 0x00, 0x0E, 0x00, 0x03,
    0x80, 0x00, 0xF8, 0x00, 0x3E, 0x00, 0x03, 0x00, 0x1F, 0x87, 0xFC, 0x7F, 0xEE, 0x0E, 0x20, 0xE0,
    0x0E, 0x3F, 0xE7, 0xFE, 0xF8, 0xEE, 0x0E, 0xE0, 0xEE, 0x1E, 0xFF, 0xE7, 0xFE, 0x1D, 0xE0, 0x1C,
    0x03, 0x80, 0x1F, 0x01, 0xF0, 0x04, 0x00, 0x70, 0x00, 0xE0, 0x00, 0xE0, 0x01, 0xC0, 0x00, 0x00,
    0x03, 0xE0, 0x0F, 0xF8, 0x1F, 0xFC, 0x3C, 0x1E, 0x78, 0x0F, 0x70, 0x07, 0xF0, 0x07, 0xE0, 0x00,
    0xE0, 0x00, 0xE0, 0x00, 0xE0, 0x00, 0xE0, 0x00, 0xE0, 0x00, 0x70, 0x07, 0x70, 0x07, 0x78, 0x0F,
    0x3E, 0x3E, 0x1F, 0xFC, 0x0F, 0xF8, 0x01, 0xC0, 0x01, 0xC0, 0x38, 0x03, 0x00, 0x70, 0x00, 0x00,
    0xF8, 0x3F, 0xE7, 0xFE, 0x70, 0x7E, 0x07, 0xE0, 0x0E, 0x00, 0xE0, 0x0E, 0x00, 0xE0, 0x0F, 0x07,
    0x78, 0xF3, 0xFE, 0x1F, 0xC0, 0x70, 0x01, 0xC0, 0x03, 0xE0, 0x07, 0x70, 0x0E, 0x30, 0x00, 0x00,
    0x03, 0xE0, 0x0F, 0xF8, 0x1F, 0xFC, 0x3C, 0x1E, 0x78, 0x0F, 0x70, 0x07, 0xF0, 0x07, 0xE0, 0x00,
    0xE0, 0x00, 0xE0, 0x00, 0xE0, 0x00, 0xE0, 0x00, 0xE0, 0x00, 0x70, 0x07, 0x70, 0x07, 0x78, 0x0F,
    0x3E, 0x3E, 0x1F, 0xFC, 0x0F, 0xF8, 0x01, 0xC0, 0x07, 0x00, 0xF8, 0x1D, 0xC3, 0x8C, 0x00, 0x00,
    0xF8, 0x3F, 0xE7, 0xFE, 0x70, 0x7E, 0x07, 0xE0, 0x0E, 0x00, 0xE0, 0x0E, 0x00, 0xE0, 0x0F, 0x07,
    0x78, 0xF3, 0xFE, 0x1F, 0xC0, 0x70, 0x01, 0xC0, 0x01, 0xC0, 0x01, 0xC0, 0x00, 0x80, 0x00, 0x00,
    0x03, 0xE0, 0x0F, 0xF8, 0x1F, 0xFC, 0x3C, 0x1E, 0x78, 0x0F, 0x70, 0x07, 0xF0, 0x07, 0xE0, 0x00,
    0xE0, 0x00, 0xE0, 0x00, 0xE0, 0x00, 0xE0, 0x00, 0xE0, 0x00, 0x70, 0x07, 0x70, 0x07, 0x78, 0x0F,
    0x3E, 0x3E, 0x1F, 0xFC, 0x0F, 0xF8, 0x01, 0xC0, 0x07, 0x00, 0x70, 0x07, 0x00, 0x20, 0x00, 0x00,
    0xF8, 0x3F, 0xE7, 0xFE, 0x70, 0x7E, 0x07, 0xE0, 0x0E, 0x00, 0xE0, 0x0E, 0x00, 0xE0, 0x0F, 0x07,
    0x78, 0xF3, 0xFE, 0x1F, 0xC0, 0x70, 0x0E, 0x30, 0x07, 0x70, 0x03, 0xE0, 0x01, 0xC0, 0x00, 0x00,
    0x03, 0xE0, 0x0F, 0xF8, 0x1F, 0xFC, 0x3C, 0x1E, 0x78, 0x0F, 0x70, 0x07, 0xF0, 0x07, 0xE0, 0x00,
    0xE0, 0x00, 0xE0, 0x00, 0xE0, 0x00, 0xE0, 0x00, 0xE0, 0x00, 0x70, 0x07, 0x70, 0x07, 0x78, 0x0F,
    0x3E, 0x3E, 0x1F, 0xFC, 0x0F, 0xF8, 0x01, 0xC0, 0x39, 0xC1, 0xDC, 0x0F, 0x80, 0x70, 0x00, 0x00,
    0xF8, 0x3F, 0xE7, 0xFE, 0x70, 0x7E, 0x07, 0xE0, 0x0E, 0x00, 0xE0, 0x0E, 0x00, 0xE0, 0x0F, 0x07,
    0x78, 0xF3, 0xFE, 0x1F, 0xC0, 0x70, 0x73, 0x80, 0x77, 0x00, 0x7C, 0x00, 0x70, 0x00, 0x00, 0x1F,
    0xC0, 0x3F, 0xF8, 0x7F, 0xF8, 0xE0, 0xF9, 0xC0, 0x7B, 0x80, 0x77, 0x00, 0xEE, 0x00, 0xFC, 0x01,
    0xF8, 0x03, 0xF0, 0x07, 0xE0, 0x0F, 0xC0, 0x1F, 0x80, 0x77, 0x00, 0xEE, 0x03, 0x9C, 0x3F, 0x3F,
    0xFC, 0x7F, 0xE0, 0x00, 0x00, 0x00, 0x19, 0x80, 0x0E, 0xC0, 0x07, 0x60, 0x03, 0xB0, 0x01, 0xD8,
    0x7C, 0xE0, 0x7F, 0x70, 0x7F, 0xF8, 0x38, 0x7C, 0x38, 0x1E, 0x1C, 0x07, 0x0E, 0x03, 0x87, 0x01,
    0xC3, 0x80, 0xE1, 0xC0, 0xF0, 0xF0, 0x78, 0x3C, 0x7C, 0x1F, 0xFE, 0x07, 0xF7, 0x00, 0x60, 0x00,
    0x1F, 0xC0, 0x1F, 0xFC, 0x0F, 0xFF, 0x07, 0x07, 0xC3, 0x80, 0xF1, 0xC0, 0x38, 0xE0, 0x0E, 0x70,
    0x07, 0x38, 0x03, 0xFF, 0xE1, 0xFF, 0xF0, 0xE7, 0x00, 0x73, 0x80, 0x39, 0xC0, 0x1C, 0xE0, 0x1C,
    0x70, 0x1E, 0x38, 0x7E, 0x1F, 0xFE, 0x0F, 0xFE, 0x00, 0x00, 0x30, 0x00, 0x70, 0x0F, 0xF0, 0x1F,
    0xE0, 0x03, 0x83, 0xE7, 0x0F, 0xEE, 0x3F, 0xFC, 0x70, 0xF9, 0xC0, 0xF3, 0x80, 0xE7, 0x01, 0xCE,
    0x03, 0x9C, 0x07, 0x38, 0x1E, 0x78, 0x3C, 0x78, 0xF8, 0xFF, 0xF0, 0xFE, 0xE0, 0x30, 0x00, 0x3F,
    0xC3, 0xFC, 0x00, 0x00, 0x00, 0xFF, 0xEF, 0xFF, 0xFF, 0xFE, 0x00, 0xE0, 0x0E, 0x00, 0xE0, 0x0E,
    0x00, 0xFF, 0xEF, 0xFE, 0xFF, 0xEE, 0x00, 0xE0, 0x0E, 0x00, 0xE0, 0x0E, 0x00, 0xE0, 0x0F, 0xFF,
    0xFF, 0xF0, 0x3F, 0xC1, 0xFE, 0x00, 0x00, 0x00, 0x00, 0xF8, 0x1F, 0xE1, 0xFF, 0x8E, 0x0E, 0xE0,
    0x77, 0x01, 0xBF, 0xFF, 0xFF, 0xFE, 0x00, 0x70, 0x03, 0x81, 0xCF, 0x1E, 0x3F, 0xE0, 0xFE, 0x01,
    0xC0, 0x31, 0xC3, 0x98, 0x1F, 0x80, 0xF0, 0x00, 0x0F, 0xFE, 0xFF, 0xFF, 0xFF, 0xE0, 0x0E, 0x00,
    0xE0, 0x0E, 0x00, 0xE0, 0x0F, 0xFE, 0xFF, 0xEF, 0xFE, 0xE0, 0x0E, 0x00, 0xE0, 0x0E, 0x00, 0xE0,
    0x0E, 0x00, 0xFF, 0xFF, 0xFF, 0x38, 0xC0, 0xCE, 0x07, 0xE0, 0x1E, 0x00, 0x00, 0x07, 0xC0, 0xFF,
    0x0F, 0xFC, 0x70, 0x77, 0x03, 0xB8, 0x0D, 0xFF, 0xFF, 0xFF, 0xF0, 0x03, 0x80, 0x1C, 0x0E, 0x78,
    0xF1, 0xFF, 0x07, 0xF0, 0x0E, 0x00, 0x0E, 0x00, 0xF0, 0x0E, 0x00, 0x40, 0x00, 0x0F, 0xFE, 0xFF,
    0xFF, 0xFF, 0xE0, 0x0E, 0x00, 0xE0, 0x0E, 0x00, 0xE0, 0x0F, 0xFE, 0xFF, 0xEF, 0xFE, 0xE0, 0x0E,
    0x00, 0xE0, 0x0E, 0x00, 0xE0, 0x0E, 0x00, 0xFF, 0xFF, 0xFF, 0x07, 0x00, 0x78, 0x01, 0xC0, 0x04,
    0x00, 0x00, 0x07, 0xC0, 0xFF, 0x0F, 0xFC, 0x70, 0x77, 0x03, 0xB8, 0x0D, 0xFF, 0xFF, 0xFF, 0xF0,
    0x03, 0x80, 0x1C, 0x0E, 0x78, 0xF1, 0xFF, 0x07, 0xF0, 0x0E, 0x00, 0xFF, 0xE7, 0xFF, 0xBF, 0xFD,
    0xC0, 0x0E, 0x00, 0x70, 0x03, 0x80, 0x1C, 0x00, 0xFF, 0xE7, 0xFF, 0x3F, 0xF9, 0xC0, 0x0E, 0x00,
    0x70, 0x03, 0x80, 0x1C, 0x00, 0xE0, 0x07, 0xFF, 0xBF, 0xFC, 0x01, 0xC0, 0x1C, 0x00, 0xE0, 0x07,
    0xC0, 0x3E, 0x00, 0x60, 0x0F, 0x81, 0xFE, 0x1F, 0xF8, 0xE0, 0xEE, 0x07, 0x70, 0x1B, 0xFF, 0xFF,
    0xFF, 0xE0, 0x07, 0x00, 0x38, 0x1C, 0xF1, 0xE3, 0xFF, 0x0F, 0xF0, 0x1F, 0x00, 0x38, 0x03, 0x80,
    0x1F, 0x80, 0x7C, 0x01, 0xC0, 0x39, 0xC3, 0xF8, 0x1F, 0x00, 0xE0, 0x00, 0x0F, 0xFE, 0xFF, 0xFF,
    0xFF, 0xE0, 0x0E, 0x00, 0xE0, 0x0E, 0x00, 0xE0, 0x0F, 0xFE, 0xFF, 0xEF, 0xFE, 0xE0, 0x0E, 0x00,
    0xE0, 0x0E, 0x00, 0xE0, 0x0E, 0x00, 0xFF, 0xFF, 0xFF, 0x39, 0xC0, 0xFC, 0x03, 0xE0, 0x0E, 0x00,
    0x00, 0x07, 0xC0, 0xFF, 0x0F, 0xFC, 0x70, 0x77, 0x03, 0xB8, 0x0D, 0xFF, 0xFF, 0xFF, 0xF0, 0x03,
    0x80, 0x1C, 0x0E, 0x78, 0xF1, 0xFF, 0x07, 0xF0, 0x0E, 0x00, 0x01, 0xC0, 0x01, 0xF0, 0x01, 0xDC,
    0x01, 0xC6, 0x00, 0x00, 0x00, 0x1F, 0x00, 0x3F, 0xE0, 0x3F, 0xF8, 0x3C, 0x1E, 0x3C, 0x07, 0x9C,
    0x01, 0xDE, 0x00, 0xEE, 0x00, 0x07, 0x00, 0x03, 0x80, 0xFD, 0xC0, 0xFE, 0xE0, 0x7F, 0x70, 0x03,
    0x9C, 0x01, 0xCE, 0x00, 0xE7, 0x80, 0xF1, 0xF1, 0xF0, 0x7F, 0xF0, 0x1F, 0xF0, 0x01, 0xC0, 0x00,
    0x0F, 0x00, 0x7C, 0x07, 0x70, 0x71, 0x80, 0x00, 0x0F, 0x98, 0xFF, 0xEF, 0xFF, 0x70, 0x7F, 0x03,
    0xF8, 0x0F, 0xC0, 0x7E, 0x03, 0xF0, 0x1F, 0x81, 0xFE, 0x0F, 0x7D, 0xF9, 0xFF, 0xC7, 0xEE, 0x00,
    0x72, 0x07, 0x38, 0x39, 0xFF, 0xC7, 0xFC, 0x0F, 0x00, 0x06, 0x30, 0x03, 0xB8, 0x01, 0xFC, 0x00,
    0x38, 0x00, 0x00, 0x00, 0x1F, 0x00, 0x3F, 0xE0, 0x3F, 0xF8, 0x3C, 0x1E, 0x3C, 0x07, 0x9C, 0x01,
    0xDE, 0x00, 0xEE, 0x00, 0x07, 0x00, 0x03, 0x80, 0xFD, 0xC0, 0xFE, 0xE0, 0x7F, 0x70, 0x03, 0x9C,
    0x01, 0xCE, 0x00, 0xE7, 0x80, 0xF1, 0xF1, 0xF0, 0x7F, 0xF0, 0x1F, 0xF0, 0x01, 0xC0, 0x00, 0x38,
    0xC0, 0xCE, 0x07, 0xE0, 0x1E, 0x00, 0x00, 0x0F, 0x98, 0xFF, 0xEF, 0xFF, 0x70, 0x7F, 0x03, 0xF8,
    0x0F, 0xC0, 0x7E, 0x03, 0xF0, 0x1F, 0x81, 0xFE, 0x0F, 0x7D, 0xF9, 0xFF, 0xC7, 0xEE, 0x00, 0x72,
    0x07, 0x38, 0x39, 0xFF, 0xC7, 0xFC, 0x0F, 0x00, 0x01, 0xC0, 0x00, 0xE0, 0x00, 0x70, 0x00, 0x10,
    0x00, 0x00, 0x00, 0x1F, 0x00, 0x3F, 0xE0, 0x3F, 0xF8, 0x3C, 0x1E, 0x3C, 0x07, 0x9C, 0x01, 0xDE,
    0x00, 0xEE, 0x00, 0x07, 0x00, 0x03, 0x80, 0xFD, 0xC0, 0xFE, 0xE0, 0x7F, 0x70, 0x03, 0x9C, 0x01,
    0xCE, 0x00, 0xE7, 0x80, 0xF1, 0xF1, 0xF0, 0x7F, 0xF0, 0x1F, 0xF0, 0x01, 0xC0, 0x00, 0x07, 0x00,
    0x78, 0x01, 0xC0, 0x04, 0x00, 0x00, 0x0F, 0x98, 0xFF, 0xEF, 0xFF, 0x70, 0x7F, 0x03, 0xF8, 0x0F,
    0xC0, 0x7E, 0x03, 0xF0, 0x1F, 0x81, 0xFE, 0x0F, 0x7D, 0xF9, 0xFF, 0xC7, 0xEE, 0x00, 0x72, 0x07,
    0x38, 0x39, 0xFF, 0xC7, 0xFC, 0x0F, 0x00, 0x03, 0xE0, 0x07, 0xFC, 0x07, 0xFF, 0x07, 0x83, 0xC7,
    0x80, 0xF3, 0x80, 0x3B, 0xC0, 0x1D, 0xC0, 0x00, 0xE0, 0x00, 0x70, 0x1F, 0xB8, 0x1F, 0xDC, 0x0F,
    0xEE, 0x00, 0x73, 0x80, 0x39, 0xC0, 0x1C, 0xF0, 0x1E, 0x3E, 0x3E, 0x0F, 0xFE, 0x03, 0xFE, 0x00,
    0x38, 0x00, 0x1C, 0x00, 0x0E, 0x00, 0x0E, 0x00, 0x07, 0x00, 0x03, 0x80, 0x00, 0x00, 0x00, 0x00,
    0x00, 0x18, 0x01, 0xC0, 0x0E, 0x00, 0x70, 0x03, 0x80, 0x00, 0x03, 0xE6, 0x3F, 0xFB, 0xFF, 0xDC,
    0x1F, 0xC0, 0xFE, 0x03, 0xF0, 0x1F, 0x80, 0xFC, 0x07, 0xE0, 0x7F, 0x83, 0xDF, 0x7E, 0x7F, 0xF1,
    0xFB, 0x80, 0x1C, 0x81, 0xCE, 0x0E, 0x7F, 0xF1, 0xFF, 0x03, 0xC0, 0x07, 0x80, 0x1F, 0x80, 0x3B,
    0x80, 0xE7, 0x00, 0x00, 0x18, 0x01, 0xB8, 0x03, 0xF0, 0x07, 0xE0, 0x0F, 0xC0, 0x1F, 0x80, 0x3F,
    0x00, 0x7E, 0x00, 0xFF, 0xFF, 0xFF, 0xFF, 0xFF, 0xFF, 0xE0, 0x0F, 0xC0, 0x1F, 0x80, 0x3F, 0x00,
    0x7E, 0x00, 0xFC, 0x01, 0xF8, 0x03, 0xF0, 0x07, 0x3C, 0x01, 0xF8, 0x0E, 0xE0, 0x39, 0xC0, 0x00,
    0x00, 0x60, 0x03, 0x80, 0x0E, 0x00, 0x38, 0x00, 0xE0, 0x03, 0x9E, 0x0F, 0xFE, 0x3F, 0xF8, 0xF0,
    0xF3, 0xC1, 0xCE, 0x07, 0x38, 0x1C, 0xE0, 0x73, 0x81, 0xCE, 0x07, 0x38, 0x1C, 0xE0, 0x73, 0x81,
    0xCE, 0x07, 0x30, 0x03, 0x1C, 0x01, 0xC7, 0x00, 0x71, 0xC0, 0x1C, 0xFF, 0xFF, 0xBF, 0xFF, 0xEF,
    0xFF, 0xF9, 0xC0, 0x1C, 0x7F, 0xFF, 0x1F, 0xFF, 0xC7, 0xFF, 0xF1, 0xC0, 0x1C, 0x70, 0x07, 0x1C,
    0x01, 0xC7, 0x00, 0x71, 0xC0, 0x1C, 0x70, 0x07, 0x1C, 0x01, 0xC7, 0x00, 0x70, 0x30, 0x03, 0x80,
    0x3F, 0xC1, 0xFE, 0x07, 0x00, 0x39, 0xE1, 0xFF, 0xCF, 0xFE, 0x78, 0x7B, 0xC1, 0xDC, 0x0E, 0xE0,
    0x77, 0x03, 0xB8, 0x1D, 0xC0, 0xEE, 0x07, 0x70, 0x3B, 0x81, 0xDC, 0x0E, 0x33, 0x7F, 0xFF, 0x00,
    0x00, 0x18, 0x1C, 0x1C, 0x1C, 0x1C, 0x1C, 0x1C, 0x1C, 0x1C, 0x1C, 0x1C, 0x1C, 0x1C, 0x1C, 0x1C,
    0x1C, 0x1C, 0x1C, 0x1C, 0x73, 0xFF, 0xFE, 0x00, 0x00, 0x18, 0x38, 0x38, 0x38, 0x38, 0x38, 0x38,
    0x38, 0x38, 0x38, 0x38, 0x38, 0x38, 0x38, 0xFF, 0x7F, 0x00, 0x00, 0x18, 0x1C, 0x1C, 0x1C, 0x1C,
    0x1C, 0x1C, 0x1C, 0x1C, 0x1C, 0x1C, 0x1C, 0x1C, 0x1C, 0x1C, 0x1C, 0x1C, 0x1C, 0x1C, 0xFF, 0xFF,
    0x00, 0x00, 0x18, 0x38, 0x38, 0x38, 0x38, 0x38, 0x38, 0x38, 0x38, 0x38, 0x38, 0x38, 0x38, 0x38,
    0xE3, 0x67, 0x7E, 0x3C, 0x00, 0x18, 0x1C, 0x1C, 0x1C, 0x1C, 0x1C, 0x1C, 0x1C, 0x1C, 0x1C, 0x1C,
    0x1C, 0x1C, 0x1C, 0x1C, 0x1C, 0x1C, 0x1C, 0x1C, 0xC7, 0xE7, 0x7E, 0x3C, 0x00, 0x18, 0x38, 0x38,
    0x38, 0x38, 0x38, 0x38, 0x38, 0x38, 0x38, 0x38, 0x38, 0x38, 0x38, 0x30, 0xE3, 0x8E, 0x38, 0xE3,
    0x8E, 0x38, 0xE3, 0x8E, 0x38, 0xE3, 0x8E, 0x38, 0xE3, 0x9C, 0xE3, 0x8F, 0xBE, 0x30, 0x18, 0xF3,
    0xC4, 0x00, 0x63, 0x8E, 0x38, 0xE3, 0x8E, 0x38, 0xE3, 0x8E, 0x38, 0xE3, 0x8E, 0x71, 0x87, 0xDF,
    0x18, 0x7F, 0x72, 0x06, 0x77, 0x77, 0x77, 0x77, 0x77, 0x77, 0x77, 0x77, 0x77, 0x6E, 0xEE, 0xEE,
    0xEE, 0xEE, 0xEE, 0xEE, 0xC0, 0x03, 0x70, 0x01, 0xF8, 0x00, 0xFC, 0x00, 0x7E, 0x00, 0x3F, 0x00,
    0x1F, 0x80, 0x0F, 0xC0, 0x07, 0xE0, 0x03, 0xF0, 0x01, 0xF8, 0x00, 0xFC, 0x00, 0x7E, 0x30, 0x3F,
    0x38, 0x1F, 0x9C, 0x0F, 0xCF, 0x0F, 0xE3, 0xC7, 0x71, 0xFF, 0xB8, 0x7F, 0x80, 0x06, 0x00, 0x63,
    0xBC, 0xFF, 0x39, 0x04, 0x00, 0x18, 0xEE, 0x3B, 0x8E, 0xE3, 0xB8, 0xEE, 0x3B, 0x8E, 0xE3, 0xB8,
    0xEE, 0x3B, 0x8E, 0xE3, 0xB8, 0xEE, 0x38, 0x0E, 0x03, 0x80, 0xE0, 0xF8, 0x3C, 0x00, 0x00, 0x00,
    0xF0, 0x07, 0xE0, 0x3B, 0x80, 0xE7, 0x00, 0x00, 0x01, 0x80, 0x0E, 0x00, 0x38, 0x00, 0xE0, 0x03,
    0x80, 0x0E, 0x00, 0x38, 0x00, 0xE0, 0x03, 0x80, 0x0E, 0x00, 0x38, 0x00, 0xE3, 0x03, 0x8E, 0x0E,
    0x38, 0x38, 0xE0, 0xE3, 0xC7, 0x87, 0xFC, 0x0F, 0xE0, 0x0E, 0x00, 0x3C, 0x7E, 0xEE, 0xE7, 0x00,
    0x18, 0x38, 0x38, 0x38, 0x38, 0x38, 0x38, 0x38, 0x38, 0x38, 0x38, 0x38, 0x38, 0x38, 0x38, 0x38,
    0x38, 0xF8, 0xF0, 0x00, 0xC0, 0x1F, 0x80, 0xFE, 0x07, 0xB8, 0x3C, 0xE1, 0xE3, 0x8F, 0x0E, 0x78,
    0x3B, 0xC0, 0xFE, 0x03, 0xFC, 0x0F, 0xF0, 0x3D, 0xE0, 0xE3, 0xC3, 0x87, 0x0E, 0x0E, 0x38, 0x3C,
    0xE0, 0x7B, 0x80, 0xEE, 0x03, 0xC0, 0x00, 0x07, 0x00, 0x1C, 0x00, 0x60, 0x03, 0x80, 0x0E, 0x00,
    0x00, 0x00, 0x60, 0x07, 0x00, 0x38, 0x01, 0xC0, 0x0E, 0x00, 0x70, 0x3B, 0x83, 0x9C, 0x38, 0xE3,
    0x87, 0x38, 0x3B, 0x81, 0xFC, 0x0F, 0xF0, 0x7B, 0x83, 0x9E, 0x1C, 0x78, 0xE1, 0xE7, 0x07, 0x38,
    0x1C, 0x00, 0x00, 0x60, 0x07, 0x00, 0x38, 0x01, 0x80, 0x0C, 0x00, 0x00, 0x00, 0x60, 0x7E, 0x0E,
    0xE1, 0xCE, 0x3C, 0xE7, 0x8E, 0xF0, 0xFE, 0x0F, 0xC0, 0xEE, 0x0E, 0x70, 0xE7, 0x8E, 0x3C, 0xE1,
    0xEE, 0x0F, 0x78, 0x0E, 0x01, 0x80, 0x70, 0x00, 0x01, 0x80, 0x38, 0x07, 0x00, 0xE0, 0x1C, 0x03,
    0x80, 0x70, 0x0E, 0x01, 0xC0, 0x38, 0x07, 0x00, 0xE0, 0x1C, 0x03, 0x80, 0x70, 0x0E, 0x01, 0xC0,
    0x3F, 0xFF, 0xFF, 0x38, 0xE7, 0x18, 0x01, 0x8E, 0x38, 0xE3, 0x8E, 0x38, 0xE3, 0x8E, 0x38, 0xE3,
    0x8E, 0x38, 0xE3, 0x8E, 0x38, 0xC0, 0x1C, 0x03, 0x80, 0x70, 0x0E, 0x01, 0xC0, 0x38, 0x07, 0x00,
    0xE0, 0x1C, 0x03, 0x80, 0x70, 0x0E, 0x01, 0xC0, 0x38, 0x07, 0x00, 0xE0, 0x1F, 0xFF, 0xFF, 0x80,
    0x00, 0xE0, 0x1C, 0x07, 0x00, 0xE0, 0x1C, 0x00, 0x00, 0x33, 0x9C, 0xE7, 0x39, 0xCE, 0x73, 0x9C,
    0xE7, 0x39, 0xCE, 0x73, 0x9C, 0x07, 0x39, 0xCC, 0x60, 0x00, 0x00, 0x18, 0xE3, 0x9C, 0x73, 0x8E,
    0x71, 0xCC, 0x38, 0x07, 0x00, 0xE0, 0x1C, 0x03, 0x80, 0x70, 0x0E, 0x01, 0xC0, 0x38, 0x07, 0x00,
    0xE0, 0x1C, 0x03, 0xFF, 0xFF, 0xF0, 0x00, 0xDF, 0xBF, 0x7E, 0xFD, 0xF8, 0x70, 0xE1, 0xC3, 0x87,
    0x0E, 0x1C, 0x38, 0x70, 0xE1, 0xC3, 0x87, 0x00, 0xC0, 0x1C, 0x03, 0x80, 0x70, 0x0E, 0x01, 0xC0,
    0x38, 0x07, 0x38, 0xE7, 0x1C, 0xE3, 0x88, 0x70, 0x0E, 0x01, 0xC0, 0x38, 0x07, 0x00, 0xE0, 0x1F,
    0xFF, 0xFF, 0x80, 0x60, 0xE0, 0xE0, 0xE0, 0xE0, 0xE0, 0xE0, 0xE0, 0xE7, 0xEF, 0xEF, 0xE0, 0xE0,
    0xE0, 0xE0, 0xE0, 0xE0, 0xE0, 0xE0, 0x18, 0x00, 0xF0, 0x03, 0xC0, 0x0F, 0x00, 0x3C, 0x00, 0xF3,
    0x03, 0xFC, 0x0F, 0xF0, 0x3F, 0x01, 0xF8, 0x0F, 0xC0, 0x3F, 0x00, 0xBC, 0x00, 0xF0, 0x03, 0xC0,
    0x0F, 0x00, 0x3C, 0x00, 0xFF, 0xF3, 0xFF, 0xC0, 0x18, 0x38, 0x38, 0x38, 0x38, 0x3A, 0x3E, 0x3E,
    0x7C, 0xF8, 0xF8, 0x38, 0x38, 0x38, 0x38, 0x38, 0x38, 0x38, 0x38, 0x01, 0xE0, 0x03, 0x80, 0x06,
    0x00, 0x1C, 0x00, 0x00, 0x1C, 0x01, 0xBC, 0x03, 0xF8, 0x07, 0xF8, 0x0F, 0xF8, 0x1F, 0xF0, 0x3F,
    0xF0, 0x7E, 0xE0, 0xFC, 0xE1, 0xF9, 0xE3, 0xF1, 0xC7, 0xE1, 0xCF, 0xC3, 0xDF, 0x83, 0xBF, 0x07,
    0xFE, 0x07, 0xFC, 0x07, 0xF8, 0x0F, 0xF0, 0x0F, 0x03, 0xC0, 0x38, 0x03, 0x00, 0x70, 0x00, 0x06,
    0x78, 0xFF, 0xEF, 0xFE, 0xF0, 0xFF, 0x07, 0xE0, 0x7E, 0x07, 0xE0, 0x7E, 0x07, 0xE0, 0x7E, 0x07,
    0xE0, 0x7E, 0x07, 0xE0, 0x70, 0xE0, 0x0D, 0xE0, 0x1F, 0xC0, 0x3F, 0xC0, 0x7F, 0xC0, 0xFF, 0x81,
    0xFF, 0x83, 0xF7, 0x07, 0xE7, 0x0F, 0xCF, 0x1F, 0x8E, 0x3F, 0x0E, 0x7E, 0x1E, 0xFC, 0x1D, 0xF8,
    0x3F, 0xF0, 0x3F, 0xE0, 0x3F, 0xC0, 0x7F, 0x80, 0x78, 0x00, 0x00, 0x38, 0x00, 0x60, 0x01, 0xC0,
    0x03, 0x80, 0x06, 0x00, 0x00, 0x00, 0x67, 0x8F, 0xFE, 0xFF, 0xEF, 0x0F, 0xF0, 0x7E, 0x07, 0xE0,
    0x7E, 0x07, 0xE0, 0x7E, 0x07, 0xE0, 0x7E, 0x07, 0xE0, 0x7E, 0x07, 0x00, 0x00, 0x70, 0x06, 0x00,
    0xE0, 0x0E, 0x00, 0xC0, 0x00, 0x00, 0x1C, 0xE0, 0x1F, 0xC0, 0x1F, 0x00, 0x1C, 0x00, 0x00, 0x1C,
    0x01, 0xBC, 0x03, 0xF8, 0x07, 0xF8, 0x0F, 0xF8, 0x1F, 0xF0, 0x3F, 0xF0, 0x7E, 0xE0, 0xFC, 0xE1,
    0xF9, 0xE3, 0xF1, 0xC7, 0xE1, 0xCF, 0xC3, 0xDF, 0x83, 0xBF, 0x07, 0xFE, 0x07, 0xFC, 0x07, 0xF8,
    0x0F, 0xF0, 0x0F, 0x39, 0xC1, 0xFC, 0x0F, 0x80, 0x70, 0x00, 0x06, 0x78, 0xFF, 0xEF, 0xFE, 0xF0,
    0xFF, 0x07, 0xE0, 0x7E, 0x07, 0xE0, 0x7E, 0x07, 0xE0, 0x7E, 0x07, 0xE0, 0x7E, 0x07, 0xE0, 0x70,
    0xE0, 0x0D, 0xE0, 0x1F, 0xC0, 0x3F, 0xC0, 0x7F, 0xC0, 0xFF, 0x81, 0xFF, 0x83, 0xF7, 0x07, 0xE7,
    0x0F, 0xCF, 0x1F, 0x8E, 0x3F, 0x0E, 0x7E, 0x1E, 0xFC, 0x1D, 0xF8, 0x3F, 0xF0, 0x3F, 0xE0, 0x3F,
    0xC0, 0x7F, 0x80, 0x78, 0x00, 0x70, 0x00, 0xE0, 0x01, 0xC0, 0x1F, 0x80, 0x3E, 0x00, 0x30, 0x67,
    0x8F, 0xFE, 0xFF, 0xEF, 0x0F, 0xF0, 0x7E, 0x07, 0xE0, 0x7E, 0x07, 0xE0, 0x7E, 0x07, 0xE0, 0x7E,
    0x07, 0xE0, 0x7E, 0x07, 0x00, 0x70, 0x07, 0x00, 0x70, 0x1F, 0x03, 0xE0, 0x18, 0x07, 0xF0, 0x03,
    0xF8, 0x00, 0x00, 0x00, 0x00, 0x00, 0x3E, 0x00, 0x7F, 0xC0, 0x7F, 0xF0, 0x78, 0x3C, 0x78, 0x0F,
    0x38, 0x03, 0xBC, 0x01, 0xFC, 0x00, 0x7E, 0x00, 0x3F, 0x00, 0x1F, 0x80, 0x0F, 0xC0, 0x07, 0xE0,
    0x03, 0xB8, 0x03, 0x9C, 0x01, 0xCF, 0x01, 0xE3, 0xE3, 0xE0, 0xFF, 0xE0, 0x3F, 0xE0, 0x03, 0x80,
    0x1F, 0xC0, 0xFE, 0x00, 0x00, 0x00, 0x00, 0xF8, 0x1F, 0xF1, 0xFF, 0x8E, 0x0E, 0xE0, 0x77, 0x01,
    0xF8, 0x0F, 0xC0, 0x7E, 0x03, 0xF0, 0x1F, 0xC1, 0xCF, 0x1E, 0x3F, 0xE0, 0xFE, 0x01, 0xC0, 0x06,
    0x30, 0x03, 0xB8, 0x01, 0xFC, 0x00, 0x38, 0x00, 0x00, 0x00, 0x1F, 0x00, 0x3F, 0xE0, 0x3F, 0xF8,
    0x3C, 0x1E, 0x3C, 0x07, 0x9C, 0x01, 0xDE, 0x00, 0xFE, 0x00, 0x3F, 0x00, 0x1F, 0x80, 0x0F, 0xC0,
    0x07, 0xE0, 0x03, 0xF0, 0x01, 0xDC, 0x01, 0xCE, 0x00, 0xE7, 0x80, 0xF1, 0xF1, 0xF0, 0x7F, 0xF0,
    0x1F, 0xF0, 0x01, 0xC0, 0x00, 0x38, 0xC0, 0xEE, 0x07, 0xE0, 0x1E, 0x00, 0x00, 0x07, 0xC0, 0xFF,
    0x8F, 0xFC, 0x70, 0x77, 0x03, 0xB8, 0x0F, 0xC0, 0x7E, 0x03, 0xF0, 0x1F, 0x80, 0xFE, 0x0E, 0x78,
    0xF1, 0xFF, 0x07, 0xF0, 0x0E, 0x00, 0x03, 0xB8, 0x03, 0x9C, 0x01, 0xDC, 0x00, 0xCC, 0x00, 0x00,
    0x00, 0x1F, 0x00, 0x3F, 0xE0, 0x3F, 0xF8, 0x3C, 0x1E, 0x3C, 0x07, 0x9C, 0x01, 0xDE, 0x00, 0xFE,
    0x00, 0x3F, 0x00, 0x1F, 0x80, 0x0F, 0xC0, 0x07, 0xE0, 0x03, 0xF0, 0x01, 0xDC, 0x01, 0xCE, 0x00,
    0xE7, 0x80, 0xF1, 0xF1, 0xF0, 0x7F, 0xF0, 0x1F, 0xF0, 0x01, 0xC0, 0x00, 0x1E, 0xE0, 0xEE, 0x07,
    0x70, 0x77, 0x00, 0x00, 0x07, 0xC0, 0xFF, 0x8F, 0xFC, 0x70, 0x77, 0x03, 0xB8, 0x0F, 0xC0, 0x7E,
    0x03, 0xF0, 0x1F, 0x80, 0xFE, 0x0E, 0x78, 0xF1, 0xFF, 0x07, 0xF0, 0x0E, 0x00, 0x00, 0xFF, 0xFC,
    0x1F, 0xFF, 0xFC, 0x7F, 0xFF, 0xF9, 0xF0, 0xE0, 0x07, 0x81, 0xC0, 0x0E, 0x03, 0x80, 0x1C, 0x07,
    0x00, 0x70, 0x0E, 0x00, 0xE0, 0x1F, 0xFD, 0xC0, 0x3F, 0xFB, 0x80, 0x7F, 0xF7, 0x00, 0xE0, 0x0E,
    0x01, 0xC0, 0x0E, 0x03, 0x80, 0x1C, 0x07, 0x00, 0x1C, 0x0E, 0x00, 0x3F, 0x1C, 0x00, 0x3F, 0xFF,
    0xFC, 0x1F, 0xFF, 0xF8, 0x0F, 0x83, 0xE0, 0x7F, 0xDF, 0xF1, 0xFF, 0xFF, 0xF3, 0x83, 0xE0, 0xEE,
    0x07, 0x81, 0xFC, 0x07, 0x01, 0xF8, 0x0F, 0xFF, 0xF0, 0x1F, 0xFF, 0xE0, 0x38, 0x01, 0xC0, 0x70,
    0x03, 0xC1, 0xF0, 0x33, 0xC7, 0xF0, 0xE3, 0xFE, 0xFF, 0xC3, 0xF8, 0xFF, 0x01, 0xC0, 0x70, 0x00,
    0x03, 0x80, 0x0E, 0x00, 0x70, 0x01, 0x80, 0x00, 0x03, 0xF8, 0x0F, 0xFE, 0x3F, 0xFC, 0xE0, 0xF3,
    0x80, 0xEE, 0x03, 0xB8, 0x0E, 0xE0, 0x3B, 0x81, 0xEF, 0xFF, 0x3F, 0xF8, 0xFF, 0xC3, 0x87, 0x0E,
    0x1E, 0x38, 0x38, 0xE0, 0xF3, 0x81, 0xCE, 0x07, 0xB8, 0x0E, 0x0E, 0x0E, 0x1C, 0x18, 0x00, 0x6F,
    0xFF, 0xFF, 0xF0, 0xF0, 0xE0, 0xE0, 0xE0, 0xE0, 0xE0, 0xE0, 0xE0, 0xE0, 0xE0, 0xFE, 0x03, 0xFF,
    0x8F, 0xFF, 0x38, 0x3C, 0xE0, 0x3B, 0x80, 0xEE, 0x03, 0xB8, 0x0E, 0xE0, 0x7B, 0xFF, 0xCF, 0xFE,
    0x3F, 0xF0, 0xE1, 0xC3, 0x87, 0x8E, 0x0E, 0x38, 0x3C, 0xE0, 0x73, 0x81, 0xEE, 0x03, 0x80, 0x00,
    0x06, 0x00, 0x38, 0x00, 0xE0, 0x03, 0x80, 0x0C, 0x00, 0x00, 0x00, 0x37, 0xBF, 0xDF, 0xEF, 0x07,
    0x83, 0x81, 0xC0, 0xE0, 0x70, 0x38, 0x1C, 0x0E, 0x07, 0x03, 0x80, 0x00, 0xE0, 0x70, 0x38, 0x18,
    0x0C, 0x00, 0x00, 0x39, 0xC0, 0x7E, 0x01, 0xF0, 0x03, 0x80, 0x00, 0x03, 0xF8, 0x0F, 0xFE, 0x3F,
    0xFC, 0xE0, 0xF3, 0x80, 0xEE, 0x03, 0xB8, 0x0E, 0xE0, 0x3B, 0x81, 0xEF, 0xFF, 0x3F, 0xF8, 0xFF,
    0xC3, 0x87, 0x0E, 0x1E, 0x38, 0x38, 0xE0, 0xF3, 0x81, 0xCE, 0x07, 0xB8, 0x0E, 0xE7, 0x7E, 0x3C,
    0x3C, 0x00, 0x6F, 0xFF, 0xFF, 0xF0, 0xF0, 0xE0, 0xE0, 0xE0, 0xE0, 0xE0, 0xE0, 0xE0, 0xE0, 0xE0,
    0x01, 0xC0, 0x07, 0x00, 0x38, 0x00, 0xC0, 0x00, 0x00, 0x1E, 0x01, 0xFE, 0x0F, 0xFC, 0x78, 0x79,
    0xC0, 0xEE, 0x01, 0xFC, 0x00, 0x78, 0x01, 0xFC, 0x03, 0xFE, 0x01, 0xFC, 0x00, 0xF8, 0x00, 0xF0,
    0x01, 0xF8, 0x07, 0xF0, 0x3D, 0xE1, 0xE7, 0xFF, 0x87, 0xF8, 0x07, 0x80, 0x03, 0x80, 0xE0, 0x1C,
    0x07, 0x00, 0x00, 0x3E, 0x1F, 0xF3, 0xFE, 0xE0, 0xFC, 0x03, 0xC0, 0x3F, 0x83, 0xFC, 0x0F, 0xC0,
    0x3F, 0x07, 0xF1, 0xEF, 0xF8, 0xFE, 0x07, 0x00, 0x07, 0x80, 0x3F, 0x01, 0xDC, 0x07, 0x38, 0x00,
    0x00, 0x1E, 0x01, 0xFE, 0x0F, 0xFC, 0x78, 0x79, 0xC0, 0xEE, 0x01, 0xFC, 0x00, 0x78, 0x01, 0xFC,
    0x03, 0xFE, 0x01, 0xFC, 0x00, 0xF8, 0x00, 0xF0, 0x01, 0xF8, 0x07, 0xF0, 0x3D, 0xE1, 0xE7, 0xFF,
    0x87, 0xF8, 0x07, 0x80, 0x0E, 0x03, 0xE0, 0xEE, 0x18, 0xE0, 0x00, 0x3E, 0x1F, 0xF3, 0xFE, 0xE0,
    0xFC, 0x03, 0xC0, 0x3F, 0x83, 0xFC, 0x0F, 0xC0, 0x3F, 0x07, 0xF1, 0xEF, 0xF8, 0xFE, 0x07, 0x00,
    0x07, 0x80, 0x7F, 0x83, 0xFF, 0x1E, 0x1E, 0x70, 0x3B, 0x80, 0x7F, 0x00, 0x1E, 0x00, 0x7F, 0x00,
    0xFF, 0x80, 0x7F, 0x00, 0x3E, 0x00, 0x3C, 0x00, 0x7E, 0x01, 0xFC, 0x0F, 0x78, 0x79, 0xFF, 0xE1,
    0xFE, 0x01, 0xE0, 0x03, 0xC0, 0x0F, 0x00, 0x3C, 0x01, 0xF0, 0x00, 0x00, 0x1F, 0x0F, 0xF9, 0xFF,
    0x70, 0x7E, 0x01, 0xE0, 0x1F, 0xC1, 0xFE, 0x07, 0xE0, 0x1F, 0x83, 0xF8, 0xF7, 0xFC, 0x7F, 0x03,
    0x80, 0x78, 0x07, 0x81, 0xF0, 0x3C, 0x00, 0x00, 0x1C, 0xE0, 0x3F, 0x00, 0xF8, 0x01, 0xC0, 0x00,
    0x00, 0x1E, 0x01, 0xFE, 0x0F, 0xFC, 0x78, 0x79, 0xC0, 0xEE, 0x01, 0xFC, 0x00, 0x78, 0x01, 0xFC,
    0x03, 0xFE, 0x01, 0xFC, 0x00, 0xF8, 0x00, 0xF0, 0x01, 0xF8, 0x07, 0xF0, 0x3D, 0xE1, 0xE7, 0xFF,
    0x87, 0xF8, 0x07, 0x80, 0x39, 0xC7, 0x70, 0x7C, 0x07, 0x00, 0x00, 0x3E, 0x1F, 0xF3, 0xFE, 0xE0,
    0xFC, 0x03, 0xC0, 0x3F, 0x83, 0xFC, 0x0F, 0xC0, 0x3F, 0x07, 0xF1, 0xEF, 0xF8, 0xFE, 0x07, 0x00,
    0xFF, 0xFF, 0xFF, 0xFF, 0xFF, 0xC1, 0xE0, 0x07, 0x80, 0x1E, 0x00, 0x78, 0x01, 0xE0, 0x07, 0x80,
    0x1E, 0x00, 0x78, 0x01, 0xE0, 0x07, 0x80, 0x1E, 0x00, 0x78, 0x01, 0xE0, 0x07, 0x80, 0x1E, 0x00,
    0x78, 0x00, 0xC0, 0x03, 0xC0, 0x0F, 0x00, 0x3C, 0x01, 0xF0, 0x00, 0x00, 0x38, 0x1C, 0x0E, 0x1F,
    0xEF, 0xF7, 0xF0, 0xE0, 0x70, 0x38, 0x1C, 0x0E, 0x07, 0x03, 0x81, 0xC0, 0xE0, 0x7E, 0x1F, 0x06,
    0x03, 0xC1, 0xE0, 0xF0, 0xF8, 0x00, 0x1C, 0xE0, 0x3F, 0x00, 0x78, 0x01, 0xE0, 0x00, 0x03, 0xFF,
    0xFF, 0xFF, 0xFF, 0xFF, 0x07, 0x80, 0x1E, 0x00, 0x78, 0x01, 0xE0, 0x07, 0x80, 0x1E, 0x00, 0x78,
    0x01, 0xE0, 0x07, 0x80, 0x1E, 0x00, 0x78, 0x01, 0xE0, 0x07, 0x80, 0x1E, 0x00, 0x78, 0x01, 0xE0,
    0x00, 0x01, 0x80, 0xC0, 0x63, 0xB1, 0xD8, 0xE1, 0xFE, 0xFF, 0x7F, 0x0E, 0x07, 0x03, 0x81, 0xC0,
    0xE0, 0x70, 0x38, 0x1C, 0x0E, 0x07, 0xE1, 0xF0, 0x00, 0xFF, 0xFF, 0xFF, 0xFF, 0xFF, 0xC1, 0xE0,
    0x07, 0x80, 0x1E, 0x00, 0x78, 0x01, 0xE0, 0x07, 0x80, 0xFF, 0xC3, 0xFF, 0x01, 0xE0, 0x07, 0x80,
    0x1E, 0x00, 0x78, 0x01, 0xE0, 0x07, 0x80, 0x1E, 0x00, 0x78, 0x00, 0x38, 0x38, 0x38, 0xFF, 0xFF,
    0xFE, 0x38, 0xFE, 0xFF, 0xFF, 0x38, 0x38, 0x38, 0x38, 0x38, 0x3F, 0x1F, 0x00, 0x0E, 0x60, 0x1F,
    0xC0, 0x7F, 0x80, 0x00, 0x00, 0x00, 0x18, 0x01, 0xB8, 0x03, 0xF0, 0x07, 0xE0, 0x0F, 0xC0, 0x1F,
    0x80, 0x3F, 0x00, 0x7E, 0x00, 0xFC, 0x01, 0xF8, 0x03, 0xF0, 0x07, 0xE0, 0x0F, 0xC0, 0x1F, 0x80,
    0x3F, 0x00, 0xEF, 0x01, 0xCF, 0x0F, 0x8F, 0xFE, 0x0F, 0xF8, 0x07, 0x80, 0x0C, 0xC1, 0xFC, 0x3F,
    0xC0, 0x00, 0x00, 0x06, 0x07, 0xE0, 0x7E, 0x07, 0xE0, 0x7E, 0x07, 0xE0, 0x7E, 0x07, 0xE0, 0x7E,
    0x07, 0xE0, 0x77, 0x07, 0x78, 0xF7, 0xFF, 0x3F, 0xF0, 0x40, 0x1F, 0xE0, 0x3F, 0xC0, 0x00, 0x00,
    0x00, 0x0C, 0x00, 0xDC, 0x01, 0xF8, 0x03, 0xF0, 0x07, 0xE0, 0x0F, 0xC0, 0x1F, 0x80, 0x3F, 0x00,
    0x7E, 0x00, 0xFC, 0x01, 0xF8, 0x03, 0xF0, 0x07, 0xE0, 0x0F, 0xC0, 0x1F, 0x80, 0x77, 0x80, 0xE7,
    0x87, 0xC7, 0xFF, 0x07, 0xFC, 0x03, 0xC0, 0x3F, 0xC1, 0xFC, 0x00, 0x00, 0x00, 0x60, 0x7E, 0x07,
    0xE0, 0x7E, 0x07, 0xE0, 0x7E, 0x07, 0xE0, 0x7E, 0x07, 0xE0, 0x7E, 0x07, 0x70, 0x77, 0x8F, 0x7F,
    0xF3, 0xFF, 0x04, 0x00, 0x1C, 0x60, 0x19, 0xC0, 0x3F, 0x00, 0x3C, 0x00, 0x00, 0x18, 0x01, 0xB8,
    0x03, 0xF0, 0x07, 0xE0, 0x0F, 0xC0, 0x1F, 0x80, 0x3F, 0x00, 0x7E, 0x00, 0xFC, 0x01, 0xF8, 0x03,
    0xF0, 0x07, 0xE0, 0x0F, 0xC0, 0x1F, 0x80, 0x3F, 0x00, 0xEF, 0x01, 0xCF, 0x0F, 0x8F, 0xFE, 0x0F,
    0xF8, 0x07, 0x80, 0x38, 0xC1, 0x9C, 0x1F, 0x80, 0xF0, 0x00, 0x06, 0x07, 0xE0, 0x7E, 0x07, 0xE0,
    0x7E, 0x07, 0xE0, 0x7E, 0x07, 0xE0, 0x7E, 0x07, 0xE0, 0x77, 0x07, 0x78, 0xF7, 0xFF, 0x3F, 0xF0,
    0x40, 0x07, 0x80, 0x1F, 0x80, 0x33, 0x80, 0x67, 0x00, 0xFC, 0x00, 0xF8, 0x30, 0x03, 0x70, 0x07,
    0xE0, 0x0F, 0xC0, 0x1F, 0x80, 0x3F, 0x00, 0x7E, 0x00, 0xFC, 0x01, 0xF8, 0x03, 0xF0, 0x07, 0xE0,
    0x0F, 0xC0, 0x1F, 0x80, 0x3F, 0x00, 0x7E, 0x01, 0xDE, 0x03, 0x9E, 0x1F, 0x1F, 0xFC, 0x1F, 0xF0,
    0x0F, 0x00, 0x07, 0x00, 0xF8, 0x1F, 0xC1, 0x9C, 0x1D, 0xC1, 0xF8, 0x07, 0x06, 0x07, 0xE0, 0x7E,
    0x07, 0xE0, 0x7E, 0x07, 0xE0, 0x7E, 0x07, 0xE0, 0x7E, 0x07, 0xE0, 0x77, 0x07, 0x78, 0xF7, 0xFF,
    0x3F, 0xF0, 0x40, 0x0E, 0x70, 0x1D, 0xC0, 0x33, 0x80, 0xEE, 0x00, 0x00, 0x18, 0x01, 0xB8, 0x03,
    0xF0, 0x07, 0xE0, 0x0F, 0xC0, 0x1F, 0x80, 0x3F, 0x00, 0x7E, 0x00, 0xFC, 0x01, 0xF8, 0x03, 0xF0,
    0x07, 0xE0, 0x0F, 0xC0, 0x1F, 0x80, 0x3F, 0x00, 0xEF, 0x01, 0xCF, 0x0F, 0x8F, 0xFE, 0x0F, 0xF8,
    0x07, 0x80, 0x1C, 0xE1, 0xDC, 0x19, 0xC3, 0xB8, 0x00, 0x06, 0x07, 0xE0, 0x7E, 0x07, 0xE0, 0x7E,
    0x07, 0xE0, 0x7E, 0x07, 0xE0, 0x7E, 0x07, 0xE0, 0x77, 0x07, 0x78, 0xF7, 0xFF, 0x3F, 0xF0, 0x40,
    0xC0, 0x0D, 0xC0, 0x1F, 0x80, 0x3F, 0x00, 0x7E, 0x00, 0xFC, 0x01, 0xF8, 0x03, 0xF0, 0x07, 0xE0,
    0x0F, 0xC0, 0x1F, 0x80, 0x3F, 0x00, 0x7E, 0x00, 0xFC, 0x01, 0xF8, 0x07, 0xF8, 0x0E, 0x78, 0x7C,
    0x7F, 0xF0, 0x7F, 0xC0, 0x3E, 0x00, 0x70, 0x00, 0xE0, 0x01, 0xF0, 0x03, 0xE0, 0x01, 0x80, 0x60,
    0x77, 0x03, 0xB8, 0x1D, 0xC0, 0xEE, 0x07, 0x70, 0x3B, 0x81, 0xDC, 0x0E, 0xE0, 0x77, 0x03, 0x9C,
    0x1C, 0xF1, 0xE7, 0xFF, 0x1F, 0xF8, 0x13, 0xC0, 0x1C, 0x01, 0xC0, 0x0F, 0x80, 0x3E, 0x00, 0xC0,
    0x00, 0x3C, 0x00, 0x00, 0x3E, 0x00, 0x00, 0x77, 0x00, 0x00, 0xE7, 0x00, 0x00, 0x00, 0x00, 0x60,
    0x18, 0x03, 0xE0, 0x3C, 0x07, 0x70, 0x3C, 0x07, 0x70, 0x3E, 0x0F, 0x70, 0x3E, 0x0E, 0x70, 0x7E,
    0x0E, 0x38, 0x7E, 0x0E, 0x38, 0x77, 0x1C, 0x38, 0x67, 0x1C, 0x1C, 0xE7, 0x1C, 0x1C, 0xE3, 0x1C,
    0x1C, 0xE3, 0xB8, 0x1D, 0xC3, 0xB8, 0x0F, 0xC3, 0xB8, 0x0F, 0xC1, 0xB8, 0x0F, 0xC1, 0xF0, 0x0F,
    0x81, 0xF0, 0x07, 0x81, 0xF0, 0x07, 0x80, 0xE0, 0x00, 0xF0, 0x00, 0x1F, 0x80, 0x03, 0xFC, 0x00,
    0x39, 0xC0, 0x00, 0x00, 0x06, 0x07, 0x07, 0x70, 0xF0, 0xE7, 0x0F, 0x0E, 0x70, 0xF0, 0xE3, 0x9F,
    0x8E, 0x39, 0xF9, 0xC3, 0x9D, 0x9C, 0x19, 0x99, 0xC1, 0xF9, 0xF8, 0x1F, 0x9F, 0x81, 0xF0, 0xF8,
    0x0F, 0x0F, 0x00, 0xF0, 0xF0, 0x0F, 0x07, 0x00, 0x01, 0xC0, 0x01, 0xF0, 0x01, 0xDC, 0x01, 0xC6,
    0x00, 0x00, 0x03, 0x00, 0x19, 0xC0, 0x1C, 0xF0, 0x1E, 0x38, 0x0E, 0x1E, 0x0E, 0x07, 0x0F, 0x01,
    0xC7, 0x00, 0xF7, 0x00, 0x3B, 0x80, 0x0F, 0x80, 0x07, 0xC0, 0x01, 0xC0, 0x00, 0xE0, 0x00, 0x70,
    0x00, 0x38, 0x00, 0x1C, 0x00, 0x0E, 0x00, 0x07, 0x00, 0x03, 0x80, 0x07, 0x80, 0x3F, 0x01, 0xDC,
    0x07, 0x38, 0x00, 0x03, 0x80, 0xE7, 0x03, 0x9C, 0x0E, 0x70, 0x70, 0xE1, 0xC3, 0x87, 0x0F, 0x38,
    0x1C, 0xE0, 0x73, 0x00, 0xFC, 0x03, 0xF0, 0x0F, 0x80, 0x1E, 0x00, 0x78, 0x01, 0xC0, 0x07, 0x00,
    0x38, 0x03, 0xE0, 0x1F, 0x00, 0x30, 0x00, 0x06, 0x30, 0x07, 0xBC, 0x03, 0x9E, 0x00, 0x84, 0x00,
    0x00, 0x03, 0x00, 0x19, 0xC0, 0x1C, 0xF0, 0x1E, 0x38, 0x0E, 0x1E, 0x0E, 0x07, 0x0F, 0x01, 0xC7,
    0x00, 0xF7, 0x00, 0x3B, 0x80, 0x0F, 0x80, 0x07, 0xC0, 0x01, 0xC0, 0x00, 0xE0, 0x00, 0x70, 0x00,
    0x38, 0x00, 0x1C, 0x00, 0x0E, 0x00, 0x07, 0x00, 0x03, 0x80, 0x01, 0xC0, 0x07, 0x00, 0x38, 0x00,
    0xC0, 0x00, 0x01, 0xFF, 0xEF, 0xFF, 0xFF, 0xFF, 0x00, 0x38, 0x01, 0xC0, 0x0F, 0x00, 0x78, 0x01,
    0xC0, 0x0E, 0x00, 0x78, 0x01, 0xC0, 0x0E, 0x00, 0x78, 0x01, 0xC0, 0x0E, 0x00, 0x78, 0x01, 0xC0,
    0x0F, 0xFF, 0xFF, 0xFF, 0x03, 0x80, 0xE0, 0x1C, 0x07, 0x00, 0x01, 0xFF, 0xFF, 0xFF, 0xFF, 0x01,
    0xC0, 0x70, 0x1E, 0x03, 0x80, 0xE0, 0x38, 0x0F, 0x03, 0xC0, 0x70, 0x1F, 0xFF, 0xFF, 0x80, 0x03,
    0x00, 0x1E, 0x00, 0x78, 0x00, 0x80, 0x00, 0x01, 0xFF, 0xEF, 0xFF, 0xFF, 0xFF, 0x00, 0x38, 0x01,
    0xC0, 0x0F, 0x00, 0x78, 0x01, 0xC0, 0x0E, 0x00, 0x78, 0x01, 0xC0, 0x0E, 0x00, 0x78, 0x01, 0xC0,
    0x0E, 0x00, 0x78, 0x01, 0xC0, 0x0F, 0xFF, 0xFF, 0xFF, 0x0E, 0x01, 0xC0, 0x38, 0x02, 0x00, 0x01,
    0xFF, 0xFF, 0xFF, 0xFF, 0x01, 0xC0, 0x70, 0x1E, 0x03, 0x80, 0xE0, 0x38, 0x0F, 0x03, 0xC0, 0x70,
    0x1F, 0xFF, 0xFF, 0x80, 0x1C, 0xE0, 0x3F, 0x00, 0xF8, 0x01, 0xC0, 0x00, 0x01, 0xFF, 0xEF, 0xFF,
    0xFF, 0xFF, 0x00, 0x38, 0x01, 0xC0, 0x0F, 0x00, 0x78, 0x01, 0xC0, 0x0E, 0x00, 0x78, 0x01, 0xC0,
    0x0E, 0x00, 0x78, 0x01, 0xC0, 0x0E, 0x00, 0x78, 0x01, 0xC0, 0x0F, 0xFF, 0xFF, 0xFF, 0x39, 0xC7,
    0x70, 0x7C, 0x07, 0x00, 0x01, 0xFF, 0xFF, 0xFF, 0xFF, 0x01, 0xC0, 0x70, 0x1E, 0x03, 0x80, 0xE0,
    0x38, 0x0F, 0x03, 0xC0, 0x70, 0x1F, 0xFF, 0xFF, 0x80, 0x3E, 0xFD, 0xF7, 0x0E, 0x1C, 0x38, 0x70,
    0xE1, 0xC3, 0x87, 0x0E, 0x1C, 0x38, 0x70, 0xE1, 0xC3, 0x80, 0x00, 0x03, 0x80, 0x01, 0xC0, 0xFF,
    0xE1, 0xFF, 0xF1, 0xFF, 0xF1, 0xE0, 0xF1, 0xE0, 0x3C, 0xE0, 0x0E, 0xF0, 0x07, 0xF0, 0x01, 0xF8,
    0x00, 0xFC, 0x00, 0x7E, 0x00, 0x3F, 0x00, 0x1F, 0x80, 0x0E, 0xE0, 0x0E, 0x70, 0x07, 0x3C, 0x07,
    0x8F, 0x8F, 0x83, 0xFF, 0x80, 0xFF, 0x80, 0x0E, 0x00, 0x00, 0x18, 0x01, 0xC0, 0x0E, 0x1F, 0xF3,
    0xFF, 0xBF, 0xF1, 0xC1, 0xDC, 0x0E, 0xE0, 0x3F, 0x01, 0xF8, 0x0F, 0xC0, 0x7E, 0x03, 0xF8, 0x39,
    0xE3, 0xC7, 0xFC, 0x1F, 0xC0, 0x38, 0x00, 0x00, 0x03, 0x80, 0x01, 0xF0, 0x03, 0xFC, 0x01, 0xFE,
    0x00, 0xF7, 0x00, 0x73, 0x80, 0x39, 0xC0, 0x1C, 0xE0, 0x0E, 0x70, 0x07, 0x38, 0x03, 0x9C, 0x01,
    0xCE, 0x00, 0xE7, 0x00, 0x73, 0x80, 0x39, 0xC0, 0x1C, 0xE0, 0x1C, 0x78, 0x0E, 0x1E, 0x1F, 0x07,
    0xFF, 0x01, 0xFF, 0x00, 0x3C, 0x00, 0x00, 0x0C, 0x00, 0x70, 0x01, 0xD8, 0x1F, 0xE0, 0x7F, 0x81,
    0xCE, 0x07, 0x38, 0x1C, 0xE0, 0x73, 0x81, 0xCE, 0x07, 0x38, 0x1C, 0xE0, 0x71, 0xC1, 0xC7, 0x8F,
    0x1F, 0xFC, 0x3F, 0xF0, 0x10, 0x00, 0xFE, 0x00, 0x39, 0xCF, 0xFE, 0x01, 0xDC, 0xFF, 0xF0, 0x0F,
    0x8E, 0x0F, 0x80, 0x70, 0xE0, 0x3C, 0x00, 0x0E, 0x01, 0xC7, 0xFF, 0xE0, 0x1C, 0x7F, 0xFE, 0x00,
    0xE7, 0xFF, 0xE0, 0x0E, 0x00, 0xEE, 0x00, 0xE0, 0x1C, 0xE0, 0x0E, 0x03, 0xCE, 0x00, 0xE0, 0x78,
    0xE0, 0x0E, 0x07, 0x0E, 0x01, 0xC0, 0xE0, 0xE0, 0x1C, 0x1E, 0x0E, 0x03, 0x83, 0xC0, 0xE1, 0xF8,
    0x38, 0x0F, 0xFF, 0x07, 0xFF, 0xFF, 0xC0, 0x7F, 0xF0, 0x00, 0x30, 0x73, 0x80, 0x0E, 0x1D, 0xC0,
    0x03, 0x83, 0xE0, 0x00, 0xE0, 0x70, 0x00, 0x38, 0x00, 0x07, 0xCE, 0x7F, 0xF3, 0xFB, 0x9F, 0xFD,
    0xFF, 0xE7, 0xFF, 0x70, 0xF8, 0x03, 0xB8, 0x1E, 0x01, 0xEE, 0x03, 0x80, 0xF3, 0x80, 0xE0, 0x38,
    0xE0, 0x38, 0x1C, 0x38, 0x0E, 0x0E, 0x0E, 0x07, 0x87, 0x83, 0xC1, 0xE3, 0xC0, 0x78, 0xF8, 0xE0,
    0x1F, 0xFE, 0x7F, 0xF3, 0xFB, 0x9F, 0xFC, 0x18, 0x00, 0x00, 0xC0, 0x00, 0x03, 0xE0, 0x00, 0x07,
    0xE0, 0x00, 0x07, 0xE0, 0x00, 0x07, 0xE0, 0x00, 0x07, 0xE0, 0x00, 0x07, 0xE0, 0x00, 0x07, 0xE0,
    0x00, 0x07, 0xE0, 0x00, 0x07, 0xE0, 0x00, 0x07, 0xE0, 0x00, 0x07, 0xE0, 0x00, 0x07, 0xE0, 0x06,
    0x07, 0xE0, 0x07, 0x07, 0xE0, 0x07, 0x07, 0xE0, 0x07, 0x07, 0xE0, 0x07, 0x8F, 0xFF, 0xE3, 0xFE,
    0xFF, 0xE1, 0xFC, 0x00, 0x00, 0x70, 0xC0, 0x03, 0x70, 0x03, 0xF8, 0x01, 0xFC, 0x00, 0x4E, 0x00,
    0x07, 0x00, 0x1B, 0x80, 0x1D, 0xC0, 0x0E, 0xE0, 0x07, 0x70, 0x03, 0xB8, 0x01, 0xDC, 0x00, 0xEE,
    0x00, 0x77, 0x00, 0x3B, 0x80, 0x1D, 0xC0, 0x0E, 0xE0, 0x07, 0x7F, 0xF3, 0xBF, 0xF9, 0xC0, 0x00,
    0xE0, 0x00, 0x70, 0x00, 0x38, 0x00, 0x7C, 0x00, 0x3C, 0x00, 0x00, 0x00, 0x63, 0xB8, 0xFE, 0x3B,
    0x84, 0xE0, 0x38, 0xEE, 0x3B, 0x8E, 0xE3, 0xB8, 0xEE, 0x3B, 0x8E, 0xE3, 0xB8, 0xEE, 0x3B, 0x8E,
    0xE3, 0xB8, 0xEE, 0x38, 0x0E, 0x03, 0x80, 0xE0, 0xF8, 0x3C, 0x00, 0x00, 0xE0, 0x0C, 0x00, 0x37,
    0x80, 0x70, 0x01, 0xFC, 0x03, 0x80, 0x0F, 0xF0, 0x1C, 0x00, 0x7F, 0xC0, 0xE0, 0x03, 0xFE, 0x07,
    0x00, 0x1F, 0xF8, 0x38, 0x00, 0xFD, 0xC1, 0xC0, 0x07, 0xE7, 0x0E, 0x00, 0x3F, 0x3C, 0x70, 0x01,
    0xF8, 0xE3, 0x80, 0x0F, 0xC3, 0x9C, 0x00, 0x7E, 0x1E, 0xE3, 0x03, 0xF0, 0x77, 0x38, 0x1F, 0x83,
    0xF9, 0xC0, 0xFC, 0x0F, 0xC7, 0x07, 0xE0, 0x3E, 0x3C, 0x77, 0x01, 0xF1, 0xFF, 0xB8, 0x07, 0x83,
    0xF8, 0x00, 0x00, 0x06, 0x00, 0xE0, 0x0C, 0x3B, 0xC0, 0x38, 0xEF, 0x00, 0xE3, 0xBE, 0x03, 0x84,
    0xFC, 0x0E, 0x03, 0xF0, 0x38, 0xEF, 0xE0, 0xE3, 0xBB, 0x83, 0x8E, 0xE7, 0x0E, 0x3B, 0x9E, 0x38,
    0xEE, 0x38, 0xE3, 0xB8, 0x73, 0x8E, 0xE1, 0xEE, 0x3B, 0x83, 0xB8, 0xEE, 0x0F, 0xE3, 0xB8, 0x1F,
    0x8E, 0xE0, 0x3E, 0x3B, 0x80, 0xF8, 0xEE, 0x01, 0xE3, 0x80, 0x00, 0x0E, 0x00, 0x00, 0x38, 0x00,
    0x00, 0xE0, 0x00, 0x0F, 0x00, 0x00, 0x3C, 0x00, 0x00, 0x00, 0x00, 0x01, 0xC0, 0x00, 0x70, 0x00,
    0x1C, 0x00, 0x02, 0x00, 0x00, 0x19, 0xE0, 0x7F, 0xFE, 0x1F, 0xFF, 0x87, 0xF0, 0xF1, 0xFC, 0x1C,
    0x7E, 0x07, 0x1F, 0x81, 0xC7, 0xE0, 0x71, 0xF8, 0x1C, 0x7E, 0x07, 0x1F, 0x81, 0xC7, 0xE0, 0x71,
    0xF8, 0x1C, 0x7E, 0x07, 0x1C, 0x00, 0x07, 0x00, 0x01, 0xC0, 0x00, 0x70, 0x00, 0x78, 0x00, 0x1E,
    0x00, 0x00, 0x00, 0x07, 0x38, 0x03, 0xB8, 0x00, 0xF8, 0x00, 0x38, 0x00, 0x00, 0x00, 0x0E, 0x00,
    0x07, 0x00, 0x07, 0xC0, 0x03, 0xE0, 0x03, 0xB8, 0x01, 0xDC, 0x00, 0xEE, 0x00, 0xE3, 0x80, 0x71,
    0xC0, 0x38, 0xE0, 0x38, 0x38, 0x1C, 0x1C, 0x0F, 0xFE, 0x0F, 0xFF, 0x87, 0x01, 0xC7, 0x80, 0xF3,
    0x80, 0x39, 0xC0, 0x1D, 0xE0, 0x07, 0x39, 0xC7, 0xF0, 0x7C, 0x07, 0x00, 0x00, 0x3F, 0x1F, 0xF3,
    0xFF, 0xE0, 0xE4, 0x1C, 0x03, 0x9F, 0xF7, 0xFF, 0xF1, 0xF8, 0x3F, 0x07, 0xE1, 0xFF, 0xFD, 0xFF,
    0x8E, 0x00, 0xE7, 0x3F, 0x8F, 0x83, 0x80, 0x00, 0xC0, 0x70, 0x38, 0x1C, 0x0E, 0x07, 0x03, 0x81,
    0xC0, 0xE0, 0x70, 0x38, 0x1C, 0x0E, 0x07, 0x03, 0x81, 0xC0, 0xE0, 0x70, 0x38, 0xE7, 0x7E, 0x3C,
    0x38, 0x00, 0x18, 0x38, 0x38, 0x38, 0x38, 0x38, 0x38, 0x38, 0x38, 0x38, 0x38, 0x38, 0x38, 0x38,
    0x06, 0x38, 0x03, 0xB8, 0x00, 0xF8, 0x00, 0x38, 0x00, 0x00, 0x00, 0x1F, 0x00, 0x3F, 0xE0, 0x3F,
    0xF8, 0x3C, 0x1E, 0x3C, 0x07, 0x9C, 0x01, 0xDE, 0x00, 0xFE, 0x00, 0x3F, 0x00, 0x1F, 0x80, 0x0F,
    0xC0, 0x07, 0xE0, 0x03, 0xF0, 0x01, 0xDC, 0x01, 0xCE, 0x00, 0xE7, 0x80, 0xF1, 0xF1, 0xF0, 0x7F,
    0xF0, 0x1F, 0xF0, 0x01, 0xC0, 0x00, 0x39, 0xC0, 0xEE, 0x03, 0xE0, 0x0E, 0x00, 0x00, 0x07, 0xC0,
    0xFF, 0x8F, 0xFC, 0x70, 0x77, 0x03, 0xB8, 0x0F, 0xC0, 0x7E, 0x03, 0xF0, 0x1F, 0x80, 0xFE, 0x0E,
    0x78, 0xF1, 0xFF, 0x07, 0xF0, 0x0E, 0x00, 0x1C, 0xE0, 0x1F, 0x80, 0x1F, 0x00, 0x1C, 0x00, 0x00,
    0x18, 0x01, 0xB8, 0x03, 0xF0, 0x07, 0xE0, 0x0F, 0xC0, 0x1F, 0x80, 0x3F, 0x00, 0x7E, 0x00, 0xFC,
    0x01, 0xF8, 0x03, 0xF0, 0x07, 0xE0, 0x0F, 0xC0, 0x1F, 0x80, 0x3F, 0x00, 0xEF, 0x01, 0xCF, 0x0F,
    0x8F, 0xFE, 0x0F, 0xF8, 0x07, 0x80, 0x39, 0xC1, 0xFC, 0x0F, 0x80, 0x70, 0x00, 0x06, 0x07, 0xE0,
    0x7E, 0x07, 0xE0, 0x7E, 0x07, 0xE0, 0x7E, 0x07, 0xE0, 0x7E, 0x07, 0xE0, 0x77, 0x07, 0x78, 0xF7,
    0xFF, 0x3F, 0xF0, 0x40, 0x0F, 0xE0, 0x3F, 0xC0, 0x00, 0x00, 0x42, 0x01, 0xCE, 0x03, 0x9E, 0x07,
    0x18, 0x00, 0x00, 0xC0, 0x0D, 0xC0, 0x1F, 0x80, 0x3F, 0x00, 0x7E, 0x00, 0xFC, 0x01, 0xF8, 0x03,
    0xF0, 0x07, 0xE0, 0x0F, 0xC0, 0x1F, 0x80, 0x3F, 0x00, 0x7E, 0x00, 0xFC, 0x01, 0xF8, 0x07, 0x78,
    0x0E, 0x78, 0x7C, 0x7F, 0xF0, 0x7F, 0xC0, 0x3C, 0x00, 0x1F, 0xC1, 0xFC, 0x00, 0x01, 0x08, 0x39,
    0xE3, 0x9E, 0x18, 0xC0, 0x00, 0x60, 0x7E, 0x07, 0xE0, 0x7E, 0x07, 0xE0, 0x7E, 0x07, 0xE0, 0x7E,
    0x07, 0xE0, 0x7E, 0x07, 0x70, 0x77, 0x8F, 0x7F, 0xF3, 0xFF, 0x04, 0x00, 0x01, 0xE0, 0x03, 0x80,
    0x0E, 0x00, 0x1C, 0x00, 0x84, 0x03, 0x9C, 0x07, 0x3C, 0x0E, 0x30, 0x00, 0x01, 0x80, 0x1B, 0x80,
    0x3F, 0x00, 0x7E, 0x00, 0xFC, 0x01, 0xF8, 0x03, 0xF0, 0x07, 0xE0, 0x0F, 0xC0, 0x1F, 0x80, 0x3F,
    0x00, 0x7E, 0x00, 0xFC, 0x01, 0xF8, 0x03, 0xF0, 0x0E, 0xF0, 0x1C, 0xF0, 0xF8, 0xFF, 0xE0, 0xFF,
    0x80, 0x78, 0x00, 0x01, 0xC0, 0x38, 0x07, 0x00, 0x70, 0x10, 0x83, 0x9E, 0x39, 0xE1, 0x8C, 0x00,
    0x06, 0x07, 0xE0, 0x7E, 0x07, 0xE0, 0x7E, 0x07, 0xE0, 0x7E, 0x07, 0xE0, 0x7E, 0x07, 0xE0, 0x77,
    0x07, 0x78, 0xF7, 0xFF, 0x3F, 0xF0, 0x40, 0x1C, 0xE0, 0x1D, 0xC0, 0x1F, 0x00, 0x1C, 0x00, 0x84,
    0x03, 0x9C, 0x07, 0x3C, 0x0E, 0x30, 0x00, 0x01, 0x80, 0x1B, 0x80, 0x3F, 0x00, 0x7E, 0x00, 0xFC,
    0x01, 0xF8, 0x03, 0xF0, 0x07, 0xE0, 0x0F, 0xC0, 0x1F, 0x80, 0x3F, 0x00, 0x7E, 0x00, 0xFC, 0x01,
    0xF8, 0x03, 0xF0, 0x0E, 0xF0, 0x1C, 0xF0, 0xF8, 0xFF, 0xE0, 0xFF, 0x80, 0x78, 0x00, 0x39, 0xC1,
    0xDC, 0x0F, 0x80, 0x70, 0x10, 0x83, 0x9E, 0x39, 0xE1, 0x8C, 0x00, 0x06, 0x07, 0xE0, 0x7E, 0x07,
    0xE0, 0x7E, 0x07, 0xE0, 0x7E, 0x07, 0xE0, 0x7E, 0x07, 0xE0, 0x77, 0x07, 0x78, 0xF7, 0xFF, 0x3F,
    0xF0, 0x40, 0x0E, 0x00, 0x1C, 0x00, 0x1C, 0x00, 0x18, 0x00, 0x84, 0x03, 0x9C, 0x07, 0x3C, 0x0E,
    0x30, 0x00, 0x01, 0x80, 0x1B, 0x80, 0x3F, 0x00, 0x7E, 0x00, 0xFC, 0x01, 0xF8, 0x03, 0xF0, 0x07,
    0xE0, 0x0F, 0xC0, 0x1F, 0x80, 0x3F, 0x00, 0x7E, 0x00, 0xFC, 0x01, 0xF8, 0x03, 0xF0, 0x0E, 0xF0,
    0x1C, 0xF0, 0xF8, 0xFF, 0xE0, 0xFF, 0x80, 0x78, 0x00, 0x1C, 0x01, 0xC0, 0x0E, 0x00, 0x60, 0x10,
    0x83, 0x9E, 0x39, 0xE1, 0x8C, 0x00, 0x06, 0x07, 0xE0, 0x7E, 0x07, 0xE0, 0x7E, 0x07, 0xE0, 0x7E,
    0x07, 0xE0, 0x7E, 0x07, 0xE0, 0x77, 0x07, 0x78, 0xF7, 0xFF, 0x3F, 0xF0, 0x40, 0x1F, 0x83, 0xFE,
    0x1F, 0xF9, 0xC1, 0xE2, 0x07, 0x00, 0x3B, 0xFF, 0xDF, 0xFF, 0xFF, 0xF7, 0x03, 0xB8, 0x1C, 0xE1,
    0xC7, 0xFE, 0x1F, 0xE0, 0x18, 0x00, 0x07, 0xF0, 0x03, 0xF8, 0x00, 0x00, 0x00, 0xC2, 0x00, 0xF7,
    0x80, 0x7B, 0xC0, 0x18, 0xC0, 0x00, 0x00, 0x01, 0xC0, 0x00, 0xE0, 0x00, 0xF8, 0x00, 0x7C, 0x00,
    0x77, 0x00, 0x3B, 0x80, 0x1D, 0xC0, 0x1C, 0x70, 0x0E, 0x38, 0x07, 0x1C, 0x07, 0x07, 0x03, 0x83,
    0x81, 0xFF, 0xC1, 0xFF, 0xF0, 0xE0, 0x38, 0xF0, 0x1E, 0x70, 0x07, 0x38, 0x03, 0xBC, 0x00, 0xE0,
    0x3F, 0x87, 0xF0, 0x00, 0x08, 0x43, 0x9C, 0xF3, 0x8C, 0x70, 0x00, 0x1F, 0x8F, 0xF9, 0xFF, 0xF0,
    0x72, 0x0E, 0x01, 0xCF, 0xFB, 0xFF, 0xF8, 0xFC, 0x1F, 0x83, 0xF0, 0xFF, 0xFE, 0xFF, 0xC7, 0x00,
    0x07, 0xF0, 0x03, 0xF8, 0x00, 0x00, 0x00, 0x10, 0x00, 0x1C, 0x00, 0x0E, 0x00, 0x07, 0x00, 0x00,
    0x00, 0x01, 0xC0, 0x00, 0xE0, 0x00, 0xF8, 0x00, 0x7C, 0x00, 0x77, 0x00, 0x3B, 0x80, 0x1D, 0xC0,
    0x1C, 0x70, 0x0E, 0x38, 0x07, 0x1C, 0x07, 0x07, 0x03, 0x83, 0x81, 0xFF, 0xC1, 0xFF, 0xF0, 0xE0,
    0x38, 0xF0, 0x1E, 0x70, 0x07, 0x38, 0x03, 0xBC, 0x00, 0xE0, 0x3F, 0x87, 0xF0, 0x00, 0x02, 0x00,
    0xE0, 0x1E, 0x01, 0x80, 0x00, 0x1F, 0x8F, 0xF9, 0xFF, 0xF0, 0x72, 0x0E, 0x01, 0xCF, 0xFB, 0xFF,
    0xF8, 0xFC, 0x1F, 0x83, 0xF0, 0xFF, 0xFE, 0xFF, 0xC7, 0x00, 0x00, 0x0F, 0xF0, 0x00, 0x0F, 0xF0,
    0x00, 0x00, 0x00, 0x00, 0x00, 0x00, 0x00, 0x7F, 0xFE, 0x00, 0xFF, 0xFF, 0x00, 0xFF, 0xFE, 0x00,
    0xEE, 0x00, 0x01, 0xCE, 0x00, 0x01, 0xCE, 0x00, 0x03, 0x8E, 0x00, 0x03, 0x8E, 0x00, 0x07, 0x0F,
    0xFC, 0x07, 0x0F, 0xFE, 0x0E, 0x0F, 0xFE, 0x0E, 0x1E, 0x00, 0x1F, 0xFE, 0x00, 0x1F, 0xFE, 0x00,
    0x3C, 0x0E, 0x00, 0x38, 0x0E, 0x00, 0x78, 0x0E, 0x00, 0x70, 0x0F, 0xFF, 0xF0, 0x0F, 0xFF, 0x03,
    0xFC, 0x00, 0x1F, 0xE0, 0x00, 0x00, 0x00, 0x00, 0x00, 0x01, 0xF0, 0xF8, 0x3F, 0xEF, 0xF1, 0xFF,
    0xFF, 0xDC, 0x1E, 0x0E, 0x20, 0xF0, 0x38, 0x07, 0x01, 0xCF, 0xFF, 0xFE, 0xFF, 0xFF, 0xFF, 0x8E,
    0x00, 0x70, 0x70, 0x03, 0x83, 0xC0, 0xDC, 0x3F, 0x0E, 0xFF, 0xFF, 0xF3, 0xFC, 0xFF, 0x07, 0x01,
    0xC0, 0x03, 0xE0, 0x07, 0xFC, 0x07, 0xFF, 0x07, 0x83, 0xC7, 0x80, 0xF3, 0x80, 0x3B, 0xC0, 0x1D,
    0xC0, 0x00, 0xE0, 0x00, 0x70, 0x1F, 0xB8, 0x1F, 0xDC, 0x0F, 0xEE, 0x00, 0x73, 0x83, 0xFD, 0xC1,
    0xFE, 0xF0, 0x1E, 0x3E, 0x3E, 0x0F, 0xFE, 0x03, 0xFE, 0x00, 0x38, 0x00, 0x1F, 0x30, 0x3F, 0xF8,
    0x7F, 0xF8, 0x70, 0x78, 0xE0, 0x78, 0xE0, 0x38, 0xE1, 0xFE, 0xE1, 0xFE, 0xE0, 0x38, 0xE0, 0x78,
    0xF0, 0x78, 0x7D, 0xF8, 0x3F, 0xF8, 0x1F, 0xB8, 0x00, 0x38, 0x20, 0x70, 0x70, 0x70, 0x7F, 0xF0,
    0x3F, 0xE0, 0x0F, 0x00, 0x0E, 0x70, 0x03, 0xB8, 0x00, 0xF8, 0x00, 0x38, 0x00, 0x00, 0x00, 0x1F,
    0x00, 0x3F, 0xE0, 0x3F, 0xF8, 0x3C, 0x1E, 0x3C, 0x07, 0x9C, 0x01, 0xDE, 0x00, 0xEE, 0x00, 0x07,
    0x00, 0x03, 0x80, 0xFD, 0xC0, 0xFE, 0xE0, 0x7F, 0x70, 0x03, 0x9C, 0x01, 0xCE, 0x00, 0xE7, 0x80,
    0xF1, 0xF1, 0xF0, 0x7F, 0xF0, 0x1F, 0xF0, 0x01, 0xC0, 0x00, 0x39, 0xC0, 0xFE, 0x03, 0xE0, 0x0E,
    0x00, 0x00, 0x0F, 0x98, 0xFF, 0xEF, 0xFF, 0x70, 0x7F, 0x03, 0xF8, 0x0F, 0xC0, 0x7E, 0x03, 0xF0,
    0x1F, 0x81, 0xFE, 0x0F, 0x7D, 0xF9, 0xFF, 0xC7, 0xEE, 0x00, 0x72, 0x07, 0x38, 0x39, 0xFF, 0xC7,
    0xFC, 0x0F, 0x00, 0x39, 0xC0, 0x77, 0x00, 0xF8, 0x01, 0xC0, 0x00, 0x03, 0x00, 0x7E, 0x03, 0xF8,
    0x1E, 0xE0, 0xF3, 0x87, 0x8E, 0x3C, 0x39, 0xE0, 0xEF, 0x03, 0xF8, 0x0F, 0xF0, 0x3F, 0xC0, 0xF7,
    0x83, 0x8F, 0x0E, 0x1C, 0x38, 0x38, 0xE0, 0xF3, 0x81, 0xEE, 0x03, 0xB8, 0x0F, 0xE7, 0x00, 0xFC,
    0x00, 0xF0, 0x01, 0xC0, 0x00, 0x00, 0x03, 0x00, 0x0E, 0x00, 0x1C, 0x00, 0x38, 0x00, 0x70, 0x00,
    0xE0, 0x71, 0xC1, 0xC3, 0x87, 0x07, 0x1C, 0x0E, 0x70, 0x1D, 0xC0, 0x3F, 0x80, 0x7F, 0x80, 0xF7,
    0x01, 0xCF, 0x03, 0x8F, 0x07, 0x0F, 0x0E, 0x0E, 0x1C, 0x0E, 0x03, 0xE0, 0x07, 0xFC, 0x07, 0xFF,
    0x07, 0x83, 0xC7, 0x80, 0xF3, 0x80, 0x3B, 0xC0, 0x1F, 0xC0, 0x07, 0xE0, 0x03, 0xF0, 0x01, 0xF8,
    0x00, 0xFC, 0x00, 0x7E, 0x00, 0x3B, 0x80, 0x3D, 0xC0, 0x1C, 0xF0, 0x1E, 0x3E, 0x3E, 0x0F, 0xFE,
    0x03, 0xFE, 0x00, 0x3C, 0x00, 0x3C, 0x00, 0x1C, 0x00, 0x0F, 0x80, 0x03, 0xC0, 0x00, 0xC0, 0x00,
    0x0F, 0x81, 0xFF, 0x1F, 0xF8, 0xE0, 0xEE, 0x07, 0x70, 0x1F, 0x80, 0xFC, 0x07, 0xE0, 0x3F, 0x01,
    0xFC, 0x1C, 0xF1, 0xE3, 0xFE, 0x0F, 0xE0, 0x1E, 0x01, 0xC0, 0x0E, 0x00, 0x7C, 0x03, 0xE0, 0x06,
    0x00, 0x07, 0xF0, 0x03, 0xF8, 0x00, 0x00, 0x00, 0x00, 0x00, 0x3E, 0x00, 0x7F, 0xC0, 0x7F, 0xF0,
    0x78, 0x3C, 0x78, 0x0F, 0x38, 0x03, 0xBC, 0x01, 0xFC, 0x00, 0x7E, 0x00, 0x3F, 0x00, 0x1F, 0x80,
    0x0F, 0xC0, 0x07, 0xE0, 0x03, 0xB8, 0x03, 0xDC, 0x01, 0xCF, 0x01, 0xE3, 0xE3, 0xE0, 0xFF, 0xE0,
    0x3F, 0xE0, 0x03, 0xC0, 0x03, 0xC0, 0x01, 0xC0, 0x00, 0xF8, 0x00, 0x3C, 0x00, 0x0C, 0x00, 0x1F,
    0xC0, 0xFE, 0x00, 0x00, 0x00, 0x00, 0xF8, 0x1F, 0xF1, 0xFF, 0x8E, 0x0E, 0xE0, 0x77, 0x01, 0xF8,
    0x0F, 0xC0, 0x7E, 0x03, 0xF0, 0x1F, 0xC1, 0xCF, 0x1E, 0x3F, 0xE0, 0xFE, 0x01, 0xE0, 0x1C, 0x00,
    0xE0, 0x07, 0xC0, 0x3E, 0x00, 0x60, 0x1C, 0xE0, 0x1D, 0xC0, 0x1F, 0x00, 0x1C, 0x00, 0x00, 0x0F,
    0xFF, 0x9F, 0xFF, 0x3F, 0xFE, 0x00, 0x3C, 0x00, 0xF0, 0x03, 0xC0, 0x0F, 0x00, 0x3C, 0x00, 0xF0,
    0x01, 0xF0, 0x03, 0xF8, 0x01, 0xF8, 0x00, 0x78, 0x00, 0x70, 0x00, 0xF0, 0x00, 0xE0, 0x01, 0xC0,
    0x03, 0xF0, 0x07, 0xE0, 0x1D, 0xE0, 0x39, 0xE1, 0xF1, 0xFF, 0xC1, 0xFF, 0x00, 0xF0, 0x00, 0x1C,
    0xE0, 0xEE, 0x03, 0xE0, 0x0E, 0x00, 0x00, 0x1F, 0xF9, 0xFF, 0xEF, 0xFF, 0x00, 0xF0, 0x0F, 0x00,
    0xF0, 0x07, 0x00, 0x70, 0x07, 0xC0, 0x3F, 0x80, 0x3E, 0x00, 0x78, 0x01, 0xC0, 0x0F, 0xC0, 0x7F,
    0x03, 0xBC, 0x3D, 0xFF, 0xC3, 0xFC, 0x07, 0x00, 0xE7, 0x7E, 0x3C, 0x38, 0x00, 0x18, 0x38, 0x38,
    0x38, 0x38, 0x38, 0x38, 0x38, 0x38, 0x38, 0x38, 0x38, 0x38, 0x38, 0x38, 0x38, 0x38, 0xF8, 0xF0,
    0x00, 0xFE, 0x00, 0x7F, 0xFD, 0xFF, 0xC0, 0xFF, 0xFB, 0xFF, 0xC1, 0xFF, 0xF7, 0x07, 0xC0, 0x01,
    0xEE, 0x03, 0xC0, 0x03, 0x9C, 0x03, 0x80, 0x0E, 0x38, 0x07, 0x00, 0x3C, 0x70, 0x07, 0x00, 0x70,
    0xE0, 0x0E, 0x01, 0xC1, 0xC0, 0x1C, 0x07, 0x83, 0x80, 0x38, 0x0E, 0x07, 0x00, 0x70, 0x38, 0x0E,
    0x00, 0xE0, 0xF0, 0x1C, 0x03, 0x83, 0xC0, 0x38, 0x07, 0x07, 0x00, 0x70, 0x1C, 0x1C, 0x00, 0xE1,
    0xF8, 0x78, 0x01, 0xFF, 0xE0, 0xFF, 0xFF, 0xFF, 0x01, 0xFF, 0xF8, 0xFE, 0x00, 0x00, 0x0F, 0xFE,
    0x00, 0x00, 0xFF, 0xF0, 0x00, 0x0E, 0x0F, 0x80, 0x00, 0xE0, 0x3C, 0x00, 0x0E, 0x01, 0xC7, 0xFF,
    0xE0, 0x1C, 0x7F, 0xFE, 0x00, 0xE7, 0xFF, 0xE0, 0x0E, 0x00, 0xEE, 0x00, 0xE0, 0x1C, 0xE0, 0x0E,
    0x03, 0xCE, 0x00, 0xE0, 0x78, 0xE0, 0x0E, 0x07, 0x0E, 0x01, 0xC0, 0xE0, 0xE0, 0x1C, 0x1E, 0x0E,
    0x03, 0x83, 0xC0, 0xE1, 0xF8, 0x38, 0x0F, 0xFF, 0x07, 0xFF, 0xFF, 0xC0, 0x7F, 0xF0, 0x00, 0x30,
    0x00, 0x00, 0x0E, 0x00, 0x00, 0x03, 0x80, 0x00, 0x00, 0xE0, 0x00, 0x00, 0x38, 0x00, 0x07, 0xCE,
    0x7F, 0xF3, 0xFB, 0x9F, 0xFD, 0xFF, 0xE7, 0xFF, 0x70, 0xF8, 0x03, 0xB8, 0x1E, 0x01, 0xEE, 0x03,
    0x80, 0xF3, 0x80, 0xE0, 0x38, 0xE0, 0x38, 0x1C, 0x38, 0x0E, 0x0E, 0x0E, 0x07, 0x87, 0x83, 0xC1,
    0xE3, 0xC0, 0x78, 0xF8, 0xE0, 0x1F, 0xFE, 0x7F, 0xF3, 0xFB, 0x9F, 0xFC, 0x18, 0x00, 0x00, 0x00,
    0x70, 0x00, 0x70, 0x00, 0x38, 0x00, 0x38, 0x00, 0x00, 0x00, 0x1F, 0x00, 0x3F, 0xE0, 0x3F, 0xF8,
    0x3C, 0x1E, 0x3C, 0x07, 0x9C, 0x01, 0xDE, 0x00, 0xEE, 0x00, 0x07, 0x00, 0x03, 0x80, 0xFD, 0xC0,
    0xFE, 0xE0, 0x7F, 0x70, 0x03, 0x9C, 0x01, 0xCE, 0x00, 0xE7, 0x80, 0xF1, 0xF1, 0xF0, 0x7F, 0xF0,
    0x1F, 0xF0, 0x01, 0xC0, 0x00, 0x03, 0xC0, 0x1C, 0x01, 0xC0, 0x0E, 0x00, 0x00, 0x0F, 0x98, 0xFF,
    0xEF, 0xFF, 0x70, 0x7F, 0x03, 0xF8, 0x0F, 0xC0, 0x7E, 0x03, 0xF0, 0x1F, 0x81, 0xFE, 0x0F, 0x7D,
    0xF9, 0xFF, 0xC7, 0xEE, 0x00, 0x72, 0x07, 0x38, 0x39, 0xFF, 0xC7, 0xFC, 0x0F, 0x00, 0xC0, 0x0C,
    0x00, 0xE0, 0x0E, 0x00, 0xE0, 0x0E, 0x00, 0xE0, 0x0E, 0x00, 0xE0, 0x0E, 0x00, 0xE0, 0x0E, 0x07,
    0xE0, 0x0E, 0x07, 0xE0, 0x0E, 0x07, 0xFF, 0xFE, 0x07, 0xFF, 0xFE, 0x07, 0xFF, 0xFE, 0x07, 0xE0,
    0x0E, 0x07, 0xE0, 0x0E, 0x07, 0xE0, 0x0E, 0x07, 0xE0, 0x0E, 0x07, 0xE0, 0x0E, 0x07, 0xE0, 0x0F,
    0x0E, 0xE0, 0x07, 0xFE, 0xE0, 0x03, 0xFC, 0x00, 0x00, 0xE0, 0xEF, 0x83, 0xFF, 0x8F, 0xFF, 0x3C,
    0x3E, 0xE0, 0x3B, 0x80, 0xEE, 0x03, 0xF8, 0x0F, 0xE0, 0x3F, 0x80, 0xFE, 0x03, 0xF8, 0x0E, 0xE0,
    0x3B, 0x81, 0xEE, 0x07, 0x38, 0x3C, 0xE1, 0xE3, 0x9F, 0x0F, 0xF8, 0x3F, 0xC0, 0xFC, 0x03, 0x80,
    0x0E, 0x00, 0x38, 0x00, 0x00, 0x00, 0x0E, 0x00, 0x0E, 0x00, 0x1C, 0x00, 0x18, 0x00, 0x00, 0x1C,
    0x01, 0xBC, 0x03, 0xF8, 0x07, 0xF8, 0x0F, 0xF8, 0x1F, 0xF0, 0x3F, 0xF0, 0x7E, 0xE0, 0xFC, 0xE1,
    0xF9, 0xE3, 0xF1, 0xC7, 0xE1, 0xCF, 0xC3, 0xDF, 0x83, 0xBF, 0x07, 0xFE, 0x07, 0xFC, 0x07, 0xF8,
    0x0F, 0xF0, 0x0F, 0x1C, 0x01, 0xE0, 0x0E, 0x00, 0x60, 0x00, 0x06, 0x78, 0xFF, 0xEF, 0xFE, 0xF0,
    0xFF, 0x07, 0xE0, 0x7E, 0x07, 0xE0, 0x7E, 0x07, 0xE0, 0x7E, 0x07, 0xE0, 0x7E, 0x07, 0xE0, 0x70,
    0x00, 0x70, 0x00, 0x70, 0x00, 0x30, 0x00, 0x7C, 0x00, 0x7F, 0x00, 0x3B, 0x80, 0x1C, 0xC0, 0x0F,
    0xE0, 0x03, 0xE0, 0x00, 0xE0, 0x00, 0x70, 0x00, 0x7C, 0x00, 0x3E, 0x00, 0x3B, 0x80, 0x1D, 0xC0,
    0x0E, 0xE0, 0x0E, 0x38, 0x07, 0x1C, 0x03, 0x8E, 0x03, 0x83, 0x81, 0xC1, 0xC0, 0xFF, 0xE0, 0xFF,
    0xF8, 0x70, 0x1C, 0x78, 0x0F, 0x38, 0x03, 0x9C, 0x01, 0xDE, 0x00, 0x70, 0x03, 0x80, 0x70, 0x18,
    0x07, 0x01, 0xF0, 0x7F, 0x0E, 0x61, 0xDC, 0x1F, 0x81, 0xC0, 0x7E, 0x3F, 0xE7, 0xFF, 0xC1, 0xC8,
    0x38, 0x07, 0x3F, 0xEF, 0xFF, 0xE3, 0xF0, 0x7E, 0x0F, 0xC3, 0xFF, 0xFB, 0xFF, 0x1C, 0x00, 0x00,
    0x00, 0xE0, 0x00, 0x00, 0xE0, 0x00, 0x01, 0xC0, 0x00, 0x01, 0xC0, 0x00, 0x00, 0x00, 0x00, 0x7F,
    0xFE, 0x00, 0xFF, 0xFF, 0x00, 0xFF, 0xFE, 0x00, 0xEE, 0x00, 0x01, 0xCE, 0x00, 0x01, 0xCE, 0x00,
    0x03, 0x8E, 0x00, 0x03, 0x8E, 0x00, 0x07, 0x0F, 0xFC, 0x07, 0x0F, 0xFE, 0x0E, 0x0F, 0xFE, 0x0E,
    0x1E, 0x00, 0x1F, 0xFE, 0x00, 0x1F, 0xFE, 0x00, 0x3C, 0x0E, 0x00, 0x38, 0x0E, 0x00, 0x78, 0x0E,
    0x00, 0x70, 0x0F, 0xFF, 0xF0, 0x0F, 0xFF, 0x00, 0x38, 0x00, 0x01, 0xC0, 0x00, 0x1C, 0x00, 0x00,
    0xE0, 0x00, 0x00, 0x00, 0x0F, 0x87, 0xC1, 0xFF, 0x7F, 0x8F, 0xFF, 0xFE, 0xE0, 0xF0, 0x71, 0x07,
    0x81, 0xC0, 0x38, 0x0E, 0x7F, 0xFF, 0xF7, 0xFF, 0xFF, 0xFC, 0x70, 0x03, 0x83, 0x80, 0x1C, 0x1E,
    0x06, 0xE1, 0xF8, 0x77, 0xFF, 0xFF, 0x9F, 0xE7, 0xF8, 0x38, 0x0E, 0x00, 0x00, 0x70, 0x00, 0x70,
    0x00, 0x38, 0x00, 0x38, 0x00, 0x00, 0x00, 0x1F, 0x10, 0x3F, 0xFC, 0x3F, 0xFE, 0x3C, 0x1E, 0x3C,
    0x0F, 0x9C, 0x0F, 0xDE, 0x0F, 0xFE, 0x07, 0x3F, 0x07, 0x1F, 0x87, 0x0F, 0xC7, 0x87, 0xE3, 0x83,
    0xF3, 0x81, 0xDF, 0xC1, 0xCF, 0xC0, 0xE7, 0xC0, 0xF1, 0xF1, 0xF1, 0xFF, 0xF0, 0xFF, 0xF0, 0x21,
    0xC0, 0x00, 0x00, 0xE0, 0x07, 0x00, 0x18, 0x00, 0xE0, 0x00, 0x00, 0x1F, 0x31, 0xFF, 0xCF, 0xFE,
    0x38, 0x79, 0xC3, 0xE7, 0x1D, 0xDC, 0xF7, 0x73, 0x9D, 0xDC, 0x77, 0xE1, 0xDF, 0x0E, 0x3C, 0x79,
    0xFF, 0xC7, 0xFE, 0x08, 0xE0, 0x1D, 0xC0, 0x07, 0x70, 0x03, 0xB8, 0x00, 0xEE, 0x00, 0x00, 0x00,
    0x0E, 0x00, 0x07, 0x00, 0x07, 0xC0, 0x03, 0xE0, 0x03, 0xB8, 0x01, 0xDC, 0x00, 0xEE, 0x00, 0xE3,
    0x80, 0x71, 0xC0, 0x38, 0xE0, 0x38, 0x38, 0x1C, 0x1C, 0x0F, 0xFE, 0x0F, 0xFF, 0x87, 0x01, 0xC7,
    0x80, 0xF3, 0x80, 0x39, 0xC0, 0x1D, 0xE0, 0x07, 0xE7, 0x0E, 0xE1, 0xCC, 0x1D, 0xC0, 0x00, 0x3F,
    0x1F, 0xF3, 0xFF, 0xE0, 0xE4, 0x1C, 0x03, 0x9F, 0xF7, 0xFF, 0xF1, 0xF8, 0x3F, 0x07, 0xE1, 0xFF,
    0xFD, 0xFF, 0x8E, 0x00, 0x00, 0x00, 0x01, 0xF0, 0x01, 0xFC, 0x00, 0xC6, 0x00, 0x63, 0x00, 0x00,
    0x00, 0x07, 0x00, 0x03, 0x80, 0x03, 0xE0, 0x01, 0xF0, 0x01, 0xDC, 0x00, 0xEE, 0x00, 0x77, 0x00,
    0x71, 0xC0, 0x38, 0xE0, 0x1C, 0x70, 0x1C, 0x1C, 0x0E, 0x0E, 0x07, 0xFF, 0x07, 0xFF, 0xC3, 0x80,
    0xE3, 0xC0, 0x79, 0xC0, 0x1C, 0xE0, 0x0E, 0xF0, 0x03, 0x80, 0x00, 0x03, 0xE0, 0xFE, 0x18, 0xE3,
    0x1C, 0x00, 0x07, 0xE3, 0xFE, 0x7F, 0xFC, 0x1C, 0x83, 0x80, 0x73, 0xFE, 0xFF, 0xFE, 0x3F, 0x07,
    0xE0, 0xFC, 0x3F, 0xFF, 0xBF, 0xF1, 0xC0, 0xE7, 0x07, 0x70, 0x33, 0x83, 0xB8, 0x00, 0x0F, 0xFE,
    0xFF, 0xFF, 0xFF, 0xE0, 0x0E, 0x00, 0xE0, 0x0E, 0x00, 0xE0, 0x0F, 0xFE, 0xFF, 0xEF, 0xFE, 0xE0,
    0x0E, 0x00, 0xE0, 0x0E, 0x00, 0xE0, 0x0E, 0x00, 0xFF, 0xFF, 0xFF, 0x77, 0x03, 0x9C, 0x0E, 0xE0,
    0x33, 0x00, 0x00, 0x07, 0xC0, 0xFF, 0x0F, 0xFC, 0x70, 0x77, 0x03, 0xB8, 0x0D, 0xFF, 0xFF, 0xFF,
    0xF0, 0x03, 0x80, 0x1C, 0x0E, 0x78, 0xF1, 0xFF, 0x07, 0xF0, 0x0E, 0x00, 0x00, 0x01, 0xF0, 0x3F,
    0x83, 0x1C, 0x30, 0xC0, 0x00, 0xFF, 0xEF, 0xFF, 0xFF, 0xFE, 0x00, 0xE0, 0x0E, 0x00, 0xE0, 0x0E,
    0x00, 0xFF, 0xEF, 0xFE, 0xFF, 0xEE, 0x00, 0xE0, 0x0E, 0x00, 0xE0, 0x0E, 0x00, 0xE0, 0x0F, 0xFF,
    0xFF, 0xF0, 0x00, 0x00, 0x7C, 0x07, 0xF0, 0x71, 0x83, 0x0C, 0x00, 0x00, 0x3E, 0x07, 0xF8, 0x7F,
    0xE3, 0x83, 0xB8, 0x1D, 0xC0, 0x6F, 0xFF, 0xFF, 0xFF, 0x80, 0x1C, 0x00, 0xE0, 0x73, 0xC7, 0x8F,
    0xF8, 0x3F, 0x80, 0x70, 0x00, 0x77, 0x1C, 0xE3, 0xB8, 0x66, 0x00, 0x01, 0x80, 0x70, 0x1C, 0x07,
    0x01, 0xC0, 0x70, 0x1C, 0x07, 0x01, 0xC0, 0x70, 0x1C, 0x07, 0x01, 0xC0, 0x70, 0x1C, 0x07, 0x01,
    0xC0, 0x70, 0x1C, 0xE7, 0x3B, 0x8E, 0xE7, 0x70, 0x00, 0x30, 0x38, 0x1C, 0x0E, 0x07, 0x03, 0x81,
    0xC0, 0xE0, 0x70, 0x38, 0x1C, 0x0E, 0x07, 0x03, 0x80, 0x00, 0x3E, 0x7F, 0xE3, 0xC3, 0x00, 0x18,
    0x1C, 0x1C, 0x1C, 0x1C, 0x1C, 0x1C, 0x1C, 0x1C, 0x1C, 0x1C, 0x1C, 0x1C, 0x1C, 0x1C, 0x1C, 0x1C,
    0x1C, 0x1C, 0x00, 0x7E, 0xFE, 0xE7, 0xC3, 0x00, 0x18, 0x38, 0x38, 0x38, 0x38, 0x38, 0x38, 0x38,
    0x38, 0x38, 0x38, 0x38, 0x38, 0x38, 0x1D, 0xC0, 0x07, 0x70, 0x03, 0xB8, 0x00, 0xEE, 0x00, 0x00,
    0x00, 0x1F, 0x00, 0x3F, 0xE0, 0x3F, 0xF8, 0x3C, 0x1E, 0x3C, 0x07, 0x9C, 0x01, 0xDE, 0x00, 0xFE,
    0x00, 0x3F, 0x00, 0x1F, 0x80, 0x0F, 0xC0, 0x07, 0xE0, 0x03, 0xF0, 0x01, 0xDC, 0x01, 0xCE, 0x00,
    0xE7, 0x80, 0xF1, 0xF1, 0xF0, 0x7F, 0xF0, 0x1F, 0xF0, 0x01, 0xC0, 0x00, 0x77, 0x03, 0x9C, 0x0E,
    0xE0, 0x33, 0x00, 0x00, 0x07, 0xC0, 0xFF, 0x8F, 0xFC, 0x70, 0x77, 0x03, 0xB8, 0x0F, 0xC0, 0x7E,
    0x03, 0xF0, 0x1F, 0x80, 0xFE, 0x0E, 0x78, 0xF1, 0xFF, 0x07, 0xF0, 0x0E, 0x00, 0x00, 0x00, 0x01,
    0xF0, 0x01, 0xFC, 0x00, 0xC6, 0x00, 0x63, 0x00, 0x00, 0x00, 0x0F, 0x80, 0x1F, 0xF0, 0x1F, 0xFC,
    0x1E, 0x0F, 0x1E, 0x03, 0xCE, 0x00, 0xEF, 0x00, 0x7F, 0x00, 0x1F, 0x80, 0x0F, 0xC0, 0x07, 0xE0,
    0x03, 0xF0, 0x01, 0xF8, 0x00, 0xEE, 0x00, 0xE7, 0x00, 0x73, 0xC0, 0x78, 0xF8, 0xF8, 0x3F, 0xF8,
    0x0F, 0xF8, 0x00, 0xE0, 0x00, 0x00, 0x00, 0x7C, 0x07, 0xF0, 0x71, 0x83, 0x8C, 0x00, 0x00, 0x3E,
    0x07, 0xFC, 0x7F, 0xE3, 0x83, 0xB8, 0x1D, 0xC0, 0x7E, 0x03, 0xF0, 0x1F, 0x80, 0xFC, 0x07, 0xF0,
    0x73, 0xC7, 0x8F, 0xF8, 0x3F, 0x80, 0x70, 0x00, 0xE7, 0x01, 0xDC, 0x03, 0xB8, 0x0E, 0xE0, 0x00,
    0x03, 0xF8, 0x0F, 0xFE, 0x3F, 0xFC, 0xE0, 0xF3, 0x80, 0xEE, 0x03, 0xB8, 0x0E, 0xE0, 0x3B, 0x81,
    0xEF, 0xFF, 0x3F, 0xF8, 0xFF, 0xC3, 0x87, 0x0E, 0x1E, 0x38, 0x38, 0xE0, 0xF3, 0x81, 0xCE, 0x07,
    0xB8, 0x0E, 0xF7, 0x1D, 0xC3, 0xB8, 0x66, 0x00, 0x06, 0xF3, 0xFC, 0xFF, 0x3C, 0x0F, 0x03, 0x80,
    0xE0, 0x38, 0x0E, 0x03, 0x80, 0xE0, 0x38, 0x0E, 0x03, 0x80, 0x00, 0x00, 0x7E, 0x03, 0xF8, 0x0E,
    0x70, 0x30, 0xC0, 0x00, 0x0F, 0xE0, 0x3F, 0xF8, 0xFF, 0xF3, 0x83, 0xCE, 0x03, 0xB8, 0x0E, 0xE0,
    0x3B, 0x80, 0xEE, 0x07, 0xBF, 0xFC, 0xFF, 0xE3, 0xFF, 0x0E, 0x1C, 0x38, 0x78, 0xE0, 0xE3, 0x83,
    0xCE, 0x07, 0x38, 0x1E, 0xE0, 0x38, 0x00, 0x7E, 0x7F, 0xE7, 0xC3, 0x00, 0x6F, 0xFF, 0xFF, 0xF0,
    0xF0, 0xE0, 0xE0, 0xE0, 0xE0, 0xE0, 0xE0, 0xE0, 0xE0, 0xE0, 0x3B, 0x80, 0x73, 0x80, 0x77, 0x00,
    0x66, 0x00, 0x00, 0x18, 0x01, 0xB8, 0x03, 0xF0, 0x07, 0xE0, 0x0F, 0xC0, 0x1F, 0x80, 0x3F, 0x00,
    0x7E, 0x00, 0xFC, 0x01, 0xF8, 0x03, 0xF0, 0x07, 0xE0, 0x0F, 0xC0, 0x1F, 0x80, 0x3F, 0x00, 0xEF,
    0x01, 0xCF, 0x0F, 0x8F, 0xFE, 0x0F, 0xF8, 0x07, 0x80, 0x77, 0x07, 0x38, 0x3B, 0x81, 0x98, 0x00,
    0x06, 0x07, 0xE0, 0x7E, 0x07, 0xE0, 0x7E, 0x07, 0xE0, 0x7E, 0x07, 0xE0, 0x7E, 0x07, 0xE0, 0x77,
    0x07, 0x78, 0xF7, 0xFF, 0x3F, 0xF0, 0x40, 0x00, 0x00, 0x0F, 0x80, 0x3F, 0x80, 0xE3, 0x01, 0x86,
    0x00, 0x00, 0x30, 0x03, 0x70, 0x07, 0xE0, 0x0F, 0xC0, 0x1F, 0x80, 0x3F, 0x00, 0x7E, 0x00, 0xFC,
    0x01, 0xF8, 0x03, 0xF0, 0x07, 0xE0, 0x0F, 0xC0, 0x1F, 0x80, 0x3F, 0x00, 0x7E, 0x01, 0xDE, 0x03,
    0x9E, 0x1F, 0x1F, 0xFC, 0x1F, 0xF0, 0x0F, 0x00, 0x00, 0x00, 0xF8, 0x1F, 0xC3, 0x8C, 0x30, 0xC0,
    0x00, 0x60, 0x7E, 0x07, 0xE0, 0x7E, 0x07, 0xE0, 0x7E, 0x07, 0xE0, 0x7E, 0x07, 0xE0, 0x7E, 0x07,
    0x70, 0x77, 0x8F, 0x7F, 0xF3, 0xFF, 0x04, 0x00, 0x07, 0x80, 0x7F, 0x83, 0xFF, 0x1E, 0x1E, 0x70,
    0x3B, 0x80, 0x7F, 0x00, 0x1E, 0x00, 0x7F, 0x00, 0xFF, 0x80, 0x7F, 0x00, 0x3E, 0x00, 0x3C, 0x00,
    0x7E, 0x01, 0xFC, 0x0F, 0x78, 0x79, 0xFF, 0xE1, 0xFE, 0x01, 0xE0, 0x07, 0x00, 0x1C, 0x00, 0x70,
    0x01, 0x80, 0x06, 0x00, 0x00, 0x00, 0x1F, 0x0F, 0xF9, 0xFF, 0x70, 0x7E, 0x01, 0xE0, 0x1F, 0xC1,
    0xFE, 0x07, 0xE0, 0x1F, 0x83, 0xF8, 0xF7, 0xFC, 0x7F, 0x03, 0x80, 0x70, 0x0E, 0x01, 0x80, 0x70,
    0x0E, 0x00, 0x00, 0xFF, 0xFF, 0xFF, 0xFF, 0xFF, 0xC1, 0xE0, 0x07, 0x80, 0x1E, 0x00, 0x78, 0x01,
    0xE0, 0x07, 0x80, 0x1E, 0x00, 0x78, 0x01, 0xE0, 0x07, 0x80, 0x1E, 0x00, 0x78, 0x01, 0xE0, 0x07,
    0x80, 0x1E, 0x00, 0x78, 0x00, 0x00, 0x03, 0x00, 0x1C, 0x00, 0x70, 0x01, 0x80, 0x06, 0x00, 0x00,
    0x00, 0x38, 0x38, 0x38, 0xFF, 0xFF, 0xFE, 0x38, 0x38, 0x38, 0x38, 0x38, 0x38, 0x38, 0x38, 0x38,
    0x3F, 0x1F, 0x00, 0x1C, 0x1C, 0x18, 0x38, 0x38, 0x00, 0x0F, 0x80, 0xFF, 0x87, 0xFF, 0x1E, 0x1E,
    0xF0, 0x3B, 0x80, 0xE0, 0x03, 0x80, 0x0E, 0x00, 0x78, 0x03, 0xC0, 0x1F, 0x01, 0xFE, 0x3F, 0xB9,
    0xF8, 0xE7, 0x03, 0xC0, 0x0F, 0x00, 0x38, 0x00, 0xE0, 0x07, 0x80, 0x3C, 0x03, 0xE0, 0x7F, 0x07,
    0xF8, 0x1F, 0x00, 0x20, 0x00, 0x1F, 0x8F, 0xF9, 0xFF, 0xF8, 0x7E, 0x0E, 0x01, 0xC0, 0x70, 0x1E,
    0x0F, 0xCF, 0xFD, 0xF3, 0xB0, 0x70, 0x0E, 0x01, 0xC0, 0x78, 0x1E, 0x1F, 0x8F, 0xE1, 0xF0, 0x10,
    0x00, 0x1C, 0xE0, 0x1F, 0x80, 0x1F, 0x00, 0x1C, 0x00, 0x00, 0x18, 0x01, 0xB8, 0x03, 0xF0, 0x07,
    0xE0, 0x0F, 0xC0, 0x1F, 0x80, 0x3F, 0x00, 0x7E, 0x00, 0xFF, 0xFF, 0xFF, 0xFF, 0xFF, 0xFF, 0xE0,
    0x0F, 0xC0, 0x1F, 0x80, 0x3F, 0x00, 0x7E, 0x00, 0xFC, 0x01, 0xF8, 0x03, 0xF0, 0x07, 0xE7, 0x01,
    0xF8, 0x03, 0xC0, 0x0E, 0x00, 0x00, 0x00, 0x60, 0x03, 0x80, 0x0E, 0x00, 0x38, 0x00, 0xE0, 0x03,
    0x9E, 0x0F, 0xFE, 0x3F, 0xF8, 0xF0, 0xF3, 0xC1, 0xCE, 0x07, 0x38, 0x1C, 0xE0, 0x73, 0x81, 0xCE,
    0x07, 0x38, 0x1C, 0xE0, 0x73, 0x81, 0xCE, 0x07, 0x73, 0x8E, 0x70, 0x39, 0xDC, 0xC0, 0x3C, 0x7E,
    0x77, 0xE7, 0x33, 0x7F, 0xFF, 0x00, 0xFF, 0xFE, 0xC7, 0xE6, 0x7E, 0x3C, 0x6F, 0xF4, 0xE3, 0x73,
    0xF9, 0xC8, 0x40, 0xF7, 0x8C, 0xE0, 0x38, 0xFB, 0xFF, 0x3E, 0xEF, 0xCE, 0x00, 0x33, 0x77, 0x66,
    0xEE, 0xCC, 0xE7, 0x7E, 0x3E, 0x1C, 0x77, 0x3B, 0x8E, 0xE3, 0x30, 0x37, 0x7E, 0xEE, 0xE0, 0x31,
    0xCE, 0x73, 0xB9, 0xCC, 0x31, 0xCE, 0x73, 0xB9, 0xCC, 0x77, 0x76, 0xEC, 0x6F, 0xF4, 0x37, 0x77,
    0xE6, 0x61, 0x87, 0x9E, 0x7B, 0xE0, 0x00, 0x33, 0xB9, 0xCF, 0xFC, 0xC0, 0xE7, 0x7E, 0x3E, 0x1C,
    0x00, 0xE0, 0x18, 0x07, 0x00, 0xC0, 0x38, 0x06, 0x01, 0xC0, 0x30, 0x0E, 0x01, 0x80, 0x70, 0x0C,
    0x03, 0x80, 0x60, 0x1C, 0x03, 0x00, 0x60, 0x00, 0x00, 0x06, 0x00, 0x18, 0x00, 0x70, 0x00, 0xC0,
    0x03, 0x00, 0x0E, 0x00, 0x18, 0x00, 0x70, 0x00, 0xC0, 0x03, 0x00, 0x0E, 0x00, 0x18, 0x00, 0x60,
    0x01, 0xC0, 0x03, 0x00, 0x0E, 0x00, 0x18, 0x00, 0x60, 0x01, 0xC0, 0x03, 0x00, 0x00, 0x73, 0x7F,
    0xFE, 0x00, 0x77, 0x6E, 0xE0, 0xFF, 0xFF, 0xF8, 0x7C, 0x3E, 0x18, 0x00, 0xFF, 0xFF, 0x00, 0x7F,
    0xFF, 0x00, 0x01, 0xDB, 0xB7, 0x6E, 0xDD, 0x80, 0xFF, 0xF7, 0xC7, 0x1C, 0x20, 0x00, 0x3F, 0xFF,
    0xFF, 0xFD, 0xF0, 0xC0, 0x0E, 0x07, 0x80, 0xE0, 0xE7, 0x7F, 0xDB, 0xE6, 0xF0, 0x78, 0x0E, 0x00,
    0x00, 0x10, 0x9F, 0xFF, 0xF9, 0xE7, 0x7F, 0xB9, 0xC0, 0x19, 0x86, 0x39, 0xFF, 0xBF, 0xF3, 0x1C,
    0x33, 0x00, 0x18, 0x79, 0xFE, 0xF1, 0x83, 0x00, 0x00, 0x38, 0x0F, 0xC1, 0xFC, 0x0F, 0xC1, 0xF1,
    0xFF, 0xF8, 0xF8, 0x30, 0x00, 0x7F, 0x6E, 0x40, 0x3C, 0xFE, 0xE7, 0xC7, 0x38, 0x3C, 0x38, 0x00,
    0xDD, 0xF1, 0xE7, 0xCD, 0xC1, 0x00, 0x00, 0x1C, 0xFF, 0xCF, 0xC3, 0xC1, 0x80, 0x01, 0xC3, 0xF0,
    0xF7, 0xFE, 0x30, 0x00, 0x00, 0x23, 0xC1, 0xC7, 0xC7, 0x07, 0xBC, 0x3E, 0xD9, 0xE7, 0x64, 0x19,
    0xC0, 0x4F, 0x73, 0x7F, 0x60, 0x6F, 0xF4, 0x00, 0xCF, 0xBF, 0x71, 0xE4, 0x00, 0x33, 0x3F, 0xEC,
    0xCF, 0x33, 0xFF, 0xDF, 0xE0, 0x31, 0xC6, 0x1F, 0x78, 0x63, 0x80, 0x40, 0x00, 0xBC, 0x00, 0xE7,
    0xF3, 0xF0, 0x7F, 0xF8, 0x03, 0xF0, 0x00, 0x40, 0x00, 0xBC, 0x00, 0xE7, 0xF3, 0xF0, 0x7F, 0xF8,
    0x03, 0xF0, 0x00, 0x7F, 0xFE, 0xFF, 0xFE, 0xFF, 0xFE, 0x7F, 0xFE, 0xFF, 0xFE, 0xFF, 0xFE, 0x3F,
    0x80, 0x03, 0x7F, 0xFF, 0xFF, 0xFF, 0xFF, 0xFE, 0xC0, 0x07, 0xFC, 0x00, 0xC0, 0x03, 0xFF, 0x03,
    0xFF, 0xF1, 0xE0, 0x1E, 0xE0, 0x01, 0xC0, 0x00, 0x03, 0x00, 0x00, 0x3C, 0xFF, 0xFF, 0xEF, 0xFF,
    0xFE, 0x00, 0x01, 0xC0, 0x00, 0x38, 0x39, 0xFB, 0x33, 0xEF, 0xD9, 0xBF, 0x3E, 0x39, 0xFB, 0x37,
    0xEF, 0xD9, 0xBF, 0x1C, 0xFF, 0xFF, 0xF0, 0x3C, 0x7E, 0x66, 0x67, 0x67, 0x66, 0x7E, 0x3C, 0xCF,
    0x3C, 0xF3, 0xCF, 0x3F, 0xDF, 0x3C, 0xFD, 0x9B, 0x06, 0x0C, 0xDF, 0x9E, 0x06, 0x0C, 0x19, 0xF7,
    0xEC, 0xF9, 0xF3, 0x66, 0xFC, 0xF8, 0xC3, 0x0C, 0x3E, 0xFF, 0x3C, 0xF3, 0xCF, 0x3C, 0xC0, 0xFB,
    0xBF, 0xFC, 0xCF, 0x33, 0xCC, 0xF3, 0x3C, 0xCF, 0x33, 0xF7, 0xB9, 0x8C, 0x63, 0x18, 0x23, 0xBF,
    0xF7, 0x39, 0xCE, 0x39, 0xC0, 0x66, 0x66, 0x7E, 0x3E, 0x3C, 0x3C, 0x18, 0x18, 0xE6, 0xDD, 0xF1,
    0xC3, 0x8F, 0x9B, 0xF3, 0x6F, 0xE6, 0x66, 0x66, 0x11, 0x9C, 0xEE, 0x00, 0xC0, 0x0D, 0xC0, 0x3F,
    0x80, 0xFF, 0x01, 0xFE, 0x07, 0xFC, 0x1F, 0xF8, 0x3B, 0xF0, 0xF7, 0xE3, 0xCF, 0xC7, 0x1F, 0x9E,
    0x3F, 0x38, 0x7E, 0xE0, 0xFF, 0xC1, 0xFF, 0x03, 0xFC, 0x07, 0xF8, 0x0F, 0xE0, 0x1F, 0xC0, 0x38,
    0xEE, 0xE7, 0x70, 0x1F, 0x07, 0xFC, 0x7F, 0xEE, 0x0E, 0xE0, 0x70, 0x07, 0x00, 0x70, 0x07, 0x00,
    0x70, 0x07, 0xE0, 0xFF, 0x1E, 0x7F, 0xC3, 0xF8, 0x0E, 0x00, 0x0F, 0x83, 0xFE, 0x7F, 0xE7, 0x07,
    0xE0, 0x7E, 0x20, 0xE7, 0x0E, 0xF0, 0xE7, 0x0E, 0x00, 0xF0, 0x77, 0x8F, 0x3F, 0xE1, 0xFC, 0x07,
    0x00, 0x1F, 0x07, 0xFC, 0x7F, 0xEE, 0x0E, 0xE0, 0x70, 0x47, 0x0E, 0x70, 0xE7, 0x0E, 0x70, 0x07,
    0xE0, 0xFF, 0x1E, 0x7F, 0xC3, 0xF8, 0x0E, 0x00, 0x03, 0x9E, 0xE2, 0x00, 0x00, 0x00, 0x00, 0x67,
    0x39, 0xDC, 0xE7, 0x30, 0x00, 0x60, 0x1C, 0x03, 0x80, 0x70, 0x0E, 0x01, 0xC0, 0x38, 0x07, 0x00,
    0xE0, 0x1C, 0x03, 0x80, 0x7C, 0x0F, 0xC1, 0xF8, 0x3F, 0x07, 0xF1, 0xEF, 0xF8, 0xFE, 0x07, 0x00,
    0x77, 0x66, 0x06, 0x01, 0xC0, 0x38, 0x77, 0x6E, 0xDF, 0xC3, 0x90, 0x00, 0x01, 0xC0, 0x1C, 0xE0,
    0x0C, 0xF8, 0x06, 0x7C, 0x07, 0x77, 0x00, 0x3B, 0x80, 0x1D, 0xC0, 0x1C, 0x70, 0x0E, 0x38, 0x07,
    0x1C, 0x07, 0x07, 0x03, 0x83, 0x81, 0xFF, 0xC1, 0xFF, 0xF0, 0xE0, 0x38, 0xF0, 0x1E, 0x70, 0x07,
    0x38, 0x03, 0xBC, 0x00, 0xE0, 0x03, 0xBC, 0xE2, 0x00, 0x07, 0xFE, 0xEF, 0xFF, 0xEF, 0xFF, 0xCE,
    0x00, 0xCE, 0x00, 0x0E, 0x00, 0x0E, 0x00, 0x0E, 0x00, 0x0F, 0xFE, 0x0F, 0xFE, 0x0F, 0xFE, 0x0E,
    0x00, 0x0E, 0x00, 0x0E, 0x00, 0x0E, 0x00, 0x0E, 0x00, 0x0E, 0x00, 0x0F, 0xFF, 0x0F, 0xFF, 0x06,
    0x00, 0xDD, 0xC0, 0x1F, 0xB8, 0x03, 0xE7, 0x00, 0x7C, 0xE0, 0x0E, 0x1C, 0x01, 0xC3, 0x80, 0x38,
    0x70, 0x07, 0x0F, 0xFF, 0xE1, 0xFF, 0xFC, 0x3F, 0xFF, 0x87, 0x00, 0x70, 0xE0, 0x0E, 0x1C, 0x01,
    0xC3, 0x80, 0x38, 0x70, 0x07, 0x0E, 0x00, 0xE1, 0xC0, 0x1C, 0x38, 0x03, 0x80, 0x07, 0xDF, 0xBE,
    0x7C, 0xE1, 0xC3, 0x87, 0x0E, 0x1C, 0x38, 0x70, 0xE1, 0xC3, 0x87, 0x0E, 0x1C, 0x38, 0x00, 0xF8,
    0x1C, 0x7F, 0xC3, 0x9F, 0xFC, 0x67, 0xC3, 0xCD, 0xE0, 0x3C, 0x38, 0x03, 0x87, 0x00, 0x39, 0xC0,
    0x07, 0x38, 0x00, 0xE7, 0x00, 0x1C, 0xE0, 0x03, 0x9C, 0x00, 0x73, 0xC0, 0x0E, 0x38, 0x01, 0xC7,
    0x00, 0x70, 0x70, 0x1E, 0x0F, 0x8F, 0x80, 0xFF, 0xE0, 0x0F, 0xF8, 0x00, 0x38, 0x00, 0x06, 0x00,
    0x37, 0x78, 0x03, 0xB9, 0xC0, 0x39, 0x87, 0x03, 0xCC, 0x3C, 0x1C, 0x00, 0xE1, 0xE0, 0x03, 0x9E,
    0x00, 0x1E, 0xE0, 0x00, 0x7F, 0x00, 0x03, 0xF0, 0x00, 0x0F, 0x00, 0x00, 0x38, 0x00, 0x01, 0xC0,
    0x00, 0x0E, 0x00, 0x00, 0x70, 0x00, 0x03, 0x80, 0x00, 0x1C, 0x00, 0x00, 0xE0, 0x00, 0x07, 0x00,
    0x00, 0x78, 0x1C, 0x7F, 0xC3, 0x9F, 0xFE, 0x67, 0xC3, 0xED, 0xE0, 0x1C, 0x38, 0x03, 0xC7, 0x00,
    0x39, 0xE0, 0x07, 0x38, 0x00, 0xE7, 0x00, 0x1C, 0xE0, 0x03, 0x8E, 0x00, 0x71, 0xC0, 0x0E, 0x3C,
    0x03, 0x83, 0xC0, 0xF0, 0x3E, 0x7C, 0x01, 0xCE, 0x07, 0xF9, 0xFC, 0xFF, 0x3F, 0x80, 0x1C, 0x1C,
    0x18, 0x18, 0x42, 0xE7, 0xE7, 0xE6, 0x00, 0x18, 0x38, 0x38, 0x38, 0x38, 0x38, 0x38, 0x38, 0x38,
    0x38, 0x38, 0x1C, 0x1E, 0x1F, 0x00, 0x01, 0xC0, 0x00, 0xE0, 0x00, 0xF8, 0x00, 0x7C, 0x00, 0x77,
    0x00, 0x3B, 0x80, 0x1D, 0xC0, 0x1C, 0x70, 0x0E, 0x38, 0x07, 0x1C, 0x07, 0x07, 0x03, 0x83, 0x81,
    0xFF, 0xC1, 0xFF, 0xF0, 0xE0, 0x38, 0xF0, 0x1E, 0x70, 0x07, 0x38, 0x03, 0xBC, 0x00, 0xE0, 0xFF,
    0x07, 0xFE, 0x3F, 0xFD, 0xC1, 0xEE, 0x07, 0x70, 0x1F, 0x80, 0xFC, 0x0E, 0xFF, 0xF7, 0xFE, 0x3F,
    0xFD, 0xC0, 0xFE, 0x03, 0xF0, 0x1F, 0x80, 0xFC, 0x07, 0xE0, 0xFF, 0xFF, 0xBF, 0xF8, 0xFF, 0xEF,
    0xFF, 0xFF, 0xFE, 0x00, 0xE0, 0x0E, 0x00, 0xE0, 0x0E, 0x00, 0xE0, 0x0E, 0x00, 0xE0, 0x0E, 0x00,
    0xE0, 0x0E, 0x00, 0xE0, 0x0E, 0x00, 0xE0, 0x0E, 0x00, 0xE0, 0x00, 0x01, 0xC0, 0x00, 0xE0, 0x00,
    0xF8, 0x00, 0x7C, 0x00, 0x7E, 0x00, 0x3B, 0x80, 0x1D, 0xC0, 0x1C, 0xE0, 0x0E, 0x38, 0x07, 0x1C,
    0x07, 0x0F, 0x03, 0x83, 0x81, 0xC1, 0xC1, 0xC0, 0x70, 0xE0, 0x38, 0xF0, 0x1C, 0x70, 0x07, 0x3F,
    0xFF, 0xBF, 0xFF, 0xC0, 0xFF, 0xEF, 0xFF, 0xFF, 0xFE, 0x00, 0xE0, 0x0E, 0x00, 0xE0, 0x0E, 0x00,
    0xFF, 0xEF, 0xFE, 0xFF, 0xEE, 0x00, 0xE0, 0x0E, 0x00, 0xE0, 0x0E, 0x00, 0xE0, 0x0F, 0xFF, 0xFF,
    0xF0, 0x7F, 0xFB, 0xFF, 0xFF, 0xFF, 0xC0, 0x0E, 0x00, 0x70, 0x03, 0xC0, 0x1E, 0x00, 0x70, 0x03,
    0x80, 0x1E, 0x00, 0x70, 0x03, 0x80, 0x1E, 0x00, 0x70, 0x03, 0x80, 0x1E, 0x00, 0x70, 0x03, 0xFF,
    0xFF, 0xFF, 0xC0, 0xC0, 0x0D, 0xC0, 0x1F, 0x80, 0x3F, 0x00, 0x7E, 0x00, 0xFC, 0x01, 0xF8, 0x03,
    0xF0, 0x07, 0xFF, 0xFF, 0xFF, 0xFF, 0xFF, 0xFF, 0x00, 0x7E, 0x00, 0xFC, 0x01, 0xF8, 0x03, 0xF0,
    0x07, 0xE0, 0x0F, 0xC0, 0x1F, 0x80, 0x38, 0x03, 0xE0, 0x07, 0xFC, 0x07, 0xFF, 0x07, 0x83, 0xC7,
    0x80, 0xF3, 0x80, 0x3B, 0xC0, 0x1F, 0xC0, 0x07, 0xE0, 0x03, 0xF7, 0xFD, 0xFB, 0xFE, 0xFC, 0x00,
    0x7E, 0x00, 0x3B, 0x80, 0x39, 0xC0, 0x1C, 0xF0, 0x1E, 0x3E, 0x3E, 0x0F, 0xFE, 0x03, 0xFE, 0x00,
    0x38, 0x00, 0xDF, 0xFF, 0xFF, 0xFF, 0xFF, 0xFF, 0xFF, 0x80, 0xC0, 0x1F, 0x80, 0xFE, 0x07, 0xB8,
    0x3C, 0xE1, 0xE3, 0x8F, 0x0E, 0x78, 0x3B, 0xC0, 0xFE, 0x03, 0xFC, 0x0F, 0xF0, 0x3D, 0xE0, 0xE3,
    0xC3, 0x87, 0x0E, 0x0E, 0x38, 0x3C, 0xE0, 0x7B, 0x80, 0xEE, 0x03, 0xC0, 0x01, 0xC0, 0x00, 0xE0,
    0x00, 0xF8, 0x00, 0x7C, 0x00, 0x77, 0x00, 0x3B, 0x80, 0x1D, 0xC0, 0x1C, 0x70, 0x0E, 0x38, 0x07,
    0x1C, 0x07, 0x07, 0x03, 0x83, 0x81, 0xC1, 0xC1, 0xC0, 0x70, 0xE0, 0x38, 0xF0, 0x1E, 0x70, 0x07,
    0x38, 0x03, 0xBC, 0x00, 0xE0, 0xE0, 0x01, 0xDE, 0x00, 0x7F, 0xC0, 0x0F, 0xFC, 0x01, 0xFF, 0x80,
    0x7F, 0xF8, 0x0F, 0xFF, 0x03, 0xBF, 0xE0, 0x77, 0xEE, 0x0E, 0xFD, 0xC3, 0x9F, 0xBC, 0x73, 0xF3,
    0x9C, 0x7E, 0x73, 0x8F, 0xC7, 0x71, 0xF8, 0xFC, 0x3F, 0x1F, 0x87, 0xE1, 0xF0, 0xFC, 0x3C, 0x1F,
    0x83, 0x83, 0x80, 0xE0, 0x0D, 0xE0, 0x1F, 0xC0, 0x3F, 0xC0, 0x7F, 0xC0, 0xFF, 0x81, 0xFF, 0x83,
    0xF7, 0x07, 0xE7, 0x0F, 0xCF, 0x1F, 0x8E, 0x3F, 0x0E, 0x7E, 0x1E, 0xFC, 0x1D, 0xF8, 0x3F, 0xF0,
    0x3F, 0xE0, 0x3F, 0xC0, 0x7F, 0x80, 0x78, 0x7F, 0xFB, 0xFF, 0xFF, 0xFF, 0xC0, 0x00, 0x00, 0x00,
    0x00, 0x00, 0x00, 0x00, 0x00, 0x3F, 0xF9, 0xFF, 0xE7, 0xFF, 0x80, 0x00, 0x00, 0x00, 0x00, 0x00,
    0x00, 0x00, 0x00, 0x00, 0x03, 0xFF, 0xFF, 0xFF, 0xC0, 0x03, 0xE0, 0x07, 0xFC, 0x07, 0xFF, 0x07,
    0x83, 0xC7, 0x80, 0xF3, 0x80, 0x3B, 0xC0, 0x1F, 0xC0, 0x07, 0xE0, 0x03, 0xF0, 0x01, 0xF8, 0x00,
    0xFC, 0x00, 0x7E, 0x00, 0x3B, 0x80, 0x39, 0xC0, 0x1C, 0xF0, 0x1E, 0x3E, 0x3E, 0x0F, 0xFE, 0x03,
    0xFE, 0x00, 0x38, 0x00, 0xFF, 0xFD, 0xFF, 0xFF, 0xFF, 0xFF, 0x00, 0x7E, 0x00, 0xFC, 0x01, 0xF8,
    0x03, 0xF0, 0x07, 0xE0, 0x0F, 0xC0, 0x1F, 0x80, 0x3F, 0x00, 0x7E, 0x00, 0xFC, 0x01, 0xF8, 0x03,
    0xF0, 0x07, 0xE0, 0x0F, 0xC0, 0x1F, 0x80, 0x38, 0xFE, 0x07, 0xFE, 0x3F, 0xFD, 0xC1, 0xEE, 0x07,
    0xF0, 0x1F, 0x80, 0xFC, 0x07, 0xE0, 0x7F, 0x07, 0xBF, 0xFD, 0xFF, 0xCF, 0xF0, 0x70, 0x03, 0x80,
    0x1C, 0x00, 0xE0, 0x07, 0x00, 0x38, 0x00, 0x7F, 0xFD, 0xFF, 0xFD, 0xFF, 0xFB, 0xC0, 0x03, 0xC0,
    0x03, 0xC0, 0x03, 0xC0, 0x03, 0xC0, 0x03, 0xC0, 0x03, 0xC0, 0x0F, 0x00, 0x3C, 0x00, 0xF0, 0x01,
    0xC0, 0x07, 0x00, 0x1C, 0x00, 0x70, 0x01, 0xFF, 0xFF, 0xFF, 0xF8, 0xFF, 0xFF, 0xFF, 0xFF, 0xFF,
    0xC1, 0xE0, 0x07, 0x80, 0x1E, 0x00, 0x78, 0x01, 0xE0, 0x07, 0x80, 0x1E, 0x00, 0x78, 0x01, 0xE0,
    0x07, 0x80, 0x1E, 0x00, 0x78, 0x01, 0xE0, 0x07, 0x80, 0x1E, 0x00, 0x78, 0x00, 0x60, 0x03, 0x38,
    0x03, 0x9E, 0x03, 0xC7, 0x01, 0xC3, 0xC1, 0xC0, 0xE1, 0xE0, 0x38, 0xE0, 0x1E, 0xE0, 0x07, 0x70,
    0x01, 0xF0, 0x00, 0xF8, 0x00, 0x38, 0x00, 0x1C, 0x00, 0x0E, 0x00, 0x07, 0x00, 0x03, 0x80, 0x01,
    0xC0, 0x00, 0xE0, 0x00, 0x70, 0x00, 0x00, 0xE0, 0x00, 0x1F, 0x80, 0x0F, 0xFF, 0x01, 0xFF, 0xF8,
    0x3C, 0xE3, 0xC7, 0x8E, 0x1E, 0x70, 0xE0, 0xEE, 0x0E, 0x0E, 0xE0, 0xE0, 0x7E, 0x0E, 0x07, 0xE0,
    0xE0, 0x7E, 0x0E, 0x07, 0xF0, 0xE0, 0xE7, 0x0E, 0x0E, 0x78, 0xE1, 0xE3, 0xEE, 0x7C, 0x1F, 0xFF,
    0x80, 0xFF, 0xE0, 0x01, 0xF0, 0x00, 0x0E, 0x00, 0x70, 0x07, 0x3C, 0x07, 0x8E, 0x03, 0x87, 0x83,
    0x81, 0xE3, 0xC0, 0x71, 0xC0, 0x3D, 0xC0, 0x0F, 0xE0, 0x03, 0xE0, 0x00, 0xE0, 0x00, 0xF8, 0x00,
    0xFE, 0x00, 0x77, 0x00, 0x73, 0xC0, 0x78, 0xF0, 0x38, 0x38, 0x38, 0x1E, 0x3C, 0x07, 0x9C, 0x01,
    0xC0, 0xC0, 0xC0, 0xF8, 0x70, 0x7E, 0x1C, 0x1F, 0x87, 0x07, 0xE1, 0xC1, 0xF8, 0x70, 0x7E, 0x1C,
    0x1F, 0x87, 0x07, 0xE1, 0xC1, 0xFC, 0x70, 0xE7, 0x1C, 0x78, 0xFF, 0xFC, 0x1F, 0xFE, 0x01, 0xFE,
    0x00, 0x1C, 0x00, 0x07, 0x00, 0x01, 0xC0, 0x00, 0x70, 0x00, 0x1C, 0x00, 0x03, 0xE0, 0x07, 0xFC,
    0x07, 0xFF, 0x07, 0x83, 0xC7, 0x80, 0xF3, 0x80, 0x3B, 0x80, 0x0F, 0xC0, 0x07, 0xE0, 0x03, 0xF0,
    0x01, 0xF8, 0x00, 0xFC, 0x00, 0x77, 0x00, 0x73, 0xC0, 0x38, 0xF0, 0x78, 0x3C, 0x78, 0x0E, 0x38,
    0x7F, 0x1F, 0xFF, 0x8F, 0xE0, 0xE3, 0x73, 0xF9, 0xC8, 0x40, 0x00, 0xC0, 0x70, 0x38, 0x1C, 0x0E,
    0x07, 0x03, 0x81, 0xC0, 0xE0, 0x70, 0x38, 0x1C, 0x0E, 0x07, 0x03, 0x81, 0xC0, 0xE0, 0x70, 0x38,
    0x06, 0x30, 0x07, 0xBC, 0x03, 0x9E, 0x00, 0x84, 0x00, 0x00, 0x03, 0x00, 0x19, 0xC0, 0x1C, 0xF0,
    0x1E, 0x38, 0x0E, 0x1E, 0x0E, 0x07, 0x0F, 0x01, 0xC7, 0x00, 0xF7, 0x00, 0x3B, 0x80, 0x0F, 0x80,
    0x07, 0xC0, 0x01, 0xC0, 0x00, 0xE0, 0x00, 0x70, 0x00, 0x38, 0x00, 0x1C, 0x00, 0x0E, 0x00, 0x07,
    0x00, 0x03, 0x80, 0x03, 0x80, 0x0E, 0x00, 0x1C, 0x00, 0x38, 0x00, 0x00, 0x01, 0xF1, 0x8F, 0xF3,
    0x3F, 0xFE, 0x70, 0x7D, 0xC0, 0xFB, 0x80, 0xE7, 0x01, 0xCE, 0x03, 0x9C, 0x07, 0x38, 0x0F, 0x78,
    0x3E, 0x70, 0xFC, 0x7F, 0x98, 0x7F, 0x38, 0x38, 0x00, 0x07, 0x00, 0xE0, 0x18, 0x03, 0x00, 0x00,
    0x3E, 0x1F, 0xF3, 0xFF, 0xE0, 0xFC, 0x13, 0xC0, 0x3F, 0x87, 0xF1, 0xE0, 0x38, 0x07, 0x07, 0xF0,
    0xEF, 0xF8, 0xFE, 0x07, 0x00, 0x03, 0x80, 0x30, 0x07, 0x00, 0x70, 0x00, 0x06, 0x78, 0xFF, 0xEF,
    0xFE, 0xF0, 0xFF, 0x07, 0xE0, 0x7E, 0x07, 0xE0, 0x7E, 0x07, 0xE0, 0x7E, 0x07, 0xE0, 0x7E, 0x07,
    0xE0, 0x70, 0x07, 0x00, 0x70, 0x07, 0x00, 0x70, 0x07, 0x00, 0x00, 0x71, 0xC6, 0x18, 0x01, 0x8E,
    0x38, 0xE3, 0x8E, 0x38, 0xE3, 0x8E, 0x38, 0x71, 0xE7, 0xC0, 0x03, 0x00, 0x70, 0x07, 0x07, 0x76,
    0x76, 0xF7, 0x0E, 0x20, 0x00, 0x00, 0x60, 0x7E, 0x07, 0xE0, 0x7E, 0x07, 0xE0, 0x7E, 0x07, 0xE0,
    0x7E, 0x07, 0xE0, 0x7E, 0x07, 0x70, 0x77, 0x8F, 0x7F, 0xE3, 0xFC, 0x07, 0x00, 0x0F, 0x8C, 0x7F,
    0x99, 0xFF, 0xF3, 0x83, 0xEE, 0x07, 0xDC, 0x07, 0x38, 0x0E, 0x70, 0x1C, 0xE0, 0x39, 0xC0, 0x7B,
    0xC1, 0xF3, 0x87, 0xE3, 0xFC, 0xC3, 0xF9, 0xC1, 0xC0, 0x00, 0x0F, 0x01, 0xFE, 0x1F, 0xF8, 0xE1,
    0xE7, 0x07, 0x70, 0x3B, 0x81, 0xDC, 0x1C, 0xE7, 0xE7, 0x3E, 0x39, 0xFD, 0xC0, 0xEE, 0x03, 0xF0,
    0x1F, 0x80, 0xFE, 0x0E, 0xF8, 0xF7, 0xFF, 0x3B, 0xF1, 0xC6, 0x0E, 0x00, 0x70, 0x03, 0x80, 0x1C,
    0x00, 0x00, 0x00, 0xE0, 0x39, 0xC0, 0xE7, 0x03, 0x9C, 0x1C, 0x38, 0x70, 0xE1, 0xC3, 0xCE, 0x07,
    0x38, 0x1C, 0xE0, 0x3F, 0x00, 0xFC, 0x03, 0xE0, 0x07, 0x80, 0x1E, 0x00, 0x70, 0x01, 0xC0, 0x07,
    0x00, 0x1C, 0x00, 0x70, 0x00, 0x00, 0x01, 0xC0, 0xFF, 0x0F, 0xF8, 0x70, 0x03, 0x80, 0x1E, 0x00,
    0x7E, 0x07, 0xF8, 0x7F, 0xE3, 0x87, 0xB8, 0x1D, 0xC0, 0xEE, 0x03, 0xF0, 0x1F, 0x81, 0xDC, 0x0E,
    0x70, 0xF3, 0xFF, 0x0F, 0xF0, 0x0E, 0x00, 0x1F, 0x0F, 0xF9, 0xFF, 0xF0, 0x7E, 0x09, 0xE0, 0x1F,
    0xC3, 0xF8, 0xF0, 0x1C, 0x03, 0x83, 0xF8, 0x77, 0xFC, 0x7F, 0x03, 0x80, 0x7F, 0xDF, 0xFF, 0xFF,
    0x80, 0xE0, 0x38, 0x0E, 0x03, 0xC0, 0xF0, 0x1C, 0x07, 0x01, 0xC0, 0x78, 0x0E, 0x01, 0xC0, 0x38,
    0x07, 0x00, 0xF8, 0x0F, 0xF8, 0xFF, 0x00, 0x70, 0x0E, 0x01, 0xC0, 0x38, 0x67, 0x8F, 0xFE, 0xFF,
    0xEF, 0x0F, 0xF0, 0x7E, 0x07, 0xE0, 0x7E, 0x07, 0xE0, 0x7E, 0x07, 0xE0, 0x7E, 0x07, 0xE0, 0x7E,
    0x07, 0x00, 0x70, 0x07, 0x00, 0x70, 0x07, 0x00, 0x70, 0x00, 0x07, 0x80, 0xFE, 0x0F, 0xF8, 0xF0,
    0xE7, 0x07, 0x30, 0x1F, 0x80, 0xFC, 0x07, 0xE0, 0x3F, 0xFF, 0xFF, 0xFF, 0xC0, 0x7E, 0x03, 0xF0,
    0x1D, 0xC0, 0xEE, 0x0E, 0x78, 0xF1, 0xFF, 0x07, 0xF0, 0x0E, 0x00, 0x63, 0x8E, 0x38, 0xE3, 0x8E,
    0x38, 0xE3, 0x8E, 0x1C, 0x79, 0xF0, 0x00, 0x60, 0x7E, 0x0E, 0xE1, 0xCE, 0x3C, 0xE7, 0x8E, 0xF0,
    0xFE, 0x0F, 0xC0, 0xEE, 0x0E, 0x70, 0xE7, 0x8E, 0x3C, 0xE1, 0xEE, 0x0F, 0x38, 0x00, 0x3C, 0x00,
    0x3E, 0x00, 0x0F, 0x00, 0x07, 0x00, 0x07, 0x00, 0x07, 0x80, 0x07, 0x80, 0x0F, 0xC0, 0x0F, 0xC0,
    0x1D, 0xC0, 0x1C, 0xE0, 0x1C, 0xE0, 0x38, 0x60, 0x38, 0x70, 0x38, 0x70, 0x70, 0x38, 0x70, 0x3E,
    0xF0, 0x1F, 0x00, 0x06, 0x60, 0x73, 0x81, 0xCE, 0x07, 0x38, 0x1C, 0xE0, 0x73, 0x81, 0xCE, 0x07,
    0x38, 0x1C, 0xE0, 0x73, 0x81, 0xCF, 0x07, 0x3E, 0x3C, 0xFF, 0xFF, 0xBE, 0xFE, 0x20, 0x38, 0x00,
    0xE0, 0x03, 0x80, 0x0E, 0x00, 0x00, 0x00, 0xE0, 0x1F, 0xC0, 0x7F, 0x83, 0x8E, 0x0E, 0x38, 0x38,
    0x71, 0xC1, 0xC7, 0x03, 0x1C, 0x0E, 0xE0, 0x3B, 0x80, 0x7C, 0x01, 0xF0, 0x07, 0xC0, 0x0E, 0x00,
    0x7F, 0xE7, 0xFE, 0x7F, 0xE3, 0xC0, 0x70, 0x07, 0x00, 0x70, 0x07, 0x00, 0x3F, 0xC1, 0xFC, 0x3F,
    0xC7, 0x00, 0xE0, 0x0E, 0x00, 0xE0, 0x0E, 0x00, 0xF8, 0x07, 0xFC, 0x1F, 0xE0, 0x0F, 0x00, 0x70,
    0x07, 0x00, 0x60, 0x0F, 0x81, 0xFF, 0x1F, 0xF8, 0xE0, 0xEE, 0x07, 0x70, 0x1F, 0x80, 0xFC, 0x07,
    0xE0, 0x3F, 0x01, 0xFC, 0x1C, 0xF1, 0xE3, 0xFE, 0x0F, 0xE0, 0x1C, 0x00, 0xFF, 0xFF, 0xFF, 0xFF,
    0xFF, 0xF9, 0xC1, 0xC3, 0x83, 0x87, 0x07, 0x0E, 0x0E, 0x1C, 0x1C, 0x38, 0x38, 0x70, 0x70, 0xE0,
    0xE1, 0xC1, 0xC3, 0x83, 0xE7, 0x03, 0xC0, 0x00, 0x00, 0x0F, 0x80, 0xFF, 0x0F, 0xFC, 0xF0, 0xE7,
    0x03, 0xB8, 0x1D, 0x80, 0xFC, 0x07, 0xE0, 0x3F, 0x81, 0xFC, 0x0F, 0xF0, 0xEF, 0xFF, 0x77, 0xF3,
    0x8C, 0x1C, 0x00, 0xE0, 0x07, 0x00, 0x38, 0x00, 0x00, 0x00, 0x0F, 0x83, 0xFE, 0x7F, 0xE7, 0x07,
    0xE0, 0x7E, 0x00, 0xE0, 0x0E, 0x00, 0xE0, 0x0E, 0x00, 0xF0, 0x07, 0x80, 0x3F, 0xC1, 0xFE, 0x00,
    0xF0, 0x07, 0x00, 0x70, 0x07, 0x0F, 0xFC, 0xFF, 0xF7, 0xFF, 0xDC, 0x3C, 0xE0, 0x73, 0x80, 0xEE,
    0x03, 0xB8, 0x0E, 0xE0, 0x3B, 0x80, 0xEF, 0x07, 0x1E, 0x3C, 0x3F, 0xE0, 0x7F, 0x00, 0x70, 0x00,
    0xFF, 0xFF, 0xFF, 0xFF, 0xF0, 0xE0, 0x0E, 0x00, 0xE0, 0x0E, 0x00, 0xE0, 0x0E, 0x00, 0xE0, 0x0E,
    0x00, 0xE0, 0x07, 0xC0, 0x7C, 0x00, 0x80, 0x60, 0x7E, 0x07, 0xE0, 0x7E, 0x07, 0xE0, 0x7E, 0x07,
    0xE0, 0x7E, 0x07, 0xE0, 0x7E, 0x07, 0x70, 0x77, 0x8F, 0x7F, 0xE3, 0xFC, 0x07, 0x00, 0x18, 0xF8,
    0x39, 0xFC, 0x79, 0xFE, 0x73, 0x8E, 0xE3, 0x87, 0xE3, 0x87, 0xE3, 0x87, 0xE3, 0x87, 0xE3, 0x87,
    0xE3, 0x87, 0xF3, 0x8E, 0x7B, 0x9E, 0x3F, 0xFC, 0x1F, 0xF8, 0x03, 0xC0, 0x03, 0x80, 0x03, 0x80,
    0x03, 0x80, 0x03, 0x80, 0x00, 0x00, 0xE0, 0x3B, 0xC0, 0xEF, 0x87, 0x0E, 0x1C, 0x1C, 0xE0, 0x73,
    0x80, 0xFC, 0x03, 0xF0, 0x07, 0x80, 0x1E, 0x00, 0x78, 0x03, 0xE0, 0x0F, 0xC0, 0x77, 0x01, 0xCE,
    0x0E, 0x3C, 0x38, 0x71, 0xC1, 0xF7, 0x03, 0xC0, 0x00, 0x01, 0xC0, 0x00, 0xE0, 0x00, 0x70, 0x0C,
    0x38, 0x7E, 0x1C, 0x3F, 0x0E, 0x1F, 0x87, 0x0F, 0xC3, 0x87, 0xE1, 0xC3, 0xF0, 0xE1, 0xF8, 0x70,
    0xEE, 0x38, 0x77, 0x1C, 0x73, 0x8E, 0x38, 0xE7, 0x3C, 0x7F, 0xFC, 0x1F, 0xFC, 0x01, 0xF0, 0x00,
    0x70, 0x00, 0x38, 0x00, 0x1C, 0x00, 0x0E, 0x00, 0x00, 0x00, 0x1C, 0x0E, 0x0E, 0x01, 0xC7, 0x00,
    0x79, 0xC0, 0x0E, 0xE0, 0x01, 0xF8, 0x30, 0x7E, 0x0C, 0x1F, 0x83, 0x07, 0xE0, 0xC1, 0xF8, 0x78,
    0x7E, 0x1E, 0x1F, 0xC7, 0x8E, 0x7F, 0xFF, 0x8F, 0xCF, 0xC0, 0xC0, 0xC0, 0x73, 0xB9, 0xDC, 0xE4,
    0x20, 0x00, 0x60, 0x70, 0x38, 0x1C, 0x0E, 0x07, 0x03, 0x81, 0xC0, 0xE0, 0x70, 0x38, 0x0E, 0x07,
    0x83, 0xE0, 0x00, 0x38, 0xC3, 0x9E, 0x39, 0xC1, 0x08, 0x00, 0x06, 0x07, 0xE0, 0x7E, 0x07, 0xE0,
    0x7E, 0x07, 0xE0, 0x7E, 0x07, 0xE0, 0x7E, 0x07, 0xE0, 0x77, 0x07, 0x78, 0xF7, 0xFE, 0x3F, 0xC0,
    0x70, 0x03, 0x80, 0x38, 0x01, 0xC0, 0x0E, 0x00, 0x00, 0x07, 0xC0, 0xFF, 0x8F, 0xFC, 0x70, 0x77,
    0x03, 0xB8, 0x0F, 0xC0, 0x7E, 0x03, 0xF0, 0x1F, 0x80, 0xFE, 0x0E, 0x78, 0xF1, 0xFF, 0x07, 0xF0,
    0x0E, 0x00, 0x03, 0x00, 0x70, 0x07, 0x00, 0x60, 0x00, 0x06, 0x07, 0xE0, 0x7E, 0x07, 0xE0, 0x7E,
    0x07, 0xE0, 0x7E, 0x07, 0xE0, 0x7E, 0x07, 0xE0, 0x77, 0x07, 0x78, 0xF7, 0xFE, 0x3F, 0xC0, 0x70,
    0x00, 0xE0, 0x00, 0x38, 0x00, 0x0E, 0x00, 0x03, 0x00, 0x00, 0x00, 0x07, 0x03, 0x83, 0x80, 0x71,
    0xC0, 0x1E, 0x70, 0x03, 0xB8, 0x00, 0x7E, 0x0C, 0x1F, 0x83, 0x07, 0xE0, 0xC1, 0xF8, 0x30, 0x7E,
    0x1E, 0x1F, 0x87, 0x87, 0xF1, 0xE3, 0x9F, 0xFF, 0xE3, 0xF3, 0xF0, 0x30, 0x30, 0xC0, 0x1F, 0x80,
    0xFE, 0x07, 0xB8, 0x3C, 0xE1, 0xE3, 0x8F, 0x0E, 0x78, 0x3B, 0xC0, 0xFE, 0x03, 0xFC, 0x0F, 0xF0,
    0x3D, 0xE0, 0xE3, 0xC3, 0x87, 0x0E, 0x0E, 0x38, 0x3C, 0xE0, 0x7B, 0x80, 0xEE, 0x03, 0xC0, 0x0F,
    0x00, 0x38, 0x01, 0xE0, 0x0F, 0x00, 0x38, 0x00, 0x00, 0x0F, 0xC0, 0xFF, 0x0F, 0x3C, 0x71, 0xE7,
    0xFE, 0x3F, 0xF1, 0xFF, 0x0E, 0xF0, 0x7F, 0xE3, 0xFF, 0x9E, 0x1E, 0xE0, 0x77, 0x03, 0xB8, 0x1D,
    0xC0, 0xEE, 0x0F, 0x38, 0xF1, 0xFF, 0x87, 0xF8, 0x06, 0x00, 0x03, 0x80, 0x3F, 0x81, 0xFE, 0x07,
    0x3C, 0x1C, 0x70, 0x71, 0xC1, 0xC7, 0x07, 0x9C, 0x0E, 0x73, 0xBF, 0xEE, 0x7F, 0xB8, 0x7E, 0xE0,
    0x73, 0x81, 0xCE, 0x07, 0x3C, 0x3C, 0x79, 0xE1, 0xFF, 0x83, 0xFC, 0x01, 0x80, 0xE0, 0x1D, 0xE0,
    0x7F, 0xE0, 0xF1, 0xC3, 0xC3, 0xC7, 0x03, 0x8E, 0x07, 0x38, 0x07, 0x70, 0x0F, 0xC0, 0x0F, 0x80,
    0x1E, 0x00, 0x3C, 0x00, 0x38, 0x00, 0x70, 0x00, 0xE0, 0x01, 0xC0, 0x03, 0x80, 0x07, 0x00, 0x0E,
    0x00, 0x0E, 0x00, 0xFD, 0xE0, 0x3F, 0xBE, 0x0F, 0xE1, 0xC1, 0xCC, 0x1C, 0x78, 0x03, 0x8E, 0x00,
    0x3B, 0xC0, 0x07, 0x70, 0x00, 0xFE, 0x00, 0x0F, 0x80, 0x01, 0xF0, 0x00, 0x1C, 0x00, 0x03, 0x80,
    0x00, 0x70, 0x00, 0x0E, 0x00, 0x01, 0xC0, 0x00, 0x38, 0x00, 0x07, 0x00, 0x00, 0xE0, 0x00, 0x1C,
    0x60, 0x39, 0xE0, 0x73, 0x80, 0x42, 0x00, 0x00, 0x1C, 0x03, 0xBC, 0x0F, 0xFC, 0x1E, 0x38, 0x78,
    0x78, 0xE0, 0x71, 0xC0, 0xE7, 0x00, 0xEE, 0x01, 0xF8, 0x01, 0xF0, 0x03, 0xC0, 0x07, 0x80, 0x07,
    0x00, 0x0E, 0x00, 0x1C, 0x00, 0x38, 0x00, 0x70, 0x00, 0xE0, 0x01, 0xC0, 0x03, 0x00, 0x07, 0x00,
    0x0E, 0x00, 0x1C, 0x00, 0x38, 0x01, 0xFC, 0x0F, 0xFE, 0x3F, 0xFE, 0x73, 0x9D, 0xC7, 0x3F, 0x8E,
    0x3F, 0x1C, 0x7E, 0x38, 0xFC, 0x71, 0xF8, 0xE3, 0xF9, 0xCE, 0x7B, 0xBC, 0x7F, 0xF0, 0x7F, 0xC0,
    0x3E, 0x00, 0x38, 0x00, 0x70, 0x00, 0xE0, 0x01, 0xC0, 0x00, 0x00, 0xFF, 0xFF, 0xFF, 0xFF, 0xFF,
    0xFF, 0xFF, 0x78, 0x00, 0xEE, 0x00, 0x1D, 0xC3, 0xC3, 0xB8, 0x78, 0x77, 0x0F, 0x0E, 0xE1, 0xE1,
    0xDC, 0x3C, 0x3B, 0x87, 0x87, 0x39, 0xF9, 0xE7, 0xFF, 0xF8, 0x7E, 0x7E, 0x03, 0x03, 0x00, 0x60,
    0x7E, 0x0E, 0xE1, 0xCE, 0x3C, 0xE7, 0x8E, 0xF0, 0xFE, 0x0F, 0xC0, 0xFE, 0x0E, 0x70, 0xE7, 0x8E,
    0x3C, 0xE1, 0xEE, 0x0F, 0x00, 0xF0, 0x1E, 0x01, 0xC0, 0x38, 0x03, 0x00, 0x00, 0xFF, 0xEF, 0xFF,
    0xFF, 0xFE, 0x00, 0xE0, 0x0E, 0x00, 0xE0, 0x0E, 0x00, 0xE0, 0x0F, 0xFF, 0xFF, 0xFE, 0x00, 0xE0,
    0x0E, 0x00, 0xE0, 0x0E, 0x00, 0xE0, 0x0E, 0x00, 0xE0, 0x00, 0x7F, 0xFF, 0xFF, 0xFF, 0xF0, 0x0E,
    0x01, 0xC0, 0x38, 0x07, 0xFF, 0xFF, 0xFF, 0xFF, 0x80, 0x70, 0x0E, 0x01, 0xC0, 0x38, 0x07, 0x00,
    0xE0, 0x1C, 0x03, 0x80, 0x00, 0x00, 0xF0, 0x1C, 0xF8, 0x3C, 0xFC, 0x38, 0x1C, 0x78, 0x1C, 0xF8,
    0x1C, 0xF8, 0x1D, 0xF8, 0x1F, 0xF8, 0x1F, 0xB8, 0x1F, 0x38, 0x1E, 0x38, 0x1E, 0x3C, 0x1C, 0x3F,
    0x38, 0x1F, 0x00, 0x06, 0x0F, 0xC0, 0xFF, 0x0F, 0xFC, 0xF0, 0xE7, 0x07, 0xB8, 0x1D, 0xC0, 0xFE,
    0x07, 0x70, 0x3B, 0x83, 0xDE, 0x3C, 0xFF, 0xE7, 0xFE, 0x39, 0xC0, 0xE0, 0x07, 0xE0, 0x1F, 0xE0,
    0x3F, 0x80, 0x3C, 0x00, 0xE0, 0x0F, 0x83, 0xFE, 0x7F, 0xE7, 0x07, 0xE0, 0x7E, 0x00, 0xE0, 0x0E,
    0x00, 0xE0, 0x0E, 0x00, 0xF0, 0x77, 0x8F, 0x3F, 0xE1, 0xFC, 0x07, 0x00, 0x18, 0xF3, 0xC4, 0x00,
    0x63, 0x8E, 0x38, 0xE3, 0x8E, 0x38, 0xE3, 0x8E, 0x38, 0xE3, 0x8E, 0x38, 0xEF, 0xBC, 0x00, 0x03,
    0xE0, 0x07, 0xFC, 0x07, 0xFF, 0x07, 0x83, 0xC7, 0x80, 0xF3, 0x80, 0x3B, 0xC0, 0x1F, 0xC0, 0x07,
    0xE0, 0x03, 0xFF, 0xFF, 0xFF, 0xFF, 0xFC, 0x00, 0x7E, 0x00, 0x3B, 0x80, 0x39, 0xC0, 0x1C, 0xF0,
    0x1E, 0x3E, 0x3E, 0x0F, 0xFE, 0x03, 0xFE, 0x00, 0x38, 0x00, 0x0F, 0xE7, 0xFC, 0xFF, 0xBC, 0x07,
    0x01, 0xE0, 0x3F, 0xC7, 0xF8, 0xFF, 0x0E, 0x01, 0xC0, 0x3E, 0x03, 0xFE, 0x3F, 0xC0, 0x00, 0x7C,
    0x1F, 0xE3, 0xFE, 0x01, 0xE0, 0x1C, 0x03, 0xC7, 0xF8, 0xFF, 0x1F, 0xE0, 0x3C, 0x07, 0x03, 0xEF,
    0xF9, 0xFE, 0x00, 0x00, 0x03, 0xE0, 0x0F, 0xF8, 0x1F, 0xFC, 0x3C, 0x1E, 0x78, 0x0F, 0x70, 0x07,
    0xF0, 0x07, 0xE0, 0x00, 0xE0, 0x00, 0xE0, 0x00, 0xE0, 0x00, 0xE0, 0x00, 0xE0, 0x00, 0x70, 0x07,
    0x70, 0x07, 0x78, 0x0F, 0x3E, 0x3E, 0x1F, 0xFC, 0x0F, 0xF8, 0x01, 0xC0, 0xE0, 0x01, 0xDE, 0x00,
    0x7F, 0xC0, 0x0F, 0xFC, 0x01, 0xFF, 0x80, 0x7F, 0xF8, 0x0F, 0xFF, 0x03, 0xBF, 0xE0, 0x77, 0xEE,
    0x0E, 0xFD, 0xC3, 0x9F, 0xBC, 0x73, 0xF3, 0x9C, 0x7E, 0x73, 0x8F, 0xC7, 0x71, 0xF8, 0xFC, 0x3F,
    0x1F, 0x87, 0xE1, 0xF0, 0xFC, 0x3C, 0x1F, 0x83, 0x83, 0x80, 0x03, 0xE0, 0x0F, 0xF0, 0x3F, 0xF0,
    0xF0, 0xE1, 0xC0, 0xE3, 0x81, 0xC6, 0x03, 0x9C, 0x07, 0x38, 0x0E, 0x78, 0x1C, 0xF0, 0x39, 0xF0,
    0xE3, 0xFF, 0xC7, 0x7F, 0x0E, 0x30, 0x7F, 0xC0, 0xFF, 0x80, 0x70, 0x00, 0xE0, 0x00, 0x00, 0x00,
    0x07, 0xC0, 0x1F, 0xF0, 0x3F, 0xF8, 0x78, 0x3C, 0x70, 0x1E, 0xE0, 0x0E, 0xE0, 0x07, 0x00, 0x07,
    0x00, 0x07, 0x00, 0x07, 0x00, 0x07, 0x00, 0x07, 0x00, 0x07, 0xE0, 0x07, 0xE0, 0x0E, 0x70, 0x1E,
    0x7C, 0x7C, 0x3F, 0xF8, 0x1F, 0xF0, 0x03, 0x80, 0x03, 0xE0, 0x0F, 0xF8, 0x1F, 0xFC, 0x3C, 0x1E,
    0x78, 0x0F, 0x70, 0x07, 0xF0, 0x07, 0xE0, 0x00, 0xE1, 0xC0, 0xE3, 0xC0, 0xE1, 0xC0, 0xE0, 0x80,
    0xE0, 0x00, 0x70, 0x07, 0x70, 0x07, 0x78, 0x0F, 0x3E, 0x3E, 0x1F, 0xFC, 0x0F, 0xF8, 0x01, 0xC0,
    0x07, 0xC0, 0x1F, 0xF0, 0x3F, 0xF8, 0x78, 0x3C, 0x70, 0x1E, 0xE0, 0x0E, 0xE0, 0x07, 0x00, 0x07,
    0x03, 0x87, 0x03, 0xC7, 0x03, 0x87, 0x01, 0x07, 0x00, 0x07, 0xE0, 0x07, 0xE0, 0x0E, 0x70, 0x1E,
    0x7C, 0x7C, 0x3F, 0xF8, 0x1F, 0xF0, 0x03, 0x80, 0x3C, 0x01, 0xC0, 0x0E, 0x00, 0xE0, 0x00, 0x0F,
    0xFE, 0xFF, 0xFF, 0xFF, 0xE0, 0x0E, 0x00, 0xE0, 0x0E, 0x00, 0xE0, 0x0F, 0xFE, 0xFF, 0xEF, 0xFE,
    0xE0, 0x0E, 0x00, 0xE0, 0x0E, 0x00, 0xE0, 0x0E, 0x00, 0xFF, 0xFF, 0xFF, 0x31, 0xC7, 0x9C, 0x39,
    0xC1, 0x08, 0x00, 0x0F, 0xFE, 0xFF, 0xFF, 0xFF, 0xE0, 0x0E, 0x00, 0xE0, 0x0E, 0x00, 0xE0, 0x0F,
    0xFE, 0xFF, 0xEF, 0xFE, 0xE0, 0x0E, 0x00, 0xE0, 0x0E, 0x00, 0xE0, 0x0E, 0x00, 0xFF, 0xFF, 0xFF,
    0xFF, 0xFC, 0x1F, 0xFF, 0x83, 0xFF, 0xF0, 0x03, 0xC0, 0x00, 0x78, 0x00, 0x0F, 0x00, 0x01, 0xE0,
    0x00, 0x3C, 0xE0, 0x07, 0xFF, 0x00, 0xFF, 0xF0, 0x1F, 0x8F, 0x03, 0xC0, 0xF0, 0x78, 0x0E, 0x0F,
    0x01, 0xC1, 0xE0, 0x38, 0x3C, 0x07, 0x07, 0x81, 0xE0, 0xF0, 0xF8, 0x1E, 0x7E, 0x00, 0x0F, 0x80,
    0x00, 0x00, 0x03, 0x80, 0x70, 0x07, 0x00, 0x60, 0x00, 0x0F, 0xFE, 0xFF, 0xFF, 0xFF, 0xE0, 0x0E,
    0x00, 0xE0, 0x0E, 0x00, 0xE0, 0x0E, 0x00, 0xE0, 0x0E, 0x00, 0xE0, 0x0E, 0x00, 0xE0, 0x0E, 0x00,
    0xE0, 0x0E, 0x00, 0xE0, 0x0E, 0x00, 0x03, 0xE0, 0x0F, 0xF8, 0x1F, 0xFC, 0x3C, 0x1E, 0x78, 0x0F,
    0x70, 0x07, 0xF0, 0x07, 0xE0, 0x00, 0xFF, 0xC0, 0xFF, 0xE0, 0xFF, 0xE0, 0xE0, 0x00, 0xE0, 0x00,
    0x70, 0x07, 0x70, 0x07, 0x78, 0x0F, 0x3E, 0x3E, 0x1F, 0xFC, 0x0F, 0xF8, 0x01, 0xC0, 0x07, 0x80,
    0x7F, 0x83, 0xFF, 0x1E, 0x1E, 0x70, 0x3B, 0x80, 0x7F, 0x00, 0x1E, 0x00, 0x7F, 0x00, 0xFF, 0x80,
    0x7F, 0x00, 0x3E, 0x00, 0x3C, 0x00, 0x7E, 0x01, 0xFC, 0x0F, 0x78, 0x79, 0xFF, 0xE1, 0xFE, 0x01,
    0xE0, 0xDF, 0xFF, 0xFF, 0xFF, 0xFF, 0xFF, 0xFF, 0x80, 0xE3, 0x73, 0xF9, 0xC8, 0x40, 0x00, 0xC0,
    0x70, 0x38, 0x1C, 0x0E, 0x07, 0x03, 0x81, 0xC0, 0xE0, 0x70, 0x38, 0x1C, 0x0E, 0x07, 0x03, 0x81,
    0xC0, 0xE0, 0x70, 0x38, 0x00, 0x60, 0x1C, 0x03, 0x80, 0x70, 0x0E, 0x01, 0xC0, 0x38, 0x07, 0x00,
    0xE0, 0x1C, 0x03, 0x80, 0x7C, 0x0F, 0xC1, 0xF8, 0x3F, 0x07, 0xF1, 0xEF, 0xF8, 0xFE, 0x07, 0x00,
    0x0F, 0xFE, 0x00, 0x03, 0xFF, 0x80, 0x00, 0xFF, 0xE0, 0x00, 0x30, 0x38, 0x00, 0x1C, 0x0E, 0x00,
    0x07, 0x03, 0x80, 0x01, 0xC0, 0xE0, 0x00, 0x70, 0x38, 0x00, 0x1C, 0x0F, 0xFE, 0x07, 0x03, 0xFF,
    0xC1, 0xC0, 0xE0, 0xF8, 0x70, 0x38, 0x0F, 0x1C, 0x0E, 0x01, 0xC7, 0x03, 0x80, 0x71, 0xC0, 0xE0,
    0x1C, 0xE0, 0x38, 0x0E, 0x38, 0x0E, 0x0F, 0xBE, 0x03, 0xFF, 0xCF, 0x00, 0xFF, 0xE0, 0xC0, 0x0C,
    0x00, 0x70, 0x07, 0x00, 0x38, 0x03, 0x80, 0x1C, 0x01, 0xC0, 0x0E, 0x00, 0xE0, 0x07, 0x00, 0x70,
    0x03, 0x80, 0x38, 0x01, 0xC0, 0x1C, 0x00, 0xFF, 0xFF, 0xFC, 0x7F, 0xFF, 0xFF, 0xB8, 0x03, 0x83,
    0xDC, 0x01, 0xC0, 0xFE, 0x00, 0xE0, 0x3F, 0x00, 0x70, 0x1F, 0x80, 0x38, 0x0F, 0xC0, 0x1C, 0x0F,
    0xE0, 0x0E, 0x0F, 0x70, 0x07, 0xFF, 0xB8, 0x03, 0xFF, 0x00, 0xFF, 0xFE, 0x0F, 0xFF, 0xE0, 0xFF,
    0xFE, 0x00, 0x78, 0x00, 0x07, 0x80, 0x00, 0x78, 0x00, 0x07, 0x80, 0x00, 0x78, 0x00, 0x07, 0xFF,
    0x80, 0x7F, 0xFC, 0x07, 0xE3, 0xE0, 0x78, 0x0E, 0x07, 0x80, 0xE0, 0x78, 0x0E, 0x07, 0x80, 0xE0,
    0x78, 0x0E, 0x07, 0x80, 0xE0, 0x78, 0x0E, 0x07, 0x80, 0xE0, 0x03, 0xC0, 0x0E, 0x00, 0x30, 0x01,
    0xC0, 0x00, 0x03, 0x00, 0x6E, 0x03, 0xF8, 0x1E, 0xE0, 0xF3, 0x83, 0x8E, 0x1E, 0x38, 0xF0, 0xE7,
    0x83, 0xFC, 0x0F, 0xE0, 0x3F, 0xC0, 0xE7, 0x83, 0x8F, 0x0E, 0x1C, 0x38, 0x78, 0xE0, 0xF3, 0x81,
    0xEE, 0x03, 0xB8, 0x0F, 0x0E, 0x00, 0x0E, 0x00, 0x1C, 0x00, 0x18, 0x00, 0x00, 0x18, 0x01, 0xB8,
    0x07, 0xF0, 0x1F, 0xE0, 0x3F, 0xC0, 0xFF, 0x83, 0xFF, 0x07, 0x7E, 0x1E, 0xFC, 0x79, 0xF8, 0xE3,
    0xF3, 0xC7, 0xE7, 0x0F, 0xDC, 0x1F, 0xF8, 0x3F, 0xE0, 0x7F, 0x80, 0xFF, 0x01, 0xFC, 0x03, 0xF8,
    0x07, 0x0C, 0x70, 0x1C, 0xC0, 0x1F, 0x80, 0x1E, 0x00, 0x00, 0x0C, 0x00, 0xFC, 0x03, 0xB8, 0x0F,
    0x78, 0x1C, 0x70, 0x38, 0xF0, 0xE0, 0xE1, 0xC1, 0xC7, 0x81, 0xCE, 0x03, 0x9C, 0x03, 0xF0, 0x07,
    0xE0, 0x0F, 0xC0, 0x0F, 0x00, 0x1E, 0x00, 0x38, 0x00, 0xF0, 0x07, 0xC0, 0x0F, 0x00, 0xC0, 0x0F,
    0x80, 0x7E, 0x01, 0xF8, 0x07, 0xE0, 0x1F, 0x80, 0x7E, 0x01, 0xF8, 0x07, 0xE0, 0x1F, 0x80, 0x7E,
    0x01, 0xF8, 0x07, 0xE0, 0x1F, 0x80, 0x7E, 0x01, 0xF8, 0x07, 0xE0, 0x1F, 0xFF, 0xFF, 0xFF, 0xC1,
    0xC0, 0x07, 0x00, 0x1C, 0x00, 0x70, 0x00, 0x01, 0xC0, 0x00, 0xE0, 0x00, 0xF8, 0x00, 0x7C, 0x00,
    0x77, 0x00, 0x3B, 0x80, 0x1D, 0xC0, 0x1C, 0x70, 0x0E, 0x38, 0x07, 0x1C, 0x07, 0x07, 0x03, 0x83,
    0x81, 0xFF, 0xC1, 0xFF, 0xF0, 0xE0, 0x38, 0xF0, 0x1E, 0x70, 0x07, 0x38, 0x03, 0xBC, 0x00, 0xE0,
    0xFF, 0xE7, 0xFF, 0x3F, 0xF9, 0xC0, 0x0E, 0x00, 0x70, 0x03, 0x80, 0x1C, 0x00, 0xFF, 0x87, 0xFF,
    0x3F, 0xFD, 0xC0, 0xFE, 0x03, 0xF0, 0x1F, 0x80, 0xFC, 0x0F, 0xE0, 0xF7, 0xFF, 0xBF, 0xF0, 0xFF,
    0x07, 0xFE, 0x3F, 0xFD, 0xC1, 0xEE, 0x07, 0x70, 0x1F, 0x80, 0xFC, 0x0E, 0xFF, 0xF7, 0xFE, 0x3F,
    0xFD, 0xC0, 0xFE, 0x03, 0xF0, 0x1F, 0x80, 0xFC, 0x07, 0xE0, 0xFF, 0xFF, 0xBF, 0xF8, 0xFF, 0xEF,
    0xFF, 0xFF, 0xFE, 0x00, 0xE0, 0x0E, 0x00, 0xE0, 0x0E, 0x00, 0xE0, 0x0E, 0x00, 0xE0, 0x0E, 0x00,
    0xE0, 0x0E, 0x00, 0xE0, 0x0E, 0x00, 0xE0, 0x0E, 0x00, 0xE0, 0x00, 0x07, 0xFF, 0x01, 0xFF, 0xE0,
    0x3F, 0xFC, 0x07, 0x03, 0x80, 0xE0, 0x70, 0x1C, 0x0E, 0x03, 0x81, 0xC0, 0x70, 0x38, 0x0E, 0x07,
    0x01, 0xC0, 0xE0, 0x38, 0x1C, 0x0E, 0x03, 0x81, 0xC0, 0x70, 0x38, 0x0E, 0x07, 0x01, 0xC1, 0xC0,
    0x38, 0x78, 0x07, 0x9F, 0xFF, 0xFB, 0xFF, 0xFF, 0x70, 0x00, 0x6E, 0x00, 0x0D, 0xC0, 0x01, 0xB8,
    0x00, 0x30, 0xFF, 0xEF, 0xFF, 0xFF, 0xFE, 0x00, 0xE0, 0x0E, 0x00, 0xE0, 0x0E, 0x00, 0xFF, 0xEF,
    0xFE, 0xFF, 0xEE, 0x00, 0xE0, 0x0E, 0x00, 0xE0, 0x0E, 0x00, 0xE0, 0x0F, 0xFF, 0xFF, 0xF0, 0x70,
    0x18, 0x0C, 0x78, 0x38, 0x1E, 0x38, 0x38, 0x1C, 0x3C, 0x38, 0x38, 0x1C, 0x38, 0x78, 0x0E, 0x38,
    0x70, 0x0F, 0x38, 0xF0, 0x07, 0x38, 0xE0, 0x07, 0xBD, 0xC0, 0x03, 0xFF, 0xC0, 0x07, 0xFF, 0xC0,
    0x07, 0x38, 0xE0, 0x0F, 0x38, 0xF0, 0x0E, 0x38, 0x70, 0x1C, 0x38, 0x78, 0x3C, 0x38, 0x38, 0x38,
    0x38, 0x1C, 0x78, 0x38, 0x1E, 0x70, 0x38, 0x0E, 0x07, 0x80, 0xFF, 0x0F, 0xFC, 0xF0, 0xE7, 0x07,
    0xB0, 0x1C, 0x00, 0xE0, 0x0E, 0x07, 0xF0, 0x3E, 0x01, 0xFC, 0x00, 0xF0, 0x03, 0x80, 0x1F, 0x80,
    0xFE, 0x07, 0x78, 0x7B, 0xFF, 0x87, 0xF8, 0x0E, 0x00, 0xC0, 0x0D, 0xC0, 0x3F, 0x80, 0xFF, 0x01,
    0xFE, 0x07, 0xFC, 0x1F, 0xF8, 0x3B, 0xF0, 0xF7, 0xE3, 0xCF, 0xC7, 0x1F, 0x9E, 0x3F, 0x38, 0x7E,
    0xE0, 0xFF, 0xC1, 0xFF, 0x03, 0xFC, 0x07, 0xF8, 0x0F, 0xE0, 0x1F, 0xC0, 0x38, 0x1C, 0x60, 0x1D,
    0xC0, 0x3F, 0x00, 0x3C, 0x00, 0x00, 0x18, 0x01, 0xB8, 0x07, 0xF0, 0x1F, 0xE0, 0x3F, 0xC0, 0xFF,
    0x83, 0xFF, 0x07, 0x7E, 0x1E, 0xFC, 0x79, 0xF8, 0xE3, 0xF3, 0xC7, 0xE7, 0x0F, 0xDC, 0x1F, 0xF8,
    0x3F, 0xE0, 0x7F, 0x80, 0xFF, 0x01, 0xFC, 0x03, 0xF8, 0x07, 0xC0, 0x1B, 0x80, 0xFE, 0x07, 0xB8,
    0x3C, 0xE0, 0xE3, 0x87, 0x8E, 0x3C, 0x39, 0xE0, 0xFF, 0x03, 0xF8, 0x0F, 0xF0, 0x39, 0xE0, 0xE3,
    0xC3, 0x87, 0x0E, 0x1E, 0x38, 0x3C, 0xE0, 0x7B, 0x80, 0xEE, 0x03, 0xC0, 0x0F, 0xFE, 0x0F, 0xFF,
    0x0F, 0xFF, 0x0E, 0x07, 0x1C, 0x07, 0x1C, 0x07, 0x1C, 0x07, 0x1C, 0x07, 0x1C, 0x07, 0x1C, 0x07,
    0x1C, 0x07, 0x1C, 0x07, 0x1C, 0x07, 0x1C, 0x07, 0x1C, 0x07, 0x38, 0x07, 0x78, 0x07, 0xF8, 0x07,
    0xF0, 0x07, 0xE0, 0x01, 0xDE, 0x00, 0x7F, 0xC0, 0x0F, 0xFC, 0x01, 0xFF, 0x80, 0x7F, 0xF8, 0x0F,
    0xFF, 0x03, 0xBF, 0xE0, 0x77, 0xEE, 0x0E, 0xFD, 0xC3, 0x9F, 0xBC, 0x73, 0xF3, 0x9C, 0x7E, 0x73,
    0x8F, 0xC7, 0x71, 0xF8, 0xFC, 0x3F, 0x1F, 0x87, 0xE1, 0xF0, 0xFC, 0x3C, 0x1F, 0x83, 0x83, 0x80,
    0xC0, 0x0D, 0xC0, 0x1F, 0x80, 0x3F, 0x00, 0x7E, 0x00, 0xFC, 0x01, 0xF8, 0x03, 0xF0, 0x07, 0xFF,
    0xFF, 0xFF, 0xFF, 0xFF, 0xFF, 0x00, 0x7E, 0x00, 0xFC, 0x01, 0xF8, 0x03, 0xF0, 0x07, 0xE0, 0x0F,
    0xC0, 0x1F, 0x80, 0x38, 0x03, 0xE0, 0x07, 0xFC, 0x07, 0xFF, 0x07, 0x83, 0xC7, 0x80, 0xF3, 0x80,
    0x3B, 0xC0, 0x1F, 0xC0, 0x07, 0xE0, 0x03, 0xF0, 0x01, 0xF8, 0x00, 0xFC, 0x00, 0x7E, 0x00, 0x3B,
    0x80, 0x39, 0xC0, 0x1C, 0xF0, 0x1E, 0x3E, 0x3E, 0x0F, 0xFE, 0x03, 0xFE, 0x00, 0x38, 0x00, 0xFF,
    0xFD, 0xFF, 0xFF, 0xFF, 0xFF, 0x00, 0x7E, 0x00, 0xFC, 0x01, 0xF8, 0x03, 0xF0, 0x07, 0xE0, 0x0F,
    0xC0, 0x1F, 0x80, 0x3F, 0x00, 0x7E, 0x00, 0xFC, 0x01, 0xF8, 0x03, 0xF0, 0x07, 0xE0, 0x0F, 0xC0,
    0x1F, 0x80, 0x38, 0xFE, 0x07, 0xFE, 0x3F, 0xFD, 0xC1, 0xEE, 0x07, 0xF0, 0x1F, 0x80, 0xFC, 0x07,
    0xE0, 0x7F, 0x07, 0xBF, 0xFD, 0xFF, 0xCF, 0xF0, 0x70, 0x03, 0x80, 0x1C, 0x00, 0xE0, 0x07, 0x00,
    0x38, 0x00, 0x03, 0xE0, 0x0F, 0xF8, 0x1F, 0xFC, 0x3C, 0x1E, 0x78, 0x0F, 0x70, 0x07, 0xF0, 0x07,
    0xE0, 0x00, 0xE0, 0x00, 0xE0, 0x00, 0xE0, 0x00, 0xE0, 0x00, 0xE0, 0x00, 0x70, 0x07, 0x70, 0x07,
    0x78, 0x0F, 0x3E, 0x3E, 0x1F, 0xFC, 0x0F, 0xF8, 0x01, 0xC0, 0xFF, 0xFF, 0xFF, 0xFF, 0xFF, 0xC1,
    0xE0, 0x07, 0x80, 0x1E, 0x00, 0x78, 0x01, 0xE0, 0x07, 0x80, 0x1E, 0x00, 0x78, 0x01, 0xE0, 0x07,
    0x80, 0x1E, 0x00, 0x78, 0x01, 0xE0, 0x07, 0x80, 0x1E, 0x00, 0x78, 0x00, 0x60, 0x07, 0xE0, 0x1D,
    0xC0, 0x7B, 0xC0, 0xE3, 0x81, 0xC7, 0x87, 0x07, 0x0E, 0x0E, 0x3C, 0x0E, 0x70, 0x1C, 0xE0, 0x1F,
    0x80, 0x3F, 0x00, 0x7E, 0x00, 0x78, 0x00, 0xF0, 0x01, 0xC0, 0x07, 0x80, 0x3E, 0x00, 0x78, 0x00,
    0x00, 0xC0, 0x00, 0x1C, 0x00, 0x03, 0x80, 0x03, 0xFE, 0x01, 0xFF, 0xF0, 0x7F, 0xFF, 0x1E, 0x38,
    0xE3, 0x87, 0x0E, 0xE0, 0xE1, 0xDC, 0x1C, 0x3B, 0x83, 0x83, 0xF0, 0x70, 0x7E, 0x0E, 0x1D, 0xC1,
    0xC3, 0x9C, 0x38, 0x73, 0xC7, 0x3C, 0x3F, 0xFF, 0x83, 0xFF, 0xC0, 0x1F, 0xF0, 0x00, 0x70, 0x00,
    0x0E, 0x00, 0x00, 0x00, 0x00, 0x70, 0x07, 0x3C, 0x07, 0x8E, 0x03, 0x87, 0x83, 0x81, 0xE3, 0xC0,
    0x71, 0xC0, 0x3D, 0xC0, 0x0F, 0xE0, 0x03, 0xE0, 0x00, 0xE0, 0x00, 0xF8, 0x00, 0xFE, 0x00, 0x77,
    0x00, 0x73, 0xC0, 0x78, 0xF0, 0x38, 0x38, 0x38, 0x1E, 0x3C, 0x07, 0x9C, 0x01, 0xC0, 0xC0, 0x0C,
    0xE0, 0x1C, 0xE0, 0x1C, 0xE0, 0x1C, 0xE0, 0x1C, 0xE0, 0x1C, 0xE0, 0x1C, 0xE0, 0x1C, 0xE0, 0x1C,
    0xE0, 0x1C, 0xE0, 0x1C, 0xE0, 0x1C, 0xE0, 0x1C, 0xE0, 0x1C, 0xE0, 0x1C, 0xE0, 0x1C, 0xE0, 0x1C,
    0xFF, 0xFF, 0xFF, 0xFF, 0x00, 0x07, 0x00, 0x07, 0x00, 0x07, 0x00, 0x07, 0x60, 0x0D, 0xE0, 0x1F,
    0xC0, 0x3F, 0x80, 0x7F, 0x00, 0xFE, 0x01, 0xFC, 0x03, 0xB8, 0x07, 0x70, 0x1E, 0xF0, 0xFC, 0xFF,
    0xF8, 0xFF, 0xF0, 0x30, 0xE0, 0x01, 0xC0, 0x03, 0x80, 0x07, 0x00, 0x0E, 0x00, 0x1C, 0x00, 0x38,
    0xC0, 0x60, 0x6E, 0x0E, 0x07, 0xE0, 0xE0, 0x7E, 0x0E, 0x07, 0xE0, 0xE0, 0x7E, 0x0E, 0x07, 0xE0,
    0xE0, 0x7E, 0x0E, 0x07, 0xE0, 0xE0, 0x7E, 0x0E, 0x07, 0xE0, 0xE0, 0x7E, 0x0E, 0x07, 0xE0, 0xE0,
    0x7E, 0x0E, 0x07, 0xE0, 0xE0, 0x7E, 0x0E, 0x07, 0xE0, 0xE0, 0x7F, 0xFF, 0xFF, 0xFF, 0xFF, 0xF0,
    0xC0, 0x60, 0x63, 0x83, 0x81, 0xCE, 0x0E, 0x07, 0x38, 0x38, 0x1C, 0xE0, 0xE0, 0x73, 0x83, 0x81,
    0xCE, 0x0E, 0x07, 0x38, 0x38, 0x1C, 0xE0, 0xE0, 0x73, 0x83, 0x81, 0xCE, 0x0E, 0x07, 0x38, 0x38,
    0x1C, 0xE0, 0xE0, 0x73, 0x83, 0x81, 0xCE, 0x0E, 0x07, 0x38, 0x38, 0x1C, 0xE0, 0xE0, 0x73, 0xFF,
    0xFF, 0xFF, 0xFF, 0xFF, 0xC0, 0x00, 0x07, 0x00, 0x00, 0x1C, 0x00, 0x00, 0x70, 0x00, 0x01, 0xC0,
    0xFE, 0x00, 0x1F, 0xE0, 0x03, 0xFC, 0x00, 0x03, 0x80, 0x00, 0x70, 0x00, 0x0E, 0x00, 0x01, 0xC0,
    0x00, 0x38, 0x00, 0x07, 0xFF, 0x00, 0xFF, 0xF0, 0x1C, 0x1F, 0x03, 0x80, 0xE0, 0x70, 0x1C, 0x0E,
    0x03, 0x81, 0xC0, 0x70, 0x38, 0x0E, 0x07, 0x07, 0xC0, 0xFF, 0xF0, 0x1F, 0xFC, 0x00, 0xC0, 0x01,
    0xB8, 0x00, 0x7E, 0x00, 0x1F, 0x80, 0x07, 0xE0, 0x01, 0xF8, 0x00, 0x7E, 0x00, 0x1F, 0x80, 0x07,
    0xFF, 0xC1, 0xFF, 0xFC, 0x7E, 0x0F, 0x9F, 0x80, 0xE7, 0xE0, 0x39, 0xF8, 0x0E, 0x7E, 0x03, 0x9F,
    0x80, 0xE7, 0xE0, 0xF1, 0xFF, 0xFC, 0x7F, 0xFC, 0x1C, 0xC0, 0x07, 0x00, 0x38, 0x01, 0xC0, 0x0E,
    0x00, 0x70, 0x03, 0x80, 0x1C, 0x00, 0xFF, 0xC7, 0xFF, 0xB8, 0x3F, 0xC0, 0x7E, 0x03, 0xF0, 0x1F,
    0x80, 0xFC, 0x07, 0xE0, 0xF7, 0xFF, 0xBF, 0xF0, 0x07, 0xC0, 0x1F, 0xF0, 0x3F, 0xF8, 0x78, 0x3C,
    0x70, 0x1E, 0xE0, 0x0E, 0xE0, 0x07, 0x00, 0x07, 0x03, 0xFF, 0x03, 0xFF, 0x03, 0xFF, 0x00, 0x07,
    0x00, 0x07, 0xE0, 0x07, 0xE0, 0x0E, 0x70, 0x1E, 0x7C, 0x7C, 0x3F, 0xF8, 0x1F, 0xF0, 0x03, 0x80,
    0xC0, 0x1F, 0x03, 0x81, 0xFF, 0x0E, 0x0F, 0xFE, 0x38, 0x7C, 0x3C, 0xE1, 0xC0, 0x7B, 0x8E, 0x00,
    0xEE, 0x38, 0x01, 0xF9, 0xE0, 0x07, 0xFF, 0x00, 0x1F, 0xFC, 0x00, 0x7F, 0xF0, 0x01, 0xF9, 0xC0,
    0x07, 0xE3, 0x80, 0x1F, 0x8E, 0x00, 0x7E, 0x38, 0x03, 0xB8, 0x70, 0x1E, 0xE1, 0xF1, 0xF3, 0x83,
    0xFF, 0x8E, 0x03, 0xFC, 0x00, 0x03, 0x80, 0x01, 0xFC, 0x7F, 0xF3, 0xFF, 0xCF, 0x07, 0x78, 0x1D,
    0xC0, 0x77, 0x01, 0xDC, 0x07, 0x78, 0x1C, 0xFF, 0xF1, 0xFF, 0xC3, 0xFF, 0x0E, 0x1C, 0x78, 0x71,
    0xC1, 0xCF, 0x07, 0x38, 0x1D, 0xE0, 0x77, 0x01, 0xC0, 0x1F, 0x8F, 0xF9, 0xFF, 0xF0, 0x72, 0x0E,
    0x01, 0xCF, 0xFB, 0xFF, 0xF8, 0xFC, 0x1F, 0x83, 0xF0, 0xFF, 0xFE, 0xFF, 0xC7, 0x00, 0x00, 0x20,
    0x03, 0x83, 0xF8, 0x7F, 0xC7, 0xE0, 0x38, 0x03, 0xBF, 0x1F, 0xFC, 0xF8, 0xF7, 0x83, 0xB8, 0x0F,
    0xC0, 0x7E, 0x03, 0xF0, 0x1F, 0x80, 0xFC, 0x0E, 0x70, 0xF1, 0xFF, 0x07, 0xF0, 0x0E, 0x00, 0x7F,
    0x8F, 0xFC, 0xFF, 0xEE, 0x0F, 0xE0, 0x7E, 0x0E, 0xFF, 0xCF, 0xFE, 0xE0, 0xFE, 0x07, 0xE0, 0x7E,
    0x0F, 0xFF, 0xEF, 0xFC, 0x7F, 0xFF, 0xFF, 0xFF, 0x80, 0xE0, 0x38, 0x0E, 0x03, 0x80, 0xE0, 0x38,
    0x0E, 0x03, 0x80, 0xE0, 0x38, 0x00, 0x0F, 0xF8, 0x3F, 0xF0, 0x7F, 0xE0, 0xE1, 0xC1, 0xC3, 0x83,
    0x87, 0x07, 0x0E, 0x0E, 0x1C, 0x1C, 0x38, 0x30, 0x70, 0xE0, 0xE3, 0xC1, 0xCF, 0xFF, 0xFF, 0xFF,
    0xF8, 0x03, 0xF0, 0x07, 0xE0, 0x0F, 0xC0, 0x1C, 0x0F, 0x81, 0xFE, 0x1F, 0xF8, 0xE0, 0xEE, 0x07,
    0x70, 0x1B, 0xFF, 0xFF, 0xFF, 0xE0, 0x07, 0x00, 0x38, 0x1C, 0xF1, 0xE3, 0xFE, 0x0F, 0xE0, 0x1C,
    0x00, 0x70, 0x60, 0xE7, 0x87, 0x1E, 0x38, 0x71, 0xC1, 0xC7, 0x38, 0x0E, 0x77, 0x00, 0xF7, 0xF0,
    0x07, 0xFE, 0x00, 0x7F, 0xE0, 0x07, 0xFE, 0x00, 0xE7, 0x70, 0x1E, 0x77, 0x83, 0xC7, 0x3C, 0x78,
    0x71, 0xE7, 0x07, 0x0E, 0x1F, 0x0F, 0xF3, 0xFF, 0x70, 0xE0, 0x1C, 0x07, 0x83, 0xE0, 0x7C, 0x03,
    0xC0, 0x3B, 0x87, 0x70, 0xEF, 0xFC, 0xFF, 0x03, 0x00, 0x60, 0x7E, 0x07, 0xE0, 0xFE, 0x1F, 0xE1,
    0xFE, 0x3F, 0xE7, 0x7E, 0x77, 0xEE, 0x7F, 0xC7, 0xFC, 0x7F, 0x87, 0xF0, 0x7F, 0x07, 0x38, 0xC1,
    0x9C, 0x1F, 0x80, 0xF0, 0x00, 0x06, 0x07, 0xE0, 0x7E, 0x0F, 0xE1, 0xFE, 0x1F, 0xE3, 0xFE, 0x77,
    0xE7, 0x7E, 0xE7, 0xFC, 0x7F, 0xC7, 0xF8, 0x7F, 0x07, 0xF0, 0x70, 0x60, 0x77, 0x07, 0xB8, 0x79,
    0xC7, 0x8E, 0x78, 0x73, 0x83, 0xF8, 0x1F, 0xC0, 0xFF, 0x07, 0x3C, 0x38, 0xF1, 0xC3, 0xCE, 0x0E,
    0x70, 0x78, 0x1F, 0xF8, 0xFF, 0xC7, 0xFE, 0x38, 0x71, 0xC3, 0x8E, 0x1C, 0x70, 0xE3, 0x07, 0x38,
    0x39, 0xC1, 0xCE, 0x0E, 0xF0, 0x7F, 0x03, 0xF8, 0x1C, 0x70, 0x07, 0x7C, 0x07, 0xFE, 0x03, 0xFF,
    0x83, 0xFF, 0xC1, 0xFF, 0x71, 0xDF, 0xB8, 0xEF, 0xDC, 0x77, 0xE7, 0x73, 0xF3, 0xB9, 0xF8, 0xF8,
    0xFC, 0x7C, 0x7E, 0x1C, 0x3F, 0x0E, 0x1C, 0x60, 0x7E, 0x07, 0xE0, 0x7E, 0x07, 0xE0, 0x7E, 0x07,
    0xFF, 0xFF, 0xFF, 0xE0, 0x7E, 0x07, 0xE0, 0x7E, 0x07, 0xE0, 0x7E, 0x07, 0x0F, 0x81, 0xFF, 0x1F,
    0xF8, 0xE0, 0xEE, 0x07, 0x70, 0x1F, 0x80, 0xFC, 0x07, 0xE0, 0x3F, 0x01, 0xFC, 0x1C, 0xF1, 0xE3,
    0xFE, 0x0F, 0xE0, 0x1C, 0x00, 0x7F, 0xFF, 0xFF, 0xFF, 0xFE, 0x07, 0xE0, 0x7E, 0x07, 0xE0, 0x7E,
    0x07, 0xE0, 0x7E, 0x07, 0xE0, 0x7E, 0x07, 0xE0, 0x7E, 0x07, 0x67, 0xC7, 0x7F, 0x3F, 0xFD, 0xF0,
    0xEF, 0x03, 0xF8, 0x1F, 0x80, 0xFC, 0x07, 0xE0, 0x3F, 0x81, 0xFC, 0x1F, 0xF0, 0xEF, 0xFF, 0x77,
    0xF3, 0x8C, 0x1C, 0x00, 0xE0, 0x07, 0x00, 0x38, 0x00, 0x00, 0x00, 0x0F, 0x83, 0xFE, 0x7F, 0xE7,
    0x07, 0xE0, 0x7E, 0x00, 0xE0, 0x0E, 0x00, 0xE0, 0x0E, 0x00, 0xF0, 0x77, 0x8F, 0x3F, 0xE1, 0xFC,
    0x07, 0x00, 0xFF, 0xFF, 0xFF, 0xFF, 0xF0, 0xE0, 0x0E, 0x00, 0xE0, 0x0E, 0x00, 0xE0, 0x0E, 0x00,
    0xE0, 0x0E, 0x00, 0xE0, 0x0E, 0x00, 0xE0, 0xE0, 0x39, 0xC0, 0xE7, 0x03, 0x9C, 0x1C, 0x38, 0x70,
    0xE1, 0xC3, 0xCE, 0x07, 0x38, 0x1C, 0xC0, 0x3F, 0x00, 0xFC, 0x03, 0xE0, 0x07, 0x80, 0x1E, 0x00,
    0x70, 0x01, 0xC0, 0x0E, 0x00, 0xF8, 0x07, 0xC0, 0x0C, 0x00, 0x01, 0x00, 0x07, 0x00, 0x0E, 0x00,
    0x1C, 0x00, 0x38, 0x01, 0xFC, 0x0F, 0xFE, 0x3F, 0xFE, 0x73, 0x9D, 0xC7, 0x1F, 0x8E, 0x3F, 0x1C,
    0x7E, 0x38, 0xFC, 0x71, 0xF8, 0xE3, 0xF9, 0xCF, 0x73, 0x9C, 0x7F, 0xF0, 0x7F, 0xC0, 0x3E, 0x00,
    0x38, 0x00, 0x70, 0x00, 0xE0, 0x01, 0xC0, 0x00, 0x00, 0x70, 0x3B, 0xC3, 0x8E, 0x3C, 0x39, 0xC1,
    0xDC, 0x07, 0xE0, 0x1E, 0x00, 0xF0, 0x0F, 0x80, 0xFE, 0x07, 0x78, 0x71, 0xC7, 0x87, 0x38, 0x3C,
    0x60, 0x73, 0x81, 0xCE, 0x07, 0x38, 0x1C, 0xE0, 0x73, 0x81, 0xCE, 0x07, 0x38, 0x1C, 0xE0, 0x73,
    0x81, 0xCE, 0x07, 0x38, 0x1C, 0xFF, 0xFF, 0xFF, 0xF0, 0x01, 0xC0, 0x07, 0x00, 0x1C, 0x00, 0x70,
    0x60, 0x7E, 0x07, 0xE0, 0x7E, 0x07, 0xE0, 0x76, 0x07, 0x70, 0x77, 0xFF, 0x3F, 0xF1, 0xFF, 0x00,
    0x70, 0x07, 0x00, 0x70, 0x07, 0x60, 0xC1, 0xF8, 0x38, 0x7E, 0x0E, 0x1F, 0x83, 0x87, 0xE0, 0xE1,
    0xF8, 0x38, 0x7E, 0x0E, 0x1F, 0x83, 0x87, 0xE0, 0xE1, 0xF8, 0x38, 0x7E, 0x0E, 0x1F, 0x83, 0x87,
    0xFF, 0xFF, 0xFF, 0xFF, 0xF0, 0x60, 0xC1, 0xCE, 0x0E, 0x1C, 0xE0, 0xE1, 0xCE, 0x0E, 0x1C, 0xE0,
    0xE1, 0xCE, 0x0E, 0x1C, 0xE0, 0xE1, 0xCE, 0x0E, 0x1C, 0xE0, 0xE1, 0xCE, 0x0E, 0x1C, 0xE0, 0xE1,
    0xCE, 0x0E, 0x1C, 0xFF, 0xFF, 0xFF, 0xFF, 0xFF, 0x00, 0x00, 0x70, 0x00, 0x07, 0x00, 0x00, 0x70,
    0x00, 0x07, 0xFC, 0x01, 0xFC, 0x03, 0xF8, 0x00, 0x70, 0x00, 0xE0, 0x01, 0xFF, 0x03, 0xFF, 0x07,
    0xFF, 0x0E, 0x0E, 0x1C, 0x1C, 0x38, 0x38, 0x70, 0xF0, 0xFF, 0xC1, 0xFF, 0x00, 0x60, 0x07, 0xE0,
    0x07, 0xE0, 0x07, 0xE0, 0x07, 0xE0, 0x07, 0xFF, 0x87, 0xFF, 0xE7, 0xFF, 0xE7, 0xE0, 0x77, 0xE0,
    0x77, 0xE0, 0x77, 0xE1, 0xF7, 0xFF, 0xE7, 0xFF, 0xC7, 0x60, 0x0E, 0x00, 0xE0, 0x0E, 0x00, 0xE0,
    0x0F, 0xF8, 0xFF, 0xEF, 0xFE, 0xE0, 0x7E, 0x07, 0xE0, 0x7E, 0x1F, 0xFF, 0xEF, 0xFC, 0x1F, 0x07,
    0xFC, 0x7F, 0xEE, 0x0E, 0xE0, 0x70, 0x07, 0x1F, 0xF1, 0xFF, 0x0F, 0xF0, 0x07, 0xE0, 0xFF, 0x1E,
    0x7F, 0xC3, 0xF8, 0x0E, 0x00, 0x60, 0x3E, 0x1C, 0x1F, 0xF3, 0x87, 0xFE, 0x70, 0xE0, 0xEE, 0x38,
    0x1D, 0xC7, 0x01, 0xFF, 0xE0, 0x3F, 0xFC, 0x07, 0xFF, 0x80, 0xFC, 0x70, 0x1F, 0x8F, 0x07, 0x70,
    0xF1, 0xEE, 0x0F, 0xF9, 0xC0, 0xFE, 0x00, 0x07, 0x00, 0x0F, 0xF3, 0xFF, 0x7F, 0xF7, 0x07, 0x70,
    0x77, 0x07, 0x78, 0x73, 0xFF, 0x1F, 0xF1, 0xC7, 0x3C, 0x73, 0x87, 0x70, 0x7F, 0x07, 0x1C, 0x00,
    0xE0, 0x03, 0x80, 0x0C, 0x00, 0x00, 0x07, 0xC0, 0xFF, 0x0F, 0xFC, 0x70, 0x77, 0x03, 0xB8, 0x0D,
    0xFF, 0xFF, 0xFF, 0xF0, 0x03, 0x80, 0x1C, 0x0E, 0x78, 0xF1, 0xFF, 0x07, 0xF0, 0x0E, 0x00, 0x38,
    0xC1, 0xCF, 0x0E, 0x70, 0x21, 0x00, 0x00, 0x07, 0xC0, 0xFF, 0x0F, 0xFC, 0x70, 0x77, 0x03, 0xB8,
    0x0D, 0xFF, 0xFF, 0xFF, 0xF0, 0x03, 0x80, 0x1C, 0x0E, 0x78, 0xF1, 0xFF, 0x07, 0xF0, 0x0E, 0x00,
    0x30, 0x03, 0x80, 0x3F, 0xC1, 0xFE, 0x07, 0x00, 0x39, 0xE1, 0xFF, 0xCF, 0xFE, 0x78, 0x7B, 0xC1,
    0xDC, 0x0E, 0xE0, 0x77, 0x03, 0xB8, 0x1D, 0xC0, 0xEE, 0x07, 0x70, 0x3B, 0x81, 0xDC, 0x0E, 0x00,
    0x70, 0x03, 0x80, 0x1C, 0x03, 0xE0, 0x1E, 0x00, 0xC0, 0x07, 0x01, 0xC0, 0xE0, 0x30, 0x00, 0x1F,
    0xFF, 0xFF, 0xFF, 0xE0, 0x38, 0x0E, 0x03, 0x80, 0xE0, 0x38, 0x0E, 0x03, 0x80, 0xE0, 0x38, 0x0E,
    0x00, 0x0F, 0x83, 0xFE, 0x7F, 0xE7, 0x07, 0xE0, 0x7E, 0x00, 0xFF, 0x8F, 0xF8, 0xFF, 0x0E, 0x00,
    0xF0, 0x77, 0x8F, 0x3F, 0xE1, 0xFC, 0x07, 0x00, 0x1F, 0x0F, 0xF9, 0xFF, 0x70, 0x7E, 0x01, 0xE0,
    0x1F, 0xC1, 0xFE, 0x07, 0xE0, 0x1F, 0x83, 0xF8, 0xF7, 0xFC, 0x7F, 0x03, 0x80, 0x6F, 0xF4, 0x06,
    0xEE, 0xEE, 0xEE, 0xEE, 0xEE, 0xEE, 0xE0, 0x73, 0xB9, 0xDC, 0xE4, 0x20, 0x00, 0x60, 0x70, 0x38,
    0x1C, 0x0E, 0x07, 0x03, 0x81, 0xC0, 0xE0, 0x70, 0x38, 0x1C, 0x0E, 0x07, 0x00, 0x18, 0xF3, 0xC4,
    0x00, 0x63, 0x8E, 0x38, 0xE3, 0x8E, 0x38, 0xE3, 0x8E, 0x38, 0xE3, 0x8E, 0x38, 0xEF, 0xBC, 0x00,
    0x1F, 0xF8, 0x00, 0x7F, 0xF0, 0x01, 0xFF, 0xC0, 0x07, 0x0F, 0x00, 0x1C, 0x3C, 0x00, 0x70, 0xFF,
    0xC1, 0xC3, 0xFF, 0x87, 0x0F, 0xFF, 0x1C, 0x3C, 0x1C, 0x70, 0xF0, 0x73, 0x83, 0xC1, 0xCE, 0x0F,
    0x0F, 0xF8, 0x3F, 0xFB, 0xC0, 0xFF, 0xC0, 0x60, 0x70, 0x07, 0x03, 0x80, 0x38, 0x1C, 0x01, 0xC0,
    0xE0, 0x0E, 0x07, 0x00, 0x70, 0x38, 0x03, 0xFF, 0xFF, 0x1F, 0xFF, 0xFE, 0xF0, 0x70, 0xF7, 0x03,
    0x83, 0xB8, 0x1C, 0x1D, 0xC0, 0xE1, 0xEE, 0x07, 0xFF, 0x70, 0x3F, 0xF0, 0x30, 0x03, 0x80, 0x3F,
    0xC1, 0xFE, 0x07, 0x00, 0x39, 0xE1, 0xFF, 0xCF, 0xFE, 0x78, 0x7B, 0xC1, 0xDC, 0x0E, 0xE0, 0x77,
    0x03, 0xB8, 0x1D, 0xC0, 0xEE, 0x07, 0x70, 0x3B, 0x81, 0xDC, 0x0E, 0x03, 0x80, 0x38, 0x01, 0xC0,
    0x0C, 0x00, 0x00, 0x30, 0x3B, 0x83, 0xDC, 0x3C, 0xE3, 0xC7, 0x3C, 0x39, 0xC1, 0xFC, 0x0F, 0xE0,
    0x7F, 0x83, 0x9E, 0x1C, 0x78, 0xE1, 0xE7, 0x07, 0x38, 0x3C, 0x1C, 0x00, 0xE0, 0x0E, 0x00, 0x60,
    0x00, 0x06, 0x07, 0xE0, 0x7E, 0x0F, 0xE1, 0xFE, 0x1F, 0xE3, 0xFE, 0x77, 0xE7, 0x7E, 0xE7, 0xFC,
    0x7F, 0xC7, 0xF8, 0x7F, 0x07, 0xF0, 0x70, 0x18, 0xE0, 0x73, 0x80, 0xFC, 0x01, 0xE0, 0x00, 0x03,
    0x80, 0xE7, 0x03, 0x9C, 0x0E, 0x70, 0x70, 0xE1, 0xC3, 0x87, 0x0F, 0x38, 0x1C, 0xE0, 0x73, 0x00,
    0xFC, 0x03, 0xF0, 0x0F, 0x80, 0x1E, 0x00, 0x78, 0x01, 0xC0, 0x07, 0x00, 0x38, 0x03, 0xE0, 0x1F,
    0x00, 0x30, 0x00, 0x60, 0x7E, 0x07, 0xE0, 0x7E, 0x07, 0xE0, 0x7E, 0x07, 0xE0, 0x7E, 0x07, 0xE0,
    0x7E, 0x07, 0xE0, 0x7E, 0x07, 0xFF, 0xFF, 0xFF, 0x07, 0x00, 0x70, 0x07, 0x00, 0x70, 0xC0, 0xC0,
    0xDC, 0x1C, 0x3B, 0x83, 0x87, 0x70, 0x70, 0xEE, 0x0E, 0x1D, 0xC1, 0xC3, 0xB8, 0x38, 0x77, 0x07,
    0x0E, 0xE0, 0xE1, 0xDC, 0x1C, 0x3B, 0x83, 0x87, 0x70, 0x70, 0xEE, 0x0E, 0x1D, 0xC1, 0xC3, 0xB8,
    0x38, 0x77, 0x0F, 0x0E, 0xF3, 0xF3, 0xCF, 0xFF, 0xF0, 0xFE, 0xFC, 0x06, 0x06, 0x00, 0x60, 0xC1,
    0xB8, 0x30, 0x6E, 0x0C, 0x1B, 0x83, 0x06, 0xE0, 0xC1, 0xB8, 0x30, 0x6E, 0x0C, 0x1B, 0x83, 0x06,
    0xE0, 0xC1, 0xB8, 0x30, 0x67, 0x1E, 0x39, 0xC7, 0x8E, 0x7F, 0xFF, 0x8F, 0xCF, 0xC0, 0xC0, 0xC0,
    0x18, 0x00, 0x1C, 0x00, 0x1C, 0x00, 0x1C, 0x00, 0xFF, 0xE0, 0xFF, 0xC0, 0x1C, 0x00, 0x1C, 0x00,
    0x1F, 0xFC, 0x1F, 0xFE, 0x1C, 0x1F, 0x1C, 0x07, 0x1C, 0x07, 0x1C, 0x07, 0x1C, 0x07, 0x1C, 0x07,
    0x1C, 0x1F, 0x1F, 0xFE, 0x1F, 0xF8, 0x18, 0x00, 0x38, 0x00, 0x70, 0x00, 0xE0, 0x01, 0xC0, 0x1F,
    0xF8, 0x3F, 0xF0, 0x7F, 0xE0, 0x1C, 0x00, 0x38, 0x00, 0x7F, 0xC0, 0xFF, 0xC1, 0xFF, 0xC3, 0x83,
    0x87, 0x07, 0x0E, 0x0E, 0x1C, 0x3C, 0x3F, 0xF0, 0x7F, 0xC0, 0xC0, 0x1E, 0x07, 0x03, 0xFE, 0x38,
    0x7F, 0xF9, 0xC3, 0xC3, 0xEE, 0x38, 0x07, 0x73, 0xC0, 0x3F, 0x9C, 0x00, 0xFC, 0xE0, 0x00, 0xFF,
    0xFC, 0x07, 0xFF, 0xF0, 0x3F, 0xFF, 0x81, 0xCE, 0x00, 0x0E, 0x70, 0x00, 0x73, 0x80, 0x1F, 0x8E,
    0x01, 0xDC, 0x78, 0x1E, 0xE1, 0xE1, 0xE7, 0x07, 0xFF, 0x38, 0x1F, 0xE0, 0x00, 0x1C, 0x00, 0x60,
    0x7C, 0x38, 0x3F, 0xCE, 0x1F, 0xFB, 0x8F, 0x0E, 0xE3, 0x81, 0xB9, 0xC0, 0x0F, 0xFF, 0xC3, 0xFF,
    0xF0, 0xFF, 0xF8, 0x39, 0xE0, 0x0E, 0x38, 0x3B, 0x8F, 0x0E, 0xE1, 0xFF, 0x38, 0x3F, 0x80, 0x03,
    0x80, 0x01, 0xC0, 0x00, 0xE0, 0x00, 0xF8, 0x00, 0x7C, 0x00, 0x77, 0x00, 0x3B, 0x80, 0x1D, 0xC0,
    0x1C, 0x70, 0x0E, 0x38, 0x07, 0x1C, 0x07, 0x07, 0x03, 0xFF, 0x81, 0xFF, 0xC1, 0xFF, 0xF0, 0xE7,
    0x38, 0xF3, 0x9E, 0x71, 0xC7, 0x38, 0xE3, 0xBC, 0x70, 0xE0, 0x03, 0x00, 0x1E, 0x00, 0x78, 0x03,
    0xF0, 0x0F, 0xC0, 0x3F, 0x81, 0xCE, 0x07, 0x38, 0x3F, 0xF0, 0xFF, 0xC3, 0xBF, 0x9C, 0xCE, 0x73,
    0x3B, 0x8C, 0x70, 0xC0, 0x0C, 0x07, 0x00, 0xF0, 0x38, 0x0F, 0x81, 0xC0, 0x7C, 0x0E, 0x03, 0xF0,
    0x70, 0x3B, 0x83, 0x81, 0xDC, 0x1C, 0x0E, 0x70, 0xE0, 0xE3, 0x87, 0x07, 0x0E, 0x38, 0x78, 0x71,
    0xFF, 0xFF, 0x8F, 0xFF, 0xFE, 0x7F, 0xFF, 0xF3, 0x8E, 0x73, 0x9C, 0x73, 0x8E, 0xE7, 0x1C, 0x77,
    0x38, 0xE3, 0xF9, 0xC7, 0x0E, 0x60, 0x38, 0x38, 0x1E, 0x0E, 0x07, 0x83, 0x81, 0xF0, 0xE0, 0xFC,
    0x38, 0x3B, 0x8E, 0x1C, 0xE3, 0xFF, 0x38, 0xFF, 0xFF, 0x3F, 0xFF, 0xCE, 0x3B, 0xBB, 0x9C, 0xEE,
    0xE7, 0x3B, 0xB9, 0xCE, 0x70, 0x3F, 0xFF, 0x87, 0xFF, 0xF0, 0x7F, 0xFC, 0x0F, 0x07, 0x80, 0xE0,
    0xE0, 0x0E, 0x3C, 0x01, 0xE7, 0x00, 0x1D, 0xC0, 0x03, 0xF8, 0x03, 0xFF, 0xE0, 0xFF, 0xFE, 0x3E,
    0x73, 0xE7, 0x0E, 0x1C, 0xE1, 0xC1, 0xFC, 0x38, 0x3F, 0x87, 0x07, 0xF0, 0xE0, 0xFE, 0x1C, 0x1F,
    0xC3, 0x83, 0x80, 0x7F, 0xFC, 0x3F, 0xFC, 0x3F, 0xF8, 0x1C, 0x78, 0x0E, 0x70, 0x0E, 0xE0, 0x0F,
    0xF0, 0x3F, 0xFC, 0x7F, 0xFE, 0xF3, 0x8E, 0xE3, 0x8E, 0xE3, 0x87, 0xE3, 0x87, 0xE3, 0x87, 0xC0,
    0x7F, 0xFE, 0x70, 0x7F, 0xFF, 0x38, 0x1F, 0xFF, 0x9C, 0x07, 0x03, 0x8E, 0x03, 0xC3, 0x87, 0x00,
    0xE1, 0xC3, 0x80, 0x39, 0xC1, 0xC0, 0x1D, 0xE0, 0xE0, 0x07, 0xE0, 0x7F, 0xFF, 0xFE, 0x3F, 0xFF,
    0xFF, 0xDC, 0x3F, 0x71, 0xEE, 0x1C, 0x38, 0x7F, 0x0E, 0x1C, 0x1F, 0x87, 0x0E, 0x0F, 0xC3, 0x87,
    0x07, 0xE1, 0xC3, 0x83, 0xF0, 0xE1, 0xC1, 0xF8, 0x70, 0xE0, 0xE0, 0x60, 0xFF, 0xFB, 0x83, 0xFF,
    0xCE, 0x07, 0xFF, 0x38, 0x1E, 0x38, 0xE0, 0x39, 0xC3, 0x80, 0x77, 0x0F, 0xFF, 0xFC, 0x3F, 0xFF,
    0xFC, 0xFF, 0xFF, 0xFB, 0x87, 0x1C, 0xFE, 0x18, 0x71, 0xF8, 0xE1, 0xC7, 0xE3, 0x87, 0x1F, 0x8E,
    0x1C, 0x70, 0x30, 0xC1, 0x9C, 0x0F, 0x80, 0xF0, 0x02, 0x07, 0xC0, 0x7F, 0x87, 0xFC, 0x01, 0xE0,
    0x0E, 0x00, 0xE0, 0x0E, 0x01, 0xE1, 0xFC, 0x3F, 0x83, 0xFC, 0x01, 0xE0, 0x0E, 0x00, 0xE0, 0x0E,
    0x00, 0xE0, 0x1E, 0x3F, 0xC7, 0xF8, 0xFE, 0x0E, 0x00, 0xE0, 0x07, 0x80, 0x38, 0x01, 0x00, 0x73,
    0x8F, 0xC1, 0xF0, 0x38, 0x00, 0x3F, 0x8F, 0xFB, 0xFF, 0x01, 0xC0, 0x70, 0x1C, 0xFE, 0x3F, 0x8F,
    0xF0, 0x1C, 0x07, 0x03, 0xDF, 0xFF, 0xFB, 0x80, 0xC0, 0x38, 0x0F, 0x81, 0xE0, 0x00, 0x00, 0xC0,
    0xC0, 0xF8, 0x70, 0x7E, 0x1C, 0x1F, 0x87, 0x07, 0xE1, 0xC1, 0xF8, 0x70, 0x7E, 0x1C, 0x1F, 0x87,
    0x07, 0xE1, 0xC1, 0xFC, 0x70, 0xE7, 0x1C, 0x78, 0xFF, 0xFC, 0x1F, 0xFE, 0x01, 0xFE, 0x00, 0x1C,
    0x00, 0x07, 0x00, 0x01, 0xC0, 0x00, 0x70, 0x00, 0x1C, 0x00, 0x01, 0xC0, 0x00, 0xE0, 0x00, 0x70,
    0x0C, 0x38, 0x7E, 0x1C, 0x3F, 0x0E, 0x1F, 0x87, 0x0F, 0xC3, 0x87, 0xE1, 0xC3, 0xF0, 0xE1, 0xF8,
    0x70, 0xEE, 0x38, 0x77, 0x1C, 0x73, 0x8E, 0x38, 0xE7, 0x3C, 0x7F, 0xFC, 0x1F, 0xFC, 0x01, 0xF0,
    0x00, 0x70, 0x00, 0x38, 0x00, 0x1C, 0x00, 0x0E, 0x00, 0x00, 0x00, 0x03, 0xE0, 0x07, 0xFC, 0x07,
    0xFF, 0x07, 0x83, 0xC7, 0x80, 0xF3, 0x80, 0x3B, 0xC0, 0x1F, 0xC0, 0x07, 0xE0, 0x03, 0xFF, 0xFF,
    0xFF, 0xFF, 0xFC, 0x00, 0x7E, 0x00, 0x3B, 0x80, 0x39, 0xC0, 0x1C, 0xF0, 0x1E, 0x3E, 0x3E, 0x0F,
    0xFE, 0x03, 0xFE, 0x00, 0x38, 0x00, 0x0F, 0x81, 0xFF, 0x1F, 0xF8, 0xE0, 0xEE, 0x07, 0x70, 0x1F,
    0xFD, 0xFF, 0xFF, 0xE3, 0xFF, 0x01, 0xFC, 0x1C, 0xF1, 0xE3, 0xFE, 0x0F, 0xE0, 0x1C, 0x00, 0x60,
    0x01, 0xF8, 0x01, 0xDC, 0x01, 0xEE, 0x00, 0xE3, 0x80, 0xE1, 0xC0, 0x70, 0xE0, 0x38, 0x38, 0x38,
    0x1C, 0x1C, 0x0E, 0x1E, 0x03, 0x8E, 0x01, 0xC7, 0x00, 0xE7, 0x00, 0x3B, 0x80, 0x1D, 0xC0, 0x07,
    0xC0, 0x03, 0xE0, 0x01, 0xF0, 0x00, 0x70, 0x00, 0xE0, 0x1C, 0xE0, 0x79, 0xC1, 0xF3, 0x83, 0x83,
    0x87, 0x07, 0x1C, 0x0E, 0x38, 0x0E, 0x70, 0x1D, 0xC0, 0x1B, 0x80, 0x3F, 0x00, 0x7C, 0x00, 0x78,
    0x00, 0xE0, 0x00, 0x1C, 0xE0, 0x07, 0x70, 0x03, 0x98, 0x00, 0xEE, 0x00, 0x00, 0x03, 0x00, 0x0F,
    0xC0, 0x0E, 0xE0, 0x0F, 0x70, 0x07, 0x1C, 0x07, 0x0E, 0x03, 0x87, 0x01, 0xC1, 0xC1, 0xC0, 0xE0,
    0xE0, 0x70, 0xF0, 0x1C, 0x70, 0x0E, 0x38, 0x07, 0x38, 0x01, 0xDC, 0x00, 0xEE, 0x00, 0x3E, 0x00,
    0x1F, 0x00, 0x0F, 0x80, 0x03, 0x80, 0x73, 0x80, 0x77, 0x00, 0xE6, 0x00, 0xEE, 0x00, 0x00, 0x1C,
    0x03, 0x9C, 0x0F, 0x38, 0x3E, 0x70, 0x70, 0x70, 0xE0, 0xE3, 0x81, 0xC7, 0x01, 0xCE, 0x03, 0xB8,
    0x03, 0x70, 0x07, 0xE0, 0x0F, 0x80, 0x0F, 0x00, 0x1C, 0x00, 0x03, 0xE0, 0x00, 0x00, 0x0F, 0xF8,
    0x00, 0x00, 0x1F, 0xFC, 0x00, 0x00, 0x3C, 0x1E, 0x00, 0x00, 0x78, 0x0F, 0x00, 0x00, 0x70, 0x07,
    0x38, 0x06, 0xF0, 0x07, 0x9C, 0x0E, 0xE0, 0x03, 0x9C, 0x0E, 0xE0, 0x03, 0x9C, 0x1C, 0xE0, 0x03,
    0x8E, 0x1C, 0xE0, 0x03, 0x8E, 0x1C, 0xE0, 0x03, 0x87, 0x38, 0xE0, 0x03, 0x87, 0x38, 0x70, 0x07,
    0x07, 0x38, 0x70, 0x07, 0x03, 0xF0, 0x78, 0x0F, 0x03, 0xF0, 0x3E, 0x3E, 0x03, 0xE0, 0x1F, 0xFC,
    0x01, 0xE0, 0x0F, 0xF8, 0x01, 0xE0, 0x01, 0xC0, 0x01, 0xC0, 0x00, 0x00, 0x01, 0xC0, 0x00, 0x00,
    0x03, 0x80, 0x00, 0x00, 0x0F, 0x80, 0x00, 0x00, 0x1F, 0x00, 0x00, 0x00, 0x04, 0x00, 0x0F, 0x83,
    0x80, 0xE7, 0xFC, 0x70, 0x39, 0xFF, 0x8E, 0x07, 0x38, 0x38, 0xE0, 0xEE, 0x07, 0x1C, 0x39, 0xC0,
    0x73, 0x87, 0x38, 0x0E, 0x39, 0xC7, 0x01, 0xC7, 0x38, 0xE0, 0x38, 0xE7, 0x1C, 0x07, 0x0F, 0xC3,
    0xC1, 0xC1, 0xF8, 0x3C, 0x78, 0x1F, 0x03, 0xFE, 0x03, 0xC0, 0x3F, 0x80, 0x78, 0x01, 0xC0, 0x0E,
    0x00, 0x00, 0x01, 0xC0, 0x00, 0x00, 0x78, 0x00, 0x00, 0x3E, 0x00, 0x00, 0x07, 0x80, 0x00, 0x00,
    0x40, 0x00, 0x03, 0xE0, 0x0F, 0xF8, 0x3F, 0xFC, 0x3C, 0x3E, 0x78, 0x0E, 0x70, 0x0E, 0xE0, 0x00,
    0xE0, 0x00, 0xE0, 0x00, 0xE0, 0x00, 0xE0, 0x00, 0xE0, 0x06, 0x70, 0x0F, 0x78, 0x0F, 0x3C, 0x3F,
    0x3F, 0xFF, 0x0F, 0xF7, 0x03, 0xC7, 0x00, 0x07, 0x0F, 0x83, 0xFE, 0x7F, 0xE7, 0x07, 0xE0, 0x7E,
    0x00, 0xE0, 0x0E, 0x00, 0xE0, 0x0E, 0x00, 0xF0, 0x07, 0x80, 0x3F, 0x01, 0xF0, 0x07, 0x00, 0x70,
    0x07, 0x00, 0x70, 0x07, 0x00, 0x00, 0x38, 0x00, 0xC0, 0x87, 0x03, 0xB8, 0x0F, 0xE0, 0x1F, 0x00,
    0x1F, 0x00, 0xFE, 0x43, 0xBB, 0xDC, 0x0F, 0xE0, 0x0F, 0x80, 0x1F, 0x80, 0x7F, 0x03, 0x9C, 0x0E,
    0x00, 0x70, 0x00, 0x01, 0xFF, 0xFF, 0xFF, 0x80, 0xE0, 0x00, 0x0F, 0xDF, 0xFB, 0xE3, 0x00, 0x00,
    0xEE, 0x73, 0x00, 0x77, 0x6C, 0x00, 0x7E, 0x1F, 0xFB, 0x1F, 0x00, 0x00, 0x00, 0x3C, 0x00, 0x00,
    0x3F, 0x00, 0x00, 0x19, 0x80, 0x01, 0x80, 0x07, 0x01, 0xF0, 0x07, 0xC1, 0x98, 0x03, 0x60, 0x00,
    0x00, 0x00, 0x00, 0x00, 0x00, 0x00, 0x00, 0x00, 0x18, 0x00, 0x03, 0x1E, 0x00, 0x07, 0xD9, 0x80,
    0x03, 0x70, 0x00, 0x00, 0x00, 0x00, 0x00, 0x00, 0x00, 0x00, 0x00, 0x00, 0x00, 0x00, 0x1E, 0x00,
    0x78, 0x1F, 0x80, 0x3E, 0x0C, 0xC0, 0x13, 0x00, 0x03, 0x80, 0x00, 0x03, 0xE0, 0x00, 0x03, 0xB0,
    0x00, 0x00, 0x00, 0x00, 0x00, 0x0C, 0x00, 0x00, 0x18, 0x00, 0x00, 0x18, 0x00, 0x0C, 0x18, 0x00,
    0x0E, 0x18, 0x38, 0x06, 0x00, 0xF0, 0x07, 0x00, 0xE0, 0x02, 0x00, 0x00, 0x00, 0x00, 0x00, 0x00,
    0x00, 0x00, 0xF0, 0x00, 0x18, 0x78, 0x00, 0x1F, 0x18, 0x00, 0x0F, 0x00, 0x00, 0x00, 0x00, 0x00,
    0x00, 0x00, 0x00, 0x00, 0x02, 0x00, 0x60, 0x07, 0x00, 0x60, 0x1E, 0x08, 0x70, 0x18, 0x1C, 0x30,
    0x00, 0x18, 0x30, 0x00, 0x18, 0x00, 0x00, 0x30, 0x00, 0x00, 0x00, 0x00, 0x1C, 0x60, 0x07, 0x70,
    0x03, 0xF0, 0x00, 0xF0, 0x00, 0x00, 0x06, 0x00, 0x63, 0x80, 0x79, 0xC0, 0x7C, 0xE0, 0x3E, 0x70,
    0x3F, 0x38, 0x3F, 0x9C, 0x1D, 0xCE, 0x1E, 0xE7, 0x1E, 0x73, 0x8E, 0x39, 0xCF, 0x1C, 0xE7, 0x0E,
    0x77, 0x07, 0x3F, 0x83, 0x9F, 0x81, 0xCF, 0x80, 0xE7, 0xC0, 0x73, 0xC0, 0x3F, 0xE0, 0x1F, 0x00,
    0x03, 0x80, 0x03, 0x80, 0x01, 0xC0, 0x00, 0xE0, 0x38, 0xC0, 0x33, 0x80, 0x7E, 0x00, 0x78, 0x00,
    0x00, 0x0C, 0x0E, 0x38, 0x1C, 0x70, 0x78, 0xE1, 0xF1, 0xC3, 0xE3, 0x8F, 0xC7, 0x3B, 0x8E, 0x77,
    0x1D, 0xCE, 0x3F, 0x1C, 0x7E, 0x38, 0xF8, 0x71, 0xE0, 0xFB, 0xC1, 0xF0, 0x00, 0xE0, 0x01, 0x80,
    0x07, 0x00, 0x0E, 0x00, 0x18, 0x00, 0x1C, 0x00, 0x1C, 0x00, 0x1C, 0x00, 0xFF, 0xE0, 0xFF, 0xC0,
    0x1C, 0x00, 0x1C, 0x00, 0x1F, 0xFC, 0x1F, 0xFE, 0x1C, 0x1F, 0x1C, 0x07, 0x1C, 0x07, 0x1C, 0x07,
    0x1C, 0x07, 0x1C, 0x07, 0x1C, 0x1F, 0x1F, 0xFE, 0x1F, 0xF8, 0x1C, 0x00, 0x38, 0x00, 0x70, 0x07,
    0xFE, 0x0F, 0xFC, 0x1F, 0xF8, 0x07, 0x00, 0x0E, 0x00, 0x1F, 0xF0, 0x3F, 0xF0, 0x7F, 0xF0, 0xE0,
    0xE1, 0xC1, 0xC3, 0x83, 0x87, 0x0F, 0x0F, 0xFC, 0x1F, 0xF0, 0xFE, 0x07, 0xFE, 0x3F, 0xFD, 0xC1,
    0xEE, 0x07, 0xF0, 0x1F, 0x80, 0xFC, 0x37, 0xE3, 0xFF, 0x0F, 0xBF, 0xFD, 0xFF, 0xCF, 0xF7, 0x70,
    0x3B, 0x80, 0x1C, 0x00, 0xE0, 0x07, 0x00, 0x38, 0x00, 0x67, 0xC7, 0x7F, 0x3F, 0xFD, 0xF0, 0xEF,
    0x03, 0xF8, 0x1F, 0x80, 0xFC, 0x07, 0xE0, 0x3F, 0x85, 0xFC, 0x7F, 0xF1, 0xEF, 0xFF, 0x77, 0xFF,
    0x8C, 0xDC, 0x00, 0xE0, 0x07, 0x00, 0x38, 0x00, 0x00, 0x00, 0x00, 0x60, 0x06, 0x00, 0x6F, 0xFF,
    0xFF, 0xFF, 0xFF, 0xE0, 0x0E, 0x00, 0xE0, 0x0E, 0x00, 0xE0, 0x0E, 0x00, 0xE0, 0x0E, 0x00, 0xE0,
    0x0E, 0x00, 0xE0, 0x0E, 0x00, 0xE0, 0x0E, 0x00, 0xE0, 0x0E, 0x00, 0x01, 0xC0, 0x70, 0x1D, 0xFF,
    0xFF, 0xFF, 0xFE, 0x03, 0x80, 0xE0, 0x38, 0x0E, 0x03, 0x80, 0xE0, 0x38, 0x0E, 0x03, 0x80, 0xE0,
    0x00, 0x1F, 0xFC, 0x3F, 0xFC, 0x7F, 0xF8, 0xE0, 0x01, 0xC0, 0x03, 0x80, 0x07, 0x00, 0x0E, 0x00,
    0x1C, 0x01, 0xFF, 0xC3, 0xFF, 0x80, 0xE0, 0x01, 0xC0, 0x03, 0x80, 0x07, 0x00, 0x0E, 0x00, 0x1C,
    0x00, 0x38, 0x00, 0x70, 0x00, 0x3F, 0xEF, 0xFD, 0xFF, 0xB8, 0x07, 0x00, 0xE0, 0x3F, 0xC7, 0xF8,
    0x70, 0x0E, 0x01, 0xC0, 0x38, 0x07, 0x00, 0xE0, 0x00, 0xFF, 0xE7, 0xFF, 0xBF, 0xFD, 0xC0, 0x0E,
    0x00, 0x70, 0x03, 0x80, 0x1C, 0xE0, 0xFF, 0xC7, 0xFF, 0xBE, 0x3D, 0xE0, 0xFE, 0x03, 0xF0, 0x1F,
    0x80, 0xFC, 0x07, 0xE0, 0x7F, 0x0F, 0xB9, 0xFC, 0x0F, 0x80, 0x00, 0x00, 0x7F, 0xCF, 0xFC, 0xFF,
    0xCE, 0x00, 0xE0, 0x0E, 0x00, 0xE7, 0x0F, 0xFC, 0xFF, 0xEF, 0x0E, 0xF0, 0x6E, 0x07, 0xE0, 0x7E,
    0x06, 0x00, 0xE0, 0x3E, 0x0F, 0xC0, 0xF8, 0x70, 0x18, 0x0C, 0x3C, 0x1C, 0x0F, 0x0E, 0x0E, 0x07,
    0x07, 0x87, 0x07, 0x01, 0xC3, 0x87, 0x80, 0x71, 0xC3, 0x80, 0x3C, 0xE3, 0xC0, 0x0E, 0x71, 0xC0,
    0x07, 0xBD, 0xC0, 0x01, 0xFF, 0xE0, 0x01, 0xFF, 0xF0, 0x00, 0xE7, 0x1C, 0x00, 0xF3, 0x8F, 0x00,
    0x71, 0xC3, 0x80, 0x70, 0xE1, 0xE0, 0x78, 0x70, 0x70, 0x38, 0x38, 0x1C, 0x3C, 0x1C, 0x0F, 0xDC,
    0x0E, 0x03, 0xE0, 0x00, 0x00, 0x70, 0x00, 0x00, 0x38, 0x00, 0x00, 0x1C, 0x00, 0x00, 0x0E, 0x70,
    0x60, 0xE3, 0xC3, 0x8F, 0x0E, 0x1C, 0x70, 0x38, 0xE7, 0x00, 0xE7, 0x70, 0x07, 0xBF, 0x80, 0x1F,
    0xF8, 0x00, 0xFF, 0xC0, 0x07, 0xFE, 0x00, 0x73, 0xB8, 0x07, 0x9D, 0xE0, 0x78, 0xE7, 0x87, 0x87,
    0x1F, 0xB8, 0x38, 0x7C, 0x00, 0x00, 0xE0, 0x00, 0x07, 0x00, 0x00, 0x38, 0x00, 0x01, 0xC0, 0x07,
    0x80, 0xFF, 0x0F, 0xFC, 0xF0, 0xE7, 0x07, 0xB0, 0x1C, 0x00, 0xE0, 0x0E, 0x07, 0xF0, 0x3E, 0x01,
    0xFC, 0x00, 0xF0, 0x03, 0x80, 0x1F, 0x80, 0xFE, 0x07, 0x78, 0x7B, 0xFF, 0x87, 0xF8, 0x0E, 0x00,
    0x3C, 0x01, 0xE0, 0x0F, 0x00, 0xF8, 0x00, 0x00, 0x1F, 0x0F, 0xF3, 0xFF, 0x70, 0xE0, 0x1C, 0x07,
    0x83, 0xE0, 0x7C, 0x03, 0xC0, 0x3B, 0x87, 0x70, 0xEF, 0xFC, 0xFF, 0x03, 0x00, 0x78, 0x0F, 0x01,
    0xE0, 0x7C, 0x00, 0x00, 0xC0, 0x18, 0xE0, 0x3C, 0xE0, 0x78, 0xE0, 0xF0, 0xE0, 0xE0, 0xE1, 0xE0,
    0xE3, 0xC0, 0xE7, 0x80, 0xFF, 0x00, 0xFE, 0x00, 0xFF, 0x00, 0xE7, 0x80, 0xE3, 0xC0, 0xE1, 0xC0,
    0xE1, 0xE0, 0xE0, 0xF0, 0xE0, 0x78, 0xE0, 0x3E, 0xE0, 0x3E, 0x00, 0x0E, 0x00, 0x0E, 0x00, 0x0E,
    0x00, 0x0E, 0x60, 0x77, 0x07, 0xB8, 0x79, 0xC7, 0x8E, 0x78, 0x73, 0x83, 0xF8, 0x1F, 0xC0, 0xFF,
    0x07, 0x3C, 0x38, 0xF1, 0xC3, 0xCE, 0x0F, 0xF0, 0x7C, 0x00, 0xE0, 0x07, 0x00, 0x38, 0x01, 0xC0,
    0xC0, 0x1B, 0x80, 0xFE, 0x03, 0xB8, 0x1E, 0xE0, 0x73, 0x83, 0x8F, 0xCE, 0x3F, 0x70, 0xFF, 0xC3,
    0xFE, 0x0F, 0xF8, 0x3F, 0xF0, 0xFD, 0xE3, 0xF3, 0x8E, 0x0F, 0x38, 0x1C, 0xE0, 0x7B, 0x80, 0xEE,
    0x01, 0xC0, 0x60, 0x3B, 0x81, 0xEE, 0x07, 0x38, 0x3C, 0xEE, 0xE3, 0xBF, 0x0F, 0xF8, 0x3F, 0xE0,
    0xFF, 0xC3, 0xBF, 0x8E, 0xEE, 0x38, 0x1C, 0xE0, 0x7B, 0x80, 0xE0, 0xFE, 0x00, 0xEF, 0xF0, 0x1E,
    0xFF, 0x03, 0xC0, 0x70, 0x38, 0x07, 0x07, 0x00, 0x70, 0xF0, 0x07, 0x1E, 0x00, 0x71, 0xC0, 0x07,
    0xF8, 0x00, 0x7F, 0x80, 0x07, 0xF8, 0x00, 0x73, 0xC0, 0x07, 0x1E, 0x00, 0x70, 0xE0, 0x07, 0x07,
    0x00, 0x70, 0x78, 0x07, 0x03, 0xC0, 0x70, 0x1C, 0x07, 0x00, 0xE0, 0xFC, 0x0E, 0xFE, 0x1E, 0xFE,
    0x3C, 0x0E, 0x38, 0x0E, 0x70, 0x0E, 0xF0, 0x0F, 0xE0, 0x0F, 0xE0, 0x0F, 0xE0, 0x0E, 0x70, 0x0E,
    0x78, 0x0E, 0x3C, 0x0E, 0x1E, 0x0E, 0x0E, 0xC0, 0x0C, 0x70, 0x07, 0x38, 0x03, 0x9C, 0x01, 0xCE,
    0x00, 0xE7, 0x00, 0x73, 0x80, 0x39, 0xC0, 0x1C, 0xFF, 0xFE, 0x7F, 0xFF, 0x3F, 0xFF, 0x9C, 0x01,
    0xCE, 0x00, 0xE7, 0x00, 0x73, 0x80, 0x39, 0xC0, 0x1C, 0xE0, 0x0E, 0x70, 0x07, 0xB8, 0x03, 0xC0,
    0x00, 0xE0, 0x00, 0x70, 0x00, 0x38, 0x00, 0x1C, 0x60, 0x73, 0x81, 0xCE, 0x07, 0x38, 0x1C, 0xE0,
    0x73, 0x81, 0xCF, 0xFF, 0x3F, 0xFC, 0xE0, 0x73, 0x81, 0xCE, 0x07, 0x38, 0x1C, 0xE0, 0x7F, 0x81,
    0xF0, 0x01, 0xC0, 0x07, 0x00, 0x1C, 0x00, 0x70, 0xC0, 0x0F, 0xFB, 0x80, 0x3F, 0xFE, 0x00, 0xFF,
    0xF8, 0x03, 0x80, 0xE0, 0x0E, 0x03, 0x80, 0x38, 0x0E, 0x00, 0xE0, 0x38, 0x03, 0x80, 0xFF, 0xFE,
    0x03, 0xFF, 0xF8, 0x0F, 0xFF, 0xE0, 0x38, 0x03, 0x80, 0xE0, 0x0E, 0x03, 0x80, 0x38, 0x0E, 0x00,
    0xE0, 0x38, 0x03, 0x80, 0xE0, 0x0E, 0x03, 0x80, 0x38, 0x0E, 0x00, 0xE0, 0x00, 0x60, 0x7F, 0xE0,
    0x7F, 0xE0, 0x7F, 0xE0, 0x70, 0xE0, 0x70, 0xE0, 0x70, 0xFF, 0xF0, 0xFF, 0xF0, 0xE0, 0x70, 0xE0,
    0x70, 0xE0, 0x70, 0xE0, 0x70, 0xE0, 0x70, 0xE0, 0x70, 0xFF, 0xFC, 0x00, 0x7F, 0xFF, 0x00, 0x3F,
    0xFF, 0x80, 0x1C, 0x01, 0xC0, 0x0E, 0x00, 0xE0, 0x07, 0x00, 0x70, 0x03, 0x80, 0x38, 0x01, 0xC0,
    0x1C, 0xC0, 0xE0, 0x0F, 0xFC, 0x70, 0x07, 0xFF, 0x38, 0x03, 0xC7, 0xDC, 0x01, 0xC0, 0xEE, 0x00,
    0xE0, 0x7F, 0x00, 0x70, 0x1F, 0x80, 0x38, 0x0F, 0xC0, 0x1C, 0x0F, 0xE0, 0x0E, 0x07, 0x70, 0x07,
    0x0F, 0xB8, 0x03, 0xBF, 0x80, 0x00, 0x1F, 0x80, 0x00, 0x00, 0x00, 0x7F, 0xF0, 0x07, 0xFF, 0x80,
    0x3F, 0xFC, 0x01, 0xC0, 0xE0, 0x0E, 0x07, 0x00, 0x70, 0x38, 0x03, 0x81, 0xFE, 0x1C, 0x0F, 0xFC,
    0xE0, 0x7F, 0xF7, 0x03, 0x83, 0xF8, 0x1C, 0x0F, 0xC0, 0xE0, 0x7E, 0x07, 0x03, 0xF0, 0x38, 0x1C,
    0x00, 0x01, 0xC0, 0x00, 0x3E, 0x00, 0x01, 0xE0, 0x00, 0x0C, 0x00, 0x03, 0x80, 0x00, 0x1F, 0x00,
    0x00, 0x7E, 0x00, 0x01, 0xE0, 0x7F, 0x07, 0x83, 0xFF, 0x0E, 0x07, 0x9E, 0x3C, 0x1E, 0x0E, 0x70,
    0x38, 0x1C, 0xE0, 0x70, 0x39, 0xC0, 0xE0, 0x73, 0x81, 0xC0, 0xE7, 0x03, 0x81, 0xCE, 0x07, 0x07,
    0x8E, 0x07, 0x0E, 0x1C, 0x0F, 0x3C, 0x3C, 0x0F, 0xF0, 0x3E, 0x1F, 0xC4, 0x3F, 0xFF, 0xF8, 0x1F,
    0xFF, 0xF8, 0x07, 0x03, 0x80, 0x0E, 0x00, 0x0F, 0x80, 0x07, 0xC7, 0xC1, 0xC7, 0xF8, 0xE1, 0xEF,
    0x38, 0xE1, 0xEE, 0x38, 0x3B, 0x8E, 0x0E, 0xE3, 0x83, 0xB8, 0xF1, 0xCF, 0x1C, 0xF1, 0xE3, 0xF8,
    0x3F, 0xFF, 0xC7, 0xFF, 0xF0, 0x38, 0x70, 0x03, 0xE0, 0x0F, 0xF8, 0x1F, 0xFC, 0x3C, 0x1E, 0x78,
    0x0F, 0x70, 0x07, 0xF0, 0x07, 0xE0, 0x00, 0xE0, 0x00, 0xE0, 0x00, 0xE0, 0x00, 0xE0, 0x00, 0xE0,
    0x00, 0x70, 0x07, 0x70, 0x07, 0x78, 0x0F, 0x3E, 0x3E, 0x1F, 0xFC, 0x0F, 0xF8, 0x01, 0xC0, 0x01,
    0xE0, 0x00, 0xF0, 0x01, 0xF0, 0x01, 0xE0, 0x00, 0x00, 0x0F, 0x83, 0xFE, 0x7F, 0xE7, 0x07, 0xE0,
    0x7E, 0x00, 0xE0, 0x0E, 0x00, 0xE0, 0x0E, 0x00, 0xF0, 0x77, 0x8F, 0x3F, 0xE1, 0xFC, 0x07, 0x00,
    0x78, 0x07, 0xC0, 0x7C, 0x07, 0x80, 0x00, 0xFF, 0xFF, 0xFF, 0xFF, 0xFF, 0xC1, 0xE0, 0x07, 0x80,
    0x1E, 0x00, 0x78, 0x01, 0xE0, 0x07, 0x80, 0x1E, 0x00, 0x78, 0x01, 0xE0, 0x07, 0x80, 0x1E, 0x00,
    0x78, 0x01, 0xE0, 0x07, 0x80, 0x1F, 0x00, 0x7C, 0x00, 0x70, 0x01, 0xC0, 0x07, 0x00, 0x1C, 0x00,
    0xFF, 0xFF, 0xFF, 0xFF, 0xF0, 0xE0, 0x0E, 0x00, 0xE0, 0x0E, 0x00, 0xE0, 0x0E, 0x00, 0xE0, 0x0E,
    0x00, 0xE0, 0x0F, 0x80, 0xF8, 0x03, 0x80, 0x38, 0x03, 0x80, 0x38, 0x60, 0x03, 0x38, 0x03, 0x9E,
    0x03, 0xC7, 0x01, 0xC3, 0xC1, 0xC0, 0xE1, 0xE0, 0x38, 0xE0, 0x1E, 0xE0, 0x07, 0x70, 0x01, 0xF0,
    0x00, 0xF8, 0x00, 0x38, 0x00, 0x1C, 0x00, 0x0E, 0x00, 0x07, 0x00, 0x03, 0x80, 0x01, 0xC0, 0x00,
    0xE0, 0x00, 0x70, 0x00, 0xE0, 0x39, 0xC0, 0xE7, 0x03, 0x9C, 0x1C, 0x38, 0x70, 0xE1, 0xC3, 0xCE,
    0x07, 0x38, 0x1C, 0xE0, 0x3F, 0x00, 0xFC, 0x03, 0xE0, 0x07, 0x80, 0x1E, 0x00, 0x70, 0x01, 0xC0,
    0x07, 0x00, 0x1C, 0x00, 0x70, 0x00, 0x00, 0x60, 0x03, 0x38, 0x03, 0x9E, 0x03, 0xC7, 0x01, 0xC3,
    0xC1, 0xC0, 0xE1, 0xE0, 0x38, 0xE0, 0x1E, 0xE0, 0x07, 0x70, 0x01, 0xF0, 0x00, 0xF8, 0x00, 0x38,
    0x00, 0x1C, 0x00, 0xFF, 0xE0, 0x7F, 0xF0, 0x03, 0x80, 0x01, 0xC0, 0x00, 0xE0, 0x00, 0x70, 0x00,
    0xE0, 0x39, 0xC0, 0xE7, 0x03, 0x9C, 0x1C, 0x38, 0x70, 0xE1, 0xC3, 0xCE, 0x07, 0x38, 0x1C, 0xE0,
    0x3F, 0x00, 0xFC, 0x03, 0xE0, 0x07, 0x80, 0x1E, 0x01, 0xFE, 0x07, 0xF8, 0x07, 0x00, 0x1C, 0x00,
    0x70, 0x00, 0x00, 0x70, 0x07, 0x1E, 0x03, 0xC3, 0x80, 0xE0, 0xF0, 0x70, 0x1E, 0x3C, 0x03, 0x8E,
    0x00, 0xF7, 0x00, 0x1F, 0xC0, 0x03, 0xE0, 0x00, 0x70, 0x00, 0x3E, 0x00, 0x1F, 0xC0, 0x07, 0x70,
    0x03, 0x9E, 0x01, 0xE3, 0xC0, 0x70, 0x70, 0x38, 0x1E, 0x1E, 0x03, 0xF7, 0x00, 0x7C, 0x00, 0x07,
    0x00, 0x01, 0xC0, 0x00, 0x70, 0x00, 0x1C, 0x70, 0x39, 0xE1, 0xC3, 0x8F, 0x07, 0x38, 0x1D, 0xC0,
    0x3F, 0x00, 0x78, 0x01, 0xE0, 0x0F, 0x80, 0x7F, 0x01, 0xDE, 0x0E, 0x38, 0x78, 0x7D, 0xC1, 0xF0,
    0x01, 0xC0, 0x07, 0x00, 0x1C, 0x00, 0x70, 0xFF, 0xFC, 0x63, 0xFF, 0xF1, 0xCF, 0xFF, 0xC7, 0x01,
    0xC0, 0x1C, 0x07, 0x00, 0x70, 0x1C, 0x01, 0xC0, 0x70, 0x07, 0x01, 0xC0, 0x1C, 0x07, 0x00, 0x70,
    0x1C, 0x01, 0xC0, 0x70, 0x07, 0x01, 0xC0, 0x1C, 0x07, 0x00, 0x70, 0x1C, 0x01, 0xC0, 0x70, 0x07,
    0x01, 0xC0, 0x1C, 0x07, 0x00, 0x70, 0x1F, 0xFF, 0xF0, 0x7F, 0xFF, 0xC0, 0x00, 0x07, 0x00, 0x00,
    0x1C, 0x00, 0x00, 0x70, 0x00, 0x01, 0xC0, 0xFF, 0x8E, 0x7F, 0xC7, 0x3F, 0xE3, 0x83, 0x81, 0xC1,
    0xC0, 0xE0, 0xE0, 0x70, 0x70, 0x38, 0x38, 0x1C, 0x1C, 0x0E, 0x0E, 0x07, 0x07, 0x03, 0x83, 0x81,
    0xC1, 0xFF, 0xF0, 0xFF, 0xF8, 0x00, 0x1C, 0x00, 0x0E, 0x00, 0x07, 0x00, 0x03, 0x80, 0x60, 0x0C,
    0xF0, 0x0E, 0xF0, 0x0E, 0xF0, 0x0E, 0xF0, 0x0E, 0xF0, 0x0E, 0xF0, 0x0E, 0x70, 0x0E, 0x70, 0x1E,
    0x78, 0x7E, 0x3F, 0xFE, 0x1F, 0xFE, 0x03, 0x0E, 0x00, 0x0E, 0x00, 0x0E, 0x00, 0x0E, 0x00, 0x0E,
    0x00, 0x0F, 0x00, 0x0F, 0x00, 0x07, 0x00, 0x07, 0x00, 0x07, 0x00, 0x07, 0x60, 0x73, 0x81, 0xCE,
    0x07, 0x38, 0x1C, 0xE0, 0x71, 0x81, 0xC7, 0x07, 0x1F, 0xFC, 0x3F, 0xF0, 0x7F, 0xC0, 0x07, 0x00,
    0x1C, 0x00, 0x7C, 0x01, 0xF0, 0x01, 0xC0, 0x07, 0x00, 0x1C, 0x00, 0x70, 0x60, 0x0D, 0xE0, 0x1F,
    0xC0, 0x3F, 0x80, 0x7F, 0x00, 0xFE, 0x01, 0xFC, 0x03, 0xB9, 0xC7, 0x73, 0x9E, 0xF7, 0xFC, 0xFF,
    0xF8, 0xFF, 0xF0, 0x38, 0xE0, 0x71, 0xC0, 0xE3, 0x80, 0x07, 0x00, 0x0E, 0x00, 0x1C, 0x00, 0x38,
    0x60, 0x7E, 0x07, 0xE0, 0x7E, 0x07, 0xE0, 0x76, 0x77, 0x77, 0x77, 0xFF, 0x3F, 0xF1, 0xFF, 0x07,
    0x70, 0x77, 0x06, 0x70, 0x07, 0xC0, 0x03, 0x80, 0x0E, 0x00, 0x38, 0x00, 0xE0, 0x03, 0x80, 0x0E,
    0x00, 0x39, 0xF0, 0xFF, 0xF3, 0xFF, 0xEF, 0x07, 0xB8, 0x0F, 0xE0, 0x1F, 0x80, 0x7E, 0x01, 0xF8,
    0x07, 0xE0, 0x1F, 0x80, 0x7E, 0x01, 0xC0, 0x60, 0x0E, 0x00, 0xE0, 0x0E, 0x00, 0xE0, 0x0E, 0x78,
    0xFF, 0xEF, 0xFE, 0xF0, 0xFF, 0x07, 0xE0, 0x7E, 0x07, 0xE0, 0x7E, 0x07, 0xE0, 0x7E, 0x07, 0xE0,
    0x7E, 0x07, 0xE0, 0x70, 0x00, 0x3C, 0x00, 0x1F, 0xF0, 0x03, 0xFF, 0xC0, 0x7C, 0x3C, 0x07, 0x01,
    0xE0, 0xE0, 0x0E, 0xEE, 0x00, 0xFE, 0xE0, 0x07, 0xFE, 0x00, 0x7F, 0xFF, 0xFF, 0x7F, 0xFF, 0xF1,
    0xE0, 0x00, 0x0E, 0x00, 0x00, 0xE0, 0x07, 0x0F, 0x00, 0xE0, 0x70, 0x1E, 0x07, 0xC3, 0xC0, 0x3F,
    0xF8, 0x00, 0xFF, 0x00, 0x03, 0x80, 0x00, 0xF8, 0x01, 0xFF, 0x00, 0xFF, 0xD8, 0xE0, 0xEE, 0x70,
    0x3F, 0x70, 0x1D, 0xFF, 0xFE, 0x7F, 0xFF, 0x0E, 0x00, 0x07, 0x00, 0x01, 0xC0, 0xC0, 0xF0, 0xE0,
    0x3F, 0xF0, 0x0F, 0xF0, 0x01, 0xC0, 0x00, 0x3C, 0x00, 0x1F, 0xF0, 0x03, 0xFF, 0xC0, 0x7C, 0x3C,
    0x07, 0x01, 0xE0, 0xE0, 0x0E, 0xEE, 0x00, 0xFE, 0xE0, 0x07, 0xFE, 0x00, 0x7F, 0xFF, 0xFF, 0x7F,
    0xFF, 0xF1, 0xE0, 0x00, 0x0E, 0x00, 0x00, 0xE0, 0x07, 0x0F, 0x00, 0xE0, 0x70, 0x1E, 0x07, 0xC3,
    0xC0, 0x3F, 0xF8, 0x00, 0xFF, 0x00, 0x03, 0x80, 0x00, 0x38, 0x00, 0x03, 0x80, 0x00, 0x38, 0x00,
    0x00, 0xF8, 0x01, 0xFF, 0x00, 0xFF, 0xD8, 0xE0, 0xEE, 0x70, 0x3F, 0x70, 0x1D, 0xFF, 0xFE, 0x7F,
    0xFF, 0x0E, 0x00, 0x07, 0x00, 0x01, 0xC0, 0xC0, 0xF0, 0xE0, 0x3F, 0xF0, 0x0F, 0xF0, 0x01, 0xC0,
    0x00, 0xF0, 0x00, 0x3C, 0x00, 0x3E, 0x00, 0x1E, 0x00, 0x00, 0x00, 0xDF, 0xFF, 0xFF, 0xFF, 0xFF,
    0xFF, 0xFF, 0x80, 0x00, 0xC7, 0x00, 0x00, 0xE7, 0x00, 0x00, 0x7E, 0x00, 0x00, 0x3C, 0x00, 0x00,
    0x00, 0x00, 0x70, 0x18, 0x0C, 0x78, 0x38, 0x1E, 0x38, 0x38, 0x1C, 0x3C, 0x38, 0x38, 0x1C, 0x38,
    0x78, 0x0E, 0x38, 0x70, 0x0F, 0x38, 0xF0, 0x07, 0x38, 0xE0, 0x07, 0xBD, 0xC0, 0x03, 0xFF, 0xC0,
    0x07, 0xFF, 0xC0, 0x07, 0x38, 0xE0, 0x0F, 0x38, 0xF0, 0x0E, 0x38, 0x70, 0x1C, 0x38, 0x78, 0x3C,
    0x38, 0x38, 0x38, 0x38, 0x1C, 0x78, 0x38, 0x1E, 0x70, 0x38, 0x0E, 0x03, 0x8C, 0x00, 0x39, 0xC0,
    0x01, 0xF8, 0x00, 0x0F, 0x00, 0x00, 0x00, 0x07, 0x06, 0x0E, 0x78, 0x71, 0xE3, 0x87, 0x1C, 0x1C,
    0x73, 0x80, 0xE7, 0x70, 0x0F, 0x7F, 0x00, 0x7F, 0xE0, 0x07, 0xFE, 0x00, 0x7F, 0xE0, 0x0E, 0x77,
    0x01, 0xE7, 0x78, 0x3C, 0x73, 0xC7, 0x87, 0x1E, 0x70, 0x70, 0xE0, 0xC0, 0x1B, 0x80, 0xEE, 0x07,
    0xB8, 0x3C, 0xE1, 0xE3, 0x87, 0x0E, 0x38, 0x39, 0xE0, 0xFF, 0x03, 0xFF, 0x0F, 0xFF, 0x38, 0x3C,
    0xE0, 0x3B, 0x80, 0xEE, 0x01, 0xF8, 0x07, 0xE0, 0x1F, 0x80, 0xFE, 0x03, 0x80, 0x1E, 0x01, 0xF0,
    0x07, 0xC0, 0x1C, 0x00, 0x60, 0x77, 0x07, 0xB8, 0x79, 0xC7, 0x8E, 0x78, 0x73, 0x83, 0xFE, 0x1F,
    0xFC, 0xFF, 0xF7, 0x03, 0xB8, 0x1D, 0xC0, 0x7E, 0x03, 0xF0, 0x38, 0x03, 0xC0, 0x3C, 0x01, 0xC0,
    0x00, 0x00, 0x0F, 0xFE, 0x03, 0xFF, 0xC0, 0xFF, 0xF0, 0x38, 0x1C, 0x1C, 0x07, 0x07, 0x01, 0xC1,
    0xC0, 0x70, 0x70, 0x1C, 0x1C, 0x07, 0x07, 0x01, 0xC1, 0xC0, 0x70, 0x70, 0x1C, 0x1C, 0x07, 0x07,
    0x01, 0xC1, 0xC0, 0x70, 0xE0, 0x1C, 0x78, 0x07, 0x3E, 0x01, 0xFF, 0x00, 0x7C, 0x00, 0x0E, 0x00,
    0x03, 0x80, 0x00, 0xE0, 0x00, 0x30, 0x1F, 0xF8, 0x3F, 0xF0, 0x7F, 0xE0, 0xE1, 0xC1, 0xC3, 0x83,
    0x87, 0x07, 0x0E, 0x0C, 0x1C, 0x38, 0x38, 0x70, 0x70, 0xE0, 0xE3, 0xC1, 0xCF, 0x03, 0xFE, 0x07,
    0xC0, 0x03, 0x00, 0x0E, 0x00, 0x1C, 0x00, 0x38, 0xC0, 0x0D, 0xC0, 0x1F, 0x80, 0x3F, 0x00, 0x7E,
    0x00, 0xFC, 0x01, 0xF8, 0x03, 0xF0, 0x07, 0xFF, 0xFF, 0xFF, 0xFF, 0xFF, 0xFF, 0x00, 0x7E, 0x00,
    0xFC, 0x01, 0xF8, 0x03, 0xF0, 0x07, 0xE0, 0x0F, 0xC0, 0x1F, 0x80, 0x38, 0x00, 0x70, 0x00, 0xE0,
    0x03, 0xC0, 0x1F, 0x00, 0x3E, 0x00, 0x30, 0x60, 0x7E, 0x07, 0xE0, 0x7E, 0x07, 0xE0, 0x7E, 0x07,
    0xFF, 0xFF, 0xFF, 0xE0, 0x7E, 0x07, 0xE0, 0x7E, 0x07, 0xE0, 0x7E, 0x07, 0x00, 0x70, 0x07, 0x00,
    0x70, 0x1F, 0x03, 0xE0, 0x18, 0xC0, 0x0C, 0x70, 0x07, 0x38, 0x03, 0x9C, 0x01, 0xCE, 0x00, 0xE7,
    0x00, 0x73, 0x80, 0x39, 0xC0, 0x1C, 0xFF, 0xFE, 0x7F, 0xFF, 0x3F, 0xFF, 0x9C, 0x01, 0xCE, 0x00,
    0xE7, 0x00, 0x73, 0x80, 0x39, 0xC0, 0x1C, 0xE0, 0x0E, 0x70, 0x07, 0xF8, 0x03, 0xE0, 0x00, 0xE0,
    0x00, 0x70, 0x00, 0x38, 0x00, 0x38, 0x60, 0x71, 0xC0, 0xE3, 0x81, 0xC7, 0x03, 0x8E, 0x07, 0x1C,
    0x0E, 0x3F, 0xFC, 0x7F, 0xF8, 0xE0, 0x71, 0xC0, 0xE3, 0x81, 0xC7, 0x03, 0x8E, 0x07, 0xDC, 0x0F,
    0x80, 0x07, 0x00, 0x1C, 0x00, 0x38, 0x00, 0x70, 0x60, 0x0C, 0xF0, 0x0E, 0xF0, 0x0E, 0xF0, 0x0E,
    0xF0, 0x0E, 0xF0, 0x0E, 0xF0, 0x0E, 0x70, 0x0E, 0x70, 0x1E, 0x78, 0x7E, 0x3F, 0xFE, 0x1F, 0xFE,
    0x03, 0x0E, 0x00, 0x0E, 0x00, 0x0E, 0x00, 0x0E, 0x00, 0x0E, 0x00, 0x0F, 0x00, 0x0F, 0x00, 0x07,
    0x00, 0x07, 0x00, 0x07, 0x00, 0x07, 0x60, 0x73, 0x81, 0xCE, 0x07, 0x38, 0x1C, 0xE0, 0x71, 0x81,
    0xC7, 0x07, 0x1F, 0xFC, 0x3F, 0xF0, 0x7F, 0xC0, 0x07, 0x00, 0x1C, 0x00, 0x7C, 0x01, 0xF0, 0x01,
    0xC0, 0x07, 0x00, 0x1C, 0x00, 0x70, 0xE0, 0x01, 0xC7, 0x80, 0x1F, 0x3C, 0x00, 0xF9, 0xF0, 0x07,
    0xCF, 0x80, 0x7E, 0x7E, 0x03, 0xF3, 0xF0, 0x3B, 0x9F, 0x81, 0xDC, 0xEE, 0x0E, 0xE7, 0x70, 0xE7,
    0x3B, 0xC7, 0x39, 0xCE, 0x71, 0xCE, 0x73, 0x8E, 0x71, 0xDC, 0x73, 0x8F, 0xC3, 0x9C, 0x7E, 0x1C,
    0xE1, 0xF0, 0xE7, 0x0F, 0x07, 0xF8, 0x38, 0x3C, 0x00, 0x00, 0xE0, 0x00, 0x07, 0x00, 0x00, 0x38,
    0x00, 0x03, 0x80, 0x70, 0x07, 0x1F, 0x01, 0xF3, 0xE0, 0x3E, 0x7E, 0x0F, 0xCF, 0xC1, 0xF9, 0xDC,
    0x77, 0x3B, 0x8E, 0xE7, 0x71, 0xDC, 0xE7, 0x73, 0x9C, 0xEE, 0x73, 0x8F, 0x8E, 0x71, 0xF1, 0xCE,
    0x1C, 0x3F, 0xC3, 0x87, 0x80, 0x00, 0x70, 0x00, 0x0E, 0x00, 0x01, 0xC0, 0x00, 0x70, 0x6E, 0xEE,
    0xEE, 0xEE, 0xEE, 0xEE, 0xEE, 0xEE, 0xEE, 0xE0, 0x06, 0x30, 0x03, 0xB8, 0x01, 0xFC, 0x00, 0x38,
    0x00, 0x00, 0x00, 0x0E, 0x00, 0x07, 0x00, 0x07, 0xC0, 0x03, 0xE0, 0x03, 0xB8, 0x01, 0xDC, 0x00,
    0xEE, 0x00, 0xE3, 0x80, 0x71, 0xC0, 0x38, 0xE0, 0x38, 0x38, 0x1C, 0x1C, 0x0F, 0xFE, 0x0F, 0xFF,
    0x87, 0x01, 0xC7, 0x80, 0xF3, 0x80, 0x39, 0xC0, 0x1D, 0xE0, 0x07, 0x31, 0xC7, 0x30, 0x7E, 0x07,
    0x80, 0x00, 0x3F, 0x1F, 0xF3, 0xFF, 0xE0, 0xE4, 0x1C, 0x03, 0x9F, 0xF7, 0xFF, 0xF1, 0xF8, 0x3F,
    0x07, 0xE1, 0xFF, 0xFD, 0xFF, 0x8E, 0x00, 0x06, 0x30, 0x07, 0xBC, 0x03, 0xDE, 0x00, 0x82, 0x00,
    0x00, 0x00, 0x0E, 0x00, 0x07, 0x00, 0x07, 0xC0, 0x03, 0xE0, 0x03, 0xB8, 0x01, 0xDC, 0x00, 0xEE,
    0x00, 0xE3, 0x80, 0x71, 0xC0, 0x38, 0xE0, 0x38, 0x38, 0x1C, 0x1C, 0x0F, 0xFE, 0x0F, 0xFF, 0x87,
    0x01, 0xC7, 0x80, 0xF3, 0x80, 0x39, 0xC0, 0x1D, 0xE0, 0x07, 0x31, 0xCF, 0x38, 0xE7, 0x08, 0x40,
    0x00, 0x3F, 0x1F, 0xF3, 0xFF, 0xE0, 0xE4, 0x1C, 0x03, 0x9F, 0xF7, 0xFF, 0xF1, 0xF8, 0x3F, 0x07,
    0xE1, 0xFF, 0xFD, 0xFF, 0x8E, 0x00, 0x00, 0x7F, 0xFE, 0x00, 0xFF, 0xFF, 0x00, 0xFF, 0xFE, 0x00,
    0xEE, 0x00, 0x01, 0xCE, 0x00, 0x01, 0xCE, 0x00, 0x03, 0x8E, 0x00, 0x03, 0x8E, 0x00, 0x07, 0x0F,
    0xFC, 0x07, 0x0F, 0xFE, 0x0E, 0x0F, 0xFE, 0x0E, 0x1E, 0x00, 0x1F, 0xFE, 0x00, 0x1F, 0xFE, 0x00,
    0x3C, 0x0E, 0x00, 0x38, 0x0E, 0x00, 0x78, 0x0E, 0x00, 0x70, 0x0F, 0xFF, 0xF0, 0x0F, 0xFF, 0x1F,
    0x0F, 0x83, 0xFE, 0xFF, 0x1F, 0xFF, 0xFD, 0xC1, 0xE0, 0xE2, 0x0F, 0x03, 0x80, 0x70, 0x1C, 0xFF,
    0xFF, 0xEF, 0xFF, 0xFF, 0xF8, 0xE0, 0x07, 0x07, 0x00, 0x38, 0x3C, 0x0D, 0xC3, 0xF0, 0xEF, 0xFF,
    0xFF, 0x3F, 0xCF, 0xF0, 0x70, 0x1C, 0x00, 0x31, 0xC3, 0x98, 0x1F, 0x80, 0xF0, 0x00, 0x0F, 0xFE,
    0xFF, 0xFF, 0xFF, 0xE0, 0x0E, 0x00, 0xE0, 0x0E, 0x00, 0xE0, 0x0F, 0xFE, 0xFF, 0xEF, 0xFE, 0xE0,
    0x0E, 0x00, 0xE0, 0x0E, 0x00, 0xE0, 0x0E, 0x00, 0xFF, 0xFF, 0xFF, 0x38, 0xC0, 0xCE, 0x07, 0xE0,
    0x1E, 0x00, 0x00, 0x07, 0xC0, 0xFF, 0x0F, 0xFC, 0x70, 0x77, 0x03, 0xB8, 0x0D, 0xFF, 0xFF, 0xFF,
    0xF0, 0x03, 0x80, 0x1C, 0x0E, 0x78, 0xF1, 0xFF, 0x07, 0xF0, 0x0E, 0x00, 0x03, 0xC0, 0x07, 0xFC,
    0x0F, 0xFF, 0x0F, 0x87, 0xC7, 0x80, 0xE7, 0x80, 0x7B, 0x80, 0x1C, 0x00, 0x0E, 0x00, 0x07, 0x7F,
    0xFF, 0xFF, 0xFF, 0xFC, 0x00, 0xEE, 0x00, 0x77, 0x80, 0x39, 0xC0, 0x3C, 0xF0, 0x3C, 0x3C, 0x3E,
    0x0F, 0xFE, 0x03, 0xFC, 0x00, 0x30, 0x00, 0x1F, 0x83, 0xFE, 0x1F, 0xF9, 0xC1, 0xE2, 0x07, 0x00,
    0x3B, 0xFF, 0xDF, 0xFF, 0xFF, 0xF7, 0x03, 0xB8, 0x1C, 0xE1, 0xC7, 0xFE, 0x1F, 0xE0, 0x18, 0x00,
    0x0E, 0x70, 0x07, 0x38, 0x03, 0x9C, 0x00, 0x84, 0x00, 0x00, 0x00, 0x1E, 0x00, 0x3F, 0xE0, 0x7F,
    0xF8, 0x7C, 0x3E, 0x3C, 0x07, 0x3C, 0x03, 0xDC, 0x00, 0xE0, 0x00, 0x70, 0x00, 0x3B, 0xFF, 0xFF,
    0xFF, 0xFF, 0xE0, 0x07, 0x70, 0x03, 0xBC, 0x01, 0xCE, 0x01, 0xE7, 0x81, 0xE1, 0xE1, 0xF0, 0x7F,
    0xF0, 0x1F, 0xE0, 0x01, 0x80, 0x00, 0x18, 0xC1, 0xEF, 0x0E, 0x78, 0x21, 0x00, 0x00, 0x0F, 0xC1,
    0xFF, 0x0F, 0xFC, 0xE0, 0xF1, 0x03, 0x80, 0x1D, 0xFF, 0xEF, 0xFF, 0xFF, 0xFB, 0x81, 0xDC, 0x0E,
    0x70, 0xE3, 0xFF, 0x0F, 0xF0, 0x0C, 0x00, 0x00, 0xE7, 0x00, 0x00, 0xE7, 0x00, 0x00, 0xE7, 0x00,
    0x00, 0x42, 0x00, 0x00, 0x00, 0x00, 0x70, 0x18, 0x0C, 0x78, 0x38, 0x1E, 0x38, 0x38, 0x1C, 0x3C,
    0x38, 0x38, 0x1C, 0x38, 0x78, 0x0E, 0x38, 0x70, 0x0F, 0x38, 0xF0, 0x07, 0x38, 0xE0, 0x07, 0xBD,
    0xC0, 0x03, 0xFF, 0xC0, 0x07, 0xFF, 0xC0, 0x07, 0x38, 0xE0, 0x0F, 0x38, 0xF0, 0x0E, 0x38, 0x70,
    0x1C, 0x38, 0x78, 0x3C, 0x38, 0x38, 0x38, 0x38, 0x1C, 0x78, 0x38, 0x1E, 0x70, 0x38, 0x0E, 0x03,
    0x9C, 0x00, 0x39, 0xC0, 0x03, 0x9C, 0x00, 0x10, 0x80, 0x00, 0x00, 0x07, 0x06, 0x0E, 0x78, 0x71,
    0xE3, 0x87, 0x1C, 0x1C, 0x73, 0x80, 0xE7, 0x70, 0x0F, 0x7F, 0x00, 0x7F, 0xE0, 0x07, 0xFE, 0x00,
    0x7F, 0xE0, 0x0E, 0x77, 0x01, 0xE7, 0x78, 0x3C, 0x73, 0xC7, 0x87, 0x1E, 0x70, 0x70, 0xE0, 0x18,
    0xC1, 0xEF, 0x0F, 0x38, 0x10, 0x80, 0x00, 0x03, 0xC0, 0x7F, 0x87, 0xFE, 0x78, 0x73, 0x83, 0xD8,
    0x0E, 0x00, 0x70, 0x07, 0x03, 0xF8, 0x1F, 0x00, 0xFE, 0x00, 0x78, 0x01, 0xC0, 0x0F, 0xC0, 0x7F,
    0x03, 0xBC, 0x3D, 0xFF, 0xC3, 0xFC, 0x07, 0x00, 0x73, 0x8E, 0x71, 0xCE, 0x10, 0x80, 0x00, 0x3E,
    0x1F, 0xE7, 0xFE, 0xE1, 0xC0, 0x38, 0x0F, 0x07, 0xC0, 0xF8, 0x07, 0x80, 0x77, 0x0E, 0xE1, 0xDF,
    0xF9, 0xFE, 0x06, 0x00, 0x3F, 0xF3, 0xFF, 0xDF, 0xFE, 0x01, 0xE0, 0x1E, 0x01, 0xE0, 0x0E, 0x00,
    0xE0, 0x0F, 0x80, 0x7F, 0x00, 0x7C, 0x00, 0xF0, 0x03, 0x80, 0x1F, 0x80, 0xFE, 0x07, 0x78, 0x7B,
    0xFF, 0x87, 0xF8, 0x0E, 0x00, 0x3F, 0xF3, 0xFF, 0xDF, 0xFE, 0x01, 0xE0, 0x1E, 0x01, 0xE0, 0x0E,
    0x00, 0xE0, 0x0F, 0x80, 0x7F, 0x00, 0x7C, 0x00, 0xF0, 0x03, 0x80, 0x1F, 0x80, 0xFE, 0x07, 0x78,
    0x7B, 0xFF, 0x87, 0xF8, 0x0E, 0x00, 0x0F, 0xE0, 0x1F, 0xC0, 0x00, 0x00, 0x00, 0x0C, 0x00, 0xDC,
    0x03, 0xF8, 0x0F, 0xF0, 0x1F, 0xE0, 0x7F, 0xC1, 0xFF, 0x83, 0xBF, 0x0F, 0x7E, 0x3C, 0xFC, 0x71,
    0xF9, 0xE3, 0xF3, 0x87, 0xEE, 0x0F, 0xFC, 0x1F, 0xF0, 0x3F, 0xC0, 0x7F, 0x80, 0xFE, 0x01, 0xFC,
    0x03, 0x80, 0x1F, 0xC1, 0xFC, 0x00, 0x00, 0x00, 0x60, 0x7E, 0x07, 0xE0, 0xFE, 0x1F, 0xE1, 0xFE,
    0x3F, 0xE7, 0x7E, 0x77, 0xEE, 0x7F, 0xC7, 0xFC, 0x7F, 0x87, 0xF0, 0x7F, 0x07, 0x0C, 0x60, 0x3D,
    0xE0, 0x73, 0xC0, 0x42, 0x00, 0x00, 0x18, 0x01, 0xB8, 0x07, 0xF0, 0x1F, 0xE0, 0x3F, 0xC0, 0xFF,
    0x83, 0xFF, 0x07, 0x7E, 0x1E, 0xFC, 0x79, 0xF8, 0xE3, 0xF3, 0xC7, 0xE7, 0x0F, 0xDC, 0x1F, 0xF8,
    0x3F, 0xE0, 0x7F, 0x80, 0xFF, 0x01, 0xFC, 0x03, 0xF8, 0x07, 0x18, 0xC3, 0x9E, 0x39, 0xC1, 0x08,
    0x00, 0x06, 0x07, 0xE0, 0x7E, 0x0F, 0xE1, 0xFE, 0x1F, 0xE3, 0xFE, 0x77, 0xE7, 0x7E, 0xE7, 0xFC,
    0x7F, 0xC7, 0xF8, 0x7F, 0x07, 0xF0, 0x70, 0x06, 0x30, 0x07, 0xBC, 0x03, 0xDE, 0x00, 0x82, 0x00,
    0x00, 0x00, 0x1F, 0x00, 0x3F, 0xE0, 0x3F, 0xF8, 0x3C, 0x1E, 0x3C, 0x07, 0x9C, 0x01, 0xDE, 0x00,
    0xFE, 0x00, 0x3F, 0x00, 0x1F, 0x80, 0x0F, 0xC0, 0x07, 0xE0, 0x03, 0xF0, 0x01, 0xDC, 0x01, 0xCE,
    0x00, 0xE7, 0x80, 0xF1, 0xF1, 0xF0, 0x7F, 0xF0, 0x1F, 0xF0, 0x01, 0xC0, 0x00, 0x18, 0xC1, 0xEF,
    0x0E, 0x78, 0x21, 0x00, 0x00, 0x07, 0xC0, 0xFF, 0x8F, 0xFC, 0x70, 0x77, 0x03, 0xB8, 0x0F, 0xC0,
    0x7E, 0x03, 0xF0, 0x1F, 0x80, 0xFE, 0x0E, 0x78, 0xF1, 0xFF, 0x07, 0xF0, 0x0E, 0x00, 0x03, 0xE0,
    0x07, 0xFC, 0x07, 0xFF, 0x07, 0x83, 0xC7, 0x80, 0xF3, 0x80, 0x3B, 0xC0, 0x1F, 0xC0, 0x07, 0xE0,
    0x03, 0xFF, 0xFF, 0xFF, 0xFF, 0xFC, 0x00, 0x7E, 0x00, 0x3B, 0x80, 0x39, 0xC0, 0x1C, 0xF0, 0x1E,
    0x3E, 0x3E, 0x0F, 0xFE, 0x03, 0xFE, 0x00, 0x38, 0x00, 0x0F, 0x81, 0xFF, 0x1F, 0xF8, 0xE0, 0xEE,
    0x07, 0x70, 0x1F, 0xFD, 0xFF, 0xFF, 0xE3, 0xFF, 0x01, 0xFC, 0x1C, 0xF1, 0xE3, 0xFE, 0x0F, 0xE0,
    0x1C, 0x00, 0x06, 0x30, 0x07, 0xBC, 0x03, 0xDE, 0x00, 0x82, 0x00, 0x00, 0x00, 0x1F, 0x00, 0x3F,
    0xE0, 0x3F, 0xF8, 0x3C, 0x1E, 0x3C, 0x07, 0x9C, 0x01, 0xDE, 0x00, 0xFE, 0x00, 0x3F, 0x00, 0x1F,
    0xFF, 0xFF, 0xFF, 0xFF, 0xE0, 0x03, 0xF0, 0x01, 0xDC, 0x01, 0xCE, 0x00, 0xE7, 0x80, 0xF1, 0xF1,
    0xF0, 0x7F, 0xF0, 0x1F, 0xF0, 0x01, 0xC0, 0x00, 0x18, 0xC1, 0xEF, 0x0E, 0x78, 0x21, 0x00, 0x00,
    0x07, 0xC0, 0xFF, 0x8F, 0xFC, 0x70, 0x77, 0x03, 0xB8, 0x0F, 0xFE, 0xFF, 0xFF, 0xF1, 0xFF, 0x80,
    0xFE, 0x0E, 0x78, 0xF1, 0xFF, 0x07, 0xF0, 0x0E, 0x00, 0x0C, 0x60, 0x1E, 0xF0, 0x1E, 0x70, 0x04,
    0x20, 0x00, 0x00, 0x07, 0xC0, 0x1F, 0xF0, 0x3F, 0xF8, 0x78, 0x3C, 0x70, 0x1E, 0xE0, 0x0E, 0xE0,
    0x07, 0x00, 0x07, 0x03, 0xFF, 0x03, 0xFF, 0x03, 0xFF, 0x00, 0x07, 0x00, 0x07, 0xE0, 0x07, 0xE0,
    0x0E, 0x70, 0x1E, 0x7C, 0x7C, 0x3F, 0xF8, 0x1F, 0xF0, 0x03, 0x80, 0x31, 0x87, 0xBC, 0x79, 0xC1,
    0x08, 0x00, 0x01, 0xF0, 0x7F, 0xC7, 0xFE, 0xE0, 0xEE, 0x07, 0x00, 0x71, 0xFF, 0x1F, 0xF0, 0xFF,
    0x00, 0x7E, 0x0F, 0xF1, 0xE7, 0xFC, 0x3F, 0x80, 0xE0, 0x0F, 0xF0, 0x1F, 0xC0, 0x00, 0x00, 0x00,
    0x06, 0x00, 0x7E, 0x01, 0xDC, 0x07, 0xBC, 0x0E, 0x38, 0x1C, 0x78, 0x70, 0x70, 0xE0, 0xE3, 0xC0,
    0xE7, 0x01, 0xCE, 0x01, 0xF8, 0x03, 0xF0, 0x07, 0xE0, 0x07, 0x80, 0x0F, 0x00, 0x1C, 0x00, 0x78,
    0x03, 0xE0, 0x07, 0x80, 0x00, 0x1F, 0xE0, 0x7F, 0x80, 0x00, 0x00, 0x00, 0xE0, 0x39, 0xC0, 0xE7,
    0x03, 0x9C, 0x1C, 0x38, 0x70, 0xE1, 0xC3, 0xCE, 0x07, 0x38, 0x1C, 0xC0, 0x3F, 0x00, 0xFC, 0x03,
    0xE0, 0x07, 0x80, 0x1E, 0x00, 0x70, 0x01, 0xC0, 0x0E, 0x00, 0xF8, 0x07, 0xC0, 0x0C, 0x00, 0x0C,
    0x70, 0x3C, 0xE0, 0x39, 0xC0, 0x21, 0x00, 0x00, 0x0C, 0x00, 0xFC, 0x03, 0xB8, 0x0F, 0x78, 0x1C,
    0x70, 0x38, 0xF0, 0xE0, 0xE1, 0xC1, 0xC7, 0x81, 0xCE, 0x03, 0x9C, 0x03, 0xF0, 0x07, 0xE0, 0x0F,
    0xC0, 0x0F, 0x00, 0x1E, 0x00, 0x38, 0x00, 0xF0, 0x07, 0xC0, 0x0F, 0x00, 0x1C, 0xE0, 0x73, 0x81,
    0xCE, 0x02, 0x10, 0x00, 0x03, 0x80, 0xE7, 0x03, 0x9C, 0x0E, 0x70, 0x70, 0xE1, 0xC3, 0x87, 0x0F,
    0x38, 0x1C, 0xE0, 0x73, 0x00, 0xFC, 0x03, 0xF0, 0x0F, 0x80, 0x1E, 0x00, 0x78, 0x01, 0xC0, 0x07,
    0x00, 0x38, 0x03, 0xE0, 0x1F, 0x00, 0x30, 0x00, 0x07, 0x70, 0x0C, 0xE0, 0x3B, 0x80, 0x66, 0x00,
    0x00, 0x0C, 0x00, 0xFC, 0x03, 0xB8, 0x0F, 0x78, 0x1C, 0x70, 0x38, 0xF0, 0xE0, 0xE1, 0xC1, 0xC7,
    0x81, 0xCE, 0x03, 0x9C, 0x03, 0xF0, 0x07, 0xE0, 0x0F, 0xC0, 0x0F, 0x00, 0x1E, 0x00, 0x38, 0x00,
    0xF0, 0x07, 0xC0, 0x0F, 0x00, 0x0E, 0xF0, 0x3B, 0x81, 0xDC, 0x06, 0x60, 0x00, 0x03, 0x80, 0xE7,
    0x03, 0x9C, 0x0E, 0x70, 0x70, 0xE1, 0xC3, 0x87, 0x0F, 0x38, 0x1C, 0xE0, 0x73, 0x00, 0xFC, 0x03,
    0xF0, 0x0F, 0x80, 0x1E, 0x00, 0x78, 0x01, 0xC0, 0x07, 0x00, 0x38, 0x03, 0xE0, 0x1F, 0x00, 0x30,
    0x00, 0x0C, 0x60, 0x3D, 0xE0, 0x7B, 0xC0, 0x41, 0x00, 0x00, 0x0C, 0x01, 0xBC, 0x03, 0xF8, 0x07,
    0xF0, 0x0F, 0xE0, 0x1F, 0xC0, 0x3F, 0x80, 0x77, 0x00, 0xEE, 0x03, 0xDE, 0x1F, 0x9F, 0xFF, 0x1F,
    0xFE, 0x06, 0x1C, 0x00, 0x38, 0x00, 0x70, 0x00, 0xE0, 0x01, 0xC0, 0x03, 0x80, 0x07, 0x39, 0xC3,
    0x9C, 0x39, 0xC1, 0x08, 0x00, 0x06, 0x07, 0xE0, 0x7E, 0x07, 0xE0, 0x7E, 0x07, 0x60, 0x77, 0x07,
    0x7F, 0xF3, 0xFF, 0x1F, 0xF0, 0x07, 0x00, 0x70, 0x07, 0x00, 0x70, 0xFF, 0xEF, 0xFF, 0xFF, 0xFE,
    0x00, 0xE0, 0x0E, 0x00, 0xE0, 0x0E, 0x00, 0xE0, 0x0E, 0x00, 0xE0, 0x0E, 0x00, 0xE0, 0x0E, 0x00,
    0xE0, 0x0E, 0x00, 0xE0, 0x0F, 0x80, 0xF8, 0x03, 0x80, 0x38, 0x03, 0x80, 0x38, 0x00, 0x7F, 0xFF,
    0xFF, 0xFF, 0x80, 0xE0, 0x38, 0x0E, 0x03, 0x80, 0xE0, 0x38, 0x0E, 0x03, 0x80, 0xF8, 0x3E, 0x03,
    0x80, 0xE0, 0x38, 0x0E, 0x00, 0x06, 0x30, 0x03, 0xDE, 0x00, 0xF7, 0x80, 0x10, 0x40, 0x00, 0x00,
    0x30, 0x00, 0x6E, 0x00, 0x1F, 0x80, 0x07, 0xE0, 0x01, 0xF8, 0x00, 0x7E, 0x00, 0x1F, 0x80, 0x07,
    0xE0, 0x01, 0xFF, 0xF0, 0x7F, 0xFF, 0x1F, 0x83, 0xE7, 0xE0, 0x39, 0xF8, 0x0E, 0x7E, 0x03, 0x9F,
    0x80, 0xE7, 0xE0, 0x39, 0xF8, 0x3C, 0x7F, 0xFF, 0x1F, 0xFF, 0x07, 0x0E, 0x70, 0x0E, 0x70, 0x0E,
    0x70, 0x04, 0x20, 0x00, 0x00, 0x60, 0x07, 0xE0, 0x07, 0xE0, 0x07, 0xE0, 0x07, 0xE0, 0x07, 0xFF,
    0x87, 0xFF, 0xE7, 0xFF, 0xE7, 0xE0, 0x77, 0xE0, 0x77, 0xE0, 0x77, 0xE1, 0xF7, 0xFF, 0xE7, 0xFF,
    0xC7, 0x1F, 0xF8, 0xFF, 0xF3, 0xFF, 0xCE, 0x00, 0x38, 0x00, 0xE0, 0x03, 0x80, 0x0E, 0x00, 0x38,
    0x03, 0xFF, 0x0F, 0xFC, 0x0E, 0x00, 0x38, 0x00, 0xE0, 0x03, 0x80, 0x0E, 0x00, 0x38, 0x00, 0xF8,
    0x03, 0xE0, 0x03, 0x80, 0x0E, 0x00, 0x38, 0x07, 0xE0, 0x1F, 0x00, 0x30, 0x00, 0x3F, 0xEF, 0xFD,
    0xFF, 0xB8, 0x07, 0x00, 0xE0, 0x3F, 0xC7, 0xF8, 0x70, 0x0E, 0x01, 0xC0, 0x38, 0x07, 0xC0, 0xF8,
    0x03, 0x00, 0x60, 0x1C, 0x0F, 0x81, 0xE0, 0x30, 0x00, 0x70, 0x07, 0x1E, 0x03, 0xC3, 0x80, 0xE0,
    0xF0, 0x70, 0x1E, 0x3C, 0x03, 0x8E, 0x00, 0xF7, 0x00, 0x1F, 0xC0, 0x03, 0xE0, 0x00, 0x70, 0x00,
    0x3E, 0x00, 0x1F, 0xC0, 0x07, 0x70, 0x03, 0x9E, 0x01, 0xE3, 0xC0, 0x70, 0x70, 0x38, 0x1E, 0x1E,
    0x03, 0xF7, 0x00, 0x7C, 0x00, 0x07, 0x00, 0x01, 0xC0, 0x00, 0x70, 0x00, 0xF8, 0x00, 0x3E, 0x00,
    0x04, 0x00, 0x70, 0x73, 0x83, 0x8E, 0x38, 0x73, 0xC1, 0xDC, 0x0F, 0xC0, 0x3E, 0x01, 0xE0, 0x0F,
    0x80, 0xFE, 0x07, 0x70, 0x71, 0xC7, 0x8E, 0x38, 0x38, 0x01, 0xC0, 0x0E, 0x00, 0x70, 0x1F, 0x80,
    0xF8, 0x03, 0x00, 0x70, 0x07, 0x3C, 0x07, 0x8E, 0x03, 0x87, 0x83, 0x81, 0xE3, 0xC0, 0x71, 0xC0,
    0x3D, 0xC0, 0x0F, 0xE0, 0x3F, 0xFE, 0x1F, 0xFF, 0x0F, 0xFF, 0x80, 0xFE, 0x00, 0x77, 0x00, 0x73,
    0xC0, 0x78, 0xF0, 0x38, 0x38, 0x38, 0x1E, 0x3C, 0x07, 0x9C, 0x01, 0xC0, 0x70, 0x3B, 0xC3, 0x8E,
    0x3C, 0x39, 0xC1, 0xDC, 0x07, 0xE1, 0xFF, 0xCF, 0xFE, 0x0F, 0x80, 0xFE, 0x07, 0x78, 0x71, 0xC7,
    0x87, 0x38, 0x3C, 0x70, 0x3B, 0xC1, 0xCE, 0x0E, 0x38, 0x71, 0xC3, 0x87, 0x1C, 0x7D, 0xEF, 0xFE,
    0x73, 0xE3, 0x8E, 0x1C, 0x70, 0xE1, 0xC7, 0x07, 0x38, 0x39, 0xC0, 0xE0, 0xFF, 0xCF, 0xFC, 0x01,
    0xC0, 0x1C, 0x01, 0xC0, 0x1C, 0x01, 0xC0, 0x1C, 0x01, 0xC0, 0x1C, 0x01, 0xC0, 0x1C, 0x01, 0xCF,
    0xFF, 0xFF, 0xF0, 0xFC, 0xFC, 0x0E, 0x0E, 0x0E, 0x0E, 0x0E, 0x06, 0x06, 0x07, 0x07, 0x0F, 0x7F,
    0xF7, 0xE7, 0xFF, 0xFF, 0xFF, 0xC0, 0x38, 0x01, 0xC0, 0x0E, 0x00, 0x70, 0x03, 0x80, 0x1C, 0x00,
    0xE0, 0x07, 0x00, 0x38, 0x01, 0xC0, 0x0E, 0x00, 0x70, 0x03, 0x80, 0xFF, 0xCF, 0xFE, 0x00, 0xF0,
    0x07, 0x00, 0x70, 0x07, 0x00, 0x7E, 0x07, 0xE0, 0x7E, 0x07, 0xE0, 0x7E, 0x07, 0xE0, 0x7E, 0x07,
    0xE0, 0x70, 0xFF, 0xFF, 0xFF, 0xFF, 0xFF, 0xF8, 0xFF, 0xFF, 0x18, 0x38, 0x30, 0x30, 0x30, 0x30,
    0x30, 0x38, 0x38, 0x38, 0x38, 0x18, 0x1C, 0xFF, 0xC7, 0xFF, 0x38, 0x3D, 0xC0, 0xEE, 0x03, 0x70,
    0x1B, 0x80, 0xDC, 0x06, 0xE0, 0x37, 0x01, 0xB8, 0x0D, 0xC0, 0x6E, 0x03, 0x70, 0x1B, 0x80, 0xC0,
    0xE1, 0xF3, 0x87, 0xEE, 0x07, 0xB8, 0x07, 0xE0, 0x1F, 0x80, 0x7E, 0x01, 0xF8, 0x07, 0xE0, 0x1D,
    0x80, 0x77, 0x01, 0xDC, 0x0E, 0x7C, 0xF8, 0xFF, 0xC1, 0xFE, 0x00, 0x66, 0x66, 0x66, 0x66, 0xFF,
    0x1F, 0xF8, 0x1F, 0x00, 0xF0, 0x0E, 0x01, 0xC0, 0x18, 0x03, 0x00, 0x60, 0x0C, 0x01, 0x80, 0x30,
    0x06, 0x00, 0xC0, 0x18, 0x03, 0x00, 0x60, 0x0C, 0x01, 0x80, 0x30, 0xFF, 0x1F, 0xF0, 0x0F, 0x00,
    0xF0, 0x0E, 0x01, 0xC0, 0x38, 0x07, 0x00, 0xE0, 0x1C, 0x03, 0x80, 0xF0, 0x3D, 0xFF, 0x3F, 0xC0,
    0xE0, 0x0E, 0x00, 0xE0, 0x0E, 0x00, 0xFF, 0xFF, 0xFF, 0x00, 0x70, 0x0E, 0x00, 0xE0, 0x1C, 0x01,
    0xC0, 0x1C, 0x03, 0x80, 0x38, 0x07, 0x00, 0x70, 0x07, 0x00, 0xE0, 0x0E, 0x00, 0xFF, 0xC7, 0xFF,
    0x38, 0x3D, 0xC0, 0xEE, 0x03, 0x70, 0x1B, 0x80, 0xDC, 0x06, 0xE0, 0x37, 0x01, 0xB8, 0x0D, 0xC0,
    0x6E, 0x03, 0x7F, 0xFB, 0xFF, 0xC0, 0x73, 0xF0, 0xDF, 0xE3, 0xE7, 0x8E, 0x0E, 0x38, 0x1C, 0xE0,
    0x73, 0x01, 0xDC, 0x07, 0x70, 0x1D, 0xC0, 0x77, 0x01, 0xD8, 0x07, 0xE0, 0x1F, 0x8F, 0xFE, 0x3F,
    0xC0, 0xFF, 0xFF, 0xFF, 0xFF, 0xFF, 0xFF, 0xFF, 0xF0, 0xFB, 0xF3, 0xC7, 0x1C, 0x71, 0xC7, 0x1C,
    0x71, 0xC7, 0x1F, 0xFF, 0xC0, 0xFF, 0xE3, 0xFF, 0xC3, 0x0F, 0x9C, 0x0E, 0x60, 0x1F, 0x80, 0x7E,
    0x01, 0xF8, 0x07, 0xE0, 0x1F, 0x80, 0x76, 0x01, 0xDC, 0x0E, 0x7C, 0xF8, 0xFF, 0xC0, 0xFE, 0x00,
    0x70, 0x19, 0xC0, 0x67, 0x01, 0x8E, 0x06, 0x38, 0x18, 0x70, 0x61, 0xC1, 0x87, 0x06, 0x0E, 0x38,
    0x38, 0xE0, 0xE3, 0x81, 0xDC, 0x07, 0xF0, 0xFF, 0x87, 0xF8, 0x1F, 0x00, 0xFF, 0xC7, 0xFF, 0x38,
    0x7D, 0xC0, 0xEE, 0x03, 0xF0, 0x1F, 0x80, 0xFC, 0x07, 0xFE, 0x3B, 0xF1, 0xC0, 0x0E, 0x00, 0x70,
    0x03, 0x80, 0x1C, 0x00, 0xE0, 0x07, 0x00, 0x38, 0x01, 0xC0, 0x0E, 0x00, 0x70, 0xFF, 0x87, 0xFF,
    0x38, 0x79, 0xC0, 0xEE, 0x07, 0x70, 0x1B, 0x80, 0xFF, 0x87, 0xFC, 0x38, 0x01, 0x80, 0x1C, 0x00,
    0xE0, 0x1E, 0x7F, 0xF3, 0xFE, 0x00, 0xE0, 0x7E, 0x07, 0x70, 0x77, 0x07, 0x70, 0x73, 0x87, 0x38,
    0x73, 0x87, 0x1D, 0xE1, 0xFE, 0x1F, 0x80, 0xE0, 0x0E, 0x00, 0xE0, 0x07, 0x00, 0x70, 0x07, 0x00,
    0x38, 0x03, 0x80, 0x38, 0x70, 0x77, 0x87, 0x38, 0x71, 0xC7, 0x1C, 0x70, 0xE7, 0x07, 0xF0, 0x7E,
    0x03, 0x80, 0x1C, 0x01, 0xC0, 0x0E, 0x00, 0x77, 0xFF, 0x7F, 0xF0, 0xFF, 0xFF, 0xFF, 0xC0, 0x0E,
    0x00, 0x60, 0x07, 0x00, 0x38, 0x03, 0x9C, 0x1C, 0xE0, 0xC7, 0x0E, 0x38, 0x71, 0xC7, 0x0E, 0x38,
    0x71, 0xC3, 0x9C, 0x1C, 0x00, 0xE0, 0x07, 0x00, 0x38, 0x01, 0xC0, 0x00, 0xFF, 0x8F, 0xFC, 0x01,
    0xE0, 0x0E, 0x00, 0x60, 0x06, 0x00, 0x60, 0x06, 0x00, 0x60, 0x06, 0x00, 0x60, 0x06, 0x00, 0x60,
    0x06, 0x00, 0x60, 0xE1, 0xC3, 0xE1, 0xC3, 0xE1, 0xC3, 0xE1, 0xC3, 0xE1, 0xC3, 0xE1, 0xC3, 0xE1,
    0xC3, 0x7F, 0xC7, 0x7F, 0x87, 0x60, 0x07, 0x70, 0x07, 0x78, 0x0E, 0x3E, 0x3E, 0x1F, 0xFC, 0x0F,
    0xF8, 0xFF, 0xF3, 0xFF, 0xE0, 0xC7, 0x86, 0x07, 0x38, 0x1C, 0xE0, 0x73, 0x81, 0xCE, 0x07, 0x38,
    0x1C, 0xE0, 0x73, 0x81, 0xCE, 0x07, 0x38, 0x1F, 0xE0, 0x7F, 0x81, 0xC0, 0x67, 0xEE, 0xFF, 0x00,
    0x19, 0xCE, 0x77, 0x39, 0xC0, 0x00, 0x1D, 0xE7, 0x30, 0x00, 0x07, 0xF9, 0xFF, 0x78, 0x6E, 0x01,
    0xC0, 0x38, 0x07, 0x80, 0x78, 0x07, 0x80, 0x78, 0x07, 0x00, 0x60, 0x0C, 0x00, 0x00, 0x00, 0x0F,
    0x01, 0xE0, 0x3C, 0x03, 0x00, 0x1F, 0x0F, 0xC7, 0xA1, 0xC0, 0x70, 0x1C, 0x03, 0xF8, 0x7F, 0xFF,
    0x3F, 0x04, 0x00, 0xFF, 0xFF, 0xFC, 0x03, 0x3C, 0xE2, 0x00, 0x07, 0x39, 0xCE, 0x31, 0xCE, 0x73,
    0x9C, 0xE7, 0x18, 0xC7, 0x39, 0xC0, 0x00, 0x1C, 0x1B, 0x83, 0x70, 0xEF, 0xFC, 0xFF, 0x1F, 0x03,
    0x80, 0x70, 0x0E, 0x01, 0xC0, 0x38, 0x07, 0x00, 0x60, 0x0E, 0x01, 0xC0, 0x38, 0x07, 0x00, 0x00,
    0x00, 0x00, 0x01, 0x86, 0x67, 0x19, 0xDC, 0x67, 0x73, 0x9D, 0xFF, 0xF3, 0xFF, 0x8F, 0x98, 0x38,
    0x00, 0xE0, 0x03, 0x80, 0x0E, 0x00, 0x38, 0x00, 0xE0, 0x03, 0x80, 0x06, 0x00, 0x18, 0x00, 0x60,
    0x00, 0x00, 0x00, 0x00, 0x01, 0xC0, 0xF8, 0x3E, 0x0F, 0x01, 0xC0, 0x30, 0x07, 0x00, 0xFE, 0x0F,
    0xC1, 0xF0, 0x38, 0x0E, 0x01, 0xC0, 0x38, 0x07, 0x86, 0xFF, 0xEF, 0xF8, 0x00, 0x00, 0x1F, 0x07,
    0xF1, 0xFE, 0x70, 0xEE, 0x1D, 0xC1, 0xB8, 0x3F, 0x07, 0xE0, 0xDC, 0x3B, 0xCF, 0x3F, 0xC3, 0xF8,
    0x00, 0x00, 0x00, 0x07, 0xFC, 0x7F, 0xC7, 0xFC, 0x00, 0xC0, 0x0C, 0x00, 0xC0, 0x0C, 0x00, 0xE0,
    0x0E, 0x00, 0xE0, 0x0E, 0x00, 0xE0, 0x0E, 0x00, 0x60, 0x06, 0x00, 0x70, 0x07, 0x00, 0x00, 0x00,
    0x03, 0x80, 0x7F, 0x01, 0xDC, 0x0E, 0x70, 0x38, 0xE0, 0xE3, 0x87, 0x0E, 0x1C, 0x1C, 0x60, 0x73,
    0x81, 0xCE, 0x03, 0xB0, 0x0F, 0xC0, 0x3F, 0x00, 0x78, 0x01, 0xE0, 0x07, 0x80, 0x0C, 0x00, 0x20,
    0x00, 0x00, 0x00, 0x0E, 0x00, 0x38, 0x01, 0xE0, 0x07, 0xC0, 0x1F, 0x00, 0xFC, 0x03, 0xF8, 0x0E,
    0xE0, 0x73, 0x81, 0xCF, 0x06, 0x1C, 0x38, 0x70, 0xE0, 0xE7, 0x03, 0x9C, 0x0E, 0xF0, 0x1F, 0x80,
    0x70, 0x00, 0x80, 0x3E, 0x0F, 0xE3, 0xDC, 0x71, 0xCC, 0x39, 0xC7, 0x3C, 0xE3, 0xFC, 0x3F, 0x80,
    0x30, 0x07, 0x00, 0xE0, 0x1C, 0x03, 0x80, 0x70, 0x06, 0x00, 0xC0, 0x00, 0x00, 0x0E, 0x00, 0x0E,
    0x00, 0x0E, 0x20, 0x07, 0x70, 0x07, 0x70, 0x07, 0x60, 0x07, 0xE0, 0x07, 0xE0, 0x07, 0x70, 0x07,
    0x78, 0x1E, 0x7F, 0xFC, 0x3F, 0xF8, 0x0F, 0xF0, 0xFF, 0xF0, 0x03, 0x3C, 0xE2, 0x00, 0x07, 0x39,
    0xCE, 0x31, 0xCE, 0x73, 0x9C, 0xE7, 0x18, 0xC7, 0x39, 0xC0, 0x00, 0x1C, 0x1B, 0x83, 0x70, 0xEF,
    0xFC, 0xFF, 0x1F, 0x03, 0x80, 0x70, 0x0E, 0x01, 0xC0, 0x38, 0x07, 0x00, 0x60, 0x0E, 0x01, 0xC0,
    0x38, 0x07, 0x00, 0x00, 0x00, 0x00, 0x01, 0x86, 0x67, 0x19, 0xDC, 0x67, 0x73, 0x9D, 0xFF, 0xF3,
    0xFF, 0x8F, 0x98, 0x38, 0x00, 0xE0, 0x03, 0x80, 0x0E, 0x00, 0x38, 0x00, 0xE0, 0x03, 0x80, 0x06,
    0x00, 0x18, 0x00, 0x60, 0x00, 0x00, 0x00, 0xE7, 0x9D, 0xF3, 0xB8, 0x77, 0x0F, 0xFC, 0xFF, 0xDF,
    0xE3, 0x80, 0x70, 0x0E, 0x01, 0xC0, 0x38, 0x03, 0x00, 0x60, 0x0C, 0x01, 0xC0, 0x38, 0x00, 0x06,
    0x00, 0xF0, 0x07, 0x00, 0xF8, 0x1F, 0x81, 0xDC, 0x39, 0xC3, 0x8E, 0x70, 0xE7, 0x06, 0x60, 0x76,
    0x07, 0x60, 0x76, 0x67, 0x76, 0x67, 0xFE, 0x3F, 0xC0, 0x1F, 0x8F, 0xE3, 0x91, 0xC0, 0x70, 0x1C,
    0x03, 0x88, 0xFF, 0x1F, 0x83, 0xC1, 0xE0, 0x70, 0x38, 0x0E, 0x07, 0x01, 0xC0, 0xE0, 0x00, 0x00,
    0x00, 0x03, 0x80, 0x7F, 0x01, 0xDC, 0x0E, 0x70, 0x38, 0xE0, 0xE3, 0x87, 0x0E, 0x1C, 0x1C, 0x60,
    0x73, 0x81, 0xCE, 0x03, 0xB0, 0x0F, 0xC0, 0x3F, 0x00, 0x78, 0x01, 0xE0, 0x07, 0x80, 0x0C, 0x00,
    0x20, 0x00, 0x00, 0x00, 0x0E, 0x00, 0x38, 0x01, 0xE0, 0x07, 0xC0, 0x1F, 0x00, 0xFC, 0x03, 0xF8,
    0x0E, 0xE0, 0x73, 0x81, 0xCF, 0x06, 0x1C, 0x38, 0x70, 0xE0, 0xE7, 0x03, 0x9C, 0x0E, 0xF0, 0x1F,
    0x80, 0x70, 0x00, 0x80, 0x3E, 0x0F, 0xE3, 0xDC, 0x71, 0xCC, 0x39, 0xC7, 0x3C, 0xE3, 0xFC, 0x3F,
    0x80, 0x30, 0x07, 0x00, 0xE0, 0x1C, 0x03, 0x80, 0x70, 0x06, 0x00, 0xC0, 0x00, 0x01, 0xC0, 0x00,
    0xE0, 0x00, 0xF8, 0x00, 0x7C, 0x00, 0x77, 0x00, 0x3B, 0x80, 0x1D, 0xC0, 0x1C, 0x70, 0x0E, 0x38,
    0x07, 0x1C, 0x07, 0x07, 0x03, 0x83, 0x81, 0xFF, 0xC1, 0xFF, 0xF0, 0xE0, 0x38, 0xF0, 0x1E, 0x70,
    0x07, 0x38, 0x03, 0xBC, 0x00, 0xE0, 0x00, 0x00, 0x00, 0x00, 0x0E, 0x00, 0x07, 0x00, 0x03, 0x80,
    0x00, 0x80, 0x00, 0x1F, 0x8F, 0xF9, 0xFF, 0xF0, 0x72, 0x0E, 0x01, 0xCF, 0xFB, 0xFF, 0xF8, 0xFC,
    0x1F, 0x83, 0xF0, 0xFF, 0xFE, 0xFF, 0xC7, 0x00, 0x00, 0x0E, 0x01, 0xE0, 0x38, 0x02, 0x00, 0x03,
    0xC0, 0x01, 0xF0, 0x00, 0x30, 0x00, 0x38, 0x00, 0x00, 0x00, 0x0E, 0x00, 0x07, 0x00, 0x07, 0xC0,
    0x03, 0xE0, 0x03, 0xB8, 0x01, 0xDC, 0x00, 0xEE, 0x00, 0xE3, 0x80, 0x71, 0xC0, 0x38, 0xE0, 0x38,
    0x38, 0x1C, 0x1C, 0x0F, 0xFE, 0x0F, 0xFF, 0x87, 0x01, 0xC7, 0x80, 0xF3, 0x80, 0x39, 0xC0, 0x1D,
    0xE0, 0x07, 0x1E, 0x03, 0xE0, 0x1C, 0x03, 0x00, 0x00, 0x3F, 0x1F, 0xF3, 0xFF, 0xE0, 0xE4, 0x1C,
    0x03, 0x9F, 0xF7, 0xFF, 0xF1, 0xF8, 0x3F, 0x07, 0xE1, 0xFF, 0xFD, 0xFF, 0x8E, 0x00, 0x00, 0x1C,
    0x00, 0x0E, 0x00, 0x0E, 0x00, 0x07, 0x00, 0x1C, 0x00, 0x1F, 0x00, 0x1D, 0xC0, 0x0E, 0x70, 0x00,
    0x00, 0x00, 0xE0, 0x00, 0x70, 0x00, 0x7C, 0x00, 0x3E, 0x00, 0x3B, 0x80, 0x1D, 0xC0, 0x0E, 0xE0,
    0x0E, 0x38, 0x07, 0x1C, 0x03, 0x8E, 0x03, 0x83, 0x81, 0xC1, 0xC0, 0xFF, 0xE0, 0xFF, 0xF8, 0x70,
    0x1C, 0x78, 0x0F, 0x38, 0x03, 0x9C, 0x01, 0xDE, 0x00, 0x70, 0x00, 0x70, 0x0E, 0x00, 0xC0, 0x1C,
    0x0E, 0x01, 0xF0, 0x1F, 0x83, 0x9C, 0x00, 0x01, 0xF8, 0x7F, 0xC7, 0xFE, 0xE0, 0xE2, 0x0E, 0x00,
    0xE3, 0xFE, 0x7F, 0xEF, 0x8E, 0xE0, 0xEE, 0x0E, 0xE1, 0xEF, 0xFE, 0x7F, 0xE1, 0xC0, 0x00, 0xE0,
    0x00, 0x38, 0x00, 0x0C, 0x00, 0x07, 0x00, 0x1C, 0x00, 0x1F, 0x00, 0x1D, 0xC0, 0x0E, 0x70, 0x00,
    0x00, 0x00, 0xE0, 0x00, 0x70, 0x00, 0x7C, 0x00, 0x3E, 0x00, 0x3B, 0x80, 0x1D, 0xC0, 0x0E, 0xE0,
    0x0E, 0x38, 0x07, 0x1C, 0x03, 0x8E, 0x03, 0x83, 0x81, 0xC1, 0xC0, 0xFF, 0xE0, 0xFF, 0xF8, 0x70,
    0x1C, 0x78, 0x0F, 0x38, 0x03, 0x9C, 0x01, 0xDE, 0x00, 0x70, 0x03, 0x80, 0x70, 0x07, 0x00, 0x60,
    0xE0, 0x3E, 0x07, 0xE1, 0xCE, 0x00, 0x03, 0xF1, 0xFF, 0x3F, 0xFE, 0x0E, 0x41, 0xC0, 0x39, 0xFF,
    0x7F, 0xFF, 0x1F, 0x83, 0xF0, 0x7E, 0x1F, 0xFF, 0xDF, 0xF8, 0xE0, 0x00, 0x78, 0x00, 0x3C, 0x00,
    0x0E, 0x00, 0x06, 0x00, 0x1C, 0x00, 0x1F, 0x00, 0x1D, 0xC0, 0x0E, 0x70, 0x00, 0x00, 0x00, 0xE0,
    0x00, 0x70, 0x00, 0x7C, 0x00, 0x3E, 0x00, 0x3B, 0x80, 0x1D, 0xC0, 0x0E, 0xE0, 0x0E, 0x38, 0x07,
    0x1C, 0x03, 0x8E, 0x03, 0x83, 0x81, 0xC1, 0xC0, 0xFF, 0xE0, 0xFF, 0xF8, 0x70, 0x1C, 0x78, 0x0F,
    0x38, 0x03, 0x9C, 0x01, 0xDE, 0x00, 0x70, 0x03, 0xC0, 0x78, 0x03, 0x00, 0xE0, 0xE0, 0x3E, 0x07,
    0xE1, 0xCE, 0x00, 0x03, 0xF1, 0xFF, 0x3F, 0xFE, 0x0E, 0x41, 0xC0, 0x39, 0xFF, 0x7F, 0xFF, 0x1F,
    0x83, 0xF0, 0x7E, 0x1F, 0xFF, 0xDF, 0xF8, 0xE0, 0x03, 0x10, 0x03, 0xF8, 0x01, 0xFC, 0x00, 0x8C,
    0x00, 0x1C, 0x00, 0x1F, 0x00, 0x1D, 0xC0, 0x0E, 0x70, 0x00, 0x00, 0x00, 0xE0, 0x00, 0x70, 0x00,
    0x7C, 0x00, 0x3E, 0x00, 0x3B, 0x80, 0x1D, 0xC0, 0x0E, 0xE0, 0x0E, 0x38, 0x07, 0x1C, 0x03, 0x8E,
    0x03, 0x83, 0x81, 0xC1, 0xC0, 0xFF, 0xE0, 0xFF, 0xF8, 0x70, 0x1C, 0x78, 0x0F, 0x38, 0x03, 0x9C,
    0x01, 0xDE, 0x00, 0x70, 0x18, 0x87, 0xF8, 0xFE, 0x18, 0x80, 0xE0, 0x3E, 0x07, 0xE1, 0xCE, 0x00,
    0x03, 0xF1, 0xFF, 0x3F, 0xFE, 0x0E, 0x41, 0xC0, 0x39, 0xFF, 0x7F, 0xFF, 0x1F, 0x83, 0xF0, 0x7E,
    0x1F, 0xFF, 0xDF, 0xF8, 0xE0, 0x01, 0xC0, 0x01, 0xF0, 0x01, 0xDC, 0x00, 0xC7, 0x00, 0x00, 0x00,
    0x0E, 0x00, 0x07, 0x00, 0x07, 0xC0, 0x03, 0xE0, 0x03, 0xB8, 0x01, 0xDC, 0x00, 0xEE, 0x00, 0xE3,
    0x80, 0x71, 0xC0, 0x38, 0xE0, 0x38, 0x38, 0x1C, 0x1C, 0x0F, 0xFE, 0x0F, 0xFF, 0x87, 0x01, 0xC7,
    0x80, 0xF3, 0x80, 0x39, 0xC0, 0x1D, 0xE0, 0x07, 0x00, 0x00, 0x00, 0x00, 0x00, 0x70, 0x00, 0x38,
    0x00, 0x1C, 0x00, 0x04, 0x00, 0x0F, 0x03, 0xE0, 0xEE, 0x18, 0xE0, 0x00, 0x3F, 0x1F, 0xF3, 0xFF,
    0xE0, 0xE4, 0x1C, 0x03, 0x9F, 0xF7, 0xFF, 0xF1, 0xF8, 0x3F, 0x07, 0xE1, 0xFF, 0xFD, 0xFF, 0x8E,
    0x00, 0x00, 0x1C, 0x03, 0xC0, 0x70, 0x04, 0x00, 0x00, 0x70, 0x00, 0x70, 0x00, 0x38, 0x00, 0x18,
    0x00, 0x63, 0x00, 0x31, 0x80, 0x1F, 0xC0, 0x07, 0xC0, 0x00, 0x00, 0x00, 0xE0, 0x00, 0x70, 0x00,
    0x7C, 0x00, 0x3E, 0x00, 0x3B, 0x80, 0x1D, 0xC0, 0x0E, 0xE0, 0x0E, 0x38, 0x07, 0x1C, 0x03, 0x8E,
    0x03, 0x83, 0x81, 0xC1, 0xC0, 0xFF, 0xE0, 0xFF, 0xF8, 0x70, 0x1C, 0x78, 0x0F, 0x38, 0x03, 0x9C,
    0x01, 0xDE, 0x00, 0x70, 0x03, 0x80, 0x70, 0x1C, 0x03, 0x03, 0x1C, 0x73, 0x8F, 0xE0, 0xF8, 0x00,
    0x03, 0xF1, 0xFF, 0x3F, 0xFE, 0x0E, 0x41, 0xC0, 0x39, 0xFF, 0x7F, 0xFF, 0x1F, 0x83, 0xF0, 0x7E,
    0x1F, 0xFF, 0xDF, 0xF8, 0xE0, 0x07, 0x00, 0x01, 0xC0, 0x00, 0xE0, 0x00, 0x38, 0x00, 0x63, 0x00,
    0x31, 0x80, 0x1F, 0xC0, 0x07, 0xC0, 0x00, 0x00, 0x00, 0xE0, 0x00, 0x70, 0x00, 0x7C, 0x00, 0x3E,
    0x00, 0x3B, 0x80, 0x1D, 0xC0, 0x0E, 0xE0, 0x0E, 0x38, 0x07, 0x1C, 0x03, 0x8E, 0x03, 0x83, 0x81,
    0xC1, 0xC0, 0xFF, 0xE0, 0xFF, 0xF8, 0x70, 0x1C, 0x78, 0x0F, 0x38, 0x03, 0x9C, 0x01, 0xDE, 0x00,
    0x70, 0x38, 0x03, 0x80, 0x30, 0x07, 0x03, 0x18, 0x63, 0x0F, 0xE0, 0xF8, 0x00, 0x03, 0xF1, 0xFF,
    0x3F, 0xFE, 0x0E, 0x41, 0xC0, 0x39, 0xFF, 0x7F, 0xFF, 0x1F, 0x83, 0xF0, 0x7E, 0x1F, 0xFF, 0xDF,
    0xF8, 0xE0, 0x03, 0xC0, 0x01, 0xF0, 0x00, 0x38, 0x00, 0x18, 0x00, 0x63, 0x00, 0x31, 0x80, 0x1F,
    0xC0, 0x07, 0xC0, 0x00, 0x00, 0x00, 0xE0, 0x00, 0x70, 0x00, 0x7C, 0x00, 0x3E, 0x00, 0x3B, 0x80,
    0x1D, 0xC0, 0x0E, 0xE0, 0x0E, 0x38, 0x07, 0x1C, 0x03, 0x8E, 0x03, 0x83, 0x81, 0xC1, 0xC0, 0xFF,
    0xE0, 0xFF, 0xF8, 0x70, 0x1C, 0x78, 0x0F, 0x38, 0x03, 0x9C, 0x01, 0xDE, 0x00, 0x70, 0x1E, 0x03,
    0xE0, 0x1C, 0x03, 0x03, 0x1C, 0x73, 0x8F, 0xE0, 0xF8, 0x00, 0x03, 0xF1, 0xFF, 0x3F, 0xFE, 0x0E,
    0x41, 0xC0, 0x39, 0xFF, 0x7F, 0xFF, 0x1F, 0x83, 0xF0, 0x7E, 0x1F, 0xFF, 0xDF, 0xF8, 0xE0, 0x03,
    0x10, 0x03, 0xF8, 0x01, 0xFC, 0x00, 0xCC, 0x00, 0x63, 0x00, 0x31, 0x80, 0x1F, 0xC0, 0x07, 0xC0,
    0x00, 0x00, 0x00, 0xE0, 0x00, 0x70, 0x00, 0x7C, 0x00, 0x3E, 0x00, 0x3B, 0x80, 0x1D, 0xC0, 0x0E,
    0xE0, 0x0E, 0x38, 0x07, 0x1C, 0x03, 0x8E, 0x03, 0x83, 0x81, 0xC1, 0xC0, 0xFF, 0xE0, 0xFF, 0xF8,
    0x70, 0x1C, 0x78, 0x0F, 0x38, 0x03, 0x9C, 0x01, 0xDE, 0x00, 0x70, 0x18, 0x87, 0xF8, 0xFE, 0x18,
    0x83, 0x18, 0x73, 0x0F, 0xE0, 0xF8, 0x00, 0x03, 0xF1, 0xFF, 0x3F, 0xFE, 0x0E, 0x41, 0xC0, 0x39,
    0xFF, 0x7F, 0xFF, 0x1F, 0x83, 0xF0, 0x7E, 0x1F, 0xFF, 0xDF, 0xF8, 0xE0, 0x06, 0x30, 0x03, 0xB8,
    0x01, 0xFC, 0x00, 0x38, 0x00, 0x00, 0x00, 0x0E, 0x00, 0x07, 0x00, 0x07, 0xC0, 0x03, 0xE0, 0x03,
    0xB8, 0x01, 0xDC, 0x00, 0xEE, 0x00, 0xE3, 0x80, 0x71, 0xC0, 0x38, 0xE0, 0x38, 0x38, 0x1C, 0x1C,
    0x0F, 0xFE, 0x0F, 0xFF, 0x87, 0x01, 0xC7, 0x80, 0xF3, 0x80, 0x39, 0xC0, 0x1D, 0xE0, 0x07, 0x00,
    0x00, 0x00, 0x00, 0x00, 0x70, 0x00, 0x38, 0x00, 0x1C, 0x00, 0x04, 0x00, 0x31, 0xC7, 0x30, 0x7E,
    0x07, 0x80, 0x00, 0x3F, 0x1F, 0xF3, 0xFF, 0xE0, 0xE4, 0x1C, 0x03, 0x9F, 0xF7, 0xFF, 0xF1, 0xF8,
    0x3F, 0x07, 0xE1, 0xFF, 0xFD, 0xFF, 0x8E, 0x00, 0x00, 0x1C, 0x03, 0xC0, 0x70, 0x04, 0x00, 0xFF,
    0xEF, 0xFF, 0xFF, 0xFE, 0x00, 0xE0, 0x0E, 0x00, 0xE0, 0x0E, 0x00, 0xFF, 0xEF, 0xFE, 0xFF, 0xEE,
    0x00, 0xE0, 0x0E, 0x00, 0xE0, 0x0E, 0x00, 0xE0, 0x0F, 0xFF, 0xFF, 0xF0, 0x00, 0x00, 0x00, 0x60,
    0x0F, 0x00, 0xF0, 0x04, 0x00, 0x0F, 0x81, 0xFE, 0x1F, 0xF8, 0xE0, 0xEE, 0x07, 0x70, 0x1B, 0xFF,
    0xFF, 0xFF, 0xE0, 0x07, 0x00, 0x38, 0x1C, 0xF1, 0xE3, 0xFE, 0x0F, 0xE0, 0x1C, 0x00, 0x00, 0x07,
    0x00, 0x78, 0x01, 0xC0, 0x04, 0x00, 0x1E, 0x01, 0xF0, 0x07, 0x00, 0x60, 0x00, 0x0F, 0xFE, 0xFF,
    0xFF, 0xFF, 0xE0, 0x0E, 0x00, 0xE0, 0x0E, 0x00, 0xE0, 0x0F, 0xFE, 0xFF, 0xEF, 0xFE, 0xE0, 0x0E,
    0x00, 0xE0, 0x0E, 0x00, 0xE0, 0x0E, 0x00, 0xFF, 0xFF, 0xFF, 0x0F, 0x00, 0x78, 0x00, 0xC0, 0x0E,
    0x00, 0x00, 0x07, 0xC0, 0xFF, 0x0F, 0xFC, 0x70, 0x77, 0x03, 0xB8, 0x0D, 0xFF, 0xFF, 0xFF, 0xF0,
    0x03, 0x80, 0x1C, 0x0E, 0x78, 0xF1, 0xFF, 0x07, 0xF0, 0x0E, 0x00, 0x18, 0xC3, 0xFC, 0x3F, 0x80,
    0x00, 0x00, 0x0F, 0xFE, 0xFF, 0xFF, 0xFF, 0xE0, 0x0E, 0x00, 0xE0, 0x0E, 0x00, 0xE0, 0x0F, 0xFE,
    0xFF, 0xEF, 0xFE, 0xE0, 0x0E, 0x00, 0xE0, 0x0E, 0x00, 0xE0, 0x0E, 0x00, 0xFF, 0xFF, 0xFF, 0x0C,
    0xC0, 0xFE, 0x0F, 0xF0, 0x00, 0x00, 0x00, 0x07, 0xC0, 0xFF, 0x0F, 0xFC, 0x70, 0x77, 0x03, 0xB8,
    0x0D, 0xFF, 0xFF, 0xFF, 0xF0, 0x03, 0x80, 0x1C, 0x0E, 0x78, 0xF1, 0xFF, 0x07, 0xF0, 0x0E, 0x00,
    0x00, 0x70, 0x0E, 0x00, 0xC0, 0x1C, 0x0E, 0x01, 0xF0, 0x1F, 0x83, 0x9C, 0x00, 0x0F, 0xFE, 0xFF,
    0xFF, 0xFF, 0xE0, 0x0E, 0x00, 0xE0, 0x0E, 0x00, 0xE0, 0x0F, 0xFE, 0xFF, 0xEF, 0xFE, 0xE0, 0x0E,
    0x00, 0xE0, 0x0E, 0x00, 0xE0, 0x0E, 0x00, 0xFF, 0xFF, 0xFF, 0x00, 0x70, 0x03, 0x80, 0x38, 0x01,
    0x80, 0x70, 0x07, 0xC0, 0x7F, 0x07, 0x38, 0x00, 0x00, 0x7C, 0x0F, 0xF0, 0xFF, 0xC7, 0x07, 0x70,
    0x3B, 0x80, 0xDF, 0xFF, 0xFF, 0xFF, 0x00, 0x38, 0x01, 0xC0, 0xE7, 0x8F, 0x1F, 0xF0, 0x7F, 0x00,
    0xE0, 0x03, 0x80, 0x38, 0x01, 0xC0, 0x0C, 0x0E, 0x01, 0xF0, 0x1F, 0x83, 0x9C, 0x00, 0x0F, 0xFE,
    0xFF, 0xFF, 0xFF, 0xE0, 0x0E, 0x00, 0xE0, 0x0E, 0x00, 0xE0, 0x0F, 0xFE, 0xFF, 0xEF, 0xFE, 0xE0,
    0x0E, 0x00, 0xE0, 0x0E, 0x00, 0xE0, 0x0E, 0x00, 0xFF, 0xFF, 0xFF, 0x03, 0x80, 0x0E, 0x00, 0x70,
    0x01, 0x80, 0x70, 0x07, 0xC0, 0x7F, 0x07, 0x38, 0x00, 0x00, 0x7C, 0x0F, 0xF0, 0xFF, 0xC7, 0x07,
    0x70, 0x3B, 0x80, 0xDF, 0xFF, 0xFF, 0xFF, 0x00, 0x38, 0x01, 0xC0, 0xE7, 0x8F, 0x1F, 0xF0, 0x7F,
    0x00, 0xE0, 0x03, 0xC0, 0x3C, 0x00, 0xC0, 0x1C, 0x0E, 0x01, 0xF0, 0x1F, 0x83, 0x9C, 0x00, 0x0F,
    0xFE, 0xFF, 0xFF, 0xFF, 0xE0, 0x0E, 0x00, 0xE0, 0x0E, 0x00, 0xE0, 0x0F, 0xFE, 0xFF, 0xEF, 0xFE,
    0xE0, 0x0E, 0x00, 0xE0, 0x0E, 0x00, 0xE0, 0x0E, 0x00, 0xFF, 0xFF, 0xFF, 0x03, 0xC0, 0x1F, 0x00,
    0x38, 0x01, 0x80, 0x70, 0x07, 0xC0, 0x7F, 0x07, 0x38, 0x00, 0x00, 0x7C, 0x0F, 0xF0, 0xFF, 0xC7,
    0x07, 0x70, 0x3B, 0x80, 0xDF, 0xFF, 0xFF, 0xFF, 0x00, 0x38, 0x01, 0xC0, 0xE7, 0x8F, 0x1F, 0xF0,
    0x7F, 0x00, 0xE0, 0x18, 0x83, 0xFC, 0x3F, 0x83, 0x10, 0x0E, 0x01, 0xF0, 0x1F, 0x83, 0x9C, 0x00,
    0x0F, 0xFE, 0xFF, 0xFF, 0xFF, 0xE0, 0x0E, 0x00, 0xE0, 0x0E, 0x00, 0xE0, 0x0F, 0xFE, 0xFF, 0xEF,
    0xFE, 0xE0, 0x0E, 0x00, 0xE0, 0x0E, 0x00, 0xE0, 0x0E, 0x00, 0xFF, 0xFF, 0xFF, 0x0C, 0xC0, 0xFE,
    0x0F, 0xF0, 0x22, 0x00, 0x70, 0x07, 0xC0, 0x7F, 0x07, 0x38, 0x00, 0x00, 0x7C, 0x0F, 0xF0, 0xFF,
    0xC7, 0x07, 0x70, 0x3B, 0x80, 0xDF, 0xFF, 0xFF, 0xFF, 0x00, 0x38, 0x01, 0xC0, 0xE7, 0x8F, 0x1F,
    0xF0, 0x7F, 0x00, 0xE0, 0x0F, 0x01, 0xF0, 0x3B, 0x83, 0x9C, 0x00, 0x0F, 0xFE, 0xFF, 0xFF, 0xFF,
    0xE0, 0x0E, 0x00, 0xE0, 0x0E, 0x00, 0xE0, 0x0F, 0xFE, 0xFF, 0xEF, 0xFE, 0xE0, 0x0E, 0x00, 0xE0,
    0x0E, 0x00, 0xE0, 0x0E, 0x00, 0xFF, 0xFF, 0xFF, 0x00, 0x00, 0x00, 0x06, 0x00, 0xF0, 0x0F, 0x00,
    0x40, 0x0F, 0x00, 0x7C, 0x07, 0x70, 0x73, 0x80, 0x00, 0x07, 0xC0, 0xFF, 0x0F, 0xFC, 0x70, 0x77,
    0x03, 0xB8, 0x0D, 0xFF, 0xFF, 0xFF, 0xF0, 0x03, 0x80, 0x1C, 0x0E, 0x78, 0xF1, 0xFF, 0x07, 0xF0,
    0x0E, 0x00, 0x00, 0x03, 0x80, 0x3C, 0x00, 0xE0, 0x02, 0x00, 0xF7, 0x8C, 0xE0, 0x31, 0xCE, 0x73,
    0x9C, 0xE7, 0x39, 0xCE, 0x73, 0x9C, 0xE7, 0x39, 0xCE, 0x7B, 0xCE, 0x60, 0x19, 0xCE, 0x73, 0x9C,
    0xE7, 0x39, 0xCE, 0x73, 0x9C, 0x67, 0x77, 0x77, 0x77, 0x77, 0x77, 0x77, 0x77, 0x77, 0x70, 0x07,
    0xF7, 0x20, 0x6F, 0xF4, 0x06, 0xEE, 0xEE, 0xEE, 0xEE, 0xEE, 0xEE, 0xE0, 0x06, 0xFF, 0x40, 0x03,
    0xE0, 0x07, 0xFC, 0x07, 0xFF, 0x07, 0x83, 0xC7, 0x80, 0xF3, 0x80, 0x3B, 0xC0, 0x1F, 0xC0, 0x07,
    0xE0, 0x03, 0xF0, 0x01, 0xF8, 0x00, 0xFC, 0x00, 0x7E, 0x00, 0x3B, 0x80, 0x39, 0xC0, 0x1C, 0xF0,
    0x1E, 0x3E, 0x3E, 0x0F, 0xFE, 0x03, 0xFE, 0x00, 0x38, 0x00, 0x00, 0x00, 0x0E, 0x00, 0x07, 0x00,
    0x03, 0x80, 0x00, 0x80, 0x00, 0x0F, 0x81, 0xFF, 0x1F, 0xF8, 0xE0, 0xEE, 0x07, 0x70, 0x1F, 0x80,
    0xFC, 0x07, 0xE0, 0x3F, 0x01, 0xFC, 0x1C, 0xF1, 0xE3, 0xFE, 0x0F, 0xE0, 0x1C, 0x00, 0x00, 0x07,
    0x00, 0x38, 0x01, 0xC0, 0x04, 0x00, 0x03, 0xC0, 0x01, 0xF0, 0x00, 0x30, 0x00, 0x38, 0x00, 0x00,
    0x00, 0x1F, 0x00, 0x3F, 0xE0, 0x3F, 0xF8, 0x3C, 0x1E, 0x3C, 0x07, 0x9C, 0x01, 0xDE, 0x00, 0xFE,
    0x00, 0x3F, 0x00, 0x1F, 0x80, 0x0F, 0xC0, 0x07, 0xE0, 0x03, 0xF0, 0x01, 0xDC, 0x01, 0xCE, 0x00,
    0xE7, 0x80, 0xF1, 0xF1, 0xF0, 0x7F, 0xF0, 0x1F, 0xF0, 0x01, 0xC0, 0x00, 0x0F, 0x00, 0x78, 0x00,
    0xC0, 0x0E, 0x00, 0x00, 0x07, 0xC0, 0xFF, 0x8F, 0xFC, 0x70, 0x77, 0x03, 0xB8, 0x0F, 0xC0, 0x7E,
    0x03, 0xF0, 0x1F, 0x80, 0xFE, 0x0E, 0x78, 0xF1, 0xFF, 0x07, 0xF0, 0x0E, 0x00, 0x00, 0x1C, 0x00,
    0x0E, 0x00, 0x0E, 0x00, 0x07, 0x00, 0x1C, 0x00, 0x1F, 0x00, 0x1D, 0xC0, 0x0E, 0x70, 0x00, 0x00,
    0x01, 0xF0, 0x03, 0xFE, 0x03, 0xFF, 0x83, 0xC1, 0xE3, 0xC0, 0x79, 0xC0, 0x1D, 0xE0, 0x0F, 0xE0,
    0x03, 0xF0, 0x01, 0xF8, 0x00, 0xFC, 0x00, 0x7E, 0x00, 0x3F, 0x00, 0x1D, 0xC0, 0x1C, 0xE0, 0x0E,
    0x78, 0x0F, 0x1F, 0x1F, 0x07, 0xFF, 0x01, 0xFF, 0x00, 0x1C, 0x00, 0x00, 0x70, 0x03, 0x80, 0x38,
    0x01, 0x80, 0x70, 0x07, 0xC0, 0x77, 0x07, 0x38, 0x00, 0x00, 0x7C, 0x0F, 0xF8, 0xFF, 0xC7, 0x07,
    0x70, 0x3B, 0x80, 0xFC, 0x07, 0xE0, 0x3F, 0x01, 0xF8, 0x0F, 0xE0, 0xE7, 0x8F, 0x1F, 0xF0, 0x7F,
    0x00, 0xE0, 0x00, 0xE0, 0x00, 0x38, 0x00, 0x0C, 0x00, 0x07, 0x00, 0x1C, 0x00, 0x1F, 0x00, 0x1D,
    0xC0, 0x0E, 0x70, 0x00, 0x00, 0x01, 0xF0, 0x03, 0xFE, 0x03, 0xFF, 0x83, 0xC1, 0xE3, 0xC0, 0x79,
    0xC0, 0x1D, 0xE0, 0x0F, 0xE0, 0x03, 0xF0, 0x01, 0xF8, 0x00, 0xFC, 0x00, 0x7E, 0x00, 0x3F, 0x00,
    0x1D, 0xC0, 0x1C, 0xE0, 0x0E, 0x78, 0x0F, 0x1F, 0x1F, 0x07, 0xFF, 0x01, 0xFF, 0x00, 0x1C, 0x00,
    0x03, 0x80, 0x0E, 0x00, 0x70, 0x01, 0xC0, 0x70, 0x07, 0xC0, 0x77, 0x07, 0x38, 0x00, 0x00, 0x7C,
    0x0F, 0xF8, 0xFF, 0xC7, 0x07, 0x70, 0x3B, 0x80, 0xFC, 0x07, 0xE0, 0x3F, 0x01, 0xF8, 0x0F, 0xE0,
    0xE7, 0x8F, 0x1F, 0xF0, 0x7F, 0x00, 0xE0, 0x00, 0x78, 0x00, 0x3C, 0x00, 0x0E, 0x00, 0x06, 0x00,
    0x1C, 0x00, 0x1F, 0x00, 0x1D, 0xC0, 0x0E, 0x70, 0x00, 0x00, 0x01, 0xF0, 0x03, 0xFE, 0x03, 0xFF,
    0x83, 0xC1, 0xE3, 0xC0, 0x79, 0xC0, 0x1D, 0xE0, 0x0F, 0xE0, 0x03, 0xF0, 0x01, 0xF8, 0x00, 0xFC,
    0x00, 0x7E, 0x00, 0x3F, 0x00, 0x1D, 0xC0, 0x1C, 0xE0, 0x0E, 0x78, 0x0F, 0x1F, 0x1F, 0x07, 0xFF,
    0x01, 0xFF, 0x00, 0x1C, 0x00, 0x03, 0xC0, 0x1F, 0x00, 0x38, 0x01, 0x80, 0x70, 0x07, 0xC0, 0x77,
    0x07, 0x38, 0x00, 0x00, 0x7C, 0x0F, 0xF8, 0xFF, 0xC7, 0x07, 0x70, 0x3B, 0x80, 0xFC, 0x07, 0xE0,
    0x3F, 0x01, 0xF8, 0x0F, 0xE0, 0xE7, 0x8F, 0x1F, 0xF0, 0x7F, 0x00, 0xE0, 0x03, 0x10, 0x03, 0xF8,
    0x01, 0xFC, 0x00, 0x8C, 0x00, 0x1C, 0x00, 0x1F, 0x00, 0x1D, 0xC0, 0x0E, 0x70, 0x00, 0x00, 0x01,
    0xF0, 0x03, 0xFE, 0x03, 0xFF, 0x83, 0xC1, 0xE3, 0xC0, 0x79, 0xC0, 0x1D, 0xE0, 0x0F, 0xE0, 0x03,
    0xF0, 0x01, 0xF8, 0x00, 0xFC, 0x00, 0x7E, 0x00, 0x3F, 0x00, 0x1D, 0xC0, 0x1C, 0xE0, 0x0E, 0x78,
    0x0F, 0x1F, 0x1F, 0x07, 0xFF, 0x01, 0xFF, 0x00, 0x1C, 0x00, 0x0C, 0xC0, 0xFE, 0x07, 0xF0, 0x23,
    0x00, 0x70, 0x07, 0xC0, 0x77, 0x07, 0x38, 0x00, 0x00, 0x7C, 0x0F, 0xF8, 0xFF, 0xC7, 0x07, 0x70,
    0x3B, 0x80, 0xFC, 0x07, 0xE0, 0x3F, 0x01, 0xF8, 0x0F, 0xE0, 0xE7, 0x8F, 0x1F, 0xF0, 0x7F, 0x00,
    0xE0, 0x01, 0xC0, 0x01, 0xF0, 0x01, 0xDC, 0x00, 0xC7, 0x00, 0x00, 0x00, 0x1F, 0x00, 0x3F, 0xE0,
    0x3F, 0xF8, 0x3C, 0x1E, 0x3C, 0x07, 0x9C, 0x01, 0xDE, 0x00, 0xFE, 0x00, 0x3F, 0x00, 0x1F, 0x80,
    0x0F, 0xC0, 0x07, 0xE0, 0x03, 0xF0, 0x01, 0xDC, 0x01, 0xCE, 0x00, 0xE7, 0x80, 0xF1, 0xF1, 0xF0,
    0x7F, 0xF0, 0x1F, 0xF0, 0x01, 0xC0, 0x00, 0x00, 0x00, 0x70, 0x00, 0x38, 0x00, 0x1C, 0x00, 0x04,
    0x00, 0x07, 0x00, 0x7C, 0x07, 0x70, 0x71, 0x80, 0x00, 0x07, 0xC0, 0xFF, 0x8F, 0xFC, 0x70, 0x77,
    0x03, 0xB8, 0x0F, 0xC0, 0x7E, 0x03, 0xF0, 0x1F, 0x80, 0xFE, 0x0E, 0x78, 0xF1, 0xFF, 0x07, 0xF0,
    0x0E, 0x00, 0x00, 0x03, 0x80, 0x1C, 0x00, 0xE0, 0x02, 0x00, 0x00, 0x70, 0x00, 0x70, 0x00, 0x38,
    0x00, 0x38, 0x70, 0x00, 0x38, 0x1F, 0xFC, 0x3F, 0xFE, 0x3F, 0xFE, 0x3C, 0x1E, 0x3C, 0x07, 0x9C,
    0x01, 0xDE, 0x00, 0xFE, 0x00, 0x3F, 0x00, 0x1F, 0x80, 0x0F, 0xC0, 0x07, 0xE0, 0x03, 0xF0, 0x01,
    0xDC, 0x01, 0xCE, 0x00, 0xE7, 0x80, 0xF1, 0xF1, 0xF0, 0x7F, 0xF0, 0x1F, 0xF0, 0x01, 0xC0, 0x00,
    0x01, 0xC0, 0x1C, 0x00, 0xC6, 0x0E, 0x70, 0x03, 0x87, 0xFC, 0xFF, 0xEF, 0xFC, 0x70, 0x77, 0x03,
    0xB8, 0x0F, 0xC0, 0x7E, 0x03, 0xF0, 0x1F, 0x80, 0xFE, 0x0E, 0x78, 0xF1, 0xFF, 0x07, 0xF0, 0x0E,
    0x00, 0x07, 0x00, 0x01, 0xC0, 0x00, 0xE0, 0x00, 0x38, 0x70, 0x00, 0x38, 0x1F, 0xFC, 0x3F, 0xFE,
    0x3F, 0xFE, 0x3C, 0x1E, 0x3C, 0x07, 0x9C, 0x01, 0xDE, 0x00, 0xFE, 0x00, 0x3F, 0x00, 0x1F, 0x80,
    0x0F, 0xC0, 0x07, 0xE0, 0x03, 0xF0, 0x01, 0xDC, 0x01, 0xCE, 0x00, 0xE7, 0x80, 0xF1, 0xF1, 0xF0,
    0x7F, 0xF0, 0x1F, 0xF0, 0x01, 0xC0, 0x00, 0x1C, 0x00, 0x70, 0x03, 0x86, 0x0C, 0x70, 0x03, 0x87,
    0xFC, 0xFF, 0xEF, 0xFC, 0x70, 0x77, 0x03, 0xB8, 0x0F, 0xC0, 0x7E, 0x03, 0xF0, 0x1F, 0x80, 0xFE,
    0x0E, 0x78, 0xF1, 0xFF, 0x07, 0xF0, 0x0E, 0x00, 0x03, 0xC0, 0x01, 0xF0, 0x00, 0x30, 0x00, 0x38,
    0x70, 0x00, 0x38, 0x1F, 0xFC, 0x3F, 0xFE, 0x3F, 0xFE, 0x3C, 0x1E, 0x3C, 0x07, 0x9C, 0x01, 0xDE,
    0x00, 0xFE, 0x00, 0x3F, 0x00, 0x1F, 0x80, 0x0F, 0xC0, 0x07, 0xE0, 0x03, 0xF0, 0x01, 0xDC, 0x01,
    0xCE, 0x00, 0xE7, 0x80, 0xF1, 0xF1, 0xF0, 0x7F, 0xF0, 0x1F, 0xF0, 0x01, 0xC0, 0x00, 0x0F, 0x00,
    0x78, 0x00, 0xC6, 0x0E, 0x70, 0x03, 0x87, 0xFC, 0xFF, 0xEF, 0xFC, 0x70, 0x77, 0x03, 0xB8, 0x0F,
    0xC0, 0x7E, 0x03, 0xF0, 0x1F, 0x80, 0xFE, 0x0E, 0x78, 0xF1, 0xFF, 0x07, 0xF0, 0x0E, 0x00, 0x03,
    0x30, 0x03, 0xF8, 0x01, 0xFC, 0x00, 0x00, 0x70, 0x00, 0x38, 0x1F, 0xFC, 0x3F, 0xFE, 0x3F, 0xFE,
    0x3C, 0x1E, 0x3C, 0x07, 0x9C, 0x01, 0xDE, 0x00, 0xFE, 0x00, 0x3F, 0x00, 0x1F, 0x80, 0x0F, 0xC0,
    0x07, 0xE0, 0x03, 0xF0, 0x01, 0xDC, 0x01, 0xCE, 0x00, 0xE7, 0x80, 0xF1, 0xF1, 0xF0, 0x7F, 0xF0,
    0x1F, 0xF0, 0x01, 0xC0, 0x00, 0x0C, 0xC0, 0xFE, 0x07, 0xF6, 0x00, 0x70, 0x03, 0x87, 0xFC, 0xFF,
    0xEF, 0xFC, 0x70, 0x77, 0x03, 0xB8, 0x0F, 0xC0, 0x7E, 0x03, 0xF0, 0x1F, 0x80, 0xFE, 0x0E, 0x78,
    0xF1, 0xFF, 0x07, 0xF0, 0x0E, 0x00, 0x00, 0x03, 0x80, 0x01, 0xC0, 0xFF, 0xE1, 0xFF, 0xF1, 0xFF,
    0xF1, 0xE0, 0xF1, 0xE0, 0x3C, 0xE0, 0x0E, 0xF0, 0x07, 0xF0, 0x01, 0xF8, 0x00, 0xFC, 0x00, 0x7E,
    0x00, 0x3F, 0x00, 0x1F, 0x80, 0x0E, 0xE0, 0x0E, 0x70, 0x07, 0x3C, 0x07, 0x8F, 0x8F, 0x83, 0xFF,
    0x80, 0xFF, 0x80, 0x0E, 0x00, 0x00, 0x00, 0x03, 0x80, 0x01, 0xC0, 0x00, 0xE0, 0x00, 0x20, 0x00,
    0x00, 0x18, 0x01, 0xC0, 0x0E, 0x1F, 0xF3, 0xFF, 0xBF, 0xF1, 0xC1, 0xDC, 0x0E, 0xE0, 0x3F, 0x01,
    0xF8, 0x0F, 0xC0, 0x7E, 0x03, 0xF8, 0x39, 0xE3, 0xC7, 0xFC, 0x1F, 0xC0, 0x38, 0x00, 0x00, 0x0E,
    0x00, 0x70, 0x03, 0x80, 0x08, 0x00, 0xC0, 0x0D, 0xC0, 0x1F, 0x80, 0x3F, 0x00, 0x7E, 0x00, 0xFC,
    0x01, 0xF8, 0x03, 0xF0, 0x07, 0xE0, 0x0F, 0xC0, 0x1F, 0x80, 0x3F, 0x00, 0x7E, 0x00, 0xFC, 0x01,
    0xF8, 0x07, 0x78, 0x0E, 0x78, 0x7C, 0x7F, 0xF0, 0x7F, 0xC0, 0x3C, 0x00, 0x00, 0x00, 0x70, 0x01,
    0xE0, 0x01, 0xC0, 0x01, 0x00, 0x60, 0x7E, 0x07, 0xE0, 0x7E, 0x07, 0xE0, 0x7E, 0x07, 0xE0, 0x7E,
    0x07, 0xE0, 0x7E, 0x07, 0x70, 0x77, 0x8F, 0x7F, 0xF3, 0xFF, 0x04, 0x00, 0x00, 0x07, 0x00, 0x70,
    0x07, 0x00, 0x20, 0x07, 0x80, 0x0F, 0x00, 0x06, 0x00, 0x1C, 0x00, 0x00, 0x18, 0x01, 0xB8, 0x03,
    0xF0, 0x07, 0xE0, 0x0F, 0xC0, 0x1F, 0x80, 0x3F, 0x00, 0x7E, 0x00, 0xFC, 0x01, 0xF8, 0x03, 0xF0,
    0x07, 0xE0, 0x0F, 0xC0, 0x1F, 0x80, 0x3F, 0x00, 0xEF, 0x01, 0xCF, 0x0F, 0x8F, 0xFE, 0x0F, 0xF8,
    0x07, 0x80, 0x0F, 0x00, 0xF0, 0x03, 0x00, 0x70, 0x00, 0x06, 0x07, 0xE0, 0x7E, 0x07, 0xE0, 0x7E,
    0x07, 0xE0, 0x7E, 0x07, 0xE0, 0x7E, 0x07, 0xE0, 0x77, 0x07, 0x78, 0xF7, 0xFF, 0x3F, 0xF0, 0x40,
    0x01, 0xC0, 0x00, 0xE0, 0x00, 0xE0, 0x00, 0x70, 0x70, 0x00, 0x3E, 0x00, 0x7F, 0x80, 0x3F, 0xC0,
    0x1E, 0xE0, 0x0E, 0x70, 0x07, 0x38, 0x03, 0x9C, 0x01, 0xCE, 0x00, 0xE7, 0x00, 0x73, 0x80, 0x39,
    0xC0, 0x1C, 0xE0, 0x0E, 0x70, 0x07, 0x38, 0x03, 0x9C, 0x03, 0x8F, 0x01, 0xC3, 0xC3, 0xE0, 0xFF,
    0xE0, 0x3F, 0xE0, 0x07, 0x80, 0x00, 0x03, 0xC0, 0x0E, 0x00, 0x30, 0xC1, 0xC7, 0x00, 0x1D, 0x81,
    0xFE, 0x07, 0xF8, 0x1C, 0xE0, 0x73, 0x81, 0xCE, 0x07, 0x38, 0x1C, 0xE0, 0x73, 0x81, 0xCE, 0x07,
    0x1C, 0x1C, 0x78, 0xF1, 0xFF, 0xC3, 0xFF, 0x01, 0x00, 0x0E, 0x00, 0x07, 0x00, 0x01, 0xC0, 0x00,
    0x60, 0x70, 0x00, 0x3E, 0x00, 0x7F, 0x80, 0x3F, 0xC0, 0x1E, 0xE0, 0x0E, 0x70, 0x07, 0x38, 0x03,
    0x9C, 0x01, 0xCE, 0x00, 0xE7, 0x00, 0x73, 0x80, 0x39, 0xC0, 0x1C, 0xE0, 0x0E, 0x70, 0x07, 0x38,
    0x03, 0x9C, 0x03, 0x8F, 0x01, 0xC3, 0xC3, 0xE0, 0xFF, 0xE0, 0x3F, 0xE0, 0x07, 0x80, 0x00, 0x1C,
    0x00, 0x78, 0x00, 0xE0, 0xC1, 0x87, 0x00, 0x1D, 0x81, 0xFE, 0x07, 0xF8, 0x1C, 0xE0, 0x73, 0x81,
    0xCE, 0x07, 0x38, 0x1C, 0xE0, 0x73, 0x81, 0xCE, 0x07, 0x1C, 0x1C, 0x78, 0xF1, 0xFF, 0xC3, 0xFF,
    0x01, 0x00, 0x07, 0x80, 0x03, 0xC0, 0x00, 0x60, 0x00, 0x70, 0x70, 0x00, 0x3E, 0x00, 0x7F, 0x80,
    0x3F, 0xC0, 0x1E, 0xE0, 0x0E, 0x70, 0x07, 0x38, 0x03, 0x9C, 0x01, 0xCE, 0x00, 0xE7, 0x00, 0x73,
    0x80, 0x39, 0xC0, 0x1C, 0xE0, 0x0E, 0x70, 0x07, 0x38, 0x03, 0x9C, 0x03, 0x8F, 0x01, 0xC3, 0xC3,
    0xE0, 0xFF, 0xE0, 0x3F, 0xE0, 0x07, 0x80, 0x00, 0x0F, 0x00, 0x3C, 0x00, 0x30, 0xC1, 0xC7, 0x00,
    0x1D, 0x81, 0xFE, 0x07, 0xF8, 0x1C, 0xE0, 0x73, 0x81, 0xCE, 0x07, 0x38, 0x1C, 0xE0, 0x73, 0x81,
    0xCE, 0x07, 0x1C, 0x1C, 0x78, 0xF1, 0xFF, 0xC3, 0xFF, 0x01, 0x00, 0x0E, 0x60, 0x07, 0xF0, 0x07,
    0xF8, 0x00, 0x00, 0x70, 0x00, 0x3E, 0x00, 0x7F, 0x80, 0x3F, 0xC0, 0x1E, 0xE0, 0x0E, 0x70, 0x07,
    0x38, 0x03, 0x9C, 0x01, 0xCE, 0x00, 0xE7, 0x00, 0x73, 0x80, 0x39, 0xC0, 0x1C, 0xE0, 0x0E, 0x70,
    0x07, 0x38, 0x03, 0x9C, 0x03, 0x8F, 0x01, 0xC3, 0xC3, 0xE0, 0xFF, 0xE0, 0x3F, 0xE0, 0x07, 0x80,
    0x00, 0x0C, 0xC0, 0x7F, 0x03, 0xFC, 0xC0, 0x07, 0x00, 0x1D, 0x81, 0xFE, 0x07, 0xF8, 0x1C, 0xE0,
    0x73, 0x81, 0xCE, 0x07, 0x38, 0x1C, 0xE0, 0x73, 0x81, 0xCE, 0x07, 0x1C, 0x1C, 0x78, 0xF1, 0xFF,
    0xC3, 0xFF, 0x01, 0x00, 0x00, 0x03, 0x80, 0x01, 0xF0, 0x03, 0xFC, 0x01, 0xFE, 0x00, 0xF7, 0x00,
    0x73, 0x80, 0x39, 0xC0, 0x1C, 0xE0, 0x0E, 0x70, 0x07, 0x38, 0x03, 0x9C, 0x01, 0xCE, 0x00, 0xE7,
    0x00, 0x73, 0x80, 0x39, 0xC0, 0x1C, 0xE0, 0x1C, 0x78, 0x0E, 0x1E, 0x1F, 0x07, 0xFF, 0x01, 0xFF,
    0x00, 0x3C, 0x00, 0x00, 0x00, 0x07, 0x00, 0x07, 0x80, 0x01, 0xC0, 0x00, 0x40, 0x00, 0x00, 0x0C,
    0x00, 0x70, 0x01, 0xD8, 0x1F, 0xE0, 0x7F, 0x81, 0xCE, 0x07, 0x38, 0x1C, 0xE0, 0x73, 0x81, 0xCE,
    0x07, 0x38, 0x1C, 0xE0, 0x71, 0xC1, 0xC7, 0x8F, 0x1F, 0xFC, 0x3F, 0xF0, 0x10, 0x00, 0x00, 0x01,
    0xC0, 0x07, 0x00, 0x1C, 0x00, 0x20, 0x00, 0x07, 0x00, 0x01, 0xC0, 0x00, 0xE0, 0x00, 0x30, 0x00,
    0x00, 0x03, 0x00, 0x19, 0xC0, 0x1C, 0xF0, 0x1E, 0x38, 0x0E, 0x1E, 0x0E, 0x07, 0x0F, 0x01, 0xC7,
    0x00, 0xF7, 0x00, 0x3B, 0x80, 0x0F, 0x80, 0x07, 0xC0, 0x01, 0xC0, 0x00, 0xE0, 0x00, 0x70, 0x00,
    0x38, 0x00, 0x1C, 0x00, 0x0E, 0x00, 0x07, 0x00, 0x03, 0x80, 0x0E, 0x00, 0x38, 0x00, 0x70, 0x01,
    0xC0, 0x00, 0x03, 0x80, 0xE7, 0x03, 0x9C, 0x0E, 0x70, 0x70, 0xE1, 0xC3, 0x87, 0x0F, 0x38, 0x1C,
    0xE0, 0x73, 0x00, 0xFC, 0x03, 0xF0, 0x0F, 0x80, 0x1E, 0x00, 0x78, 0x01, 0xC0, 0x07, 0x00, 0x38,
    0x03, 0xE0, 0x1F, 0x00, 0x30, 0x00, 0x60, 0x03, 0x38, 0x03, 0x9E, 0x03, 0xC7, 0x01, 0xC3, 0xC1,
    0xC0, 0xE1, 0xE0, 0x38, 0xE0, 0x1E, 0xE0, 0x07, 0x70, 0x01, 0xF0, 0x00, 0xF8, 0x00, 0x38, 0x00,
    0x1C, 0x00, 0x0E, 0x00, 0x07, 0x00, 0x03, 0x80, 0x01, 0xC0, 0x00, 0xE0, 0x00, 0x70, 0x00, 0x00,
    0x00, 0x00, 0x00, 0x0E, 0x00, 0x07, 0x00, 0x03, 0x80, 0x00, 0x80, 0x00, 0xE0, 0x39, 0xC0, 0xE7,
    0x03, 0x9C, 0x1C, 0x38, 0x70, 0xE1, 0xC3, 0xCE, 0x07, 0x38, 0x1C, 0xC0, 0x3F, 0x00, 0xFC, 0x03,
    0xE0, 0x07, 0x80, 0x1E, 0x00, 0x70, 0x01, 0xC0, 0x0E, 0x70, 0xFB, 0xC7, 0xC7, 0x0C, 0x08, 0x03,
    0xC0, 0x01, 0xF0, 0x00, 0x30, 0x00, 0x38, 0x00, 0x00, 0x03, 0x00, 0x19, 0xC0, 0x1C, 0xF0, 0x1E,
    0x38, 0x0E, 0x1E, 0x0E, 0x07, 0x0F, 0x01, 0xC7, 0x00, 0xF7, 0x00, 0x3B, 0x80, 0x0F, 0x80, 0x07,
    0xC0, 0x01, 0xC0, 0x00, 0xE0, 0x00, 0x70, 0x00, 0x38, 0x00, 0x1C, 0x00, 0x0E, 0x00, 0x07, 0x00,
    0x03, 0x80, 0x07, 0x80, 0x1E, 0x00, 0x38, 0x00, 0xC0, 0x00, 0x03, 0x80, 0xE7, 0x03, 0x9C, 0x0E,
    0x70, 0x70, 0xE1, 0xC3, 0x87, 0x0F, 0x38, 0x1C, 0xE0, 0x73, 0x00, 0xFC, 0x03, 0xF0, 0x0F, 0x80,
    0x1E, 0x00, 0x78, 0x01, 0xC0, 0x07, 0x00, 0x38, 0x03, 0xE0, 0x1F, 0x00, 0x30, 0x00, 0x03, 0x30,
    0x03, 0xF8, 0x01, 0xFC, 0x00, 0x00, 0x00, 0x00, 0x03, 0x00, 0x19, 0xC0, 0x1C, 0xF0, 0x1E, 0x38,
    0x0E, 0x1E, 0x0E, 0x07, 0x0F, 0x01, 0xC7, 0x00, 0xF7, 0x00, 0x3B, 0x80, 0x0F, 0x80, 0x07, 0xC0,
    0x01, 0xC0, 0x00, 0xE0, 0x00, 0x70, 0x00, 0x38, 0x00, 0x1C, 0x00, 0x0E, 0x00, 0x07, 0x00, 0x03,
    0x80, 0x0E, 0x60, 0x7F, 0x81, 0xFC, 0x00, 0x00, 0x00, 0x03, 0x80, 0xE7, 0x03, 0x9C, 0x0E, 0x70,
    0x70, 0xE1, 0xC3, 0x87, 0x0F, 0x38, 0x1C, 0xE0, 0x73, 0x00, 0xFC, 0x03, 0xF0, 0x0F, 0x80, 0x1E,
    0x00, 0x78, 0x01, 0xC0, 0x07, 0x00, 0x38, 0x03, 0xE0, 0x1F, 0x00, 0x30, 0x00, 0x07, 0x00, 0x0F,
    0x00, 0x0E, 0x00, 0x38, 0x00, 0x00, 0x01, 0xF1, 0x8F, 0xF3, 0x3F, 0xFE, 0x70, 0x7D, 0xC0, 0xFB,
    0x80, 0xE7, 0x01, 0xCE, 0x03, 0x9C, 0x07, 0x38, 0x0F, 0x78, 0x3E, 0x70, 0xFC, 0x7F, 0x98, 0x7F,
    0x38, 0x38, 0x00, 0x07, 0x00, 0x1E, 0x00, 0x38, 0x00, 0x38, 0x00, 0x00, 0x01, 0xF1, 0x8F, 0xF3,
    0x3F, 0xFE, 0x70, 0x7D, 0xC0, 0xFB, 0x80, 0xE7, 0x01, 0xCE, 0x03, 0x9C, 0x07, 0x38, 0x0F, 0x78,
    0x3E, 0x70, 0xFC, 0x7F, 0x98, 0x7F, 0x38, 0x38, 0x00, 0x3F, 0x80, 0x3B, 0x00, 0x37, 0x00, 0xEE,
    0x00, 0x00, 0x01, 0xF1, 0x8F, 0xF3, 0x3F, 0xFE, 0x70, 0x7D, 0xC0, 0xFB, 0x80, 0xE7, 0x01, 0xCE,
    0x03, 0x9C, 0x07, 0x38, 0x0F, 0x78, 0x3E, 0x70, 0xFC, 0x7F, 0x98, 0x7F, 0x38, 0x38, 0x00, 0x1F,
    0x80, 0x7B, 0x00, 0xE7, 0x00, 0xEE, 0x00, 0x00, 0x01, 0xF1, 0x8F, 0xF3, 0x3F, 0xFE, 0x70, 0x7D,
    0xC0, 0xFB, 0x80, 0xE7, 0x01, 0xCE, 0x03, 0x9C, 0x07, 0x38, 0x0F, 0x78, 0x3E, 0x70, 0xFC, 0x7F,
    0x98, 0x7F, 0x38, 0x38, 0x00, 0x3D, 0xC0, 0x3B, 0x80, 0x37, 0x00, 0xEC, 0x00, 0x00, 0x01, 0xF1,
    0x8F, 0xF3, 0x3F, 0xFE, 0x70, 0x7D, 0xC0, 0xFB, 0x80, 0xE7, 0x01, 0xCE, 0x03, 0x9C, 0x07, 0x38,
    0x0F, 0x78, 0x3E, 0x70, 0xFC, 0x7F, 0x98, 0x7F, 0x38, 0x38, 0x00, 0x1D, 0xC0, 0x7B, 0x80, 0xE6,
    0x00, 0xEC, 0x00, 0x00, 0x01, 0xF1, 0x8F, 0xF3, 0x3F, 0xFE, 0x70, 0x7D, 0xC0, 0xFB, 0x80, 0xE7,
    0x01, 0xCE, 0x03, 0x9C, 0x07, 0x38, 0x0F, 0x78, 0x3E, 0x70, 0xFC, 0x7F, 0x98, 0x7F, 0x38, 0x38,
    0x00, 0x1E, 0xC0, 0x3F, 0x80, 0x6F, 0x00, 0x00, 0x00, 0xF0, 0x00, 0xE0, 0x00, 0xC0, 0x03, 0x80,
    0x00, 0x00, 0x1F, 0x18, 0xFF, 0x33, 0xFF, 0xE7, 0x07, 0xDC, 0x0F, 0xB8, 0x0E, 0x70, 0x1C, 0xE0,
    0x39, 0xC0, 0x73, 0x80, 0xF7, 0x83, 0xE7, 0x0F, 0xC7, 0xF9, 0x87, 0xF3, 0x83, 0x80, 0x1C, 0xC0,
    0x3F, 0x80, 0xEF, 0x00, 0x00, 0x00, 0x70, 0x01, 0xE0, 0x03, 0x80, 0x03, 0x80, 0x00, 0x00, 0x1F,
    0x18, 0xFF, 0x33, 0xFF, 0xE7, 0x07, 0xDC, 0x0F, 0xB8, 0x0E, 0x70, 0x1C, 0xE0, 0x39, 0xC0, 0x73,
    0x80, 0xF7, 0x83, 0xE7, 0x0F, 0xC7, 0xF9, 0x87, 0xF3, 0x83, 0x80, 0xF1, 0x80, 0xF3, 0xC0, 0x73,
    0xC0, 0xE7, 0xE0, 0x07, 0xE0, 0x07, 0xE0, 0x0E, 0x70, 0x0E, 0x70, 0x0E, 0x78, 0x1C, 0x38, 0x1C,
    0x38, 0x3C, 0x3C, 0x3F, 0xFC, 0x3F, 0xFC, 0x70, 0x0E, 0x70, 0x0E, 0x70, 0x0E, 0xE0, 0x07, 0xE0,
    0x07, 0x01, 0x80, 0x73, 0xC0, 0xF3, 0xC0, 0xE7, 0xE0, 0x77, 0xE0, 0x07, 0xE0, 0x0E, 0x70, 0x0E,
    0x70, 0x0E, 0x78, 0x1C, 0x38, 0x1C, 0x38, 0x3C, 0x3C, 0x3F, 0xFC, 0x3F, 0xFC, 0x70, 0x0E, 0x70,
    0x0E, 0x70, 0x0E, 0xE0, 0x07, 0xE0, 0x07, 0x00, 0x38, 0x0E, 0xE7, 0x80, 0xFE, 0x7C, 0x07, 0xE7,
    0xC0, 0xE6, 0xEC, 0x00, 0x0E, 0xE0, 0x00, 0xEE, 0x00, 0x1C, 0xF0, 0x01, 0xC7, 0x00, 0x1C, 0x70,
    0x03, 0x83, 0x80, 0x38, 0x38, 0x07, 0xFF, 0x80, 0x7F, 0xFC, 0x07, 0x01, 0xC0, 0xE0, 0x1C, 0x0E,
    0x00, 0xE0, 0xE0, 0x0E, 0x1C, 0x00, 0xF0, 0x00, 0x38, 0x0F, 0xE3, 0xC0, 0xFE, 0x7C, 0x0C, 0x67,
    0xC0, 0xE6, 0x6E, 0x00, 0x0E, 0xE0, 0x00, 0xEE, 0x00, 0x1C, 0x70, 0x01, 0xC7, 0x00, 0x1C, 0x78,
    0x03, 0x83, 0x80, 0x38, 0x38, 0x03, 0xFF, 0xC0, 0x7F, 0xFC, 0x07, 0x01, 0xC0, 0x70, 0x0E, 0x0E,
    0x00, 0xE0, 0xE0, 0x0E, 0x1E, 0x00, 0x70, 0x00, 0x38, 0x0E, 0x77, 0x80, 0xF6, 0x7C, 0x07, 0x67,
    0xC0, 0xEE, 0xEE, 0x00, 0x0E, 0xE0, 0x00, 0xEE, 0x00, 0x1C, 0x70, 0x01, 0xC7, 0x00, 0x1C, 0x70,
    0x03, 0x83, 0x80, 0x38, 0x38, 0x07, 0xFF, 0x80, 0x7F, 0xFC, 0x07, 0x01, 0xC0, 0xF0, 0x1E, 0x0E,
    0x00, 0xE0, 0xE0, 0x0E, 0x1C, 0x00, 0xF0, 0x00, 0x38, 0x0F, 0x73, 0x80, 0xF6, 0x7C, 0x0C, 0x67,
    0xC0, 0xE6, 0xEE, 0x00, 0x0E, 0xE0, 0x00, 0xEE, 0x00, 0x1C, 0x70, 0x01, 0xC7, 0x00, 0x1C, 0x70,
    0x03, 0x83, 0x80, 0x38, 0x38, 0x03, 0xFF, 0xC0, 0x7F, 0xFC, 0x07, 0x01, 0xC0, 0xF0, 0x0E, 0x0E,
    0x00, 0xE0, 0xE0, 0x0E, 0x1E, 0x00, 0x70, 0x76, 0x00, 0x3F, 0x80, 0x0D, 0xE0, 0x00, 0x03, 0x80,
    0x38, 0xF0, 0x0F, 0x7C, 0x01, 0xDF, 0x00, 0xE6, 0xE0, 0x03, 0xB8, 0x00, 0xEE, 0x00, 0x71, 0xC0,
    0x1C, 0x70, 0x07, 0x1C, 0x03, 0x83, 0x80, 0xE0, 0xE0, 0x3F, 0xFC, 0x1F, 0xFF, 0x07, 0x01, 0xC1,
    0xC0, 0x38, 0xE0, 0x0E, 0x38, 0x03, 0x9E, 0x00, 0x70, 0x76, 0x00, 0x3F, 0x80, 0x0D, 0xE0, 0x00,
    0x03, 0x80, 0x3C, 0xF0, 0x0E, 0x7C, 0x03, 0x1F, 0x00, 0xE6, 0xE0, 0x03, 0xB8, 0x00, 0xEE, 0x00,
    0x79, 0xC0, 0x1C, 0x70, 0x07, 0x1E, 0x03, 0x83, 0x80, 0xE0, 0xE0, 0x3F, 0xFC, 0x1F, 0xFF, 0x07,
    0x01, 0xC1, 0xC0, 0x38, 0xE0, 0x0E, 0x38, 0x03, 0x9E, 0x00, 0x70, 0x0E, 0x01, 0xE0, 0x1C, 0x07,
    0x00, 0x00, 0x3E, 0x1F, 0xF3, 0xFF, 0xE0, 0xFC, 0x13, 0xC0, 0x3F, 0x87, 0xF1, 0xE0, 0x38, 0x07,
    0x07, 0xF0, 0xEF, 0xF8, 0xFE, 0x07, 0x00, 0x0F, 0x01, 0xC0, 0x30, 0x07, 0x00, 0x00, 0x3E, 0x1F,
    0xF3, 0xFF, 0xE0, 0xFC, 0x13, 0xC0, 0x3F, 0x87, 0xF1, 0xE0, 0x38, 0x07, 0x07, 0xF0, 0xEF, 0xF8,
    0xFE, 0x07, 0x00, 0x3B, 0x87, 0xF0, 0x7E, 0x1C, 0xC0, 0x00, 0x3E, 0x1F, 0xF3, 0xFF, 0xE0, 0xFC,
    0x13, 0xC0, 0x3F, 0x87, 0xF1, 0xE0, 0x38, 0x07, 0x07, 0xF0, 0xEF, 0xF8, 0xFE, 0x07, 0x00, 0x3B,
    0x8F, 0x71, 0xCE, 0x1C, 0xC0, 0x00, 0x3E, 0x1F, 0xF3, 0xFF, 0xE0, 0xFC, 0x13, 0xC0, 0x3F, 0x87,
    0xF1, 0xE0, 0x38, 0x07, 0x07, 0xF0, 0xEF, 0xF8, 0xFE, 0x07, 0x00, 0x39, 0xC7, 0xB0, 0x76, 0x1D,
    0xC0, 0x00, 0x3E, 0x1F, 0xF3, 0xFF, 0xE0, 0xFC, 0x13, 0xC0, 0x3F, 0x87, 0xF1, 0xE0, 0x38, 0x07,
    0x07, 0xF0, 0xEF, 0xF8, 0xFE, 0x07, 0x00, 0x3B, 0x8F, 0x71, 0xCE, 0x1D, 0x80, 0x00, 0x3E, 0x1F,
    0xF3, 0xFF, 0xE0, 0xFC, 0x13, 0xC0, 0x3F, 0x87, 0xF1, 0xE0, 0x38, 0x07, 0x07, 0xF0, 0xEF, 0xF8,
    0xFE, 0x07, 0x00, 0xE7, 0xFF, 0x7B, 0xFF, 0xDD, 0xFF, 0xFC, 0xE0, 0x00, 0x70, 0x00, 0x38, 0x00,
    0x1C, 0x00, 0x0E, 0x00, 0x07, 0xFF, 0x03, 0xFF, 0x81, 0xFF, 0xC0, 0xE0, 0x00, 0x70, 0x00, 0x38,
    0x00, 0x1C, 0x00, 0x0E, 0x00, 0x07, 0x00, 0x03, 0xFF, 0xC1, 0xFF, 0xE0, 0x07, 0xFF, 0x7B, 0xFF,
    0xFD, 0xFF, 0xF8, 0xE0, 0x0E, 0x70, 0x00, 0x38, 0x00, 0x1C, 0x00, 0x0E, 0x00, 0x07, 0xFF, 0x03,
    0xFF, 0x81, 0xFF, 0xC0, 0xE0, 0x00, 0x70, 0x00, 0x38, 0x00, 0x1C, 0x00, 0x0E, 0x00, 0x07, 0x00,
    0x03, 0xFF, 0xC1, 0xFF, 0xE0, 0x00, 0x7F, 0xF7, 0x73, 0xFF, 0xFF, 0x9F, 0xFE, 0xFC, 0xE0, 0x0E,
    0x67, 0x00, 0x00, 0x38, 0x00, 0x01, 0xC0, 0x00, 0x0E, 0x00, 0x00, 0x7F, 0xF0, 0x03, 0xFF, 0x80,
    0x1F, 0xFC, 0x00, 0xE0, 0x00, 0x07, 0x00, 0x00, 0x38, 0x00, 0x01, 0xC0, 0x00, 0x0E, 0x00, 0x00,
    0x70, 0x00, 0x03, 0xFF, 0xC0, 0x1F, 0xFE, 0x00, 0x7F, 0xF7, 0xF3, 0xFF, 0xFF, 0x9F, 0xFF, 0x8C,
    0xE0, 0x0E, 0x67, 0x00, 0x00, 0x38, 0x00, 0x01, 0xC0, 0x00, 0x0E, 0x00, 0x00, 0x7F, 0xF0, 0x03,
    0xFF, 0x80, 0x1F, 0xFC, 0x00, 0xE0, 0x00, 0x07, 0x00, 0x00, 0x38, 0x00, 0x01, 0xC0, 0x00, 0x0E,
    0x00, 0x00, 0x70, 0x00, 0x03, 0xFF, 0xC0, 0x1F, 0xFE, 0x00, 0x7F, 0xF7, 0x3B, 0xFF, 0xFD, 0x9F,
    0xFE, 0xEC, 0xE0, 0x0E, 0xE7, 0x00, 0x00, 0x38, 0x00, 0x01, 0xC0, 0x00, 0x0E, 0x00, 0x00, 0x7F,
    0xF0, 0x03, 0xFF, 0x80, 0x1F, 0xFC, 0x00, 0xE0, 0x00, 0x07, 0x00, 0x00, 0x38, 0x00, 0x01, 0xC0,
    0x00, 0x0E, 0x00, 0x00, 0x70, 0x00, 0x03, 0xFF, 0xC0, 0x1F, 0xFE, 0x00, 0x7F, 0xF7, 0xBB, 0xFF,
    0xFD, 0x9F, 0xFF, 0x8C, 0xE0, 0x0E, 0x67, 0x00, 0x00, 0x38, 0x00, 0x01, 0xC0, 0x00, 0x0E, 0x00,
    0x00, 0x7F, 0xF0, 0x03, 0xFF, 0x80, 0x1F, 0xFC, 0x00, 0xE0, 0x00, 0x07, 0x00, 0x00, 0x38, 0x00,
    0x01, 0xC0, 0x00, 0x0E, 0x00, 0x00, 0x70, 0x00, 0x03, 0xFF, 0xC0, 0x1F, 0xFE, 0x07, 0x00, 0x78,
    0x03, 0x80, 0x70, 0x00, 0x06, 0x78, 0xFF, 0xEF, 0xFE, 0xF0, 0xFF, 0x07, 0xE0, 0x7E, 0x07, 0xE0,
    0x7E, 0x07, 0xE0, 0x7E, 0x07, 0xE0, 0x7E, 0x07, 0xE0, 0x70, 0x07, 0x00, 0x70, 0x07, 0x00, 0x70,
    0x07, 0x00, 0x00, 0x07, 0x00, 0xF0, 0x0E, 0x00, 0x70, 0x00, 0x06, 0x78, 0xFF, 0xEF, 0xFE, 0xF0,
    0xFF, 0x07, 0xE0, 0x7E, 0x07, 0xE0, 0x7E, 0x07, 0xE0, 0x7E, 0x07, 0xE0, 0x7E, 0x07, 0xE0, 0x70,
    0x07, 0x00, 0x70, 0x07, 0x00, 0x70, 0x07, 0x00, 0x00, 0x3F, 0x81, 0xDC, 0x0D, 0xC1, 0xDC, 0x00,
    0x06, 0x78, 0xFF, 0xEF, 0xFE, 0xF0, 0xFF, 0x07, 0xE0, 0x7E, 0x07, 0xE0, 0x7E, 0x07, 0xE0, 0x7E,
    0x07, 0xE0, 0x7E, 0x07, 0xE0, 0x70, 0x07, 0x00, 0x70, 0x07, 0x00, 0x70, 0x07, 0x00, 0x00, 0x1F,
    0x83, 0xDC, 0x39, 0xC1, 0xDC, 0x00, 0x06, 0x78, 0xFF, 0xEF, 0xFE, 0xF0, 0xFF, 0x07, 0xE0, 0x7E,
    0x07, 0xE0, 0x7E, 0x07, 0xE0, 0x7E, 0x07, 0xE0, 0x7E, 0x07, 0xE0, 0x70, 0x07, 0x00, 0x70, 0x07,
    0x00, 0x70, 0x07, 0x00, 0x00, 0x3C, 0xC1, 0xDC, 0x0D, 0xC1, 0xDC, 0x00, 0x06, 0x78, 0xFF, 0xEF,
    0xFE, 0xF0, 0xFF, 0x07, 0xE0, 0x7E, 0x07, 0xE0, 0x7E, 0x07, 0xE0, 0x7E, 0x07, 0xE0, 0x7E, 0x07,
    0xE0, 0x70, 0x07, 0x00, 0x70, 0x07, 0x00, 0x70, 0x07, 0x00, 0x00, 0x1D, 0xC3, 0xDC, 0x39, 0xC1,
    0xD8, 0x00, 0x06, 0x78, 0xFF, 0xEF, 0xFE, 0xF0, 0xFF, 0x07, 0xE0, 0x7E, 0x07, 0xE0, 0x7E, 0x07,
    0xE0, 0x7E, 0x07, 0xE0, 0x7E, 0x07, 0xE0, 0x70, 0x07, 0x00, 0x70, 0x07, 0x00, 0x70, 0x07, 0x00,
    0x00, 0x1E, 0xC1, 0xFC, 0x1B, 0xC0, 0x00, 0x0F, 0x00, 0x70, 0x03, 0x00, 0x70, 0x00, 0x06, 0x78,
    0xFF, 0xEF, 0xFE, 0xF0, 0xFF, 0x07, 0xE0, 0x7E, 0x07, 0xE0, 0x7E, 0x07, 0xE0, 0x7E, 0x07, 0xE0,
    0x7E, 0x07, 0xE0, 0x70, 0x07, 0x00, 0x70, 0x07, 0x00, 0x70, 0x07, 0x00, 0x00, 0x1E, 0xC1, 0xFC,
    0x1B, 0xC0, 0x00, 0x07, 0x00, 0xF0, 0x0E, 0x00, 0x70, 0x00, 0x06, 0x78, 0xFF, 0xEF, 0xFE, 0xF0,
    0xFF, 0x07, 0xE0, 0x7E, 0x07, 0xE0, 0x7E, 0x07, 0xE0, 0x7E, 0x07, 0xE0, 0x7E, 0x07, 0xE0, 0x70,
    0x07, 0x00, 0x70, 0x07, 0x00, 0x70, 0x07, 0x00, 0x00, 0xE6, 0x00, 0x6F, 0x70, 0x07, 0x77, 0x00,
    0x7E, 0x70, 0x07, 0x07, 0x00, 0x70, 0x70, 0x07, 0x07, 0x00, 0x70, 0x70, 0x07, 0x07, 0xFF, 0xF0,
    0x7F, 0xFF, 0x07, 0xFF, 0xF0, 0x70, 0x07, 0x07, 0x00, 0x70, 0x70, 0x07, 0x07, 0x00, 0x70, 0x70,
    0x07, 0x07, 0x00, 0x70, 0x70, 0x07, 0x07, 0x00, 0x70, 0x06, 0x00, 0x6F, 0x70, 0x07, 0xF7, 0x00,
    0x7C, 0x70, 0x07, 0xE7, 0x00, 0x70, 0x70, 0x07, 0x07, 0x00, 0x70, 0x70, 0x07, 0x07, 0xFF, 0xF0,
    0x7F, 0xFF, 0x07, 0xFF, 0xF0, 0x70, 0x07, 0x07, 0x00, 0x70, 0x70, 0x07, 0x07, 0x00, 0x70, 0x70,
    0x07, 0x07, 0x00, 0x70, 0x70, 0x07, 0x07, 0x00, 0x70, 0x00, 0x60, 0x06, 0xEE, 0x70, 0x0E, 0xFE,
    0x70, 0x0E, 0x7E, 0x70, 0x0E, 0xE6, 0x70, 0x0E, 0x00, 0x70, 0x0E, 0x00, 0x70, 0x0E, 0x00, 0x70,
    0x0E, 0x00, 0x7F, 0xFE, 0x00, 0x7F, 0xFE, 0x00, 0x7F, 0xFE, 0x00, 0x70, 0x0E, 0x00, 0x70, 0x0E,
    0x00, 0x70, 0x0E, 0x00, 0x70, 0x0E, 0x00, 0x70, 0x0E, 0x00, 0x70, 0x0E, 0x00, 0x70, 0x0E, 0x00,
    0x70, 0x0E, 0x00, 0x60, 0x06, 0xFE, 0x70, 0x07, 0xFE, 0x70, 0x07, 0xC6, 0x70, 0x07, 0xE6, 0x70,
    0x07, 0x00, 0x70, 0x07, 0x00, 0x70, 0x07, 0x00, 0x70, 0x07, 0x00, 0x7F, 0xFF, 0x00, 0x7F, 0xFF,
    0x00, 0x7F, 0xFF, 0x00, 0x70, 0x07, 0x00, 0x70, 0x07, 0x00, 0x70, 0x07, 0x00, 0x70, 0x07, 0x00,
    0x70, 0x07, 0x00, 0x70, 0x07, 0x00, 0x70, 0x07, 0x00, 0x70, 0x07, 0x00, 0x60, 0x06, 0xE7, 0x70,
    0x0F, 0xF6, 0x70, 0x0F, 0x76, 0x70, 0x0F, 0xEE, 0x70, 0x0F, 0x00, 0x70, 0x0F, 0x00, 0x70, 0x0F,
    0x00, 0x70, 0x0F, 0x00, 0x7F, 0xFF, 0x00, 0x7F, 0xFF, 0x00, 0x7F, 0xFF, 0x00, 0x70, 0x0F, 0x00,
    0x70, 0x0F, 0x00, 0x70, 0x0F, 0x00, 0x70, 0x0F, 0x00, 0x70, 0x0F, 0x00, 0x70, 0x0F, 0x00, 0x70,
    0x0F, 0x00, 0x70, 0x0F, 0x00, 0x60, 0x06, 0xF7, 0x70, 0x07, 0xF6, 0x70, 0x07, 0xC6, 0x70, 0x07,
    0xE6, 0x70, 0x07, 0x00, 0x70, 0x07, 0x00, 0x70, 0x07, 0x00, 0x70, 0x07, 0x00, 0x7F, 0xFF, 0x00,
    0x7F, 0xFF, 0x00, 0x7F, 0xFF, 0x00, 0x70, 0x07, 0x00, 0x70, 0x07, 0x00, 0x70, 0x07, 0x00, 0x70,
    0x07, 0x00, 0x70, 0x07, 0x00, 0x70, 0x07, 0x00, 0x70, 0x07, 0x00, 0x70, 0x07, 0x76, 0x00, 0x03,
    0xF8, 0x00, 0x0D, 0xE0, 0x00, 0x00, 0x60, 0x06, 0x39, 0xC0, 0x1C, 0xF7, 0x00, 0x71, 0xDC, 0x01,
    0xCE, 0x70, 0x07, 0x01, 0xC0, 0x1C, 0x07, 0x00, 0x70, 0x1C, 0x01, 0xC0, 0x7F, 0xFF, 0x01, 0xFF,
    0xFC, 0x07, 0xFF, 0xF0, 0x1C, 0x01, 0xC0, 0x70, 0x07, 0x01, 0xC0, 0x1C, 0x07, 0x00, 0x70, 0x1C,
    0x01, 0xC0, 0x70, 0x07, 0x01, 0xC0, 0x1C, 0x07, 0x00, 0x70, 0x76, 0x00, 0x03, 0xF8, 0x00, 0x0D,
    0xE0, 0x00, 0x00, 0x60, 0x06, 0x3D, 0xC0, 0x1C, 0xE7, 0x00, 0x73, 0x1C, 0x01, 0xCE, 0x70, 0x07,
    0x01, 0xC0, 0x1C, 0x07, 0x00, 0x70, 0x1C, 0x01, 0xC0, 0x7F, 0xFF, 0x01, 0xFF, 0xFC, 0x07, 0xFF,
    0xF0, 0x1C, 0x01, 0xC0, 0x70, 0x07, 0x01, 0xC0, 0x1C, 0x07, 0x00, 0x70, 0x1C, 0x01, 0xC0, 0x70,
    0x07, 0x01, 0xC0, 0x1C, 0x07, 0x00, 0x70, 0xF3, 0xC3, 0x3C, 0x01, 0x8E, 0x38, 0xE3, 0x8E, 0x38,
    0xE3, 0x8E, 0x38, 0x71, 0xE7, 0xC0, 0xF3, 0xCE, 0x1C, 0x01, 0x8E, 0x38, 0xE3, 0x8E, 0x38, 0xE3,
    0x8E, 0x38, 0x71, 0xE7, 0xC0, 0xEE, 0xFE, 0x76, 0xE6, 0x00, 0x18, 0x38, 0x38, 0x38, 0x38, 0x38,
    0x38, 0x38, 0x38, 0x38, 0x38, 0x1C, 0x1E, 0x1F, 0x00, 0x7F, 0x3B, 0x98, 0xCE, 0x60, 0x00, 0x60,
    0x70, 0x38, 0x1C, 0x0E, 0x07, 0x03, 0x81, 0xC0, 0xE0, 0x70, 0x38, 0x0E, 0x07, 0x83, 0xE0, 0x00,
    0xE7, 0xF7, 0x76, 0xE6, 0x00, 0x18, 0x38, 0x38, 0x38, 0x38, 0x38, 0x38, 0x38, 0x38, 0x38, 0x38,
    0x1C, 0x1E, 0x1F, 0x00, 0x7B, 0xB9, 0x98, 0xCE, 0xE0, 0x00, 0x60, 0x70, 0x38, 0x1C, 0x0E, 0x07,
    0x03, 0x81, 0xC0, 0xE0, 0x70, 0x38, 0x0E, 0x07, 0x83, 0xE0, 0x00, 0x73, 0xFF, 0xDE, 0x00, 0x38,
    0x3C, 0x1C, 0x38, 0x00, 0x18, 0x38, 0x38, 0x38, 0x38, 0x38, 0x38, 0x38, 0x38, 0x38, 0x38, 0x1C,
    0x1E, 0x1F, 0x00, 0x73, 0xFF, 0xDE, 0x00, 0x3C, 0x3C, 0x38, 0x1C, 0x00, 0x18, 0x38, 0x38, 0x38,
    0x38, 0x38, 0x38, 0x38, 0x38, 0x38, 0x38, 0x1C, 0x1E, 0x1F, 0x00, 0xE6, 0xF7, 0x77, 0xE7, 0x07,
    0x07, 0x07, 0x07, 0x07, 0x07, 0x07, 0x07, 0x07, 0x07, 0x07, 0x07, 0x07, 0x07, 0x07, 0x06, 0xF7,
    0xF7, 0xC7, 0xE7, 0x07, 0x07, 0x07, 0x07, 0x07, 0x07, 0x07, 0x07, 0x07, 0x07, 0x07, 0x07, 0x07,
    0x07, 0x00, 0x6E, 0xE7, 0xFE, 0x77, 0xE7, 0xE6, 0x70, 0x07, 0x00, 0x70, 0x07, 0x00, 0x70, 0x07,
    0x00, 0x70, 0x07, 0x00, 0x70, 0x07, 0x00, 0x70, 0x07, 0x00, 0x70, 0x07, 0x00, 0x70, 0x00, 0x6F,
    0xE7, 0xFE, 0x7C, 0x67, 0xE6, 0x70, 0x07, 0x00, 0x70, 0x07, 0x00, 0x70, 0x07, 0x00, 0x70, 0x07,
    0x00, 0x70, 0x07, 0x00, 0x70, 0x07, 0x00, 0x70, 0x07, 0x00, 0x70, 0x00, 0x6E, 0x77, 0xF6, 0x77,
    0x67, 0xEE, 0x70, 0x07, 0x00, 0x70, 0x07, 0x00, 0x70, 0x07, 0x00, 0x70, 0x07, 0x00, 0x70, 0x07,
    0x00, 0x70, 0x07, 0x00, 0x70, 0x07, 0x00, 0x70, 0x00, 0x6F, 0x77, 0xF6, 0x7C, 0x67, 0xE6, 0x70,
    0x07, 0x00, 0x70, 0x07, 0x00, 0x70, 0x07, 0x00, 0x70, 0x07, 0x00, 0x70, 0x07, 0x00, 0x70, 0x07,
    0x00, 0x70, 0x07, 0x00, 0x70, 0x76, 0x3F, 0x8D, 0xE0, 0x06, 0x39, 0xCF, 0x71, 0xDC, 0xE7, 0x01,
    0xC0, 0x70, 0x1C, 0x07, 0x01, 0xC0, 0x70, 0x1C, 0x07, 0x01, 0xC0, 0x70, 0x1C, 0x07, 0x01, 0xC0,
    0x70, 0x76, 0x3F, 0x8D, 0xE0, 0x06, 0x3D, 0xCE, 0x73, 0x1C, 0xE7, 0x01, 0xC0, 0x70, 0x1C, 0x07,
    0x01, 0xC0, 0x70, 0x1C, 0x07, 0x01, 0xC0, 0x70, 0x1C, 0x07, 0x01, 0xC0, 0x70, 0x07, 0x00, 0x3C,
    0x00, 0xE0, 0x0E, 0x00, 0x00, 0x07, 0xC0, 0xFF, 0x8F, 0xFC, 0x70, 0x77, 0x03, 0xB8, 0x0F, 0xC0,
    0x7E, 0x03, 0xF0, 0x1F, 0x80, 0xFE, 0x0E, 0x78, 0xF1, 0xFF, 0x07, 0xF0, 0x0E, 0x00, 0x07, 0x00,
    0x78, 0x03, 0x80, 0x0E, 0x00, 0x00, 0x07, 0xC0, 0xFF, 0x8F, 0xFC, 0x70, 0x77, 0x03, 0xB8, 0x0F,
    0xC0, 0x7E, 0x03, 0xF0, 0x1F, 0x80, 0xFE, 0x0E, 0x78, 0xF1, 0xFF, 0x07, 0xF0, 0x0E, 0x00, 0x3F,
    0x80, 0xEC, 0x03, 0x70, 0x3B, 0x80, 0x00, 0x07, 0xC0, 0xFF, 0x8F, 0xFC, 0x70, 0x77, 0x03, 0xB8,
    0x0F, 0xC0, 0x7E, 0x03, 0xF0, 0x1F, 0x80, 0xFE, 0x0E, 0x78, 0xF1, 0xFF, 0x07, 0xF0, 0x0E, 0x00,
    0x1F, 0x81, 0xEC, 0x0E, 0x70, 0x3B, 0x80, 0x00, 0x07, 0xC0, 0xFF, 0x8F, 0xFC, 0x70, 0x77, 0x03,
    0xB8, 0x0F, 0xC0, 0x7E, 0x03, 0xF0, 0x1F, 0x80, 0xFE, 0x0E, 0x78, 0xF1, 0xFF, 0x07, 0xF0, 0x0E,
    0x00, 0x3D, 0xC0, 0xEE, 0x03, 0x70, 0x3B, 0x00, 0x00, 0x07, 0xC0, 0xFF, 0x8F, 0xFC, 0x70, 0x77,
    0x03, 0xB8, 0x0F, 0xC0, 0x7E, 0x03, 0xF0, 0x1F, 0x80, 0xFE, 0x0E, 0x78, 0xF1, 0xFF, 0x07, 0xF0,
    0x0E, 0x00, 0x1D, 0xC1, 0xEE, 0x0E, 0x60, 0x3B, 0x00, 0x00, 0x07, 0xC0, 0xFF, 0x8F, 0xFC, 0x70,
    0x77, 0x03, 0xB8, 0x0F, 0xC0, 0x7E, 0x03, 0xF0, 0x1F, 0x80, 0xFE, 0x0E, 0x78, 0xF1, 0xFF, 0x07,
    0xF0, 0x0E, 0x00, 0xE0, 0x7C, 0x0F, 0x1F, 0xF0, 0x73, 0xFF, 0x8E, 0x78, 0x3C, 0x0F, 0x01, 0xE0,
    0xE0, 0x0E, 0x1E, 0x00, 0xE1, 0xC0, 0x07, 0x1C, 0x00, 0x71, 0xC0, 0x07, 0x1C, 0x00, 0x71, 0xC0,
    0x07, 0x1C, 0x00, 0x71, 0xE0, 0x0E, 0x0E, 0x00, 0xE0, 0xF0, 0x1E, 0x07, 0xC7, 0xC0, 0x3F, 0xF8,
    0x01, 0xFF, 0x00, 0x03, 0x80, 0x00, 0x7C, 0x0F, 0x1F, 0xF0, 0xF3, 0xFF, 0x8C, 0x78, 0x3C, 0xEF,
    0x01, 0xE0, 0xE0, 0x0E, 0x0E, 0x00, 0x71, 0xC0, 0x07, 0x1C, 0x00, 0x71, 0xC0, 0x07, 0x1C, 0x00,
    0x71, 0xC0, 0x07, 0x1C, 0x00, 0x70, 0xE0, 0x0F, 0x0E, 0x00, 0xE0, 0xF0, 0x1E, 0x07, 0xC7, 0xC0,
    0x3F, 0xF8, 0x01, 0xFF, 0x00, 0x03, 0x80, 0x00, 0x07, 0xC0, 0xEE, 0x1F, 0xF0, 0xFE, 0x3F, 0xF8,
    0x7E, 0x78, 0x7C, 0xE6, 0xF0, 0x1C, 0x00, 0xE0, 0x0E, 0x01, 0xC0, 0x0E, 0x01, 0xC0, 0x0F, 0x01,
    0xC0, 0x07, 0x01, 0xC0, 0x07, 0x01, 0xC0, 0x07, 0x01, 0xC0, 0x07, 0x01, 0xC0, 0x0E, 0x01, 0xC0,
    0x0E, 0x00, 0xE0, 0x0E, 0x00, 0xF0, 0x1C, 0x00, 0x7C, 0x7C, 0x00, 0x3F, 0xF8, 0x00, 0x1F, 0xE0,
    0x00, 0x03, 0x80, 0x00, 0x07, 0xC0, 0xFE, 0x1F, 0xF0, 0xFE, 0x3F, 0xF8, 0xC6, 0x78, 0x3C, 0xE6,
    0xF0, 0x1E, 0x00, 0xE0, 0x0E, 0x01, 0xE0, 0x0F, 0x01, 0xC0, 0x07, 0x01, 0xC0, 0x07, 0x01, 0xC0,
    0x07, 0x01, 0xC0, 0x07, 0x01, 0xC0, 0x07, 0x01, 0xC0, 0x07, 0x00, 0xE0, 0x0E, 0x00, 0xE0, 0x0E,
    0x00, 0xF0, 0x1E, 0x00, 0x7C, 0x7C, 0x00, 0x3F, 0xF8, 0x00, 0x1F, 0xF0, 0x00, 0x03, 0x80, 0x00,
    0x07, 0xC0, 0xE7, 0x1F, 0xF0, 0xF6, 0x3F, 0xF8, 0x76, 0x78, 0x7C, 0xEE, 0xF0, 0x1E, 0x00, 0xE0,
    0x0E, 0x01, 0xC0, 0x0E, 0x01, 0xC0, 0x07, 0x01, 0xC0, 0x07, 0x01, 0xC0, 0x07, 0x01, 0xC0, 0x07,
    0x01, 0xC0, 0x07, 0x01, 0xC0, 0x0F, 0x01, 0xC0, 0x0E, 0x00, 0xE0, 0x0E, 0x00, 0xF0, 0x1C, 0x00,
    0x7C, 0x7C, 0x00, 0x3F, 0xF8, 0x00, 0x1F, 0xF0, 0x00, 0x03, 0x80, 0x00, 0x07, 0xC0, 0xF7, 0x1F,
    0xF0, 0xF6, 0x3F, 0xF8, 0xC6, 0x78, 0x3C, 0xE6, 0xF0, 0x1E, 0x00, 0xE0, 0x0E, 0x01, 0xC0, 0x0E,
    0x01, 0xC0, 0x07, 0x01, 0xC0, 0x07, 0x01, 0xC0, 0x07, 0x01, 0xC0, 0x07, 0x01, 0xC0, 0x07, 0x01,
    0xC0, 0x07, 0x01, 0xE0, 0x0E, 0x00, 0xE0, 0x0E, 0x00, 0xF0, 0x1E, 0x00, 0x7C, 0x7C, 0x00, 0x3F,
    0xF8, 0x00, 0x1F, 0xF0, 0x00, 0x03, 0x80, 0x07, 0x00, 0x70, 0x03, 0x00, 0x70, 0x00, 0x06, 0x07,
    0xE0, 0x7E, 0x07, 0xE0, 0x7E, 0x07, 0xE0, 0x7E, 0x07, 0xE0, 0x7E, 0x07, 0xE0, 0x77, 0x07, 0x78,
    0xF7, 0xFE, 0x3F, 0xC0, 0x70, 0x07, 0x00, 0xF0, 0x0E, 0x00, 0x70, 0x00, 0x06, 0x07, 0xE0, 0x7E,
    0x07, 0xE0, 0x7E, 0x07, 0xE0, 0x7E, 0x07, 0xE0, 0x7E, 0x07, 0xE0, 0x77, 0x07, 0x78, 0xF7, 0xFE,
    0x3F, 0xC0, 0x70, 0x3F, 0x81, 0xD8, 0x0D, 0x81, 0xDC, 0x00, 0x06, 0x07, 0xE0, 0x7E, 0x07, 0xE0,
    0x7E, 0x07, 0xE0, 0x7E, 0x07, 0xE0, 0x7E, 0x07, 0xE0, 0x77, 0x07, 0x78, 0xF7, 0xFE, 0x3F, 0xC0,
    0x70, 0x3F, 0x83, 0xD8, 0x39, 0x81, 0xDC, 0x00, 0x06, 0x07, 0xE0, 0x7E, 0x07, 0xE0, 0x7E, 0x07,
    0xE0, 0x7E, 0x07, 0xE0, 0x7E, 0x07, 0xE0, 0x77, 0x07, 0x78, 0xF7, 0xFE, 0x3F, 0xC0, 0x70, 0x3D,
    0xC1, 0xDC, 0x0D, 0xC1, 0xD8, 0x00, 0x06, 0x07, 0xE0, 0x7E, 0x07, 0xE0, 0x7E, 0x07, 0xE0, 0x7E,
    0x07, 0xE0, 0x7E, 0x07, 0xE0, 0x77, 0x07, 0x78, 0xF7, 0xFE, 0x3F, 0xC0, 0x70, 0x1D, 0xC3, 0xDC,
    0x39, 0x81, 0xD8, 0x00, 0x06, 0x07, 0xE0, 0x7E, 0x07, 0xE0, 0x7E, 0x07, 0xE0, 0x7E, 0x07, 0xE0,
    0x7E, 0x07, 0xE0, 0x77, 0x07, 0x78, 0xF7, 0xFE, 0x3F, 0xC0, 0x70, 0x1C, 0xC1, 0xFC, 0x3B, 0x80,
    0x00, 0x0F, 0x00, 0xF0, 0x03, 0x00, 0x70, 0x00, 0x06, 0x07, 0xE0, 0x7E, 0x07, 0xE0, 0x7E, 0x07,
    0xE0, 0x7E, 0x07, 0xE0, 0x7E, 0x07, 0xE0, 0x77, 0x07, 0x78, 0xF7, 0xFE, 0x3F, 0xC0, 0x70, 0x1C,
    0xC1, 0xFC, 0x3B, 0x80, 0x00, 0x07, 0x00, 0xF0, 0x0E, 0x00, 0x70, 0x00, 0x06, 0x07, 0xE0, 0x7E,
    0x07, 0xE0, 0x7E, 0x07, 0xE0, 0x7E, 0x07, 0xE0, 0x7E, 0x07, 0xE0, 0x77, 0x07, 0x78, 0xF7, 0xFE,
    0x3F, 0xC0, 0x70, 0x07, 0x00, 0x3F, 0xBC, 0x03, 0xFC, 0xE0, 0x1D, 0x83, 0x81, 0xEE, 0x1E, 0x0E,
    0x00, 0x70, 0xE0, 0x03, 0xCF, 0x00, 0x0E, 0x70, 0x00, 0x3F, 0x80, 0x01, 0xF8, 0x00, 0x07, 0x80,
    0x00, 0x3C, 0x00, 0x00, 0xE0, 0x00, 0x07, 0x00, 0x00, 0x38, 0x00, 0x01, 0xC0, 0x00, 0x0E, 0x00,
    0x00, 0x70, 0x00, 0x03, 0x80, 0x00, 0x70, 0x03, 0xFF, 0x3C, 0x03, 0xFF, 0x8E, 0x01, 0xD8, 0xC7,
    0x81, 0xEE, 0x61, 0xC0, 0xE0, 0x00, 0x70, 0xE0, 0x00, 0x3C, 0xF0, 0x00, 0x0E, 0x70, 0x00, 0x03,
    0xF0, 0x00, 0x01, 0xF8, 0x00, 0x00, 0x78, 0x00, 0x00, 0x3C, 0x00, 0x00, 0x1E, 0x00, 0x00, 0x0F,
    0x00, 0x00, 0x07, 0x80, 0x00, 0x03, 0xC0, 0x00, 0x01, 0xE0, 0x00, 0x00, 0xF0, 0x00, 0x00, 0x78,
    0x00, 0x00, 0x70, 0x03, 0xFB, 0xBC, 0x03, 0xFD, 0x8E, 0x01, 0xD8, 0xC7, 0x81, 0xCE, 0x61, 0xC1,
    0xE0, 0x00, 0x70, 0xE0, 0x00, 0x3C, 0xF0, 0x00, 0x0E, 0x70, 0x00, 0x07, 0xF0, 0x00, 0x01, 0xF8,
    0x00, 0x00, 0x78, 0x00, 0x00, 0x3C, 0x00, 0x00, 0x1C, 0x00, 0x00, 0x0E, 0x00, 0x00, 0x07, 0x00,
    0x00, 0x03, 0x80, 0x00, 0x01, 0xC0, 0x00, 0x00, 0xE0, 0x00, 0x00, 0x70, 0x00, 0x76, 0x00, 0x01,
    0xFC, 0x00, 0x03, 0x78, 0x00, 0x00, 0x0E, 0x00, 0x73, 0xDE, 0x01, 0xE7, 0x1C, 0x03, 0x8C, 0x3C,
    0x0F, 0x1C, 0x3C, 0x1C, 0x00, 0x38, 0x70, 0x00, 0x79, 0xE0, 0x00, 0x73, 0x80, 0x00, 0x7E, 0x00,
    0x00, 0xFC, 0x00, 0x00, 0xF0, 0x00, 0x01, 0xE0, 0x00, 0x03, 0xC0, 0x00, 0x07, 0x80, 0x00, 0x0F,
    0x00, 0x00, 0x1E, 0x00, 0x00, 0x3C, 0x00, 0x00, 0x78, 0x00, 0x00, 0xF0, 0x00, 0x01, 0xE0, 0x00,
    0x78, 0x00, 0x06, 0x00, 0x07, 0x80, 0x00, 0x00, 0x07, 0x03, 0x83, 0x80, 0x71, 0xC0, 0x1E, 0x70,
    0x03, 0xB8, 0x00, 0x7E, 0x0C, 0x1F, 0x83, 0x07, 0xE0, 0xC1, 0xF8, 0x30, 0x7E, 0x1E, 0x1F, 0x87,
    0x87, 0xF1, 0xE3, 0x9F, 0xFF, 0xE3, 0xF3, 0xF0, 0x30, 0x30, 0x00, 0xE0, 0x00, 0x78, 0x00, 0x1C,
    0x00, 0x03, 0x80, 0x00, 0x00, 0x07, 0x03, 0x83, 0x80, 0x71, 0xC0, 0x1E, 0x70, 0x03, 0xB8, 0x00,
    0x7E, 0x0C, 0x1F, 0x83, 0x07, 0xE0, 0xC1, 0xF8, 0x30, 0x7E, 0x1E, 0x1F, 0x87, 0x87, 0xF1, 0xE3,
    0x9F, 0xFF, 0xE3, 0xF3, 0xF0, 0x30, 0x30, 0x07, 0x70, 0x01, 0xFC, 0x00, 0x3B, 0x00, 0x1C, 0xC0,
    0x00, 0x00, 0x07, 0x03, 0x83, 0x80, 0x71, 0xC0, 0x1E, 0x70, 0x03, 0xB8, 0x00, 0x7E, 0x0C, 0x1F,
    0x83, 0x07, 0xE0, 0xC1, 0xF8, 0x30, 0x7E, 0x1E, 0x1F, 0x87, 0x87, 0xF1, 0xE3, 0x9F, 0xFF, 0xE3,
    0xF3, 0xF0, 0x30, 0x30, 0x07, 0xF0, 0x01, 0xDC, 0x00, 0x63, 0x00, 0x1C, 0xC0, 0x00, 0x00, 0x07,
    0x03, 0x83, 0x80, 0x71, 0xC0, 0x1E, 0x70, 0x03, 0xB8, 0x00, 0x7E, 0x0C, 0x1F, 0x83, 0x07, 0xE0,
    0xC1, 0xF8, 0x30, 0x7E, 0x1E, 0x1F, 0x87, 0x87, 0xF1, 0xE3, 0x9F, 0xFF, 0xE3, 0xF3, 0xF0, 0x30,
    0x30, 0x07, 0x38, 0x01, 0xEE, 0x00, 0x3B, 0x00, 0x1C, 0xC0, 0x00, 0x00, 0x07, 0x03, 0x83, 0x80,
    0x71, 0xC0, 0x1E, 0x70, 0x03, 0xB8, 0x00, 0x7E, 0x0C, 0x1F, 0x83, 0x07, 0xE0, 0xC1, 0xF8, 0x30,
    0x7E, 0x1E, 0x1F, 0x87, 0x87, 0xF1, 0xE3, 0x9F, 0xFF, 0xE3, 0xF3, 0xF0, 0x30, 0x30, 0x07, 0xB8,
    0x01, 0xEC, 0x00, 0x63, 0x00, 0x1D, 0xC0, 0x00, 0x00, 0x07, 0x03, 0x83, 0x80, 0x71, 0xC0, 0x1E,
    0x70, 0x03, 0xB8, 0x00, 0x7E, 0x0C, 0x1F, 0x83, 0x07, 0xE0, 0xC1, 0xF8, 0x30, 0x7E, 0x1E, 0x1F,
    0x87, 0x87, 0xF1, 0xE3, 0x9F, 0xFF, 0xE3, 0xF3, 0xF0, 0x30, 0x30, 0x03, 0x98, 0x01, 0xFE, 0x00,
    0x6F, 0x00, 0x00, 0x00, 0x01, 0xC0, 0x00, 0x78, 0x00, 0x0E, 0x00, 0x07, 0x00, 0x00, 0x00, 0x07,
    0x03, 0x83, 0x80, 0x71, 0xC0, 0x1E, 0x70, 0x03, 0xB8, 0x00, 0x7E, 0x0C, 0x1F, 0x83, 0x07, 0xE0,
    0xC1, 0xF8, 0x30, 0x7E, 0x1E, 0x1F, 0x87, 0x87, 0xF1, 0xE3, 0x9F, 0xFF, 0xE3, 0xF3, 0xF0, 0x30,
    0x30, 0x03, 0x98, 0x01, 0xFE, 0x00, 0x6F, 0x00, 0x00, 0x00, 0x00, 0xE0, 0x00, 0x78, 0x00, 0x1C,
    0x00, 0x03, 0x80, 0x00, 0x00, 0x07, 0x03, 0x83, 0x80, 0x71, 0xC0, 0x1E, 0x70, 0x03, 0xB8, 0x00,
    0x7E, 0x0C, 0x1F, 0x83, 0x07, 0xE0, 0xC1, 0xF8, 0x30, 0x7E, 0x1E, 0x1F, 0x87, 0x87, 0xF1, 0xE3,
    0x9F, 0xFF, 0xE3, 0xF3, 0xF0, 0x30, 0x30, 0xE0, 0x7C, 0x0F, 0x1F, 0xF0, 0x73, 0xFF, 0x8E, 0x78,
    0x3C, 0x0F, 0x01, 0xE0, 0xE0, 0x0E, 0x1E, 0x00, 0x71, 0xC0, 0x07, 0x1C, 0x00, 0x71, 0xC0, 0x07,
    0x1C, 0x00, 0x71, 0xC0, 0x07, 0x0E, 0x00, 0xE0, 0xF0, 0x0E, 0x07, 0x83, 0xC0, 0x3C, 0x78, 0x00,
    0xC7, 0x01, 0xFC, 0x7F, 0x1F, 0xC7, 0xF0, 0x00, 0x7C, 0x0F, 0x1F, 0xF0, 0xF3, 0xFF, 0xCC, 0x78,
    0x3C, 0xEF, 0x00, 0xE0, 0xE0, 0x0F, 0x0E, 0x00, 0x71, 0xC0, 0x07, 0x1C, 0x00, 0x71, 0xC0, 0x07,
    0x1C, 0x00, 0x70, 0xE0, 0x07, 0x0E, 0x00, 0xF0, 0xF0, 0x0E, 0x07, 0x83, 0xC0, 0x3E, 0x78, 0x00,
    0xE7, 0x01, 0xFE, 0x7F, 0x1F, 0xE7, 0xF0, 0x00, 0x07, 0xC0, 0xEE, 0x1F, 0xF0, 0xFE, 0x7F, 0xF8,
    0x7E, 0x78, 0x3C, 0xE6, 0xF0, 0x1E, 0x00, 0xE0, 0x0E, 0x01, 0xC0, 0x0F, 0x01, 0xC0, 0x07, 0x01,
    0xC0, 0x07, 0x01, 0xC0, 0x07, 0x01, 0xC0, 0x07, 0x01, 0xC0, 0x0F, 0x01, 0xE0, 0x0E, 0x00, 0xE0,
    0x1E, 0x00, 0x78, 0x3C, 0x00, 0x3C, 0x78, 0x00, 0x1C, 0x60, 0x01, 0xFC, 0x7F, 0x01, 0xFC, 0x7F,
    0x00, 0x07, 0xC0, 0xFE, 0x1F, 0xF0, 0xFE, 0x3F, 0xF8, 0xC6, 0x78, 0x3C, 0xE6, 0xF0, 0x1E, 0x00,
    0xE0, 0x0E, 0x01, 0xE0, 0x07, 0x01, 0xC0, 0x07, 0x01, 0xC0, 0x07, 0x01, 0xC0, 0x07, 0x01, 0xC0,
    0x07, 0x01, 0xC0, 0x07, 0x00, 0xE0, 0x0E, 0x00, 0xF0, 0x0E, 0x00, 0x78, 0x3C, 0x00, 0x3C, 0x78,
    0x00, 0x0C, 0x70, 0x01, 0xFC, 0x7F, 0x01, 0xFC, 0x7F, 0x00, 0x07, 0xC0, 0xE7, 0x1F, 0xF0, 0xF6,
    0x3F, 0xF8, 0x76, 0x78, 0x3C, 0xEE, 0xF0, 0x1E, 0x00, 0xE0, 0x0E, 0x01, 0xC0, 0x0F, 0x01, 0xC0,
    0x07, 0x01, 0xC0, 0x07, 0x01, 0xC0, 0x07, 0x01, 0xC0, 0x07, 0x01, 0xC0, 0x07, 0x00, 0xE0, 0x0E,
    0x00, 0xE0, 0x1E, 0x00, 0x78, 0x3C, 0x00, 0x3C, 0x78, 0x00, 0x1C, 0x70, 0x01, 0xFC, 0x7F, 0x01,
    0xFC, 0x7F, 0x00, 0x07, 0xC0, 0xF7, 0x1F, 0xF0, 0xF6, 0x3F, 0xF8, 0xC6, 0x78, 0x3C, 0xE6, 0xF0,
    0x1E, 0x00, 0xE0, 0x0E, 0x01, 0xC0, 0x07, 0x01, 0xC0, 0x07, 0x01, 0xC0, 0x07, 0x01, 0xC0, 0x07,
    0x01, 0xC0, 0x07, 0x01, 0xC0, 0x07, 0x00, 0xE0, 0x0E, 0x00, 0xF0, 0x0E, 0x00, 0x78, 0x3C, 0x00,
    0x3C, 0x78, 0x00, 0x1C, 0x70, 0x01, 0xFC, 0x7F, 0x01, 0xFC, 0x7F, 0x76, 0x00, 0x03, 0xF8, 0x00,
    0x0D, 0xE0, 0x00, 0x00, 0x07, 0xC0, 0x38, 0x7F, 0xC0, 0xF3, 0xFF, 0x81, 0xDE, 0x0F, 0x0E, 0xF0,
    0x1E, 0x03, 0x80, 0x38, 0x1E, 0x00, 0x70, 0x70, 0x01, 0xC1, 0xC0, 0x07, 0x07, 0x00, 0x1C, 0x1C,
    0x00, 0x70, 0x70, 0x01, 0xC0, 0xE0, 0x0E, 0x03, 0xC0, 0x38, 0x07, 0x83, 0xC0, 0x0F, 0x1E, 0x00,
    0x1C, 0x70, 0x07, 0xF1, 0xFC, 0x1F, 0xC7, 0xF0, 0x76, 0x00, 0x03, 0xF8, 0x00, 0x0D, 0xE0, 0x00,
    0x00, 0x07, 0xC0, 0x3C, 0x7F, 0xC0, 0xE3, 0xFF, 0xC3, 0x1E, 0x0F, 0x0E, 0xF0, 0x1E, 0x03, 0x80,
    0x38, 0x1E, 0x00, 0x70, 0x70, 0x01, 0xC1, 0xC0, 0x07, 0x07, 0x00, 0x1C, 0x1C, 0x00, 0x70, 0x78,
    0x01, 0xC0, 0xE0, 0x0F, 0x03, 0xC0, 0x38, 0x07, 0x83, 0xC0, 0x0F, 0x1E, 0x00, 0x0C, 0x70, 0x07,
    0xF1, 0xFC, 0x1F, 0xC7, 0xF0, 0x0E, 0x00, 0x1C, 0x00, 0x18, 0x00, 0x30, 0x00, 0x00, 0x01, 0xF1,
    0x8F, 0xF3, 0x3F, 0xFE, 0x70, 0x7D, 0xC0, 0xFB, 0x80, 0xE7, 0x01, 0xCE, 0x03, 0x9C, 0x07, 0x38,
    0x0F, 0x78, 0x3E, 0x70, 0xFC, 0x7F, 0x98, 0x7F, 0x38, 0x38, 0x00, 0x03, 0x80, 0x0E, 0x00, 0x1C,
    0x00, 0x38, 0x00, 0x00, 0x01, 0xF1, 0x8F, 0xF3, 0x3F, 0xFE, 0x70, 0x7D, 0xC0, 0xFB, 0x80, 0xE7,
    0x01, 0xCE, 0x03, 0x9C, 0x07, 0x38, 0x0F, 0x78, 0x3E, 0x70, 0xFC, 0x7F, 0x98, 0x7F, 0x38, 0x38,
    0x00, 0x1C, 0x01, 0xC0, 0x38, 0x07, 0x00, 0x00, 0x3E, 0x1F, 0xF3, 0xFF, 0xE0, 0xFC, 0x13, 0xC0,
    0x3F, 0x87, 0xF1, 0xE0, 0x38, 0x07, 0x07, 0xF0, 0xEF, 0xF8, 0xFE, 0x07, 0x00, 0x07, 0x00, 0xE0,
    0x18, 0x03, 0x00, 0x00, 0x3E, 0x1F, 0xF3, 0xFF, 0xE0, 0xFC, 0x13, 0xC0, 0x3F, 0x87, 0xF1, 0xE0,
    0x38, 0x07, 0x07, 0xF0, 0xEF, 0xF8, 0xFE, 0x07, 0x00, 0x0E, 0x00, 0x60, 0x06, 0x00, 0x60, 0x00,
    0x06, 0x78, 0xFF, 0xEF, 0xFE, 0xF0, 0xFF, 0x07, 0xE0, 0x7E, 0x07, 0xE0, 0x7E, 0x07, 0xE0, 0x7E,
    0x07, 0xE0, 0x7E, 0x07, 0xE0, 0x70, 0x07, 0x00, 0x70, 0x07, 0x00, 0x70, 0x07, 0x00, 0x00, 0x03,
    0x80, 0x30, 0x07, 0x00, 0x70, 0x00, 0x06, 0x78, 0xFF, 0xEF, 0xFE, 0xF0, 0xFF, 0x07, 0xE0, 0x7E,
    0x07, 0xE0, 0x7E, 0x07, 0xE0, 0x7E, 0x07, 0xE0, 0x7E, 0x07, 0xE0, 0x70, 0x07, 0x00, 0x70, 0x07,
    0x00, 0x70, 0x07, 0x00, 0x00, 0x70, 0xE1, 0xC1, 0x80, 0x06, 0x1C, 0x38, 0x70, 0xE1, 0xC3, 0x87,
    0x0E, 0x1C, 0x38, 0x38, 0x78, 0xF8, 0x00, 0x71, 0xC6, 0x18, 0x01, 0x8E, 0x38, 0xE3, 0x8E, 0x38,
    0xE3, 0x8E, 0x38, 0x71, 0xE7, 0xC0, 0x0E, 0x00, 0x70, 0x01, 0x80, 0x0C, 0x00, 0x00, 0x07, 0xC0,
    0xFF, 0x8F, 0xFC, 0x70, 0x77, 0x03, 0xB8, 0x0F, 0xC0, 0x7E, 0x03, 0xF0, 0x1F, 0x80, 0xFE, 0x0E,
    0x78, 0xF1, 0xFF, 0x07, 0xF0, 0x0E, 0x00, 0x03, 0x80, 0x38, 0x01, 0xC0, 0x0E, 0x00, 0x00, 0x07,
    0xC0, 0xFF, 0x8F, 0xFC, 0x70, 0x77, 0x03, 0xB8, 0x0F, 0xC0, 0x7E, 0x03, 0xF0, 0x1F, 0x80, 0xFE,
    0x0E, 0x78, 0xF1, 0xFF, 0x07, 0xF0, 0x0E, 0x00, 0x0E, 0x00, 0xE0, 0x06, 0x00, 0x60, 0x00, 0x06,
    0x07, 0xE0, 0x7E, 0x07, 0xE0, 0x7E, 0x07, 0xE0, 0x7E, 0x07, 0xE0, 0x7E, 0x07, 0xE0, 0x77, 0x07,
    0x78, 0xF7, 0xFE, 0x3F, 0xC0, 0x70, 0x03, 0x00, 0x70, 0x07, 0x00, 0x60, 0x00, 0x06, 0x07, 0xE0,
    0x7E, 0x07, 0xE0, 0x7E, 0x07, 0xE0, 0x7E, 0x07, 0xE0, 0x7E, 0x07, 0xE0, 0x77, 0x07, 0x78, 0xF7,
    0xFE, 0x3F, 0xC0, 0x70, 0x01, 0xC0, 0x00, 0x70, 0x00, 0x1C, 0x00, 0x03, 0x00, 0x00, 0x00, 0x07,
    0x03, 0x83, 0x80, 0x71, 0xC0, 0x1E, 0x70, 0x03, 0xB8, 0x00, 0x7E, 0x0C, 0x1F, 0x83, 0x07, 0xE0,
    0xC1, 0xF8, 0x30, 0x7E, 0x1E, 0x1F, 0x87, 0x87, 0xF1, 0xE3, 0x9F, 0xFF, 0xE3, 0xF3, 0xF0, 0x30,
    0x30, 0x00, 0xE0, 0x00, 0x38, 0x00, 0x0E, 0x00, 0x03, 0x00, 0x00, 0x00, 0x07, 0x03, 0x83, 0x80,
    0x71, 0xC0, 0x1E, 0x70, 0x03, 0xB8, 0x00, 0x7E, 0x0C, 0x1F, 0x83, 0x07, 0xE0, 0xC1, 0xF8, 0x30,
    0x7E, 0x1E, 0x1F, 0x87, 0x87, 0xF1, 0xE3, 0x9F, 0xFF, 0xE3, 0xF3, 0xF0, 0x30, 0x30, 0x07, 0x00,
    0x0F, 0x00, 0x0E, 0x00, 0x38, 0x00, 0x00, 0x01, 0xF1, 0x8F, 0xF3, 0x3F, 0xFE, 0x70, 0x7D, 0xC0,
    0xFB, 0x80, 0xE7, 0x01, 0xCE, 0x03, 0x9C, 0x07, 0x38, 0x0F, 0x78, 0x3E, 0x70, 0xFC, 0x7F, 0x98,
    0x7F, 0x38, 0x38, 0x00, 0x60, 0x00, 0xE0, 0x01, 0xC0, 0x03, 0xC0, 0x07, 0x80, 0x00, 0x00, 0x07,
    0x00, 0x1E, 0x00, 0x38, 0x00, 0x38, 0x00, 0x00, 0x01, 0xF1, 0x8F, 0xF3, 0x3F, 0xFE, 0x70, 0x7D,
    0xC0, 0xFB, 0x80, 0xE7, 0x01, 0xCE, 0x03, 0x9C, 0x07, 0x38, 0x0F, 0x78, 0x3E, 0x70, 0xFC, 0x7F,
    0x98, 0x7F, 0x38, 0x38, 0x00, 0x60, 0x00, 0xE0, 0x01, 0xC0, 0x03, 0xC0, 0x07, 0x80, 0x00, 0x00,
    0x3F, 0x80, 0x3B, 0x00, 0x37, 0x00, 0xEE, 0x00, 0x00, 0x01, 0xF1, 0x8F, 0xF3, 0x3F, 0xFE, 0x70,
    0x7D, 0xC0, 0xFB, 0x80, 0xE7, 0x01, 0xCE, 0x03, 0x9C, 0x07, 0x38, 0x0F, 0x78, 0x3E, 0x70, 0xFC,
    0x7F, 0x98, 0x7F, 0x38, 0x38, 0x00, 0x60, 0x00, 0xE0, 0x01, 0xC0, 0x03, 0xC0, 0x07, 0x80, 0x00,
    0x00, 0x1F, 0x80, 0x7B, 0x00, 0xE7, 0x00, 0xEE, 0x00, 0x00, 0x01, 0xF1, 0x8F, 0xF3, 0x3F, 0xFE,
    0x70, 0x7D, 0xC0, 0xFB, 0x80, 0xE7, 0x01, 0xCE, 0x03, 0x9C, 0x07, 0x38, 0x0F, 0x78, 0x3E, 0x70,
    0xFC, 0x7F, 0x98, 0x7F, 0x38, 0x38, 0x00, 0x60, 0x00, 0xE0, 0x01, 0xC0, 0x03, 0xC0, 0x07, 0x80,
    0x00, 0x00, 0x3D, 0xC0, 0x3B, 0x80, 0x37, 0x00, 0xEC, 0x00, 0x00, 0x01, 0xF1, 0x8F, 0xF3, 0x3F,
    0xFE, 0x70, 0x7D, 0xC0, 0xFB, 0x80, 0xE7, 0x01, 0xCE, 0x03, 0x9C, 0x07, 0x38, 0x0F, 0x78, 0x3E,
    0x70, 0xFC, 0x7F, 0x98, 0x7F, 0x38, 0x38, 0x00, 0x60, 0x00, 0xE0, 0x01, 0xC0, 0x03, 0xC0, 0x07,
    0x80, 0x00, 0x00, 0x1D, 0xC0, 0x7B, 0x80, 0xE6, 0x00, 0xEC, 0x00, 0x00, 0x01, 0xF1, 0x8F, 0xF3,
    0x3F, 0xFE, 0x70, 0x7D, 0xC0, 0xFB, 0x80, 0xE7, 0x01, 0xCE, 0x03, 0x9C, 0x07, 0x38, 0x0F, 0x78,
    0x3E, 0x70, 0xFC, 0x7F, 0x98, 0x7F, 0x38, 0x38, 0x00, 0x60, 0x00, 0xE0, 0x01, 0xC0, 0x03, 0xC0,
    0x07, 0x80, 0x00, 0x00, 0x1E, 0xC0, 0x3F, 0x80, 0x6F, 0x00, 0x00, 0x00, 0xF0, 0x00, 0xE0, 0x00,
    0xC0, 0x03, 0x80, 0x00, 0x00, 0x1F, 0x18, 0xFF, 0x33, 0xFF, 0xE7, 0x07, 0xDC, 0x0F, 0xB8, 0x0E,
    0x70, 0x1C, 0xE0, 0x39, 0xC0, 0x73, 0x80, 0xF7, 0x83, 0xE7, 0x0F, 0xC7, 0xF9, 0x87, 0xF3, 0x83,
    0x80, 0x06, 0x00, 0x0E, 0x00, 0x1C, 0x00, 0x3C, 0x00, 0x78, 0x00, 0x00, 0x00, 0x1C, 0xC0, 0x3F,
    0x80, 0xEF, 0x00, 0x00, 0x00, 0x70, 0x01, 0xE0, 0x03, 0x80, 0x03, 0x80, 0x00, 0x00, 0x1F, 0x18,
    0xFF, 0x33, 0xFF, 0xE7, 0x07, 0xDC, 0x0F, 0xB8, 0x0E, 0x70, 0x1C, 0xE0, 0x39, 0xC0, 0x73, 0x80,
    0xF7, 0x83, 0xE7, 0x0F, 0xC7, 0xF9, 0x87, 0xF3, 0x83, 0x80, 0x06, 0x00, 0x0E, 0x00, 0x1C, 0x00,
    0x3C, 0x00, 0x78, 0x00, 0x00, 0x00, 0xF1, 0x80, 0xF3, 0xC0, 0x73, 0xC0, 0xE7, 0xE0, 0x07, 0xE0,
    0x07, 0xE0, 0x0E, 0x70, 0x0E, 0x70, 0x0E, 0x78, 0x1C, 0x38, 0x1C, 0x38, 0x3C, 0x3C, 0x3F, 0xFC,
    0x3F, 0xFC, 0x70, 0x0E, 0x70, 0x0E, 0x70, 0x0E, 0xE0, 0x07, 0xE0, 0x07, 0x00, 0x00, 0x01, 0x80,
    0x01, 0x80, 0x01, 0x80, 0x01, 0xC0, 0x01, 0xE0, 0x00, 0x00, 0x01, 0x80, 0x73, 0xC0, 0xF3, 0xC0,
    0xE7, 0xE0, 0x77, 0xE0, 0x07, 0xE0, 0x0E, 0x70, 0x0E, 0x70, 0x0E, 0x78, 0x1C, 0x38, 0x1C, 0x38,
    0x3C, 0x3C, 0x3F, 0xFC, 0x3F, 0xFC, 0x70, 0x0E, 0x70, 0x0E, 0x70, 0x0E, 0xE0, 0x07, 0xE0, 0x07,
    0x00, 0x00, 0x01, 0x80, 0x01, 0x80, 0x01, 0x80, 0x01, 0xC0, 0x01, 0xE0, 0x00, 0x00, 0x00, 0x38,
    0x0E, 0xE7, 0x80, 0xFE, 0x7C, 0x07, 0xE7, 0xC0, 0xE6, 0xEC, 0x00, 0x0E, 0xE0, 0x00, 0xEE, 0x00,
    0x1C, 0xF0, 0x01, 0xC7, 0x00, 0x1C, 0x70, 0x03, 0x83, 0x80, 0x38, 0x38, 0x07, 0xFF, 0x80, 0x7F,
    0xFC, 0x07, 0x01, 0xC0, 0xE0, 0x1C, 0x0E, 0x00, 0xE0, 0xE0, 0x0E, 0x1C, 0x00, 0xF0, 0x00, 0x00,
    0x00, 0x38, 0x00, 0x03, 0x80, 0x00, 0x38, 0x00, 0x03, 0xC0, 0x00, 0x1C, 0x00, 0x00, 0x00, 0x00,
    0x38, 0x0F, 0xE3, 0xC0, 0xFE, 0x7C, 0x0C, 0x67, 0xC0, 0xE6, 0x6E, 0x00, 0x0E, 0xE0, 0x00, 0xEE,
    0x00, 0x1C, 0x70, 0x01, 0xC7, 0x00, 0x1C, 0x78, 0x03, 0x83, 0x80, 0x38, 0x38, 0x03, 0xFF, 0xC0,
    0x7F, 0xFC, 0x07, 0x01, 0xC0, 0x70, 0x0E, 0x0E, 0x00, 0xE0, 0xE0, 0x0E, 0x1E, 0x00, 0x70, 0x00,
    0x00, 0x00, 0x38, 0x00, 0x03, 0x80, 0x00, 0x38, 0x00, 0x03, 0xC0, 0x00, 0x1C, 0x00, 0x00, 0x00,
    0x00, 0x38, 0x0E, 0x77, 0x80, 0xF6, 0x7C, 0x07, 0x67, 0xC0, 0xEE, 0xEE, 0x00, 0x0E, 0xE0, 0x00,
    0xEE, 0x00, 0x1C, 0x70, 0x01, 0xC7, 0x00, 0x1C, 0x70, 0x03, 0x83, 0x80, 0x38, 0x38, 0x07, 0xFF,
    0x80, 0x7F, 0xFC, 0x07, 0x01, 0xC0, 0xF0, 0x1E, 0x0E, 0x00, 0xE0, 0xE0, 0x0E, 0x1C, 0x00, 0xF0,
    0x00, 0x00, 0x00, 0x38, 0x00, 0x03, 0x80, 0x00, 0x38, 0x00, 0x03, 0xC0, 0x00, 0x1C, 0x00, 0x00,
    0x00, 0x00, 0x38, 0x0F, 0x73, 0x80, 0xF6, 0x7C, 0x0C, 0x67, 0xC0, 0xE6, 0xEE, 0x00, 0x0E, 0xE0,
    0x00, 0xEE, 0x00, 0x1C, 0x70, 0x01, 0xC7, 0x00, 0x1C, 0x70, 0x03, 0x83, 0x80, 0x38, 0x38, 0x03,
    0xFF, 0xC0, 0x7F, 0xFC, 0x07, 0x01, 0xC0, 0xF0, 0x0E, 0x0E, 0x00, 0xE0, 0xE0, 0x0E, 0x1E, 0x00,
    0x70, 0x00, 0x00, 0x00, 0x38, 0x00, 0x03, 0x80, 0x00, 0x38, 0x00, 0x03, 0xC0, 0x00, 0x1C, 0x00,
    0x00, 0x00, 0x76, 0x00, 0x3F, 0x80, 0x0D, 0xE0, 0x00, 0x03, 0x80, 0x38, 0xF0, 0x0F, 0x7C, 0x01,
    0xDF, 0x00, 0xE6, 0xE0, 0x03, 0xB8, 0x00, 0xEE, 0x00, 0x71, 0xC0, 0x1C, 0x70, 0x07, 0x1C, 0x03,
    0x83, 0x80, 0xE0, 0xE0, 0x3F, 0xFC, 0x1F, 0xFF, 0x07, 0x01, 0xC1, 0xC0, 0x38, 0xE0, 0x0E, 0x38,
    0x03, 0x9E, 0x00, 0x70, 0x00, 0x00, 0x03, 0x80, 0x00, 0xE0, 0x00, 0x38, 0x00, 0x0F, 0x00, 0x01,
    0xC0, 0x00, 0x00, 0x00, 0x76, 0x00, 0x3F, 0x80, 0x0D, 0xE0, 0x00, 0x03, 0x80, 0x3C, 0xF0, 0x0E,
    0x7C, 0x03, 0x1F, 0x00, 0xE6, 0xE0, 0x03, 0xB8, 0x00, 0xEE, 0x00, 0x79, 0xC0, 0x1C, 0x70, 0x07,
    0x1E, 0x03, 0x83, 0x80, 0xE0, 0xE0, 0x3F, 0xFC, 0x1F, 0xFF, 0x07, 0x01, 0xC1, 0xC0, 0x38, 0xE0,
    0x0E, 0x38, 0x03, 0x9E, 0x00, 0x70, 0x00, 0x00, 0x03, 0x80, 0x00, 0xE0, 0x00, 0x38, 0x00, 0x0F,
    0x00, 0x01, 0xC0, 0x00, 0x00, 0x00, 0x07, 0x00, 0x78, 0x03, 0x80, 0x70, 0x00, 0x06, 0x78, 0xFF,
    0xEF, 0xFE, 0xF0, 0xFF, 0x07, 0xE0, 0x7E, 0x07, 0xE0, 0x7E, 0x07, 0xE0, 0x7E, 0x07, 0xE0, 0x7E,
    0x07, 0xE0, 0x70, 0x07, 0x60, 0x76, 0x07, 0x60, 0x77, 0x07, 0x70, 0x00, 0x00, 0x07, 0x00, 0xF0,
    0x0E, 0x00, 0x70, 0x00, 0x06, 0x78, 0xFF, 0xEF, 0xFE, 0xF0, 0xFF, 0x07, 0xE0, 0x7E, 0x07, 0xE0,
    0x7E, 0x07, 0xE0, 0x7E, 0x07, 0xE0, 0x7E, 0x07, 0xE0, 0x70, 0x07, 0x60, 0x76, 0x07, 0x60, 0x77,
    0x07, 0x70, 0x00, 0x00, 0x3F, 0x81, 0xDC, 0x0D, 0xC1, 0xDC, 0x00, 0x06, 0x78, 0xFF, 0xEF, 0xFE,
    0xF0, 0xFF, 0x07, 0xE0, 0x7E, 0x07, 0xE0, 0x7E, 0x07, 0xE0, 0x7E, 0x07, 0xE0, 0x7E, 0x07, 0xE0,
    0x70, 0x07, 0x60, 0x76, 0x07, 0x60, 0x77, 0x07, 0x70, 0x00, 0x00, 0x1F, 0x83, 0xDC, 0x39, 0xC1,
    0xDC, 0x00, 0x06, 0x78, 0xFF, 0xEF, 0xFE, 0xF0, 0xFF, 0x07, 0xE0, 0x7E, 0x07, 0xE0, 0x7E, 0x07,
    0xE0, 0x7E, 0x07, 0xE0, 0x7E, 0x07, 0xE0, 0x70, 0x07, 0x60, 0x76, 0x07, 0x60, 0x77, 0x07, 0x70,
    0x00, 0x00, 0x3C, 0xC1, 0xDC, 0x0D, 0xC1, 0xDC, 0x00, 0x06, 0x78, 0xFF, 0xEF, 0xFE, 0xF0, 0xFF,
    0x07, 0xE0, 0x7E, 0x07, 0xE0, 0x7E, 0x07, 0xE0, 0x7E, 0x07, 0xE0, 0x7E, 0x07, 0xE0, 0x70, 0x07,
    0x60, 0x76, 0x07, 0x60, 0x77, 0x07, 0x70, 0x00, 0x00, 0x1D, 0xC3, 0xDC, 0x39, 0xC1, 0xD8, 0x00,
    0x06, 0x78, 0xFF, 0xEF, 0xFE, 0xF0, 0xFF, 0x07, 0xE0, 0x7E, 0x07, 0xE0, 0x7E, 0x07, 0xE0, 0x7E,
    0x07, 0xE0, 0x7E, 0x07, 0xE0, 0x70, 0x07, 0x60, 0x76, 0x07, 0x60, 0x77, 0x07, 0x70, 0x00, 0x00,
    0x1E, 0xC1, 0xFC, 0x1B, 0xC0, 0x00, 0x0F, 0x00, 0x70, 0x03, 0x00, 0x70, 0x00, 0x06, 0x78, 0xFF,
    0xEF, 0xFE, 0xF0, 0xFF, 0x07, 0xE0, 0x7E, 0x07, 0xE0, 0x7E, 0x07, 0xE0, 0x7E, 0x07, 0xE0, 0x7E,
    0x07, 0xE0, 0x70, 0x07, 0x60, 0x76, 0x07, 0x60, 0x77, 0x07, 0x70, 0x00, 0x00, 0x1E, 0xC1, 0xFC,
    0x1B, 0xC0, 0x00, 0x07, 0x00, 0xF0, 0x0E, 0x00, 0x70, 0x00, 0x06, 0x78, 0xFF, 0xEF, 0xFE, 0xF0,
    0xFF, 0x07, 0xE0, 0x7E, 0x07, 0xE0, 0x7E, 0x07, 0xE0, 0x7E, 0x07, 0xE0, 0x7E, 0x07, 0xE0, 0x70,
    0x07, 0x60, 0x76, 0x07, 0x60, 0x77, 0x07, 0x70, 0x00, 0x00, 0xE6, 0x00, 0x6F, 0x70, 0x07, 0x77,
    0x00, 0x7E, 0x70, 0x07, 0x07, 0x00, 0x70, 0x70, 0x07, 0x07, 0x00, 0x70, 0x70, 0x07, 0x07, 0xFF,
    0xF0, 0x7F, 0xFF, 0x07, 0xFF, 0xF0, 0x70, 0x07, 0x07, 0x00, 0x70, 0x70, 0x07, 0x07, 0x00, 0x70,
    0x70, 0x07, 0x07, 0x00, 0x70, 0x70, 0x07, 0x07, 0x00, 0x70, 0x00, 0x00, 0x00, 0x18, 0x00, 0x01,
    0xC0, 0x00, 0x1C, 0x00, 0x01, 0xE0, 0x00, 0x1E, 0x00, 0x00, 0x00, 0x06, 0x00, 0x6F, 0x70, 0x07,
    0xF7, 0x00, 0x7C, 0x70, 0x07, 0xE7, 0x00, 0x70, 0x70, 0x07, 0x07, 0x00, 0x70, 0x70, 0x07, 0x07,
    0xFF, 0xF0, 0x7F, 0xFF, 0x07, 0xFF, 0xF0, 0x70, 0x07, 0x07, 0x00, 0x70, 0x70, 0x07, 0x07, 0x00,
    0x70, 0x70, 0x07, 0x07, 0x00, 0x70, 0x70, 0x07, 0x07, 0x00, 0x70, 0x00, 0x00, 0x00, 0x1C, 0x00,
    0x01, 0xC0, 0x00, 0x1C, 0x00, 0x01, 0xE0, 0x00, 0x0E, 0x00, 0x00, 0x00, 0x00, 0x60, 0x06, 0xEE,
    0x70, 0x0E, 0xFE, 0x70, 0x0E, 0x7E, 0x70, 0x0E, 0xE6, 0x70, 0x0E, 0x00, 0x70, 0x0E, 0x00, 0x70,
    0x0E, 0x00, 0x70, 0x0E, 0x00, 0x7F, 0xFE, 0x00, 0x7F, 0xFE, 0x00, 0x7F, 0xFE, 0x00, 0x70, 0x0E,
    0x00, 0x70, 0x0E, 0x00, 0x70, 0x0E, 0x00, 0x70, 0x0E, 0x00, 0x70, 0x0E, 0x00, 0x70, 0x0E, 0x00,
    0x70, 0x0E, 0x00, 0x70, 0x0E, 0x00, 0x00, 0x00, 0x00, 0x01, 0x80, 0x00, 0x01, 0x80, 0x00, 0x01,
    0x80, 0x00, 0x01, 0xC0, 0x00, 0x01, 0xE0, 0x00, 0x00, 0x00, 0x00, 0x60, 0x06, 0xFE, 0x70, 0x07,
    0xFE, 0x70, 0x07, 0xC6, 0x70, 0x07, 0xE6, 0x70, 0x07, 0x00, 0x70, 0x07, 0x00, 0x70, 0x07, 0x00,
    0x70, 0x07, 0x00, 0x7F, 0xFF, 0x00, 0x7F, 0xFF, 0x00, 0x7F, 0xFF, 0x00, 0x70, 0x07, 0x00, 0x70,
    0x07, 0x00, 0x70, 0x07, 0x00, 0x70, 0x07, 0x00, 0x70, 0x07, 0x00, 0x70, 0x07, 0x00, 0x70, 0x07,
    0x00, 0x70, 0x07, 0x00, 0x00, 0x00, 0x00, 0x01, 0xC0, 0x00, 0x01, 0xC0, 0x00, 0x01, 0xC0, 0x00,
    0x01, 0xE0, 0x00, 0x01, 0xE0, 0x00, 0x00, 0x00, 0x00, 0x60, 0x06, 0xE7, 0x70, 0x0F, 0xF6, 0x70,
    0x0F, 0x76, 0x70, 0x0F, 0xEE, 0x70, 0x0F, 0x00, 0x70, 0x0F, 0x00, 0x70, 0x0F, 0x00, 0x70, 0x0F,
    0x00, 0x7F, 0xFF, 0x00, 0x7F, 0xFF, 0x00, 0x7F, 0xFF, 0x00, 0x70, 0x0F, 0x00, 0x70, 0x0F, 0x00,
    0x70, 0x0F, 0x00, 0x70, 0x0F, 0x00, 0x70, 0x0F, 0x00, 0x70, 0x0F, 0x00, 0x70, 0x0F, 0x00, 0x70,
    0x0F, 0x00, 0x00, 0x00, 0x00, 0x01, 0x80, 0x00, 0x01, 0x80, 0x00, 0x01, 0x80, 0x00, 0x01, 0xC0,
    0x00, 0x01, 0xE0, 0x00, 0x00, 0x00, 0x00, 0x60, 0x06, 0xF7, 0x70, 0x07, 0xF6, 0x70, 0x07, 0xC6,
    0x70, 0x07, 0xE6, 0x70, 0x07, 0x00, 0x70, 0x07, 0x00, 0x70, 0x07, 0x00, 0x70, 0x07, 0x00, 0x7F,
    0xFF, 0x00, 0x7F, 0xFF, 0x00, 0x7F, 0xFF, 0x00, 0x70, 0x07, 0x00, 0x70, 0x07, 0x00, 0x70, 0x07,
    0x00, 0x70, 0x07, 0x00, 0x70, 0x07, 0x00, 0x70, 0x07, 0x00, 0x70, 0x07, 0x00, 0x70, 0x07, 0x00,
    0x00, 0x00, 0x00, 0x01, 0x80, 0x00, 0x01, 0xC0, 0x00, 0x01, 0xC0, 0x00, 0x01, 0xE0, 0x00, 0x01,
    0xE0, 0x00, 0x00, 0x00, 0x76, 0x00, 0x03, 0xF8, 0x00, 0x0D, 0xE0, 0x00, 0x00, 0x60, 0x06, 0x39,
    0xC0, 0x1C, 0xF7, 0x00, 0x71, 0xDC, 0x01, 0xCE, 0x70, 0x07, 0x01, 0xC0, 0x1C, 0x07, 0x00, 0x70,
    0x1C, 0x01, 0xC0, 0x7F, 0xFF, 0x01, 0xFF, 0xFC, 0x07, 0xFF, 0xF0, 0x1C, 0x01, 0xC0, 0x70, 0x07,
    0x01, 0xC0, 0x1C, 0x07, 0x00, 0x70, 0x1C, 0x01, 0xC0, 0x70, 0x07, 0x01, 0xC0, 0x1C, 0x07, 0x00,
    0x70, 0x00, 0x00, 0x00, 0x01, 0x80, 0x00, 0x07, 0x00, 0x00, 0x1C, 0x00, 0x00, 0x78, 0x00, 0x01,
    0xE0, 0x00, 0x00, 0x00, 0x76, 0x00, 0x03, 0xF8, 0x00, 0x0D, 0xE0, 0x00, 0x00, 0x60, 0x06, 0x3D,
    0xC0, 0x1C, 0xE7, 0x00, 0x73, 0x1C, 0x01, 0xCE, 0x70, 0x07, 0x01, 0xC0, 0x1C, 0x07, 0x00, 0x70,
    0x1C, 0x01, 0xC0, 0x7F, 0xFF, 0x01, 0xFF, 0xFC, 0x07, 0xFF, 0xF0, 0x1C, 0x01, 0xC0, 0x70, 0x07,
    0x01, 0xC0, 0x1C, 0x07, 0x00, 0x70, 0x1C, 0x01, 0xC0, 0x70, 0x07, 0x01, 0xC0, 0x1C, 0x07, 0x00,
    0x70, 0x00, 0x00, 0x00, 0x01, 0xC0, 0x00, 0x07, 0x00, 0x00, 0x1C, 0x00, 0x00, 0x78, 0x00, 0x01,
    0xE0, 0x00, 0x00, 0x00, 0x01, 0xE0, 0x00, 0x78, 0x00, 0x06, 0x00, 0x07, 0x80, 0x00, 0x00, 0x07,
    0x03, 0x83, 0x80, 0x71, 0xC0, 0x1E, 0x70, 0x03, 0xB8, 0x00, 0x7E, 0x0C, 0x1F, 0x83, 0x07, 0xE0,
    0xC1, 0xF8, 0x30, 0x7E, 0x1E, 0x1F, 0x87, 0x87, 0xF1, 0xE3, 0x9F, 0xFF, 0xE3, 0xF3, 0xF0, 0x30,
    0x30, 0x00, 0xC0, 0x00, 0x30, 0x00, 0x0C, 0x00, 0x03, 0x80, 0x00, 0xF0, 0x00, 0x00, 0x00, 0x00,
    0xE0, 0x00, 0x78, 0x00, 0x1C, 0x00, 0x03, 0x80, 0x00, 0x00, 0x07, 0x03, 0x83, 0x80, 0x71, 0xC0,
    0x1E, 0x70, 0x03, 0xB8, 0x00, 0x7E, 0x0C, 0x1F, 0x83, 0x07, 0xE0, 0xC1, 0xF8, 0x30, 0x7E, 0x1E,
    0x1F, 0x87, 0x87, 0xF1, 0xE3, 0x9F, 0xFF, 0xE3, 0xF3, 0xF0, 0x30, 0x30, 0x00, 0xC0, 0x00, 0x30,
    0x00, 0x0C, 0x00, 0x03, 0x80, 0x00, 0xF0, 0x00, 0x00, 0x00, 0x07, 0x70, 0x01, 0xFC, 0x00, 0x3B,
    0x00, 0x1C, 0xC0, 0x00, 0x00, 0x07, 0x03, 0x83, 0x80, 0x71, 0xC0, 0x1E, 0x70, 0x03, 0xB8, 0x00,
    0x7E, 0x0C, 0x1F, 0x83, 0x07, 0xE0, 0xC1, 0xF8, 0x30, 0x7E, 0x1E, 0x1F, 0x87, 0x87, 0xF1, 0xE3,
    0x9F, 0xFF, 0xE3, 0xF3, 0xF0, 0x30, 0x30, 0x00, 0xC0, 0x00, 0x30, 0x00, 0x0C, 0x00, 0x03, 0x80,
    0x00, 0xF0, 0x00, 0x00, 0x00, 0x07, 0xF0, 0x01, 0xDC, 0x00, 0x63, 0x00, 0x1C, 0xC0, 0x00, 0x00,
    0x07, 0x03, 0x83, 0x80, 0x71, 0xC0, 0x1E, 0x70, 0x03, 0xB8, 0x00, 0x7E, 0x0C, 0x1F, 0x83, 0x07,
    0xE0, 0xC1, 0xF8, 0x30, 0x7E, 0x1E, 0x1F, 0x87, 0x87, 0xF1, 0xE3, 0x9F, 0xFF, 0xE3, 0xF3, 0xF0,
    0x30, 0x30, 0x00, 0xC0, 0x00, 0x30, 0x00, 0x0C, 0x00, 0x03, 0x80, 0x00, 0xF0, 0x00, 0x00, 0x00,
    0x07, 0x38, 0x01, 0xEE, 0x00, 0x3B, 0x00, 0x1C, 0xC0, 0x00, 0x00, 0x07, 0x03, 0x83, 0x80, 0x71,
    0xC0, 0x1E, 0x70, 0x03, 0xB8, 0x00, 0x7E, 0x0C, 0x1F, 0x83, 0x07, 0xE0, 0xC1, 0xF8, 0x30, 0x7E,
    0x1E, 0x1F, 0x87, 0x87, 0xF1, 0xE3, 0x9F, 0xFF, 0xE3, 0xF3, 0xF0, 0x30, 0x30, 0x00, 0xC0, 0x00,
    0x30, 0x00, 0x0C, 0x00, 0x03, 0x80, 0x00, 0xF0, 0x00, 0x00, 0x00, 0x07, 0xB8, 0x01, 0xEC, 0x00,
    0x63, 0x00, 0x1D, 0xC0, 0x00, 0x00, 0x07, 0x03, 0x83, 0x80, 0x71, 0xC0, 0x1E, 0x70, 0x03, 0xB8,
    0x00, 0x7E, 0x0C, 0x1F, 0x83, 0x07, 0xE0, 0xC1, 0xF8, 0x30, 0x7E, 0x1E, 0x1F, 0x87, 0x87, 0xF1,
    0xE3, 0x9F, 0xFF, 0xE3, 0xF3, 0xF0, 0x30, 0x30, 0x00, 0xC0, 0x00, 0x30, 0x00, 0x0C, 0x00, 0x03,
    0x80, 0x00, 0xF0, 0x00, 0x00, 0x00, 0x03, 0x98, 0x01, 0xFE, 0x00, 0x6F, 0x00, 0x00, 0x00, 0x01,
    0xC0, 0x00, 0x78, 0x00, 0x0E, 0x00, 0x07, 0x00, 0x00, 0x00, 0x07, 0x03, 0x83, 0x80, 0x71, 0xC0,
    0x1E, 0x70, 0x03, 0xB8, 0x00, 0x7E, 0x0C, 0x1F, 0x83, 0x07, 0xE0, 0xC1, 0xF8, 0x30, 0x7E, 0x1E,
    0x1F, 0x87, 0x87, 0xF1, 0xE3, 0x9F, 0xFF, 0xE3, 0xF3, 0xF0, 0x30, 0x30, 0x00, 0xC0, 0x00, 0x30,
    0x00, 0x0C, 0x00, 0x03, 0x80, 0x00, 0xF0, 0x00, 0x00, 0x00, 0x03, 0x98, 0x01, 0xFE, 0x00, 0x6F,
    0x00, 0x00, 0x00, 0x00, 0xE0, 0x00, 0x78, 0x00, 0x1C, 0x00, 0x03, 0x80, 0x00, 0x00, 0x07, 0x03,
    0x83, 0x80, 0x71, 0xC0, 0x1E, 0x70, 0x03, 0xB8, 0x00, 0x7E, 0x0C, 0x1F, 0x83, 0x07, 0xE0, 0xC1,
    0xF8, 0x30, 0x7E, 0x1E, 0x1F, 0x87, 0x87, 0xF1, 0xE3, 0x9F, 0xFF, 0xE3, 0xF3, 0xF0, 0x30, 0x30,
    0x00, 0xC0, 0x00, 0x30, 0x00, 0x0C, 0x00, 0x03, 0x80, 0x00, 0xF0, 0x00, 0x00, 0x00, 0xE0, 0x7C,
    0x0F, 0x1F, 0xF0, 0x73, 0xFF, 0x8E, 0x78, 0x3C, 0x0F, 0x01, 0xE0, 0xE0, 0x0E, 0x1E, 0x00, 0x71,
    0xC0, 0x07, 0x1C, 0x00, 0x71, 0xC0, 0x07, 0x1C, 0x00, 0x71, 0xC0, 0x07, 0x0E, 0x00, 0xE0, 0xF0,
    0x0E, 0x07, 0x83, 0xC0, 0x3C, 0x78, 0x00, 0xC7, 0x01, 0xFC, 0x7F, 0x1F, 0xC7, 0xF0, 0x00, 0x00,
    0x00, 0x38, 0x00, 0x03, 0x80, 0x00, 0x38, 0x00, 0x03, 0xC0, 0x00, 0x1C, 0x00, 0x00, 0x00, 0x00,
    0x7C, 0x0F, 0x1F, 0xF0, 0xF3, 0xFF, 0xCC, 0x78, 0x3C, 0xEF, 0x00, 0xE0, 0xE0, 0x0F, 0x0E, 0x00,
    0x71, 0xC0, 0x07, 0x1C, 0x00, 0x71, 0xC0, 0x07, 0x1C, 0x00, 0x70, 0xE0, 0x07, 0x0E, 0x00, 0xF0,
    0xF0, 0x0E, 0x07, 0x83, 0xC0, 0x3E, 0x78, 0x00, 0xE7, 0x01, 0xFE, 0x7F, 0x1F, 0xE7, 0xF0, 0x00,
    0x00, 0x00, 0x38, 0x00, 0x03, 0x80, 0x00, 0x38, 0x00, 0x03, 0xC0, 0x00, 0x1C, 0x00, 0x00, 0x00,
    0x00, 0x07, 0xC0, 0xEE, 0x1F, 0xF0, 0xFE, 0x7F, 0xF8, 0x7E, 0x78, 0x3C, 0xE6, 0xF0, 0x1E, 0x00,
    0xE0, 0x0E, 0x01, 0xC0, 0x0F, 0x01, 0xC0, 0x07, 0x01, 0xC0, 0x07, 0x01, 0xC0, 0x07, 0x01, 0xC0,
    0x07, 0x01, 0xC0, 0x0F, 0x01, 0xE0, 0x0E, 0x00, 0xE0, 0x1E, 0x00, 0x78, 0x3C, 0x00, 0x3C, 0x78,
    0x00, 0x1C, 0x60, 0x01, 0xFC, 0x7F, 0x01, 0xFC, 0x7F, 0x00, 0x00, 0x00, 0x00, 0x03, 0x80, 0x00,
    0x03, 0x80, 0x00, 0x03, 0x80, 0x00, 0x03, 0xC0, 0x00, 0x01, 0xC0, 0x00, 0x00, 0x00, 0x00, 0x07,
    0xC0, 0xFE, 0x1F, 0xF0, 0xFE, 0x3F, 0xF8, 0xC6, 0x78, 0x3C, 0xE6, 0xF0, 0x1E, 0x00, 0xE0, 0x0E,
    0x01, 0xE0, 0x07, 0x01, 0xC0, 0x07, 0x01, 0xC0, 0x07, 0x01, 0xC0, 0x07, 0x01, 0xC0, 0x07, 0x01,
    0xC0, 0x07, 0x00, 0xE0, 0x0E, 0x00, 0xF0, 0x0E, 0x00, 0x78, 0x3C, 0x00, 0x3C, 0x78, 0x00, 0x0C,
    0x70, 0x01, 0xFC, 0x7F, 0x01, 0xFC, 0x7F, 0x00, 0x00, 0x00, 0x00, 0x03, 0x80, 0x00, 0x03, 0x80,
    0x00, 0x03, 0x80, 0x00, 0x03, 0xC0, 0x00, 0x01, 0xC0, 0x00, 0x00, 0x00, 0x00, 0x07, 0xC0, 0xE7,
    0x1F, 0xF0, 0xF6, 0x3F, 0xF8, 0x76, 0x78, 0x3C, 0xEE, 0xF0, 0x1E, 0x00, 0xE0, 0x0E, 0x01, 0xC0,
    0x0F, 0x01, 0xC0, 0x07, 0x01, 0xC0, 0x07, 0x01, 0xC0, 0x07, 0x01, 0xC0, 0x07, 0x01, 0xC0, 0x07,
    0x00, 0xE0, 0x0E, 0x00, 0xE0, 0x1E, 0x00, 0x78, 0x3C, 0x00, 0x3C, 0x78, 0x00, 0x1C, 0x70, 0x01,
    0xFC, 0x7F, 0x01, 0xFC, 0x7F, 0x00, 0x00, 0x00, 0x00, 0x03, 0x80, 0x00, 0x03, 0x80, 0x00, 0x03,
    0x80, 0x00, 0x03, 0xC0, 0x00, 0x01, 0xC0, 0x00, 0x00, 0x00, 0x00, 0x07, 0xC0, 0xF7, 0x1F, 0xF0,
    0xF6, 0x3F, 0xF8, 0xC6, 0x78, 0x3C, 0xE6, 0xF0, 0x1E, 0x00, 0xE0, 0x0E, 0x01, 0xC0, 0x07, 0x01,
    0xC0, 0x07, 0x01, 0xC0, 0x07, 0x01, 0xC0, 0x07, 0x01, 0xC0, 0x07, 0x01, 0xC0, 0x07, 0x00, 0xE0,
    0x0E, 0x00, 0xF0, 0x0E, 0x00, 0x78, 0x3C, 0x00, 0x3C, 0x78, 0x00, 0x1C, 0x70, 0x01, 0xFC, 0x7F,
    0x01, 0xFC, 0x7F, 0x00, 0x00, 0x00, 0x00, 0x03, 0x80, 0x00, 0x03, 0x80, 0x00, 0x03, 0x80, 0x00,
    0x03, 0xC0, 0x00, 0x01, 0xC0, 0x00, 0x00, 0x00, 0x76, 0x00, 0x03, 0xF8, 0x00, 0x0D, 0xE0, 0x00,
    0x00, 0x07, 0xC0, 0x38, 0x7F, 0xC0, 0xF3, 0xFF, 0x81, 0xDE, 0x0F, 0x0E, 0xF0, 0x1E, 0x03, 0x80,
    0x38, 0x1E, 0x00, 0x70, 0x70, 0x01, 0xC1, 0xC0, 0x07, 0x07, 0x00, 0x1C, 0x1C, 0x00, 0x70, 0x70,
    0x01, 0xC0, 0xE0, 0x0E, 0x03, 0xC0, 0x38, 0x07, 0x83, 0xC0, 0x0F, 0x1E, 0x00, 0x1C, 0x70, 0x07,
    0xF1, 0xFC, 0x1F, 0xC7, 0xF0, 0x00, 0x00, 0x00, 0x03, 0x80, 0x00, 0x0E, 0x00, 0x00, 0x38, 0x00,
    0x00, 0xF0, 0x00, 0x01, 0xC0, 0x00, 0x00, 0x00, 0x76, 0x00, 0x03, 0xF8, 0x00, 0x0D, 0xE0, 0x00,
    0x00, 0x07, 0xC0, 0x3C, 0x7F, 0xC0, 0xE3, 0xFF, 0xC3, 0x1E, 0x0F, 0x0E, 0xF0, 0x1E, 0x03, 0x80,
    0x38, 0x1E, 0x00, 0x70, 0x70, 0x01, 0xC1, 0xC0, 0x07, 0x07, 0x00, 0x1C, 0x1C, 0x00, 0x70, 0x78,
    0x01, 0xC0, 0xE0, 0x0F, 0x03, 0xC0, 0x38, 0x07, 0x83, 0xC0, 0x0F, 0x1E, 0x00, 0x0C, 0x70, 0x07,
    0xF1, 0xFC, 0x1F, 0xC7, 0xF0, 0x00, 0x00, 0x00, 0x03, 0x80, 0x00, 0x0E, 0x00, 0x00, 0x38, 0x00,
    0x00, 0xF0, 0x00, 0x01, 0xC0, 0x00, 0x00, 0x00, 0x18, 0xC0, 0x3B, 0x80, 0x7E, 0x00, 0x78, 0x00,
    0x00, 0x01, 0xF1, 0x8F, 0xF3, 0x3F, 0xFE, 0x70, 0x7D, 0xC0, 0xFB, 0x80, 0xE7, 0x01, 0xCE, 0x03,
    0x9C, 0x07, 0x38, 0x0F, 0x78, 0x3E, 0x70, 0xFC, 0x7F, 0x98, 0x7F, 0x38, 0x38, 0x00, 0x1F, 0xC0,
    0x3F, 0x80, 0x00, 0x00, 0x00, 0x00, 0xF8, 0xC7, 0xF9, 0x9F, 0xFF, 0x38, 0x3E, 0xE0, 0x7D, 0xC0,
    0x73, 0x80, 0xE7, 0x01, 0xCE, 0x03, 0x9C, 0x07, 0xBC, 0x1F, 0x38, 0x7E, 0x3F, 0xCC, 0x3F, 0x9C,
    0x1C, 0x00, 0x0E, 0x00, 0x1C, 0x00, 0x18, 0x00, 0x30, 0x00, 0x00, 0x01, 0xF1, 0x8F, 0xF3, 0x3F,
    0xFE, 0x70, 0x7D, 0xC0, 0xFB, 0x80, 0xE7, 0x01, 0xCE, 0x03, 0x9C, 0x07, 0x38, 0x0F, 0x78, 0x3E,
    0x70, 0xFC, 0x7F, 0x98, 0x7F, 0x38, 0x38, 0x00, 0x60, 0x00, 0xE0, 0x01, 0xC0, 0x03, 0xC0, 0x07,
    0x80, 0x00, 0x00, 0x0F, 0x8C, 0x7F, 0x99, 0xFF, 0xF3, 0x83, 0xEE, 0x07, 0xDC, 0x07, 0x38, 0x0E,
    0x70, 0x1C, 0xE0, 0x39, 0xC0, 0x7B, 0xC1, 0xF3, 0x87, 0xE3, 0xFC, 0xC3, 0xF9, 0xC1, 0xC0, 0x03,
    0x00, 0x07, 0x00, 0x0E, 0x00, 0x1E, 0x00, 0x3C, 0x00, 0x00, 0x00, 0x03, 0x80, 0x0E, 0x00, 0x1C,
    0x00, 0x38, 0x00, 0x00, 0x01, 0xF1, 0x8F, 0xF3, 0x3F, 0xFE, 0x70, 0x7D, 0xC0, 0xFB, 0x80, 0xE7,
    0x01, 0xCE, 0x03, 0x9C, 0x07, 0x38, 0x0F, 0x78, 0x3E, 0x70, 0xFC, 0x7F, 0x98, 0x7F, 0x38, 0x38,
    0x00, 0x60, 0x00, 0xE0, 0x01, 0xC0, 0x03, 0xC0, 0x07, 0x80, 0x00, 0x00, 0x0C, 0xC0, 0x3F, 0x80,
    0x7F, 0x00, 0x00, 0x00, 0x00, 0x01, 0xF1, 0x8F, 0xF3, 0x3F, 0xFE, 0x70, 0x7D, 0xC0, 0xFB, 0x80,
    0xE7, 0x01, 0xCE, 0x03, 0x9C, 0x07, 0x38, 0x0F, 0x78, 0x3E, 0x70, 0xFC, 0x7F, 0x98, 0x7F, 0x38,
    0x38, 0x00, 0x0C, 0xC0, 0x3F, 0x80, 0x7F, 0x00, 0x00, 0x00, 0x00, 0x01, 0xF1, 0x8F, 0xF3, 0x3F,
    0xFE, 0x70, 0x7D, 0xC0, 0xFB, 0x80, 0xE7, 0x01, 0xCE, 0x03, 0x9C, 0x07, 0x38, 0x0F, 0x78, 0x3E,
    0x70, 0xFC, 0x7F, 0x98, 0x7F, 0x38, 0x38, 0x00, 0x60, 0x00, 0xE0, 0x01, 0xC0, 0x03, 0xC0, 0x07,
    0x80, 0x00, 0x00, 0x06, 0x30, 0x03, 0xB8, 0x01, 0xFC, 0x00, 0x38, 0x00, 0x00, 0x00, 0x0E, 0x00,
    0x07, 0x00, 0x07, 0xC0, 0x03, 0xE0, 0x03, 0xB8, 0x01, 0xDC, 0x00, 0xEE, 0x00, 0xE3, 0x80, 0x71,
    0xC0, 0x38, 0xE0, 0x38, 0x38, 0x1C, 0x1C, 0x0F, 0xFE, 0x0F, 0xFF, 0x87, 0x01, 0xC7, 0x80, 0xF3,
    0x80, 0x39, 0xC0, 0x1D, 0xE0, 0x07, 0x07, 0xF0, 0x03, 0xF8, 0x00, 0x00, 0x00, 0x00, 0x00, 0x1C,
    0x00, 0x0E, 0x00, 0x0F, 0x80, 0x07, 0xC0, 0x07, 0x70, 0x03, 0xB8, 0x01, 0xDC, 0x01, 0xC7, 0x00,
    0xE3, 0x80, 0x71, 0xC0, 0x70, 0x70, 0x38, 0x38, 0x1F, 0xFC, 0x1F, 0xFF, 0x0E, 0x03, 0x8F, 0x01,
    0xE7, 0x00, 0x73, 0x80, 0x3B, 0xC0, 0x0E, 0xE1, 0xC0, 0x70, 0xE0, 0x18, 0xF8, 0x0C, 0x7C, 0x00,
    0x77, 0x00, 0x3B, 0x80, 0x1D, 0xC0, 0x1C, 0x70, 0x0E, 0x38, 0x07, 0x1C, 0x07, 0x07, 0x03, 0x83,
    0x81, 0xFF, 0xC1, 0xFF, 0xF0, 0xE0, 0x38, 0xF0, 0x1E, 0x70, 0x07, 0x38, 0x03, 0xBC, 0x00, 0xE0,
    0x01, 0x80, 0x73, 0xC0, 0x73, 0xC0, 0x77, 0xE0, 0x67, 0xE0, 0x07, 0xE0, 0x0E, 0x70, 0x0E, 0x70,
    0x0E, 0x78, 0x1C, 0x38, 0x1C, 0x38, 0x3C, 0x3C, 0x3F, 0xFC, 0x3F, 0xFC, 0x70, 0x0E, 0x70, 0x0E,
    0x70, 0x0E, 0xE0, 0x07, 0xE0, 0x07, 0x01, 0xC0, 0x00, 0xE0, 0x00, 0xF8, 0x00, 0x7C, 0x00, 0x77,
    0x00, 0x3B, 0x80, 0x1D, 0xC0, 0x1C, 0x70, 0x0E, 0x38, 0x07, 0x1C, 0x07, 0x07, 0x03, 0x83, 0x81,
    0xFF, 0xC1, 0xFF, 0xF0, 0xE0, 0x38, 0xF0, 0x1E, 0x70, 0x07, 0x38, 0x03, 0xBC, 0x00, 0xE0, 0x00,
    0x00, 0x1C, 0x00, 0x0E, 0x00, 0x07, 0x00, 0x03, 0xC0, 0x00, 0xE0, 0x00, 0x00, 0x00, 0x73, 0xCE,
    0xE0, 0xEE, 0xE7, 0x70, 0x73, 0xCE, 0xE0, 0x33, 0x7F, 0xFF, 0x00, 0x00, 0x3F, 0xDF, 0xCC, 0xE6,
    0x17, 0xBF, 0xDE, 0xC6, 0x0E, 0x00, 0x60, 0x06, 0x00, 0x60, 0x00, 0x06, 0x78, 0xFF, 0xEF, 0xFE,
    0xF0, 0xFF, 0x07, 0xE0, 0x7E, 0x07, 0xE0, 0x7E, 0x07, 0xE0, 0x7E, 0x07, 0xE0, 0x7E, 0x07, 0xE0,
    0x70, 0x07, 0x60, 0x76, 0x07, 0x60, 0x77, 0x07, 0x70, 0x00, 0x00, 0x67, 0x8F, 0xFE, 0xFF, 0xEF,
    0x0F, 0xF0, 0x7E, 0x07, 0xE0, 0x7E, 0x07, 0xE0, 0x7E, 0x07, 0xE0, 0x7E, 0x07, 0xE0, 0x7E, 0x07,
    0x00, 0x76, 0x07, 0x60, 0x76, 0x07, 0x70, 0x77, 0x00, 0x00, 0x00, 0x03, 0x80, 0x30, 0x07, 0x00,
    0x70, 0x00, 0x06, 0x78, 0xFF, 0xEF, 0xFE, 0xF0, 0xFF, 0x07, 0xE0, 0x7E, 0x07, 0xE0, 0x7E, 0x07,
    0xE0, 0x7E, 0x07, 0xE0, 0x7E, 0x07, 0xE0, 0x70, 0x07, 0x60, 0x76, 0x07, 0x60, 0x77, 0x07, 0x70,
    0x00, 0x00, 0x0C, 0xC1, 0xFC, 0x1F, 0xC0, 0x00, 0x00, 0x06, 0x78, 0xFF, 0xEF, 0xFE, 0xF0, 0xFF,
    0x07, 0xE0, 0x7E, 0x07, 0xE0, 0x7E, 0x07, 0xE0, 0x7E, 0x07, 0xE0, 0x7E, 0x07, 0xE0, 0x70, 0x07,
    0x00, 0x70, 0x07, 0x00, 0x70, 0x07, 0x00, 0x00, 0x0C, 0xC1, 0xFC, 0x1F, 0xC0, 0x00, 0x00, 0x06,
    0x78, 0xFF, 0xEF, 0xFE, 0xF0, 0xFF, 0x07, 0xE0, 0x7E, 0x07, 0xE0, 0x7E, 0x07, 0xE0, 0x7E, 0x07,
    0xE0, 0x7E, 0x07, 0xE0, 0x70, 0x07, 0x60, 0x76, 0x07, 0x60, 0x77, 0x07, 0x70, 0x00, 0x00, 0x61,
    0xFF, 0xCE, 0x7F, 0xF9, 0xCF, 0xFF, 0x19, 0xC0, 0x00, 0x38, 0x00, 0x07, 0x00, 0x00, 0xE0, 0x00,
    0x1C, 0x00, 0x03, 0xFF, 0x80, 0x7F, 0xF8, 0x0F, 0xFF, 0x01, 0xC0, 0x00, 0x38, 0x00, 0x07, 0x00,
    0x00, 0xE0, 0x00, 0x1C, 0x00, 0x03, 0x80, 0x00, 0x7F, 0xF8, 0x0F, 0xFF, 0x00, 0x07, 0xFE, 0xEF,
    0xFF, 0xEF, 0xFF, 0xCE, 0x00, 0xCE, 0x00, 0x0E, 0x00, 0x0E, 0x00, 0x0E, 0x00, 0x0F, 0xFE, 0x0F,
    0xFE, 0x0F, 0xFE, 0x0E, 0x00, 0x0E, 0x00, 0x0E, 0x00, 0x0E, 0x00, 0x0E, 0x00, 0x0E, 0x00, 0x0F,
    0xFF, 0x0F, 0xFF, 0x61, 0x80, 0x1B, 0x9C, 0x01, 0xDC, 0xE0, 0x0E, 0x67, 0x00, 0x70, 0x38, 0x03,
    0x81, 0xC0, 0x1C, 0x0E, 0x00, 0xE0, 0x70, 0x07, 0x03, 0xFF, 0xF8, 0x1F, 0xFF, 0xC0, 0xFF, 0xFE,
    0x07, 0x00, 0x70, 0x38, 0x03, 0x81, 0xC0, 0x1C, 0x0E, 0x00, 0xE0, 0x70, 0x07, 0x03, 0x80, 0x38,
    0x1C, 0x01, 0xC0, 0xE0, 0x0E, 0x06, 0x00, 0xDD, 0xC0, 0x1F, 0xB8, 0x03, 0xE7, 0x00, 0x7C, 0xE0,
    0x0E, 0x1C, 0x01, 0xC3, 0x80, 0x38, 0x70, 0x07, 0x0F, 0xFF, 0xE1, 0xFF, 0xFC, 0x3F, 0xFF, 0x87,
    0x00, 0x70, 0xE0, 0x0E, 0x1C, 0x01, 0xC3, 0x80, 0x38, 0x70, 0x07, 0x0E, 0x00, 0xE1, 0xC0, 0x1C,
    0x38, 0x03, 0x80, 0xC0, 0x0D, 0xC0, 0x1F, 0x80, 0x3F, 0x00, 0x7E, 0x00, 0xFC, 0x01, 0xF8, 0x03,
    0xF0, 0x07, 0xFF, 0xFF, 0xFF, 0xFF, 0xFF, 0xFF, 0x00, 0x7E, 0x00, 0xFC, 0x01, 0xF8, 0x03, 0xF0,
    0x07, 0xE0, 0x0F, 0xC0, 0x1F, 0x80, 0x38, 0x00, 0x00, 0x30, 0x00, 0x70, 0x00, 0xE0, 0x01, 0xE0,
    0x03, 0xC0, 0x00, 0x00, 0x77, 0x7F, 0x3F, 0x73, 0x73, 0xBD, 0x8F, 0xCE, 0xE0, 0x76, 0xFE, 0xDE,
    0x00, 0x38, 0x3C, 0x18, 0x38, 0xC7, 0xE7, 0x7E, 0x3C, 0x00, 0x18, 0x38, 0x38, 0x38, 0x38, 0x38,
    0x38, 0x38, 0x38, 0x38, 0x38, 0x1C, 0x1E, 0x1F, 0x00, 0xFF, 0xFF, 0x00, 0x00, 0x18, 0x38, 0x38,
    0x38, 0x38, 0x38, 0x38, 0x38, 0x38, 0x38, 0x38, 0x1C, 0x1E, 0x1F, 0x00, 0x0E, 0x01, 0xC0, 0x38,
    0x3B, 0x77, 0x6E, 0xE1, 0xC8, 0x10, 0x00, 0x06, 0x01, 0xC0, 0x38, 0x07, 0x00, 0xE0, 0x1C, 0x03,
    0x80, 0x70, 0x0E, 0x01, 0xC0, 0x38, 0x03, 0x80, 0x78, 0x0F, 0x80, 0x00, 0x1C, 0x1C, 0x18, 0x18,
    0x42, 0xE7, 0xE7, 0xE6, 0x00, 0x18, 0x38, 0x38, 0x38, 0x38, 0x38, 0x38, 0x38, 0x38, 0x38, 0x38,
    0x1C, 0x1E, 0x1F, 0x00, 0x73, 0xFF, 0xFE, 0x00, 0x00, 0x18, 0x38, 0x38, 0x38, 0x38, 0x38, 0x38,
    0x38, 0x38, 0x38, 0x38, 0x1C, 0x1E, 0x1F, 0x00, 0x00, 0x1E, 0xDF, 0xEC, 0xE2, 0x13, 0x9D, 0xCE,
    0xE7, 0x00, 0x06, 0x07, 0x03, 0x81, 0xC0, 0xE0, 0x70, 0x38, 0x1C, 0x0E, 0x07, 0x03, 0x80, 0xE0,
    0x78, 0x3E, 0x00, 0xE3, 0x67, 0x7E, 0x3C, 0x00, 0x18, 0x1C, 0x1C, 0x1C, 0x1C, 0x1C, 0x1C, 0x1C,
    0x1C, 0x1C, 0x1C, 0x1C, 0x1C, 0x1C, 0x1C, 0x1C, 0x1C, 0x1C, 0x1C, 0xFF, 0x7F, 0x00, 0x00, 0x18,
    0x1C, 0x1C, 0x1C, 0x1C, 0x1C, 0x1C, 0x1C, 0x1C, 0x1C, 0x1C, 0x1C, 0x1C, 0x1C, 0x1C, 0x1C, 0x1C,
    0x1C, 0x1C, 0x61, 0xB9, 0xDC, 0xE6, 0x70, 0x38, 0x1C, 0x0E, 0x07, 0x03, 0x81, 0xC0, 0xE0, 0x70,
    0x38, 0x1C, 0x0E, 0x07, 0x03, 0x81, 0xC0, 0xE0, 0x07, 0xDF, 0xBE, 0x7C, 0xE1, 0xC3, 0x87, 0x0E,
    0x1C, 0x38, 0x70, 0xE1, 0xC3, 0x87, 0x0E, 0x1C, 0x38, 0x7F, 0x77, 0x63, 0x73, 0x7B, 0xB9, 0x98,
    0xCE, 0xE0, 0x76, 0xFE, 0xDE, 0x00, 0x3C, 0x38, 0x30, 0x38, 0x38, 0xC1, 0x9C, 0x1F, 0x80, 0xF0,
    0x00, 0x06, 0x07, 0xE0, 0x7E, 0x07, 0xE0, 0x7E, 0x07, 0xE0, 0x7E, 0x07, 0xE0, 0x7E, 0x07, 0xE0,
    0x77, 0x07, 0x78, 0xF7, 0xFE, 0x3F, 0xC0, 0x70, 0x3F, 0xC1, 0xFC, 0x00, 0x00, 0x00, 0x60, 0x7E,
    0x07, 0xE0, 0x7E, 0x07, 0xE0, 0x7E, 0x07, 0xE0, 0x7E, 0x07, 0xE0, 0x7E, 0x07, 0x70, 0x77, 0x8F,
    0x7F, 0xE3, 0xFC, 0x07, 0x00, 0x0E, 0x00, 0xE0, 0x06, 0x07, 0x66, 0x72, 0xF7, 0x0E, 0x20, 0x00,
    0x00, 0x60, 0x7E, 0x07, 0xE0, 0x7E, 0x07, 0xE0, 0x7E, 0x07, 0xE0, 0x7E, 0x07, 0xE0, 0x7E, 0x07,
    0x70, 0x77, 0x8F, 0x7F, 0xE3, 0xFC, 0x07, 0x00, 0x03, 0x00, 0x70, 0x07, 0x07, 0x76, 0x76, 0xF7,
    0x0E, 0x20, 0x00, 0x00, 0x60, 0x7E, 0x07, 0xE0, 0x7E, 0x07, 0xE0, 0x7E, 0x07, 0xE0, 0x7E, 0x07,
    0xE0, 0x7E, 0x07, 0x70, 0x77, 0x8F, 0x7F, 0xE3, 0xFC, 0x07, 0x00, 0x07, 0x80, 0x3C, 0x00, 0xE0,
    0x0E, 0x00, 0x00, 0x07, 0xC0, 0x7F, 0x87, 0xFE, 0x78, 0x73, 0x81, 0xDC, 0x0E, 0xC0, 0x7E, 0x03,
    0xF0, 0x1F, 0xC0, 0xFE, 0x07, 0xF8, 0x77, 0xFF, 0xBB, 0xF9, 0xC6, 0x0E, 0x00, 0x70, 0x03, 0x80,
    0x1C, 0x00, 0x00, 0x00, 0x07, 0x80, 0x3C, 0x01, 0xC0, 0x07, 0x00, 0x00, 0x07, 0xC0, 0x7F, 0x87,
    0xFE, 0x78, 0x73, 0x81, 0xDC, 0x0E, 0xC0, 0x7E, 0x03, 0xF0, 0x1F, 0xC0, 0xFE, 0x07, 0xF8, 0x77,
    0xFF, 0xBB, 0xF9, 0xC6, 0x0E, 0x00, 0x70, 0x03, 0x80, 0x1C, 0x00, 0x00, 0x00, 0x0C, 0xC1, 0xFC,
    0x3F, 0xC0, 0x00, 0x00, 0x06, 0x07, 0xE0, 0x7E, 0x07, 0xE0, 0x7E, 0x07, 0xE0, 0x7E, 0x07, 0xE0,
    0x7E, 0x07, 0xE0, 0x77, 0x07, 0x78, 0xF7, 0xFE, 0x3F, 0xC0, 0x70, 0x00, 0x01, 0xEC, 0x1F, 0xC1,
    0xB8, 0x10, 0x83, 0x9C, 0x39, 0xE1, 0x8C, 0x00, 0x06, 0x07, 0xE0, 0x7E, 0x07, 0xE0, 0x7E, 0x07,
    0xE0, 0x7E, 0x07, 0xE0, 0x7E, 0x07, 0xE0, 0x77, 0x07, 0x78, 0xF7, 0xFE, 0x3F, 0xC0, 0x70, 0x06,
    0x30, 0x03, 0xB8, 0x01, 0xF8, 0x00, 0x38, 0x00, 0x00, 0x03, 0x00, 0x19, 0xC0, 0x1C, 0xF0, 0x1E,
    0x38, 0x0E, 0x1E, 0x0E, 0x07, 0x0F, 0x01, 0xC7, 0x00, 0xF7, 0x00, 0x3B, 0x80, 0x0F, 0x80, 0x07,
    0xC0, 0x01, 0xC0, 0x00, 0xE0, 0x00, 0x70, 0x00, 0x38, 0x00, 0x1C, 0x00, 0x0E, 0x00, 0x07, 0x00,
    0x03, 0x80, 0x07, 0xF0, 0x03, 0xF8, 0x00, 0x00, 0x00, 0x00, 0x06, 0x00, 0x33, 0x80, 0x39, 0xE0,
    0x3C, 0x70, 0x1C, 0x3C, 0x1C, 0x0E, 0x1E, 0x03, 0x8E, 0x01, 0xEE, 0x00, 0x77, 0x00, 0x1F, 0x00,
    0x0F, 0x80, 0x03, 0x80, 0x01, 0xC0, 0x00, 0xE0, 0x00, 0x70, 0x00, 0x38, 0x00, 0x1C, 0x00, 0x0E,
    0x00, 0x07, 0x00, 0xE1, 0x80, 0x0C, 0xC7, 0x80, 0x39, 0x87, 0x00, 0xE3, 0x07, 0x03, 0xC0, 0x0F,
    0x07, 0x00, 0x0E, 0x1E, 0x00, 0x0E, 0x78, 0x00, 0x1E, 0xE0, 0x00, 0x1F, 0xC0, 0x00, 0x3F, 0x00,
    0x00, 0x3C, 0x00, 0x00, 0x38, 0x00, 0x00, 0x70, 0x00, 0x00, 0xE0, 0x00, 0x01, 0xC0, 0x00, 0x03,
    0x80, 0x00, 0x07, 0x00, 0x00, 0x0E, 0x00, 0x00, 0x1C, 0x00, 0x06, 0x00, 0x37, 0x78, 0x03, 0xB9,
    0xC0, 0x39, 0x87, 0x03, 0xCC, 0x3C, 0x1C, 0x00, 0xE1, 0xE0, 0x03, 0x9E, 0x00, 0x1E, 0xE0, 0x00,
    0x7F, 0x00, 0x03, 0xF0, 0x00, 0x0F, 0x00, 0x00, 0x38, 0x00, 0x01, 0xC0, 0x00, 0x0E, 0x00, 0x00,
    0x70, 0x00, 0x03, 0x80, 0x00, 0x1C, 0x00, 0x00, 0xE0, 0x00, 0x07, 0x00, 0x03, 0xF8, 0x1E, 0xFF,
    0xE3, 0xDF, 0xFE, 0x63, 0x81, 0xEE, 0x70, 0x1C, 0x0E, 0x03, 0x81, 0xC0, 0x38, 0x38, 0x0E, 0x07,
    0x01, 0xC0, 0xE0, 0x78, 0x1F, 0xFE, 0x03, 0xFF, 0x80, 0x7F, 0xC0, 0x0E, 0x00, 0x01, 0xC0, 0x00,
    0x38, 0x00, 0x07, 0x00, 0x00, 0xE0, 0x00, 0x1C, 0x00, 0x00, 0x1C, 0x03, 0x80, 0x30, 0x76, 0x6E,
    0x5F, 0xC3, 0x90, 0x00, 0x06, 0x01, 0xC0, 0x38, 0x77, 0x6E, 0xDF, 0xC3, 0x90, 0x00, 0xE6, 0x66,
    0x01, 0xC0, 0x00, 0x70, 0x00, 0x1C, 0x00, 0x03, 0x00, 0x00, 0x00, 0x07, 0x03, 0x83, 0x80, 0x71,
    0xC0, 0x1E, 0x70, 0x03, 0xB8, 0x00, 0x7E, 0x0C, 0x1F, 0x83, 0x07, 0xE0, 0xC1, 0xF8, 0x30, 0x7E,
    0x1E, 0x1F, 0x87, 0x87, 0xF1, 0xE3, 0x9F, 0xFF, 0xE3, 0xF3, 0xF0, 0x30, 0x30, 0x00, 0xC0, 0x00,
    0x30, 0x00, 0x0C, 0x00, 0x03, 0x80, 0x00, 0xF0, 0x00, 0x00, 0x00, 0x1C, 0x0E, 0x0E, 0x01, 0xC7,
    0x00, 0x79, 0xC0, 0x0E, 0xE0, 0x01, 0xF8, 0x30, 0x7E, 0x0C, 0x1F, 0x83, 0x07, 0xE0, 0xC1, 0xF8,
    0x78, 0x7E, 0x1E, 0x1F, 0xC7, 0x8E, 0x7F, 0xFF, 0x8F, 0xCF, 0xC0, 0xC0, 0xC0, 0x03, 0x00, 0x00,
    0xC0, 0x00, 0x30, 0x00, 0x0E, 0x00, 0x03, 0xC0, 0x00, 0x00, 0x00, 0x00, 0xE0, 0x00, 0x38, 0x00,
    0x0E, 0x00, 0x03, 0x00, 0x00, 0x00, 0x07, 0x03, 0x83, 0x80, 0x71, 0xC0, 0x1E, 0x70, 0x03, 0xB8,
    0x00, 0x7E, 0x0C, 0x1F, 0x83, 0x07, 0xE0, 0xC1, 0xF8, 0x30, 0x7E, 0x1E, 0x1F, 0x87, 0x87, 0xF1,
    0xE3, 0x9F, 0xFF, 0xE3, 0xF3, 0xF0, 0x30, 0x30, 0x00, 0xC0, 0x00, 0x30, 0x00, 0x0C, 0x00, 0x03,
    0x80, 0x00, 0xF0, 0x00, 0x00, 0x00, 0x03, 0x98, 0x01, 0xFE, 0x00, 0x7F, 0x00, 0x00, 0x00, 0x00,
    0x00, 0x07, 0x03, 0x83, 0x80, 0x71, 0xC0, 0x1E, 0x70, 0x03, 0xB8, 0x00, 0x7E, 0x0C, 0x1F, 0x83,
    0x07, 0xE0, 0xC1, 0xF8, 0x30, 0x7E, 0x1E, 0x1F, 0x87, 0x87, 0xF1, 0xE3, 0x9F, 0xFF, 0xE3, 0xF3,
    0xF0, 0x30, 0x30, 0x03, 0x98, 0x01, 0xFE, 0x00, 0x7F, 0x00, 0x00, 0x00, 0x00, 0x00, 0x07, 0x03,
    0x83, 0x80, 0x71, 0xC0, 0x1E, 0x70, 0x03, 0xB8, 0x00, 0x7E, 0x0C, 0x1F, 0x83, 0x07, 0xE0, 0xC1,
    0xF8, 0x30, 0x7E, 0x1E, 0x1F, 0x87, 0x87, 0xF1, 0xE3, 0x9F, 0xFF, 0xE3, 0xF3, 0xF0, 0x30, 0x30,
    0x00, 0xC0, 0x00, 0x30, 0x00, 0x0C, 0x00, 0x03, 0x80, 0x00, 0xF0, 0x00, 0x00, 0x00, 0xE0, 0x3E,
    0x07, 0x07, 0xFC, 0x18, 0x7F, 0xF0, 0xC7, 0x83, 0xC0, 0x78, 0x0F, 0x03, 0x80, 0x38, 0x3C, 0x01,
    0xE1, 0xC0, 0x07, 0x0E, 0x00, 0x38, 0x70, 0x01, 0xC3, 0x80, 0x0E, 0x1C, 0x00, 0x70, 0xE0, 0x03,
    0x83, 0x80, 0x38, 0x1C, 0x01, 0xC0, 0xF0, 0x1E, 0x03, 0xE3, 0xE0, 0x0F, 0xFE, 0x00, 0x3F, 0xE0,
    0x00, 0x38, 0x00, 0x00, 0xF8, 0x1C, 0x7F, 0xC3, 0x9F, 0xFC, 0x67, 0xC3, 0xCD, 0xE0, 0x3C, 0x38,
    0x03, 0x87, 0x00, 0x39, 0xC0, 0x07, 0x38, 0x00, 0xE7, 0x00, 0x1C, 0xE0, 0x03, 0x9C, 0x00, 0x73,
    0xC0, 0x0E, 0x38, 0x01, 0xC7, 0x00, 0x70, 0x70, 0x1E, 0x0F, 0x8F, 0x80, 0xFF, 0xE0, 0x0F, 0xF8,
    0x00, 0x38, 0x00, 0x70, 0x1F, 0x01, 0xC1, 0xFF, 0x07, 0x1F, 0xFE, 0x0C, 0xF8, 0x3C, 0x03, 0x80,
    0x78, 0x1E, 0x00, 0xE0, 0x70, 0x03, 0x81, 0xC0, 0x07, 0x07, 0x00, 0x1C, 0x1C, 0x00, 0x70, 0x70,
    0x01, 0xC1, 0xC0, 0x0E, 0x07, 0x80, 0x38, 0x0E, 0x01, 0xE0, 0x3C, 0x0F, 0x00, 0x3C, 0xF8, 0x00,
    0x73, 0x80, 0x1F, 0xCF, 0xF0, 0x7F, 0x3F, 0xC0, 0x00, 0x78, 0x1C, 0x7F, 0xC3, 0x9F, 0xFE, 0x67,
    0xC3, 0xED, 0xE0, 0x1C, 0x38, 0x03, 0xC7, 0x00, 0x39, 0xE0, 0x07, 0x38, 0x00, 0xE7, 0x00, 0x1C,
    0xE0, 0x03, 0x8E, 0x00, 0x71, 0xC0, 0x0E, 0x3C, 0x03, 0x83, 0xC0, 0xF0, 0x3E, 0x7C, 0x01, 0xCE,
    0x07, 0xF9, 0xFC, 0xFF, 0x3F, 0x80, 0x03, 0xE0, 0x07, 0xFC, 0x07, 0xFF, 0x07, 0x83, 0xC7, 0x80,
    0xF3, 0x80, 0x3B, 0x80, 0x0F, 0xC0, 0x07, 0xE0, 0x03, 0xF0, 0x01, 0xF8, 0x00, 0xFC, 0x00, 0x77,
    0x00, 0x73, 0xC0, 0x38, 0xF0, 0x78, 0x3C, 0x78, 0x0E, 0x38, 0x7F, 0x1F, 0xFF, 0x8F, 0xE0, 0x00,
    0x00, 0x1C, 0x00, 0x0E, 0x00, 0x07, 0x00, 0x03, 0xC0, 0x00, 0xE0, 0x00, 0x00, 0x00, 0x77, 0x66,
    0x7B, 0x98, 0xE0, 0xFF, 0xFF, 0xFF, 0xE0, 0xFF, 0xFF, 0xFF, 0xE0, 0x7F, 0xFF, 0xFF, 0xFF, 0xFF,
    0xC0, 0xFF, 0xFF, 0xFF, 0xFF, 0xFE, 0xFF, 0xFF, 0xFF, 0xFF, 0xFF, 0xFF, 0xFF, 0xFF, 0xFF, 0xE0,
    0xFF, 0xFF, 0xFF, 0xFF, 0xFF, 0xFF, 0xFF, 0xFF, 0xFF, 0xE0, 0x03, 0x7D, 0xF7, 0xDF, 0x7D, 0xF7,
    0xDF, 0x7D, 0xF7, 0xDF, 0x7D, 0xF7, 0xDF, 0x7D, 0xF7, 0xDF, 0x7D, 0xF7, 0xDF, 0x7D, 0xF7, 0xDF,
    0x7D, 0xC0, 0x7F, 0xFB, 0xFF, 0xC0, 0x00, 0xFF, 0xF7, 0xFF, 0x80, 0x00, 0x11, 0xCC, 0xE7, 0x39,
    0xCE, 0x33, 0x9C, 0xE7, 0x31, 0x8C, 0x77, 0x76, 0xEE, 0xEC, 0x63, 0x9C, 0xE3, 0x18, 0xE7, 0x11,
    0x1D, 0xCC, 0xEE, 0x77, 0x33, 0xB9, 0xDC, 0xEE, 0x33, 0x39, 0xDD, 0xCE, 0xE7, 0x73, 0x39, 0x98,
    0xCC, 0x73, 0x3B, 0x9D, 0xCC, 0xEE, 0x67, 0x33, 0xB9, 0x9C, 0x67, 0x3B, 0x9D, 0xCE, 0x63, 0x39,
    0x9C, 0xEE, 0x73, 0x0C, 0x03, 0x00, 0xC0, 0x30, 0xFF, 0xFF, 0xFF, 0xFC, 0x30, 0x0C, 0x03, 0x00,
    0xC0, 0x30, 0x0C, 0x03, 0x00, 0xC0, 0x0C, 0x03, 0x00, 0xC0, 0x30, 0xFF, 0xFF, 0xFF, 0xFC, 0x30,
    0x0C, 0x03, 0x8F, 0xFF, 0xFF, 0x0C, 0x03, 0x00, 0xC0, 0x30, 0x0C, 0x03, 0x00, 0xC0, 0x00, 0x1F,
    0x9F, 0xCF, 0xF7, 0xFB, 0xFD, 0xFE, 0x7E, 0x1E, 0x00, 0x01, 0x83, 0xC7, 0xCF, 0xFF, 0xBE, 0x70,
    0x80, 0x03, 0xBC, 0xE2, 0x00, 0x00, 0x0E, 0x1F, 0xC7, 0xB8, 0x72, 0x00, 0x00, 0x00, 0x1C, 0x38,
    0xFF, 0x1E, 0x3D, 0xC3, 0x8F, 0x20, 0x00, 0x00, 0x03, 0xBC, 0xE2, 0x00, 0x3C, 0x01, 0x80, 0x07,
    0xE0, 0x38, 0x00, 0x7F, 0x07, 0x00, 0x0E, 0x70, 0x70, 0x00, 0xE3, 0x0E, 0x00, 0x0E, 0x71, 0xC0,
    0x00, 0xE7, 0x1C, 0x00, 0x07, 0xE3, 0x80, 0x00, 0x3E, 0x70, 0x00, 0x00, 0x07, 0x00, 0x00, 0x00,
    0xE0, 0x00, 0x00, 0x1C, 0x7C, 0x3E, 0x01, 0xCF, 0xE7, 0xF0, 0x38, 0xE6, 0x67, 0x07, 0x0C, 0x7E,
    0x30, 0x60, 0xC7, 0xE3, 0x0E, 0x0C, 0x7E, 0x31, 0xC0, 0xFE, 0x7F, 0x38, 0x07, 0xE7, 0xE0, 0x00,
    0x38, 0x1C, 0x3C, 0x01, 0x80, 0x00, 0x03, 0xF0, 0x1C, 0x00, 0x00, 0x1F, 0xC1, 0xC0, 0x00, 0x01,
    0xCE, 0x0E, 0x00, 0x00, 0x0E, 0x30, 0xE0, 0x00, 0x00, 0x73, 0x8E, 0x00, 0x00, 0x03, 0x9C, 0x70,
    0x00, 0x00, 0x0F, 0xC7, 0x00, 0x00, 0x00, 0x3E, 0x70, 0x00, 0x00, 0x00, 0x03, 0x80, 0x00, 0x00,
    0x00, 0x38, 0x00, 0x00, 0x00, 0x03, 0x8F, 0x87, 0xC7, 0xE0, 0x1C, 0xFE, 0x7F, 0x3F, 0x81, 0xC7,
    0x33, 0x3B, 0x9C, 0x1C, 0x31, 0xF8, 0xDC, 0xE0, 0xC1, 0x8F, 0xC6, 0xE7, 0x0E, 0x0C, 0x7E, 0x37,
    0x38, 0xE0, 0x7F, 0x3F, 0x9F, 0xCE, 0x01, 0xF9, 0xF8, 0xFC, 0x00, 0x07, 0x03, 0x81, 0x80, 0x6E,
    0xEE, 0xEE, 0xCC, 0x63, 0x71, 0xF8, 0xFC, 0xEE, 0x77, 0x3B, 0x1D, 0x8C, 0x63, 0x0F, 0x8E, 0x7E,
    0x39, 0xF9, 0xC7, 0xE7, 0x1B, 0x9C, 0x6C, 0x71, 0xB1, 0x86, 0xCE, 0xEE, 0x66, 0x76, 0xC3, 0x73,
    0xB9, 0xDC, 0x76, 0x3B, 0x1D, 0xCE, 0xC3, 0xC3, 0x1B, 0x9C, 0x7E, 0x71, 0xF8, 0xE7, 0x63, 0x9D,
    0x8E, 0x77, 0x38, 0xD8, 0x63, 0x1C, 0x0F, 0x83, 0xE1, 0xDC, 0xE3, 0xB8, 0xE0, 0x00, 0x0E, 0x1E,
    0x3C, 0x78, 0x70, 0xE0, 0xF0, 0x78, 0x3C, 0x1C, 0x0E, 0x06, 0x00, 0x38, 0x0E, 0x03, 0x81, 0xE0,
    0x78, 0x1C, 0x1E, 0x0E, 0x0E, 0x0E, 0x0E, 0x06, 0x00, 0x00, 0x00, 0x1C, 0x03, 0x7B, 0x1E, 0xDE,
    0x3C, 0xF0, 0x7F, 0x8E, 0xFD, 0xF9, 0xEF, 0xEF, 0xDC, 0x7F, 0x83, 0xCF, 0x1E, 0xDE, 0x37, 0xB0,
    0x1E, 0x00, 0x30, 0x00, 0x60, 0xCE, 0x1D, 0xC3, 0xB8, 0x77, 0x0E, 0xE1, 0xDC, 0x3B, 0x87, 0x70,
    0xEE, 0x1D, 0xC3, 0xB8, 0x77, 0x0E, 0xE1, 0x80, 0x00, 0x00, 0x70, 0xFE, 0x3D, 0xC3, 0x90, 0x00,
    0x0F, 0x03, 0xFC, 0x3F, 0xE7, 0x0E, 0x70, 0x76, 0x67, 0x0E, 0x70, 0xEE, 0x0F, 0xE0, 0xFC, 0x07,
    0x80, 0x70, 0x06, 0x00, 0x60, 0x00, 0x00, 0x00, 0x0E, 0x00, 0xF0, 0x0E, 0x00, 0x00, 0xFF, 0xFF,
    0xFF, 0x00, 0x00, 0x60, 0x00, 0x67, 0x80, 0x1F, 0x7F, 0xFF, 0xE1, 0xFF, 0xF8, 0x07, 0xFE, 0x00,
    0x07, 0xFE, 0x01, 0xFF, 0xF8, 0x7F, 0xFF, 0xE7, 0x80, 0x1F, 0x20, 0x00, 0x20, 0x00, 0x00, 0x18,
    0x07, 0x00, 0xC0, 0x38, 0x0E, 0x01, 0xC0, 0x70, 0x0E, 0x03, 0xC0, 0xFC, 0x19, 0xC7, 0x38, 0xC3,
    0x00, 0x00, 0x00, 0x00, 0x05, 0xC0, 0x07, 0xE0, 0x07, 0xE0, 0x0F, 0xF0, 0x03, 0xC0, 0x07, 0xE0,
    0x01, 0x80, 0x18, 0x18, 0x7E, 0x7E, 0x7E, 0x7E, 0xFF, 0xFF, 0xFF, 0xFF, 0x7E, 0x7E, 0x7E, 0x7E,
    0x18, 0x18, 0x7E, 0xFF, 0xFE, 0x00, 0x02, 0x00, 0x06, 0x00, 0x0E, 0x00, 0x1C, 0x00, 0x38, 0x00,
    0x38, 0x00, 0x70, 0x00, 0xE0, 0x00, 0xE0, 0x01, 0xC0, 0x03, 0x80, 0x03, 0x80, 0x07, 0x00, 0x0E,
    0x00, 0x0E, 0x00, 0x1C, 0x00, 0x38, 0x00, 0x30, 0x00, 0x70, 0x00, 0x7B, 0xFF, 0xF8, 0xE3, 0x8E,
    0x38, 0xE3, 0x8E, 0x3F, 0xFF, 0x8E, 0x38, 0xE3, 0x8E, 0x38, 0xE3, 0xFF, 0xFF, 0xFB, 0xFF, 0xC7,
    0x1C, 0x71, 0xC7, 0x1C, 0x71, 0xFF, 0xFC, 0x71, 0xC7, 0x1C, 0x71, 0xC7, 0x1F, 0xFF, 0xFE, 0x0F,
    0x00, 0x78, 0x1F, 0xE0, 0xFF, 0x0F, 0xF8, 0xFF, 0xCF, 0x1E, 0x70, 0xF7, 0x07, 0x38, 0x3B, 0x83,
    0x98, 0x1C, 0x01, 0xC0, 0x0E, 0x01, 0xE0, 0x0E, 0x01, 0xE0, 0x0F, 0x03, 0xE0, 0x1F, 0x01, 0xE0,
    0x0E, 0x00, 0xE0, 0x0F, 0x00, 0xE0, 0x07, 0x00, 0x70, 0x03, 0x80, 0x00, 0x00, 0x00, 0x00, 0x00,
    0x00, 0x0F, 0x00, 0x70, 0x07, 0x80, 0x3C, 0x03, 0xC0, 0x1C, 0x00, 0x00, 0x00, 0x00, 0x0F, 0x01,
    0x8F, 0xF0, 0x73, 0xFE, 0x1D, 0xE3, 0xC7, 0x70, 0x71, 0xDC, 0x1C, 0x70, 0x07, 0x1C, 0x03, 0xC7,
    0x01, 0xE1, 0xC1, 0xF0, 0x70, 0x78, 0x1C, 0x1C, 0x07, 0x0E, 0x01, 0xC3, 0x80, 0x70, 0x00, 0x00,
    0x00, 0x00, 0x0F, 0x01, 0xC3, 0xC0, 0xF0, 0xF0, 0x1C, 0x00, 0x00, 0x60, 0x3C, 0x1C, 0x3F, 0xC7,
    0x1F, 0xF9, 0xC7, 0x0E, 0x71, 0xC1, 0xDC, 0x60, 0x77, 0x00, 0x1D, 0xC0, 0x0E, 0x70, 0x0F, 0x9C,
    0x07, 0xC7, 0x01, 0xC1, 0xC0, 0xE0, 0x70, 0x38, 0x1C, 0x0E, 0x00, 0x00, 0x00, 0x00, 0x00, 0x70,
    0x38, 0x3C, 0x0F, 0x07, 0x03, 0x80, 0x80, 0x40, 0xFF, 0xFF, 0xFF, 0xE0, 0x70, 0x38, 0x1C, 0x0E,
    0x06, 0x03, 0x01, 0x81, 0xC0, 0xE0, 0x70, 0x38, 0x1C, 0x0E, 0x07, 0x03, 0x01, 0x80, 0x00, 0xFE,
    0x0F, 0xF8, 0xFF, 0xEE, 0xFE, 0xEF, 0xFE, 0xFF, 0xEF, 0xFE, 0xFF, 0xEF, 0xFE, 0xFE, 0xEF, 0xEE,
    0xFC, 0xE6, 0x0E, 0x00, 0xE0, 0x0E, 0x00, 0xE0, 0x0E, 0x00, 0xE0, 0x00, 0x0F, 0xF3, 0xFF, 0x7F,
    0xF7, 0xF7, 0xFF, 0x7F, 0xF7, 0xFF, 0x77, 0xF7, 0x7F, 0x73, 0xFF, 0x1F, 0xF0, 0x7F, 0x0F, 0xFC,
    0xFF, 0xEE, 0x7F, 0xE7, 0xFE, 0x7F, 0xE7, 0xFE, 0x7F, 0xE7, 0xFF, 0xFE, 0xFF, 0xC0, 0x0C, 0x01,
    0x81, 0x30, 0x76, 0xEF, 0xFC, 0x7E, 0x0F, 0xC7, 0xFE, 0xED, 0xC1, 0x80, 0x30, 0x00, 0x00, 0x77,
    0x9C, 0x40, 0x00, 0x00, 0x00, 0x1C, 0xE7, 0x1C, 0xE7, 0x18, 0xC0, 0x07, 0xFE, 0x01, 0xFF, 0xF8,
    0x7F, 0xFF, 0xE7, 0x80, 0x1E, 0x60, 0x00, 0x60, 0x00, 0x00, 0x00, 0x00, 0x00, 0x00, 0x00, 0x00,
    0x00, 0x00, 0x00, 0x00, 0x00, 0x00, 0x00, 0x00, 0x00, 0x00, 0x00, 0x00, 0x00, 0x00, 0x00, 0x00,
    0x00, 0x00, 0x00, 0x00, 0x00, 0x00, 0x00, 0x00, 0x00, 0x00, 0x00, 0x00, 0x00, 0x60, 0x00, 0x67,
    0x80, 0x1E, 0x7F, 0xFF, 0xE1, 0xFF, 0xF8, 0x07, 0xFE, 0x00, 0x04, 0x01, 0xC1, 0x39, 0x3F, 0xE7,
    0xFC, 0x7E, 0x0F, 0xE7, 0xFE, 0x6E, 0xC1, 0xC0, 0x38, 0x00, 0x00, 0x00, 0x08, 0x03, 0x82, 0x72,
    0x7F, 0xCF, 0xF8, 0xFC, 0x1F, 0xCF, 0xFC, 0xDD, 0x83, 0x80, 0x70, 0x00, 0x00, 0x00, 0x06, 0x00,
    0x0E, 0x00, 0x0C, 0x70, 0x1C, 0xF8, 0x38, 0xF8, 0x70, 0x70, 0x70, 0x00, 0xE0, 0x01, 0xC0, 0x01,
    0xC0, 0x03, 0x80, 0x07, 0x00, 0x07, 0x0E, 0x0E, 0x1F, 0x1C, 0x1F, 0x1C, 0x1F, 0x38, 0x0E, 0x70,
    0x00, 0x60, 0x00, 0x00, 0x00, 0x3F, 0x00, 0xFF, 0xC6, 0x67, 0xFF, 0x00, 0xFE, 0x00, 0x38, 0x03,
    0xFC, 0x01, 0xFF, 0xF8, 0x3F, 0xFF, 0xC7, 0xE0, 0x7F, 0x70, 0x00, 0x60, 0x06, 0x06, 0xD9, 0xFF,
    0x1F, 0xCF, 0xFF, 0xFF, 0xDF, 0xF9, 0xFE, 0x7F, 0xC5, 0xD8, 0x18, 0x00, 0x63, 0x0C, 0x6E, 0x39,
    0xCE, 0xE3, 0x9C, 0xEE, 0x71, 0xCE, 0xE7, 0x18, 0xEE, 0x71, 0x8C, 0xC7, 0x18, 0xCC, 0x61, 0x8C,
    0x3E, 0x1F, 0xCF, 0x3B, 0x8E, 0xE1, 0xF8, 0x7E, 0x3B, 0x8E, 0x7F, 0x9F, 0xC0, 0xC0, 0x5F, 0xFF,
    0xFF, 0xFF, 0x80, 0x0F, 0x03, 0xC1, 0xF0, 0xFC, 0x77, 0x1D, 0xCF, 0xFB, 0xFF, 0xFF, 0x81, 0xC0,
    0x00, 0x7F, 0x3F, 0x98, 0x1F, 0xCF, 0xF7, 0xBC, 0x0F, 0xC7, 0xFF, 0xBF, 0x86, 0x00, 0x3E, 0x3F,
    0xBC, 0xFD, 0xCF, 0xF7, 0xFF, 0x8F, 0xC7, 0xFF, 0xBF, 0x87, 0x00, 0x7F, 0xBF, 0xC0, 0xE0, 0xE0,
    0x70, 0x70, 0x38, 0x38, 0x38, 0x1C, 0x00, 0x00, 0x7E, 0x7F, 0xB8, 0xFC, 0x77, 0xF3, 0xFB, 0x8F,
    0xC7, 0xFF, 0xBF, 0x87, 0x00, 0x7E, 0x7F, 0xB8, 0xFC, 0x7E, 0x7F, 0xFC, 0xFF, 0xC7, 0xFF, 0x3F,
    0x06, 0x00, 0x1C, 0x0E, 0x1F, 0xDF, 0xEF, 0xF0, 0xE0, 0x70, 0x7F, 0x7F, 0xBF, 0xC0, 0xFF, 0xFF,
    0x00, 0xFF, 0xFF, 0x00, 0x39, 0x9C, 0xE6, 0x73, 0x9C, 0xE3, 0x9C, 0xE3, 0x80, 0x63, 0x9C, 0x73,
    0x9C, 0xE7, 0x39, 0xCC, 0xE6, 0x00, 0xCE, 0x7F, 0xBF, 0xDC, 0x7E, 0x3F, 0x1F, 0x8F, 0xC7, 0x00,
    0x00, 0x3E, 0x1F, 0xCF, 0x3B, 0x8E, 0xE1, 0xF8, 0x7E, 0x3B, 0x8E, 0x7F, 0x9F, 0xC0, 0xC0, 0x7F,
    0xFF, 0x73, 0x9C, 0xE7, 0x39, 0xC0, 0x7E, 0x7F, 0xB8, 0xF8, 0x70, 0x70, 0x70, 0xF0, 0xF0, 0xFF,
    0xFF, 0xC0, 0x00, 0x3E, 0x3F, 0xB8, 0xE0, 0x71, 0xF0, 0xF8, 0x0F, 0xC7, 0xFF, 0xBF, 0x87, 0x00,
    0x0F, 0x03, 0xC1, 0xF0, 0xFC, 0x77, 0x1D, 0xCF, 0xFB, 0xFF, 0xFF, 0x81, 0xC0, 0x00, 0x7F, 0x3F,
    0x98, 0x1F, 0xCF, 0xF7, 0xBC, 0x0F, 0xC7, 0xFF, 0xBF, 0x86, 0x00, 0x3E, 0x3F, 0xBC, 0xFD, 0xCF,
    0xF7, 0xFF, 0x8F, 0xC7, 0xFF, 0xBF, 0x87, 0x00, 0x7F, 0xBF, 0xC0, 0xE0, 0xE0, 0x70, 0x70, 0x38,
    0x38, 0x38, 0x1C, 0x00, 0x00, 0x7E, 0x7F, 0xB8, 0xFC, 0x77, 0xF3, 0xFB, 0x8F, 0xC7, 0xFF, 0xBF,
    0x87, 0x00, 0x7E, 0x7F, 0xB8, 0xFC, 0x7E, 0x7F, 0xFC, 0xFF, 0xC7, 0xFF, 0x3F, 0x06, 0x00, 0x1C,
    0x0E, 0x1F, 0xDF, 0xEF, 0xF0, 0xE0, 0x70, 0x7F, 0x7F, 0xBF, 0xC0, 0xFF, 0xFF, 0x00, 0xFF, 0xFF,
    0x00, 0x39, 0x9C, 0xE6, 0x73, 0x9C, 0xE3, 0x9C, 0xE3, 0x80, 0x63, 0x9C, 0x73, 0x9C, 0xE7, 0x39,
    0xCC, 0xE6, 0x00, 0x1E, 0x3F, 0x9D, 0xE3, 0xF7, 0xFB, 0x9D, 0xFE, 0xFF, 0x18, 0x00, 0x1E, 0x0F,
    0xC7, 0xB9, 0xFE, 0x7F, 0xDC, 0x07, 0xF8, 0xFE, 0x0C, 0x00, 0x1E, 0x0F, 0xE7, 0xF9, 0xC7, 0x61,
    0xDC, 0x77, 0xF8, 0xFC, 0x0C, 0x00, 0x61, 0x9C, 0xE3, 0xF0, 0xF8, 0x1E, 0x0F, 0xC7, 0xF1, 0xCE,
    0x00, 0x00, 0x3E, 0x3F, 0xCF, 0x78, 0x0E, 0xFF, 0xBF, 0xEF, 0xFB, 0x8E, 0x7F, 0x9F, 0xC1, 0xC0,
    0xE0, 0x70, 0x3B, 0x9F, 0xEF, 0xF7, 0x1F, 0x8F, 0xC7, 0xE3, 0xF1, 0xC0, 0x00, 0xE0, 0x70, 0x39,
    0xDD, 0xEF, 0xE7, 0xE3, 0xF1, 0xFC, 0xEE, 0x73, 0x80, 0x00, 0xFF, 0xFF, 0xFF, 0xFC, 0x00, 0xCC,
    0x77, 0xFF, 0xFF, 0xFF, 0xCE, 0x7E, 0x73, 0xF3, 0x9F, 0x9C, 0xFC, 0xE7, 0x00, 0x00, 0xCE, 0x7F,
    0xBF, 0xDC, 0x7E, 0x3F, 0x1F, 0x8F, 0xC7, 0x00, 0x00, 0xEE, 0x7F, 0xBF, 0xFC, 0x7E, 0x3F, 0x1F,
    0xFF, 0xFE, 0xEC, 0x70, 0x38, 0x00, 0x1E, 0x3F, 0x9D, 0xEF, 0x83, 0xF1, 0x7D, 0xFE, 0xFE, 0x1C,
    0x00, 0x01, 0xCF, 0xFF, 0xF9, 0xC7, 0x1C, 0x7C, 0xF1, 0x80, 0x0F, 0x80, 0x3F, 0xC0, 0x7D, 0xE0,
    0x70, 0xE0, 0x70, 0x70, 0x70, 0x00, 0x73, 0xFE, 0x73, 0xFF, 0x73, 0xFE, 0x73, 0x80, 0x7B, 0x80,
    0x3F, 0xFC, 0x1F, 0xFE, 0x07, 0xFC, 0x03, 0x80, 0x03, 0x80, 0x03, 0x80, 0x03, 0xFE, 0x03, 0xFF,
    0x00, 0x00, 0x00, 0x64, 0x00, 0x6C, 0x03, 0xEC, 0x0F, 0xF8, 0x1F, 0xFC, 0x3C, 0xDE, 0x79, 0x9F,
    0x71, 0xB7, 0xF1, 0xB7, 0xE3, 0x30, 0xE3, 0x60, 0xE3, 0x60, 0xE2, 0x60, 0xE6, 0xC0, 0xE6, 0xC0,
    0x76, 0xC7, 0x7C, 0x87, 0x7D, 0x8F, 0x3F, 0xBE, 0x1F, 0xFC, 0x1F, 0xF8, 0x1B, 0xC0, 0x33, 0x00,
    0x12, 0x00, 0x03, 0xE0, 0x0F, 0xF8, 0x1F, 0xFC, 0x3C, 0x1E, 0x78, 0x0F, 0x70, 0x07, 0xF0, 0x07,
    0xE0, 0x00, 0xE1, 0x9C, 0xE1, 0xFE, 0xE1, 0xFC, 0xE1, 0xE0, 0xE1, 0xC0, 0x71, 0xC7, 0x71, 0xC7,
    0x79, 0xCE, 0x3F, 0xFE, 0x1F, 0xFC, 0x0F, 0xF8, 0x01, 0xC0, 0x0F, 0xFC, 0x3F, 0xFC, 0x7F, 0xF8,
    0xE0, 0x01, 0xC0, 0x03, 0x80, 0x07, 0x00, 0x0E, 0x00, 0x1C, 0x00, 0x3F, 0xF8, 0x7F, 0xF0, 0xE0,
    0x01, 0xC0, 0x03, 0x80, 0x3F, 0xE0, 0x7F, 0xC0, 0x1C, 0x00, 0x38, 0x00, 0x70, 0x00, 0x03, 0x80,
    0x7F, 0x07, 0xFC, 0x78, 0xF3, 0x83, 0x9C, 0x1C, 0xE0, 0x1F, 0xF8, 0xFF, 0xC7, 0xFE, 0x0E, 0x01,
    0xFF, 0x8F, 0xFC, 0x1C, 0x00, 0xE0, 0x07, 0x07, 0x70, 0x3F, 0xFF, 0xFF, 0xFC, 0x00, 0x38, 0x00,
    0x07, 0x01, 0x9E, 0xFE, 0x7F, 0xFF, 0xEF, 0xFF, 0xFD, 0xE1, 0xE3, 0xFC, 0x38, 0x3F, 0x07, 0x07,
    0xE1, 0xE0, 0xFC, 0x3C, 0x1F, 0x8F, 0x83, 0xF1, 0xF0, 0x7E, 0x3E, 0x0F, 0xCF, 0xC1, 0xF9, 0xF8,
    0x3F, 0x77, 0x07, 0x0E, 0x00, 0x01, 0xC0, 0x00, 0x38, 0x01, 0x87, 0x80, 0x70, 0xF8, 0x0E, 0x1F,
    0x01, 0xC3, 0xF0, 0x38, 0x7E, 0x07, 0x0E, 0xE0, 0xE7, 0xFF, 0xFF, 0xFF, 0xFF, 0xFF, 0xFF, 0xFC,
    0xE3, 0xCE, 0x7F, 0xFF, 0xFF, 0xFF, 0xFE, 0x70, 0x7F, 0x0E, 0x07, 0xE1, 0xC0, 0xFC, 0x38, 0x0F,
    0x87, 0x00, 0xF0, 0xE0, 0x1E, 0x00, 0xFE, 0x00, 0x07, 0xFE, 0x00, 0x3F, 0xFC, 0x71, 0xC1, 0xE3,
    0x8E, 0x07, 0x9C, 0x70, 0x1F, 0xFF, 0x80, 0xFF, 0xFC, 0x07, 0xFF, 0xE0, 0x79, 0xC7, 0x07, 0x8E,
    0x3F, 0xFC, 0x71, 0xFF, 0xC3, 0x8F, 0xF0, 0x1C, 0x70, 0x00, 0xE3, 0x80, 0x07, 0x1C, 0x00, 0x38,
    0xE0, 0x01, 0xE7, 0x00, 0x07, 0xF8, 0x00, 0x3E, 0x00, 0x00, 0x20, 0xFE, 0x00, 0x00, 0x7F, 0xF0,
    0x00, 0x3F, 0xFC, 0x00, 0x1C, 0x1E, 0x00, 0x0E, 0x03, 0x80, 0x07, 0x01, 0xC3, 0xE3, 0x80, 0xE7,
    0xF9, 0xC0, 0x73, 0xFE, 0xE0, 0x7B, 0x83, 0xFF, 0xF9, 0xC0, 0x3F, 0xF8, 0xF0, 0x1F, 0xF8, 0x3F,
    0x8E, 0x1C, 0x0F, 0xF7, 0x0F, 0x00, 0xFB, 0x83, 0x80, 0x0F, 0xC1, 0xE7, 0x07, 0xE0, 0x73, 0x87,
    0xF0, 0x3D, 0xFF, 0xB8, 0x0E, 0x7F, 0x80, 0x00, 0x07, 0x00, 0x60, 0x18, 0x06, 0xE0, 0x3C, 0x0E,
    0x70, 0x3C, 0x0E, 0x70, 0x7C, 0x0E, 0x70, 0x7C, 0x0E, 0x70, 0x7E, 0x1C, 0x38, 0x7E, 0x1C, 0xFF,
    0xFF, 0xFE, 0xFF, 0xFF, 0xFE, 0x38, 0xE7, 0x38, 0x1C, 0xE7, 0x38, 0xFF, 0xFF, 0xFE, 0xFF, 0xFF,
    0xFE, 0x1F, 0xC3, 0xF0, 0x0F, 0x83, 0xF0, 0x0F, 0x81, 0xF0, 0x0F, 0x81, 0xE0, 0x07, 0x81, 0xE0,
    0x07, 0x01, 0xE0, 0xFF, 0xC3, 0x7F, 0xF3, 0xBF, 0xFD, 0xDC, 0x0E, 0xEE, 0x67, 0x77, 0x73, 0xBB,
    0xB9, 0xDD, 0xDC, 0xEE, 0xEE, 0x77, 0x77, 0x3B, 0xBB, 0x81, 0xDD, 0xC1, 0xEE, 0xFF, 0xF7, 0x7F,
    0xF0, 0x00, 0x30, 0x00, 0x70, 0x0F, 0xF0, 0x1F, 0xE0, 0x03, 0x83, 0xE7, 0x0F, 0xEE, 0x3F, 0xFC,
    0x70, 0xF9, 0xC0, 0xF3, 0x80, 0xE7, 0x01, 0xCE, 0x03, 0x9C, 0x07, 0x38, 0x1E, 0x78, 0x3C, 0x78,
    0xF8, 0xFF, 0xF0, 0xFE, 0xE0, 0x30, 0x00, 0x00, 0x00, 0x00, 0x3F, 0xFE, 0x7F, 0xFC, 0x00, 0x00,
    0x00, 0xF0, 0x03, 0xFC, 0x07, 0xFE, 0x0F, 0x0E, 0x0E, 0x00, 0x1C, 0x00, 0x1C, 0x00, 0x7F, 0xF8,
    0xFF, 0xF8, 0x38, 0x00, 0x7F, 0xE0, 0x7F, 0xE0, 0xFF, 0xE0, 0x1C, 0x00, 0x1C, 0x00, 0x0E, 0x00,
    0x0F, 0x8E, 0x07, 0xFE, 0x03, 0xFC, 0x00, 0x70, 0x18, 0x03, 0x87, 0x01, 0xE1, 0xC0, 0xF0, 0x70,
    0x78, 0x1C, 0x3C, 0x07, 0x1E, 0x01, 0xCF, 0x00, 0x77, 0x80, 0xFF, 0xFF, 0xBF, 0xFF, 0xEF, 0xFF,
    0xF8, 0x7F, 0xC0, 0x1E, 0x70, 0x07, 0x0E, 0x01, 0xC3, 0xC0, 0x70, 0x78, 0x1C, 0x0E, 0x07, 0x01,
    0xC1, 0xC0, 0x78, 0xFF, 0xFF, 0xFF, 0xFF, 0xFF, 0xC1, 0xE0, 0x07, 0x80, 0x1E, 0x00, 0x7F, 0x01,
    0xFC, 0x1F, 0xC0, 0xFE, 0x83, 0xFF, 0x01, 0xF8, 0x1F, 0x80, 0xFE, 0x03, 0x78, 0x01, 0xE0, 0x07,
    0x80, 0x1E, 0x00, 0x78, 0x00, 0x07, 0x00, 0x00, 0x00, 0x03, 0x80, 0x00, 0x00, 0x01, 0xFC, 0x00,
    0x00, 0x07, 0xFF, 0xC0, 0x00, 0x03, 0xFF, 0xF0, 0x00, 0x01, 0xF8, 0x7C, 0x00, 0x00, 0x1C, 0x0E,
    0x00, 0x00, 0x0E, 0x03, 0x81, 0xF0, 0x07, 0x01, 0xC3, 0xFC, 0x03, 0x80, 0xE3, 0xFF, 0x01, 0xC0,
    0x39, 0xC3, 0xC0, 0xE0, 0x1D, 0xC0, 0xE0, 0x70, 0x0E, 0xE0, 0x70, 0x38, 0x07, 0x70, 0x1C, 0xFC,
    0x07, 0x38, 0x0E, 0xFE, 0x03, 0x9C, 0x07, 0xFF, 0x01, 0xCE, 0x07, 0x73, 0xC1, 0xE7, 0x03, 0xB9,
    0xF1, 0xE3, 0xC3, 0xDF, 0xFF, 0xE1, 0xFF, 0xC7, 0xCF, 0xE0, 0xFF, 0xC0, 0xC1, 0xC0, 0x73, 0x80,
    0x00, 0x00, 0x38, 0x00, 0x00, 0x00, 0x1C, 0x00, 0x00, 0x00, 0x0E, 0x00, 0x00, 0x00, 0x07, 0x00,
    0x00, 0x00, 0x00, 0x00, 0x00, 0x1F, 0x80, 0x3F, 0xF0, 0x3F, 0xF8, 0x38, 0x3C, 0x7F, 0xFF, 0xFF,
    0xFF, 0x7F, 0xFF, 0x38, 0x0E, 0xFF, 0xFF, 0xFF, 0xFF, 0x38, 0x1C, 0x38, 0x7C, 0x3F, 0xF8, 0x3F,
    0xF0, 0x38, 0x00, 0x38, 0x00, 0x38, 0x00, 0x38, 0x00, 0x38, 0x00, 0x01, 0xC0, 0x00, 0xE0, 0x00,
    0xF8, 0x01, 0xFF, 0x01, 0xFF, 0xC1, 0xEE, 0xF1, 0xE7, 0x3C, 0xE3, 0x8E, 0xF1, 0xC7, 0x70, 0xE0,
    0x38, 0x70, 0x1C, 0x3F, 0xEE, 0x1F, 0xF7, 0x0F, 0xFB, 0x87, 0x1C, 0xE3, 0x8E, 0x71, 0xC7, 0x3C,
    0xE7, 0x8F, 0xFF, 0x83, 0xFF, 0x80, 0xFF, 0x80, 0x0E, 0x00, 0x07, 0x00, 0x03, 0x00, 0x01, 0xC0,
    0x00, 0xE0, 0x00, 0xF8, 0x00, 0x7C, 0x00, 0x77, 0x00, 0x3B, 0x80, 0x1D, 0xC0, 0x1C, 0x70, 0x7F,
    0xFF, 0x3F, 0xFF, 0x87, 0x07, 0x03, 0x83, 0x87, 0xFF, 0xF3, 0xFF, 0xF9, 0xFF, 0xFC, 0xF0, 0x1E,
    0x70, 0x07, 0x38, 0x03, 0xBC, 0x00, 0xE0, 0x07, 0x80, 0x7F, 0x83, 0xFF, 0x1E, 0x1C, 0x70, 0x70,
    0xC1, 0xC0, 0x07, 0x3F, 0xFF, 0xFF, 0xFC, 0x00, 0x0F, 0xFF, 0xFF, 0xFF, 0xFF, 0xFD, 0xC0, 0x07,
    0x03, 0x9C, 0x0E, 0x78, 0xF8, 0xFF, 0xC1, 0xFE, 0x01, 0xC0, 0x01, 0xC0, 0x01, 0xC0, 0x03, 0xE0,
    0x0F, 0xF8, 0x1F, 0xFC, 0x3D, 0xDE, 0x79, 0xCF, 0x71, 0xC7, 0xF1, 0xC7, 0xE1, 0xC0, 0xE1, 0xC0,
    0xE1, 0xC0, 0xE1, 0xC0, 0xE1, 0xC0, 0xE1, 0xC0, 0x71, 0xC7, 0x71, 0xC7, 0x79, 0xCF, 0x3F, 0xFE,
    0x1F, 0xFC, 0x0F, 0xF8, 0x01, 0xC0, 0x01, 0xC0, 0x01, 0xC0, 0xFF, 0xFF, 0xFF, 0xFF, 0xFF, 0xC0,
    0x00, 0xFF, 0xFF, 0xFF, 0xFF, 0xFF, 0xC1, 0xE0, 0x07, 0x80, 0x1E, 0x00, 0x78, 0x01, 0xE0, 0x07,
    0x80, 0x1E, 0x00, 0x78, 0x01, 0xE0, 0x07, 0x80, 0x1E, 0x00, 0x78, 0x00, 0x7F, 0xFB, 0xFF, 0xFF,
    0xFE, 0x07, 0x80, 0x1C, 0x3F, 0xFF, 0xFF, 0xEF, 0xFE, 0x01, 0xC3, 0xFE, 0x3F, 0xE0, 0xFC, 0x03,
    0x80, 0x1E, 0x00, 0x78, 0x01, 0xE0, 0x07, 0x80, 0x1E, 0x00, 0xF0, 0x18, 0x01, 0xC0, 0x0E, 0x60,
    0x7F, 0x03, 0xF8, 0x3F, 0x03, 0xE2, 0x1F, 0xF0, 0x3F, 0x83, 0xF8, 0x3F, 0x01, 0xF0, 0x7B, 0x87,
    0x9C, 0x38, 0xE1, 0xC7, 0x1E, 0x39, 0xE1, 0xFE, 0x0F, 0xE0, 0x38, 0x00, 0x01, 0x80, 0x03, 0xC0,
    0x03, 0xC0, 0x07, 0xE0, 0x1F, 0xF8, 0x3F, 0xFC, 0x3B, 0xDC, 0x73, 0xDE, 0x73, 0xCE, 0x73, 0xCE,
    0xE3, 0xCF, 0xE3, 0xC7, 0xE3, 0xC7, 0xE3, 0xC7, 0x0F, 0xE0, 0x0F, 0xFE, 0x07, 0xFF, 0x83, 0x81,
    0xE1, 0xC0, 0x70, 0xE0, 0x38, 0x70, 0x1C, 0x38, 0x0E, 0x1C, 0x07, 0x3F, 0xFF, 0xBF, 0xFF, 0x8F,
    0xFF, 0x01, 0xC0, 0x03, 0xFE, 0x03, 0xFF, 0x00, 0xFF, 0x80, 0x1C, 0x00, 0x0E, 0x00, 0x07, 0x00,
    0x00, 0x06, 0x60, 0x06, 0xE0, 0x07, 0xE0, 0x0F, 0xF0, 0x1F, 0xF8, 0x3E, 0xFC, 0x7E, 0xFE, 0x76,
    0xEE, 0x76, 0xEE, 0xE6, 0xEF, 0xE6, 0x67, 0xE0, 0x00, 0x70, 0x00, 0x70, 0x00, 0x70, 0x00, 0x38,
    0x00, 0x1F, 0x00, 0xFF, 0xFE, 0xFF, 0xFE, 0x3B, 0x01, 0xD8, 0x3F, 0xC1, 0xFF, 0x8F, 0xFF, 0x70,
    0x7B, 0x81, 0xDC, 0x07, 0xE0, 0x3F, 0x03, 0xBF, 0xFD, 0xFF, 0x8F, 0xFF, 0x70, 0x3F, 0x80, 0xFC,
    0x07, 0xE0, 0x3F, 0x01, 0xF8, 0x3F, 0xFF, 0xEF, 0xFE, 0x1D, 0x80, 0xEC, 0x02, 0x60, 0x01, 0x80,
    0x00, 0x78, 0x00, 0x1E, 0x00, 0x07, 0x80, 0x01, 0xE0, 0x00, 0x78, 0x00, 0x1E, 0x00, 0x07, 0xFF,
    0xFF, 0xFF, 0xFF, 0xEF, 0x00, 0x00, 0xF0, 0x00, 0x0F, 0x00, 0x00, 0xF0, 0x00, 0x0F, 0x00, 0x00,
    0xF0, 0x00, 0x0C, 0x00, 0x00, 0x80, 0x00, 0xE0, 0x00, 0xF8, 0x00, 0xFE, 0x00, 0xFF, 0x80, 0xEF,
    0xE0, 0xF7, 0x78, 0xF3, 0x9E, 0xF1, 0xC7, 0x30, 0xE1, 0x80, 0x70, 0x00, 0x38, 0x00, 0x1C, 0x00,
    0x0E, 0x00, 0x07, 0x00, 0x03, 0x80, 0x01, 0xC0, 0x00, 0xE0, 0x00, 0x70, 0x00, 0x00, 0x60, 0x00,
    0x0E, 0x00, 0x01, 0xE0, 0x00, 0x1E, 0x00, 0x01, 0xE0, 0x00, 0x0E, 0x00, 0x00, 0xE7, 0xFF, 0xFE,
    0xFF, 0xFF, 0xC0, 0x00, 0x70, 0x00, 0x1C, 0x00, 0x07, 0x00, 0x01, 0xC0, 0x00, 0x70, 0x00, 0x1C,
    0x00, 0x03, 0x00, 0x01, 0x80, 0x00, 0xE0, 0x00, 0x70, 0x00, 0x38, 0x00, 0x1C, 0x00, 0x0E, 0x00,
    0x07, 0x00, 0x03, 0x80, 0x01, 0xC0, 0x00, 0xE0, 0x18, 0x70, 0xDE, 0x38, 0xE7, 0x9C, 0xF1, 0xEE,
    0xF0, 0x7F, 0xF0, 0x1F, 0xF0, 0x07, 0xF0, 0x01, 0xF0, 0x00, 0x70, 0x00, 0x00, 0x00, 0x01, 0x80,
    0x0C, 0x00, 0x1E, 0x00, 0xF0, 0x01, 0xE0, 0x03, 0xC0, 0x1E, 0x00, 0x0F, 0x01, 0xE0, 0x00, 0x3C,
    0x1E, 0x00, 0x00, 0xF1, 0xE0, 0x00, 0x03, 0xDF, 0xFF, 0xFF, 0xFF, 0xFF, 0xFF, 0xFF, 0xFB, 0xC0,
    0x00, 0x07, 0x8F, 0x00, 0x00, 0x78, 0x3C, 0x00, 0x07, 0x80, 0xF0, 0x00, 0x78, 0x03, 0xC0, 0x07,
    0x80, 0x0F, 0x00, 0x78, 0x00, 0x30, 0x01, 0x80, 0x00, 0x00, 0x00, 0xE0, 0x00, 0xF8, 0x00, 0xFE,
    0x00, 0xFF, 0x80, 0xFF, 0xE0, 0xF7, 0x78, 0xF3, 0x9E, 0xF1, 0xC7, 0x30, 0xE1, 0x80, 0x70, 0x00,
    0x38, 0x00, 0x1C, 0x00, 0x0E, 0x00, 0x07, 0x00, 0x03, 0x80, 0x01, 0xC0, 0x00, 0xE0, 0x00, 0x70,
    0x00, 0x38, 0x06, 0x1C, 0x37, 0x8E, 0x39, 0xE7, 0x3C, 0x7B, 0xBC, 0x1F, 0xFC, 0x07, 0xFC, 0x01,
    0xFC, 0x00, 0x7C, 0x00, 0x1C, 0x00, 0x00, 0x00, 0x7F, 0xF0, 0xFF, 0xF1, 0xFF, 0xC3, 0xE0, 0x07,
    0xE0, 0x0D, 0xE0, 0x19, 0xE0, 0x31, 0xE0, 0x61, 0xE0, 0xC1, 0xE1, 0x81, 0xE3, 0x01, 0xE0, 0x01,
    0xE0, 0x01, 0x80, 0x00, 0x00, 0x1F, 0xFC, 0x3F, 0xFC, 0x7F, 0xF8, 0x03, 0xF0, 0x0F, 0xE0, 0x3D,
    0xC0, 0xF3, 0x83, 0xC7, 0x0F, 0x0E, 0x3C, 0x1C, 0xF0, 0x3B, 0xC0, 0x77, 0x00, 0x0C, 0x00, 0x00,
    0x00, 0x00, 0x20, 0x00, 0xE0, 0x01, 0xE0, 0x31, 0xE0, 0x71, 0xE0, 0xE1, 0xE1, 0xC1, 0xE3, 0x81,
    0xE7, 0x01, 0xEE, 0x01, 0xFC, 0x01, 0xF8, 0x01, 0xF1, 0xFF, 0xE3, 0xFF, 0xC0, 0x00, 0x0C, 0x00,
    0x3D, 0x80, 0xF3, 0x03, 0xC6, 0x0F, 0x0C, 0x3C, 0x18, 0xF0, 0x33, 0xC0, 0x6F, 0x00, 0xDC, 0x01,
    0xF0, 0x03, 0xC0, 0x07, 0xFF, 0x8F, 0xFF, 0x00, 0x00, 0x00, 0x78, 0x00, 0x00, 0x3E, 0x00, 0x00,
    0x1F, 0x80, 0x30, 0x00, 0xE0, 0x3C, 0x00, 0x70, 0x3C, 0x00, 0x1C, 0x3C, 0x00, 0x0E, 0x3C, 0x00,
    0x0E, 0x3C, 0x00, 0x07, 0x3C, 0x00, 0x0F, 0xBF, 0xFF, 0xFF, 0x9F, 0xFF, 0xFF, 0x87, 0x80, 0x00,
    0x01, 0xE0, 0x00, 0x00, 0x78, 0x00, 0x00, 0x1E, 0x00, 0x00, 0x07, 0x80, 0x00, 0x01, 0xE0, 0x00,
    0x00, 0x60, 0x00, 0x00, 0x1E, 0x00, 0x00, 0x1F, 0x80, 0x00, 0x1F, 0x80, 0x00, 0x1E, 0x00, 0x30,
    0x0E, 0x00, 0x1C, 0x07, 0x00, 0x0F, 0x03, 0x80, 0x03, 0xC1, 0xC0, 0x00, 0xF0, 0xF0, 0x00, 0x3C,
    0x3C, 0x00, 0x0F, 0x0F, 0xFF, 0xFF, 0xC3, 0xFF, 0xFF, 0xE0, 0x00, 0x00, 0xE0, 0x00, 0x01, 0xE0,
    0x00, 0x01, 0xE0, 0x00, 0x01, 0xE0, 0x00, 0x01, 0xE0, 0x00, 0x00, 0xE0, 0x00, 0x00, 0x60, 0x00,
    0x04, 0x00, 0x00, 0x60, 0x00, 0x07, 0x00, 0x00, 0x78, 0x00, 0x07, 0xFF, 0xFF, 0x7F, 0xFF, 0xFD,
    0xFF, 0xFF, 0xC7, 0x80, 0x06, 0x1C, 0x00, 0x30, 0x60, 0x01, 0x81, 0x00, 0x0C, 0x00, 0x00, 0x60,
    0x00, 0x03, 0x00, 0x00, 0x18, 0x00, 0x00, 0xC0, 0x00, 0x06, 0x00, 0x00, 0x30, 0x00, 0x01, 0x80,
    0x00, 0x0C, 0x00, 0x03, 0x00, 0x00, 0x1C, 0x00, 0x00, 0xF0, 0x00, 0x07, 0xCF, 0xFF, 0xFF, 0x7F,
    0xFF, 0xFB, 0xFF, 0xFF, 0xDC, 0x00, 0x7C, 0xE0, 0x03, 0xC7, 0x00, 0x1C, 0x38, 0x00, 0xC1, 0xC0,
    0x00, 0x0E, 0x00, 0x00, 0x70, 0x00, 0x03, 0x80, 0x00, 0x1C, 0x00, 0x00, 0xE0, 0x00, 0x07, 0x00,
    0x00, 0x38, 0x00, 0x00, 0x00, 0x18, 0x00, 0xC0, 0x06, 0x00, 0x30, 0x01, 0x80, 0x0C, 0x00, 0x61,
    0xC3, 0x1C, 0x19, 0xC0, 0xDC, 0x07, 0xFF, 0xFF, 0xFF, 0xBC, 0x00, 0xF0, 0x03, 0xC0, 0x0C, 0x00,
    0x40, 0x00, 0x07, 0x00, 0x00, 0x38, 0x00, 0x01, 0xC0, 0x00, 0x0E, 0x00, 0x00, 0x70, 0x00, 0x03,
    0x80, 0x0C, 0x1C, 0x00, 0x70, 0xE0, 0x03, 0xC7, 0x00, 0x1F, 0x3F, 0xFF, 0xFD, 0xFF, 0xFF, 0xE0,
    0x00, 0x3E, 0x00, 0x01, 0xE0, 0x00, 0x0E, 0x00, 0x00, 0x60, 0x00, 0x00, 0x00, 0x7F, 0xF0, 0x7F,
    0xF8, 0x3F, 0xFC, 0x00, 0x06, 0x00, 0x03, 0x00, 0x01, 0x80, 0x00, 0xC0, 0x00, 0x60, 0x00, 0x30,
    0x00, 0x18, 0x00, 0x0C, 0x00, 0x06, 0x00, 0x03, 0x00, 0x01, 0x80, 0x0F, 0xFC, 0x03, 0xFC, 0x00,
    0xFC, 0x00, 0x3C, 0x00, 0x0C, 0x00, 0x00, 0x00, 0x00, 0x00, 0x30, 0x00, 0x01, 0x80, 0x00, 0x0C,
    0x00, 0x00, 0x60, 0x00, 0x03, 0x00, 0x00, 0x18, 0x30, 0x00, 0xC3, 0x80, 0x06, 0x3C, 0x00, 0x33,
    0xE0, 0x01, 0xBF, 0xFF, 0xFF, 0xFF, 0xFF, 0xF7, 0xC0, 0x00, 0x1E, 0x00, 0x00, 0x70, 0x00, 0x01,
    0x80, 0x00, 0x00, 0x00, 0x00, 0x00, 0x7F, 0x00, 0x07, 0xFE, 0x00, 0x78, 0xF0, 0x07, 0x01, 0xC0,
    0x70, 0x07, 0x03, 0x00, 0x38, 0x18, 0x00, 0xC1, 0xC0, 0x06, 0x0E, 0x00, 0x32, 0x72, 0x00, 0x3B,
    0xB8, 0x00, 0xFF, 0x80, 0x03, 0xF8, 0x00, 0x0F, 0x80, 0x00, 0x38, 0x00, 0x00, 0x80, 0x00, 0x0F,
    0xE0, 0x00, 0xFF, 0xC0, 0x0F, 0x9F, 0x00, 0xF0, 0x1C, 0x07, 0x00, 0x60, 0x70, 0x03, 0x83, 0x80,
    0x1C, 0x1C, 0x00, 0x60, 0xC0, 0x03, 0x00, 0x01, 0x99, 0x80, 0x0E, 0xDC, 0x00, 0x7F, 0xE0, 0x01,
    0xFE, 0x00, 0x07, 0xE0, 0x00, 0x1E, 0x00, 0x00, 0x60, 0x00, 0x00, 0x00, 0x0C, 0x00, 0x03, 0x80,
    0x00, 0xF0, 0x00, 0x3E, 0x00, 0x0F, 0xF8, 0x01, 0xFF, 0xC0, 0x1F, 0x7C, 0x01, 0xE3, 0xC0, 0x1C,
    0x38, 0x01, 0x83, 0x80, 0x00, 0x70, 0x00, 0x0E, 0x00, 0x00, 0xF8, 0x00, 0x1B, 0x00, 0x07, 0x70,
    0x00, 0xEE, 0x00, 0x1C, 0xE0, 0x07, 0x1E, 0x01, 0xC1, 0xF9, 0xF8, 0x1F, 0xFC, 0x00, 0xFF, 0x00,
    0x00, 0x00, 0x00, 0x0C, 0x00, 0x01, 0xC0, 0x00, 0x3C, 0x00, 0x07, 0xC0, 0x07, 0xFC, 0x03, 0xFF,
    0x80, 0xFB, 0xE0, 0x3C, 0x78, 0x0F, 0x0E, 0x01, 0xC1, 0x80, 0x38, 0x00, 0x0E, 0x00, 0x01, 0xC0,
    0x00, 0x38, 0x00, 0x1B, 0x00, 0x07, 0x70, 0x00, 0xEE, 0x00, 0x1C, 0xE0, 0x07, 0x1E, 0x01, 0xC1,
    0xF9, 0xF8, 0x1F, 0xFC, 0x00, 0xFF, 0x00, 0x00, 0x00, 0x00, 0x01, 0x80, 0x00, 0x38, 0x00, 0x03,
    0x80, 0x00, 0x39, 0xFF, 0xFF, 0xBF, 0xFF, 0xF0, 0x00, 0x1C, 0x00, 0x07, 0x01, 0xC1, 0xC0, 0x78,
    0x30, 0x1E, 0x00, 0x07, 0x80, 0x01, 0xFF, 0xFF, 0xFF, 0xFF, 0xFB, 0xC0, 0x00, 0x3C, 0x00, 0x03,
    0xC0, 0x00, 0x38, 0x00, 0x00, 0x00, 0x00, 0x00, 0x00, 0x01, 0xC0, 0x00, 0x78, 0x00, 0x1E, 0x00,
    0x07, 0x80, 0x01, 0xFF, 0xFF, 0xFF, 0xFF, 0xFB, 0xC0, 0x00, 0x3C, 0x00, 0x03, 0xC1, 0x80, 0x38,
    0x38, 0x00, 0x03, 0x80, 0x00, 0x39, 0xFF, 0xFF, 0xBF, 0xFF, 0xF0, 0x00, 0x1C, 0x00, 0x07, 0x00,
    0x01, 0xC0, 0x00, 0x30, 0x00, 0x00, 0x00, 0x01, 0x80, 0x00, 0x78, 0x00, 0x1E, 0x00, 0x07, 0x80,
    0x01, 0xE0, 0x00, 0x7F, 0xFF, 0xDF, 0xFF, 0xFF, 0x80, 0x00, 0xF0, 0x00, 0x0F, 0xFF, 0xFC, 0xFF,
    0xFF, 0x8F, 0xFF, 0xE0, 0xF0, 0x00, 0x0F, 0x00, 0x00, 0xF0, 0x00, 0x0C, 0x00, 0x00, 0x00, 0x00,
    0x00, 0x60, 0x00, 0x0E, 0x00, 0x01, 0xE0, 0x00, 0x1E, 0x00, 0x01, 0xE1, 0xFF, 0xFE, 0x3F, 0xFF,
    0xE0, 0x00, 0x1E, 0x00, 0x01, 0xDF, 0xFF, 0xF3, 0xFF, 0xFC, 0x7F, 0xFF, 0x00, 0x01, 0xC0, 0x00,
    0x70, 0x00, 0x1C, 0x00, 0x03, 0x00, 0x00, 0x00, 0x00, 0x01, 0x80, 0x0C, 0x00, 0x1E, 0x00, 0xF0,
    0x01, 0xE0, 0x03, 0xC0, 0x1E, 0x00, 0x0F, 0x01, 0xE0, 0x00, 0x3C, 0x1F, 0xFF, 0xFF, 0xF1, 0xFF,
    0xFF, 0xFF, 0xDE, 0x00, 0x00, 0x0F, 0xF0, 0x00, 0x00, 0x7B, 0xFF, 0xFF, 0xFF, 0x8F, 0xFF, 0xFF,
    0xF8, 0x3F, 0xFF, 0xFF, 0x80, 0xF0, 0x00, 0x78, 0x03, 0xC0, 0x07, 0x80, 0x0F, 0x00, 0x78, 0x00,
    0x30, 0x01, 0x80, 0x00, 0x00, 0x00, 0x00, 0x04, 0x01, 0xC0, 0x7C, 0x1F, 0xC7, 0xFD, 0xFF, 0xC3,
    0x80, 0x70, 0x7F, 0xCF, 0xF9, 0xFF, 0x07, 0x07, 0xFC, 0xFF, 0x9F, 0xF0, 0x70, 0x0E, 0x01, 0xC0,
    0x38, 0x00, 0x0E, 0x01, 0xC0, 0x38, 0x07, 0x00, 0xE0, 0xFF, 0x9F, 0xF0, 0x70, 0x0E, 0x0F, 0xF9,
    0xFF, 0x07, 0x00, 0xE0, 0x1C, 0x3F, 0xFB, 0xFE, 0x3F, 0x83, 0xE0, 0x38, 0x02, 0x00, 0xC0, 0x00,
    0x07, 0x06, 0x00, 0x38, 0x70, 0x01, 0xC7, 0x80, 0x0E, 0x7C, 0x00, 0x77, 0xFF, 0xFF, 0xBF, 0xFF,
    0xFC, 0xF8, 0x00, 0xE3, 0xC0, 0x07, 0x0E, 0x00, 0x38, 0x30, 0x01, 0x80, 0x00, 0x00, 0x00, 0x00,
    0x18, 0x00, 0x40, 0xC0, 0x03, 0x06, 0x00, 0x1C, 0x30, 0x01, 0xF1, 0xFF, 0xFF, 0xCF, 0xFF, 0xFE,
    0x60, 0x01, 0xE3, 0x00, 0x0E, 0x18, 0x00, 0x60, 0xC0, 0x02, 0x06, 0x00, 0x00, 0x30, 0x00, 0x20,
    0x00, 0x01, 0xC0, 0x00, 0x0F, 0x80, 0x00, 0x7F, 0x00, 0x03, 0xCE, 0x00, 0x1E, 0x1C, 0x00, 0xF0,
    0x38, 0x07, 0x80, 0x70, 0x3C, 0x00, 0xE1, 0xFC, 0x0F, 0xCF, 0xF0, 0x3F, 0x81, 0xC0, 0xC0, 0x07,
    0x03, 0x00, 0x1C, 0x0C, 0x00, 0x70, 0x30, 0x01, 0xC0, 0xC0, 0x07, 0x03, 0x00, 0x1C, 0x0C, 0x00,
    0x7F, 0xF0, 0x01, 0xFF, 0xC0, 0x00, 0x20, 0x00, 0x01, 0xC0, 0x00, 0x0F, 0x80, 0x00, 0x7F, 0x00,
    0x03, 0xCE, 0x00, 0x1E, 0x1C, 0x00, 0xF0, 0x38, 0x07, 0x80, 0x70, 0x3C, 0x00, 0xE1, 0xFC, 0x0F,
    0xCF, 0xF0, 0x3F, 0x81, 0xC0, 0xC0, 0x07, 0x03, 0x00, 0x1C, 0x0C, 0x00, 0x7F, 0xF0, 0x01, 0xFF,
    0xC0, 0x03, 0xFF, 0x00, 0x00, 0x00, 0x00, 0x7F, 0xF0, 0x01, 0xFF, 0xC0, 0x07, 0x03, 0x00, 0x1C,
    0x0C, 0x00, 0x7F, 0xF0, 0x01, 0xFF, 0xC0, 0x1F, 0x01, 0xFE, 0x0F, 0xF8, 0x43, 0xE0, 0x07, 0x00,
    0x38, 0x3C, 0xE3, 0xFF, 0x3F, 0xFB, 0xC3, 0xDC, 0x0E, 0xE0, 0x77, 0x03, 0xB8, 0x1D, 0xC0, 0xEE,
    0x0E, 0x78, 0xF1, 0xFF, 0x07, 0xF0, 0x06, 0x00, 0x00, 0x00, 0x1F, 0xCC, 0x7F, 0xF9, 0xFF, 0xE7,
    0x83, 0xCE, 0x0F, 0xB8, 0x3B, 0xF0, 0xE7, 0xE3, 0x8F, 0xCE, 0x1D, 0xF8, 0x73, 0xE1, 0xE7, 0xC7,
    0x8F, 0xFF, 0x3B, 0xF8, 0x61, 0xC0, 0x01, 0xC0, 0x00, 0xE0, 0x00, 0xF8, 0x00, 0x7C, 0x00, 0x7E,
    0x00, 0x3B, 0x80, 0x1D, 0xC0, 0x1C, 0xE0, 0x0E, 0x38, 0x07, 0x1C, 0x07, 0x0F, 0x03, 0x83, 0x81,
    0xC1, 0xC1, 0xC0, 0x70, 0xE0, 0x38, 0xF0, 0x1C, 0x70, 0x07, 0x3F, 0xFF, 0xBF, 0xFF, 0xC0, 0xFF,
    0xFF, 0xFF, 0xFF, 0xFF, 0xF8, 0x07, 0xE0, 0x1F, 0x80, 0x7E, 0x01, 0xF8, 0x07, 0xE0, 0x1F, 0x80,
    0x7E, 0x01, 0xF8, 0x07, 0xE0, 0x1F, 0x80, 0x7E, 0x01, 0xF8, 0x07, 0xE0, 0x1F, 0x80, 0x7E, 0x01,
    0xF8, 0x07, 0xE0, 0x1F, 0x80, 0x70, 0x7F, 0xFC, 0xFF, 0xF9, 0xFF, 0xF3, 0xC0, 0x03, 0xC0, 0x03,
    0xC0, 0x03, 0xC0, 0x03, 0x80, 0x07, 0x80, 0x07, 0x80, 0x07, 0x80, 0x07, 0x00, 0x1E, 0x00, 0x78,
    0x00, 0xE0, 0x03, 0x80, 0x0F, 0x00, 0x3C, 0x00, 0xF0, 0x03, 0xC0, 0x07, 0xFF, 0xEF, 0xFF, 0xDF,
    0xFF, 0x80, 0x7F, 0xFF, 0xFF, 0xFF, 0xF0, 0x00, 0x0E, 0x00, 0x18, 0x00, 0x60, 0x01, 0xC0, 0x07,
    0x00, 0x0C, 0x00, 0x38, 0x00, 0xE0, 0x01, 0x80, 0x06, 0x00, 0x1C, 0x00, 0x70, 0x00, 0xC0, 0x03,
    0x80, 0x0E, 0x00, 0x18, 0x00, 0x60, 0x00, 0x00, 0x0E, 0x00, 0x1C, 0x00, 0x78, 0x00, 0xE0, 0x01,
    0xC0, 0x07, 0x80, 0x0E, 0x00, 0x1C, 0x00, 0x70, 0xF0, 0xE3, 0xF3, 0xC3, 0xE7, 0x01, 0xCE, 0x01,
    0xFC, 0x03, 0xF0, 0x07, 0xE0, 0x07, 0x80, 0x0F, 0x00, 0x0E, 0x00, 0x1F, 0x03, 0xC3, 0xFC, 0x7F,
    0x9F, 0xF7, 0xFF, 0xC3, 0xF8, 0x7E, 0x0F, 0x83, 0xF0, 0x3C, 0x1F, 0x83, 0xE0, 0xFE, 0x7F, 0xCF,
    0x7F, 0xDF, 0xF1, 0xFC, 0x3F, 0x03, 0x00, 0x60, 0x01, 0x81, 0xF0, 0xFC, 0x38, 0x1C, 0x07, 0x01,
    0xC0, 0x70, 0x1C, 0x07, 0x01, 0xC0, 0x70, 0x1C, 0x07, 0x01, 0xC0, 0x70, 0x1C, 0x07, 0x01, 0xC0,
    0x70, 0x1C, 0x07, 0x01, 0xC1, 0xF0, 0xFC, 0x3E, 0x00, 0x03, 0xBC, 0xE2, 0x00, 0x00, 0x00, 0x00,
    0xEF, 0x38, 0x80, 0x00, 0x00, 0xF8, 0x77, 0xF1, 0xDD, 0xFE, 0x61, 0xF8, 0x03, 0xC3, 0xE1, 0x9F,
    0xC7, 0x7F, 0xFD, 0x8F, 0xE6, 0x1F, 0x00, 0x01, 0xC0, 0x1C, 0x01, 0x8F, 0xFF, 0xFF, 0xF7, 0xFF,
    0x07, 0x00, 0x60, 0xFF, 0xFF, 0xFF, 0xFF, 0xF1, 0xC0, 0x18, 0x03, 0x80, 0x00, 0x30, 0x1F, 0x0F,
    0xF7, 0xF8, 0xFC, 0x0F, 0xE0, 0x3F, 0xC0, 0x7F, 0x01, 0xF0, 0x03, 0x00, 0x0F, 0xFF, 0xFF, 0xF7,
    0xFF, 0xE0, 0x0F, 0xC0, 0xFF, 0x01, 0xFE, 0x03, 0xF0, 0x7F, 0x3F, 0xEF, 0xF0, 0xF8, 0x0C, 0x00,
    0x00, 0x0F, 0xFF, 0xFF, 0xF7, 0xFF, 0x00, 0x00, 0xE0, 0x00, 0x00, 0x03, 0xFF, 0xC0, 0x00, 0x01,
    0xFF, 0xFF, 0x00, 0x00, 0x7F, 0x07, 0xF0, 0x00, 0x3F, 0x00, 0x1F, 0x80, 0x0F, 0x80, 0x00, 0xF8,
    0x03, 0xC0, 0x00, 0x07, 0x80, 0xF0, 0x00, 0x00, 0x70, 0x1C, 0x00, 0x00, 0x07, 0x07, 0x00, 0x18,
    0x00, 0xF0, 0xE0, 0x03, 0x80, 0x0E, 0x38, 0x00, 0x70, 0x00, 0xE7, 0x00, 0x0E, 0x00, 0x1D, 0xC0,
    0x01, 0xC0, 0x03, 0xB8, 0x00, 0x38, 0x00, 0x37, 0x00, 0x07, 0x00, 0x07, 0xE0, 0x00, 0xE0, 0x00,
    0xFC, 0x0F, 0xFF, 0xF8, 0x1F, 0x81, 0xFF, 0xFF, 0x03, 0xF0, 0x00, 0x70, 0x00, 0x7E, 0x00, 0x0E,
    0x00, 0x0F, 0xC0, 0x01, 0xC0, 0x01, 0x98, 0x00, 0x38, 0x00, 0x73, 0x80, 0x07, 0x00, 0x0E, 0x70,
    0x00, 0xE0, 0x03, 0xC7, 0x00, 0x1C, 0x00, 0x70, 0xF0, 0x00, 0x00, 0x1E, 0x0E, 0x00, 0x00, 0x07,
    0x80, 0xE0, 0x00, 0x01, 0xE0, 0x1E, 0x00, 0x00, 0x78, 0x01, 0xF0, 0x00, 0x1E, 0x00, 0x1F, 0x80,
    0x0F, 0x80, 0x00, 0xFF, 0xBF, 0xE0, 0x00, 0x07, 0xFF, 0xF0, 0x00, 0x00, 0x3F, 0xF8, 0x00, 0x00,
    0x00, 0x00, 0xE0, 0x00, 0x00, 0x03, 0xFF, 0xC0, 0x00, 0x01, 0xFF, 0xFF, 0x00, 0x00, 0x7F, 0x07,
    0xF0, 0x00, 0x3F, 0x00, 0x1F, 0x80, 0x0F, 0x80, 0x00, 0xF8, 0x03, 0xC0, 0x00, 0x07, 0x80, 0xF0,
    0x00, 0x00, 0x70, 0x1C, 0x00, 0x00, 0x07, 0x07, 0x00, 0x00, 0x00, 0xF0, 0xE0, 0x00, 0x00, 0x0E,
    0x38, 0x00, 0x00, 0x00, 0xE7, 0x00, 0x00, 0x00, 0x1D, 0xC0, 0x00, 0x00, 0x03, 0xB8, 0x00, 0x00,
    0x00, 0x37, 0x00, 0x00, 0x00, 0x07, 0xE0, 0x0F, 0xFE, 0x00, 0xFC, 0x03, 0xFF, 0xC0, 0x1F, 0x80,
    0x7F, 0xF8, 0x03, 0xF0, 0x00, 0x00, 0x00, 0x7E, 0x00, 0x00, 0x00, 0x0F, 0xC0, 0x00, 0x00, 0x01,
    0x98, 0x00, 0x00, 0x00, 0x73, 0x80, 0x00, 0x00, 0x0E, 0x70, 0x00, 0x00, 0x03, 0xC7, 0x00, 0x00,
    0x00, 0x70, 0xF0, 0x00, 0x00, 0x1E, 0x0E, 0x00, 0x00, 0x07, 0x80, 0xE0, 0x00, 0x01, 0xE0, 0x1E,
    0x00, 0x00, 0x78, 0x01, 0xF0, 0x00, 0x1E, 0x00, 0x1F, 0x80, 0x0F, 0x80, 0x00, 0xFF, 0xBF, 0xE0,
    0x00, 0x07, 0xFF, 0xF0, 0x00, 0x00, 0x3F, 0xF8, 0x00, 0x00, 0x00, 0x00, 0xE0, 0x00, 0x00, 0x03,
    0xFF, 0xC0, 0x00, 0x01, 0xFF, 0xFF, 0x00, 0x00, 0x7F, 0x07, 0xF0, 0x00, 0x3F, 0x00, 0x1F, 0x80,
    0x0F, 0x80, 0x00, 0xF8, 0x03, 0xC0, 0x00, 0x07, 0x80, 0xF0, 0x00, 0x00, 0x70, 0x1C, 0x00, 0x00,
    0x07, 0x07, 0x00, 0x00, 0x00, 0xF0, 0xE0, 0x00, 0x00, 0x0E, 0x38, 0x00, 0x00, 0x00, 0xE7, 0x00,
    0xC0, 0x60, 0x1D, 0xC0, 0x1C, 0x1C, 0x03, 0xB8, 0x03, 0xC7, 0x80, 0x37, 0x00, 0x3D, 0xE0, 0x07,
    0xE0, 0x03, 0xF8, 0x00, 0xFC, 0x00, 0x3E, 0x00, 0x1F, 0x80, 0x07, 0xC0, 0x03, 0xF0, 0x01, 0xFC,
    0x00, 0x7E, 0x00, 0x7B, 0xC0, 0x0F, 0xC0, 0x1E, 0x3C, 0x01, 0x98, 0x03, 0x83, 0x80, 0x73, 0x80,
    0x60, 0x20, 0x0E, 0x70, 0x00, 0x00, 0x03, 0xC7, 0x00, 0x00, 0x00, 0x70, 0xF0, 0x00, 0x00, 0x1E,
    0x0E, 0x00, 0x00, 0x07, 0x80, 0xE0, 0x00, 0x01, 0xE0, 0x1E, 0x00, 0x00, 0x78, 0x01, 0xF0, 0x00,
    0x1E, 0x00, 0x1F, 0x80, 0x0F, 0x80, 0x00, 0xFF, 0xBF, 0xE0, 0x00, 0x07, 0xFF, 0xF0, 0x00, 0x00,
    0x3F, 0xF8, 0x00, 0x00, 0x00, 0x00, 0xE0, 0x00, 0x00, 0x03, 0xFF, 0xC0, 0x00, 0x01, 0xFF, 0xFF,
    0x00, 0x00, 0x7F, 0x07, 0xF0, 0x00, 0x3F, 0x00, 0x1F, 0x80, 0x0F, 0x80, 0x00, 0xF8, 0x03, 0xC0,
    0x00, 0x07, 0x80, 0xF0, 0x00, 0x00, 0x70, 0x1C, 0x00, 0x00, 0x07, 0x07, 0x00, 0x00, 0x00, 0xF0,
    0xE0, 0x00, 0x08, 0x0E, 0x38, 0x00, 0x03, 0x80, 0xE7, 0x00, 0x00, 0xF0, 0x1D, 0xC0, 0x00, 0x3C,
    0x03, 0xB8, 0x00, 0x0F, 0x00, 0x37, 0x00, 0x01, 0xC0, 0x07, 0xE0, 0x00, 0x70, 0x00, 0xFC, 0x00,
    0x1E, 0x00, 0x1F, 0x80, 0x07, 0x80, 0x03, 0xF0, 0x01, 0xE0, 0x00, 0x7E, 0x00, 0x78, 0x00, 0x0F,
    0xC0, 0x0E, 0x00, 0x01, 0x98, 0x03, 0x80, 0x00, 0x73, 0x80, 0xF0, 0x00, 0x0E, 0x70, 0x1C, 0x00,
    0x03, 0xC7, 0x00, 0x00, 0x00, 0x70, 0xF0, 0x00, 0x00, 0x1E, 0x0E, 0x00, 0x00, 0x07, 0x80, 0xE0,
    0x00, 0x01, 0xE0, 0x1E, 0x00, 0x00, 0x78, 0x01, 0xF0, 0x00, 0x1E, 0x00, 0x1F, 0x80, 0x0F, 0x80,
    0x00, 0xFF, 0xBF, 0xE0, 0x00, 0x07, 0xFF, 0xF0, 0x00, 0x00, 0x3F, 0xF8, 0x00, 0x00, 0x1F, 0x30,
    0xFB, 0xC6, 0x0C, 0x70, 0x03, 0x80, 0x1C, 0x03, 0xFF, 0xDF, 0xFE, 0x38, 0x31, 0xC1, 0x8E, 0x0C,
    0x70, 0x63, 0x83, 0x1C, 0x18, 0xE0, 0xC7, 0x06, 0x38, 0x31, 0xC1, 0x8E, 0x0C, 0x1F, 0x38, 0x3E,
    0x70, 0x60, 0xE1, 0xC1, 0xC3, 0x83, 0x87, 0x07, 0x3F, 0xCE, 0x7F, 0x9C, 0x38, 0x38, 0x70, 0x70,
    0xE0, 0xE1, 0xC1, 0xC3, 0x83, 0x87, 0x07, 0x0E, 0x0E, 0x1C, 0x1C, 0x38, 0x38, 0x70, 0x7C, 0xE0,
    0xF8, 0x00, 0x00, 0x00, 0x00, 0x00, 0x0E, 0x60, 0x00, 0x0E, 0x70, 0x00, 0x07, 0x60, 0x00, 0x07,
    0xE0, 0x00, 0x07, 0xE0, 0x00, 0x07, 0xF0, 0x00, 0x07, 0x78, 0x00, 0x1E, 0x7F, 0xFF, 0xFE, 0x1F,
    0xFF, 0xF8, 0x07, 0xFF, 0x80, 0x00, 0x00, 0x00, 0x00, 0x00, 0x00, 0x00, 0x76, 0x00, 0x00, 0x7E,
    0x00, 0x00, 0x76, 0x00, 0x00, 0x1C, 0x00, 0x00, 0x1C, 0x00, 0x00, 0x18, 0x00, 0x60, 0x00, 0x00,
    0x03, 0x80, 0x00, 0x00, 0x18, 0x00, 0x00, 0x01, 0xC0, 0x00, 0x06, 0x0E, 0x00, 0x00, 0x78, 0x78,
    0x00, 0x0F, 0x81, 0xE0, 0x03, 0xFF, 0x0F, 0xFF, 0xFF, 0x7F, 0x1F, 0xFF, 0xE1, 0xF8, 0x3F, 0xF0,
    0x00, 0x00, 0x00, 0x00, 0x00, 0x00, 0x00, 0x00, 0x00, 0x06, 0xE0, 0x00, 0x00, 0x77, 0x00, 0x00,
    0x01, 0xB0, 0x00, 0x00, 0x07, 0x00, 0x00, 0x00, 0x38, 0x00, 0x00, 0x00, 0x80, 0x00, 0x00, 0x00,
    0x18, 0x38, 0x70, 0xE0, 0xC1, 0x83, 0x0E, 0xFD, 0xF0, 0x00, 0x0D, 0xDF, 0xB7, 0x38, 0x70, 0x60,
    0x00, 0x01, 0xC0, 0x30, 0x0E, 0x01, 0xC0, 0x7C, 0x3F, 0xFF, 0xBF, 0x00, 0x00, 0x00, 0xD8, 0x3B,
    0x83, 0x60, 0x38, 0x07, 0x00, 0x40, 0x00, 0x30, 0x00, 0x00, 0x30, 0x00, 0x00, 0x3E, 0x00, 0x00,
    0x3F, 0x00, 0x00, 0x3B, 0x00, 0x00, 0x7F, 0x00, 0x00, 0x7E, 0x00, 0x00, 0x00, 0x00, 0x00, 0x00,
    0x0E, 0x60, 0x00, 0x0E, 0x70, 0x00, 0x07, 0x60, 0x00, 0x07, 0xE0, 0x00, 0x07, 0xE0, 0x00, 0x07,
    0xF0, 0x00, 0x07, 0x78, 0x00, 0x1E, 0x7F, 0xFF, 0xFE, 0x1F, 0xFF, 0xF8, 0x07, 0xFF, 0x80, 0x00,
    0x30, 0x00, 0x00, 0x01, 0x80, 0x00, 0x00, 0x0F, 0x80, 0x00, 0x00, 0x7E, 0x00, 0x00, 0x03, 0xB0,
    0x00, 0x00, 0x3F, 0x80, 0x00, 0x01, 0xF8, 0x00, 0x00, 0x00, 0x00, 0x00, 0x00, 0x00, 0x00, 0x03,
    0x00, 0x00, 0x00, 0x1C, 0x00, 0x00, 0x00, 0xC0, 0x00, 0x00, 0x0E, 0x00, 0x00, 0x30, 0x70, 0x00,
    0x03, 0xC3, 0xC0, 0x00, 0x7C, 0x0F, 0x00, 0x1F, 0xF8, 0x7F, 0xFF, 0xFB, 0xF8, 0xFF, 0xFF, 0x0F,
    0xC1, 0xFF, 0x80, 0x00, 0x60, 0xC1, 0xF3, 0xF7, 0x7F, 0xFF, 0x00, 0x00, 0x00, 0xE1, 0xC3, 0x83,
    0x87, 0x0E, 0x1C, 0x7B, 0xE7, 0x80, 0x00, 0x18, 0x03, 0x00, 0x7C, 0x0F, 0xC1, 0xD8, 0x7F, 0x0F,
    0xC0, 0x00, 0x00, 0x00, 0x00, 0x38, 0x06, 0x01, 0xC0, 0x38, 0x0F, 0x87, 0xFF, 0xF7, 0xE0, 0x00,
    0x3C, 0x00, 0x7F, 0xC0, 0x7F, 0xFE, 0x01, 0xFE, 0x01, 0xFE, 0x07, 0xF0, 0x0F, 0x80, 0x1E, 0x00,
    0x38, 0x00, 0x70, 0x00, 0x73, 0x70, 0xE7, 0xF0, 0xE3, 0x70, 0xE1, 0xC0, 0xE1, 0xC0, 0xE0, 0xC0,
    0xF0, 0x00, 0x78, 0x00, 0x3F, 0xFE, 0x1F, 0xFF, 0x07, 0xFC, 0x3C, 0x00, 0x07, 0xFC, 0x00, 0x7F,
    0xFE, 0x00, 0x1F, 0xE0, 0x01, 0xFE, 0x00, 0x7F, 0xC0, 0x0F, 0x9C, 0x01, 0xE0, 0xE0, 0x38, 0x0F,
    0x07, 0x00, 0x7E, 0x73, 0x73, 0xEE, 0x7F, 0x00, 0xE3, 0x70, 0x0E, 0x1C, 0x00, 0xE1, 0xC0, 0x0E,
    0x0C, 0x00, 0xF0, 0x00, 0x07, 0x80, 0x00, 0x3F, 0xFE, 0x01, 0xFF, 0xF0, 0x07, 0xFC, 0x00, 0x7F,
    0x01, 0xFF, 0x03, 0xFE, 0x00, 0x3F, 0x00, 0xFC, 0x0F, 0xE1, 0xFC, 0x3F, 0xC0, 0xFC, 0x00, 0x00,
    0x00, 0x00, 0x03, 0xF0, 0x0F, 0xC0, 0x37, 0x00, 0x30, 0x01, 0xC0, 0x03, 0x00, 0x7F, 0x00, 0x1F,
    0xF0, 0x03, 0xFE, 0x00, 0x03, 0xF0, 0x00, 0xFC, 0x00, 0xFE, 0x01, 0xFF, 0xC3, 0xFC, 0x7E, 0xFC,
    0x0F, 0x80, 0x00, 0x00, 0x00, 0x00, 0x36, 0x00, 0x1D, 0xC0, 0x03, 0x60, 0x00, 0x70, 0x00, 0x1C,
    0x00, 0x02, 0x00, 0x00, 0x18, 0x03, 0x00, 0x7C, 0x0F, 0xC1, 0xD8, 0x7F, 0x0F, 0xC0, 0x00, 0x00,
    0x00, 0x00, 0x0C, 0x03, 0xC0, 0x38, 0x07, 0x80, 0x70, 0x07, 0x00, 0xE0, 0x1C, 0x03, 0xB8, 0xF7,
    0xFC, 0xFF, 0x01, 0x00, 0x18, 0x00, 0x30, 0x00, 0x7C, 0x00, 0xFC, 0x01, 0xDC, 0x07, 0xF0, 0x0F,
    0xE0, 0x00, 0x00, 0x00, 0x00, 0x00, 0x00, 0x0C, 0x00, 0x38, 0x00, 0x38, 0x00, 0x78, 0x00, 0x70,
    0x00, 0x70, 0x00, 0xE0, 0x01, 0xC0, 0x03, 0xC3, 0x8F, 0xC7, 0xFF, 0xEF, 0xF3, 0xC1, 0x00, 0x00,
    0x04, 0x07, 0x03, 0x83, 0x63, 0xB9, 0xD8, 0x00, 0x00, 0x02, 0x03, 0x81, 0xC0, 0x60, 0x38, 0x1C,
    0x0E, 0x07, 0x03, 0x83, 0x83, 0xC3, 0xCF, 0xC7, 0xC1, 0x80, 0x0C, 0x00, 0x70, 0x03, 0x80, 0x76,
    0x03, 0xF0, 0x1D, 0x80, 0x00, 0x00, 0x00, 0x02, 0x00, 0x38, 0x01, 0xC0, 0x06, 0x00, 0x38, 0x01,
    0xC0, 0x0F, 0x00, 0x7E, 0x03, 0xF0, 0x38, 0x03, 0xC0, 0x3C, 0x0F, 0xC0, 0x7C, 0x01, 0x80, 0x00,
    0x18, 0x06, 0x01, 0xF0, 0x7E, 0x1D, 0x8F, 0xE3, 0xF0, 0x00, 0x00, 0x00, 0x00, 0x20, 0x1C, 0x07,
    0x00, 0xC0, 0x38, 0x0E, 0x03, 0x80, 0xE0, 0x38, 0x1C, 0x0F, 0x07, 0x8F, 0xC3, 0xE0, 0x60, 0x00,
    0x18, 0x00, 0xC0, 0x07, 0xC0, 0x3F, 0x01, 0xD8, 0x1F, 0xC0, 0xFC, 0x00, 0x00, 0x00, 0x00, 0x00,
    0x00, 0x80, 0x0E, 0x00, 0x70, 0x01, 0x80, 0x0E, 0x00, 0x70, 0x03, 0xC0, 0x1F, 0x80, 0xFC, 0x0E,
    0x00, 0xF0, 0x0F, 0x03, 0xF0, 0x1F, 0x00, 0x60, 0x00, 0x00, 0x00, 0x0C, 0x00, 0x00, 0x78, 0x00,
    0x03, 0xF0, 0x00, 0x1F, 0x80, 0x00, 0x7C, 0x00, 0x01, 0xE0, 0x00, 0x03, 0x80, 0x00, 0x07, 0x80,
    0x00, 0x07, 0x80, 0xC0, 0x03, 0x81, 0xC0, 0x03, 0x83, 0x00, 0x03, 0x8E, 0x00, 0x07, 0x1C, 0x00,
    0x07, 0x3C, 0x00, 0x0E, 0x3C, 0x00, 0x3C, 0x7F, 0xFF, 0xF0, 0x3F, 0xFF, 0xC0, 0x1F, 0xFC, 0x00,
    0x00, 0x00, 0x0C, 0x00, 0x00, 0x0F, 0x00, 0x00, 0x0F, 0xC0, 0x00, 0x0F, 0xC0, 0x00, 0x07, 0xC0,
    0x00, 0x03, 0xC0, 0x00, 0x00, 0xE0, 0x00, 0x00, 0x3C, 0x00, 0x00, 0x07, 0x80, 0x18, 0x00, 0xF0,
    0x07, 0x00, 0x1E, 0x01, 0x80, 0x03, 0xC0, 0xE0, 0x00, 0x70, 0x38, 0x00, 0x0E, 0x0F, 0x00, 0x03,
    0xC1, 0xE0, 0x03, 0xF8, 0x7F, 0xFF, 0xFF, 0xC7, 0xFF, 0xF9, 0xF0, 0x7F, 0xF0, 0x00, 0x00, 0x40,
    0x3C, 0x1F, 0x8F, 0xC7, 0xE0, 0xF0, 0x3C, 0x03, 0xC0, 0x3C, 0x03, 0xC0, 0x3C, 0x03, 0x80, 0x38,
    0x07, 0x00, 0xE0, 0x3C, 0xFF, 0x1F, 0xC3, 0x00, 0x00, 0x00, 0x40, 0x0F, 0x80, 0x7E, 0x07, 0xE0,
    0x7E, 0x01, 0xE0, 0x0E, 0x00, 0x1C, 0x00, 0x78, 0x00, 0x70, 0x00, 0xE0, 0x01, 0xC0, 0x03, 0x80,
    0x0E, 0x00, 0x3C, 0x01, 0xFC, 0xFF, 0xFF, 0xF9, 0xFC, 0x00, 0x00, 0x00, 0x00, 0x10, 0x00, 0x00,
    0xF0, 0x00, 0x03, 0xE0, 0x00, 0x1F, 0x60, 0x00, 0xFB, 0xC0, 0x01, 0xDF, 0x80, 0x02, 0xFC, 0x00,
    0x03, 0xE0, 0x00, 0x0F, 0x00, 0x00, 0x1C, 0x00, 0x00, 0x3C, 0x00, 0x00, 0x3C, 0x06, 0x00, 0x1C,
    0x0E, 0x00, 0x1C, 0x18, 0x00, 0x1C, 0x70, 0x00, 0x38, 0xE0, 0x00, 0x39, 0xE0, 0x00, 0x71, 0xE0,
    0x01, 0xE3, 0xFF, 0xFF, 0x81, 0xFF, 0xFE, 0x00, 0xFF, 0xE0, 0x00, 0x00, 0x00, 0x10, 0x00, 0x00,
    0x1E, 0x00, 0x00, 0x0F, 0x80, 0x00, 0x0F, 0xB0, 0x00, 0x0F, 0xBC, 0x00, 0x03, 0xBF, 0x00, 0x00,
    0xBF, 0x00, 0x00, 0x1F, 0x00, 0x00, 0x0F, 0x00, 0x00, 0x03, 0x80, 0x00, 0x00, 0xF0, 0x00, 0x00,
    0x1E, 0x00, 0x60, 0x03, 0xC0, 0x1C, 0x00, 0x78, 0x06, 0x00, 0x0F, 0x03, 0x80, 0x01, 0xC0, 0xE0,
    0x00, 0x38, 0x3C, 0x00, 0x0F, 0x07, 0x80, 0x0F, 0xE1, 0xFF, 0xFF, 0xFF, 0x1F, 0xFF, 0xE7, 0xC1,
    0xFF, 0xC0, 0x00, 0x00, 0x80, 0x70, 0x3E, 0x1F, 0x27, 0x9F, 0xEF, 0xF7, 0xE3, 0xF0, 0x78, 0x1E,
    0x01, 0xE0, 0x1E, 0x01, 0xE0, 0x1E, 0x01, 0xC0, 0x1C, 0x03, 0x80, 0x70, 0x1E, 0x7F, 0x8F, 0xE1,
    0x80, 0x00, 0x00, 0x80, 0x0E, 0x00, 0xF8, 0x0F, 0x90, 0x7B, 0xE3, 0xDF, 0x8D, 0xF8, 0x1F, 0x80,
    0x78, 0x03, 0x80, 0x07, 0x00, 0x1E, 0x00, 0x1C, 0x00, 0x38, 0x00, 0x70, 0x00, 0xE0, 0x03, 0x80,
    0x0F, 0x00, 0x7F, 0x3F, 0xFF, 0xFE, 0x7F, 0x00, 0x00, 0x00, 0x0E, 0x00, 0x0E, 0x00, 0x0E, 0x20,
    0x07, 0x70, 0x07, 0x70, 0x07, 0x60, 0x07, 0xE0, 0x07, 0xE0, 0x07, 0x70, 0x07, 0x78, 0x1E, 0x7F,
    0xFC, 0x3F, 0xF8, 0x0F, 0xF0, 0x00, 0x00, 0x00, 0x00, 0xE0, 0x00, 0x07, 0x02, 0x00, 0x70, 0x70,
    0x07, 0x07, 0x00, 0x78, 0x60, 0x07, 0xFE, 0x00, 0x7F, 0xE0, 0x07, 0x07, 0x00, 0x70, 0x70, 0x0E,
    0x07, 0xFF, 0xE0, 0x3F, 0xFC, 0x00, 0xFF, 0x00, 0x08, 0x07, 0x81, 0xE0, 0xFC, 0x3B, 0x9C, 0x66,
    0x1F, 0x87, 0xE1, 0xDC, 0xE7, 0xF8, 0xFC, 0x04, 0x00, 0xFC, 0x07, 0xF8, 0x3C, 0xE0, 0xE1, 0x83,
    0x87, 0x0E, 0x1E, 0x18, 0x3E, 0x60, 0x78, 0x00, 0x00, 0x00, 0xE3, 0x8E, 0x1C, 0x71, 0xC7, 0x3F,
    0xEF, 0x04, 0x30, 0x87, 0x0C, 0x38, 0x03, 0xC0, 0x3E, 0x3D, 0xF3, 0xE3, 0xBE, 0x0D, 0xC0, 0x7C,
    0x03, 0xE0, 0x0F, 0x00, 0x38, 0x01, 0x80, 0x01, 0x00, 0x03, 0x80, 0x03, 0xC0, 0x03, 0xF0, 0x07,
    0xF8, 0x0E, 0x7C, 0x0E, 0x3E, 0x0E, 0x7E, 0x0E, 0x77, 0x07, 0xF7, 0x07, 0xE7, 0xFF, 0xFF, 0xFF,
    0xFE, 0x18, 0x18, 0x00, 0x60, 0x00, 0xF8, 0x00, 0xFE, 0x00, 0x77, 0x00, 0x73, 0x80, 0x39, 0xC0,
    0x1C, 0xE0, 0x0C, 0xF0, 0x4F, 0xF8, 0x7F, 0xFF, 0xFF, 0xFF, 0xE1, 0xC1, 0x80, 0x70, 0xC0, 0x3C,
    0x60, 0x0F, 0xF0, 0x03, 0xF8, 0x00, 0xF0, 0x00, 0x08, 0x00, 0x38, 0x00, 0xF0, 0x07, 0xE0, 0x3F,
    0xC0, 0xE7, 0x83, 0x1F, 0x0C, 0x7E, 0x39, 0xF8, 0xFE, 0x71, 0xF1, 0xFF, 0xFE, 0xFF, 0xF8, 0x01,
    0x80, 0x03, 0x80, 0x1F, 0x00, 0xFC, 0x07, 0x38, 0x1C, 0xE0, 0xE3, 0x83, 0x8C, 0x0E, 0x70, 0x3F,
    0xC3, 0xFF, 0xFF, 0xFF, 0xCE, 0x1C, 0x38, 0x70, 0xF1, 0xC1, 0xFE, 0x03, 0xF8, 0x03, 0x80, 0x03,
    0x00, 0x00, 0x0F, 0x00, 0x00, 0x1F, 0x00, 0x00, 0x7F, 0x00, 0x01, 0xCE, 0x00, 0x07, 0x8C, 0x00,
    0x1E, 0x10, 0x00, 0x38, 0x00, 0x00, 0xE0, 0x00, 0x00, 0xF0, 0x00, 0x0D, 0xFF, 0xFF, 0xF8, 0xFF,
    0xFF, 0xF0, 0x3F, 0xFE, 0x00, 0x07, 0xFE, 0x7F, 0xFD, 0xFF, 0xF7, 0x80, 0x0C, 0x00, 0x1C, 0x00,
    0x3F, 0x80, 0x1F, 0xFF, 0x0F, 0xFE, 0x0C, 0x00, 0x00, 0x78, 0x00, 0x00, 0xC0, 0x00, 0x01, 0x80,
    0x00, 0x01, 0xE0, 0x00, 0x07, 0xC0, 0x00, 0x0C, 0xC0, 0x00, 0x03, 0xC0, 0x00, 0x07, 0xC0, 0x00,
    0x1F, 0xC0, 0x00, 0x73, 0x80, 0x01, 0xE3, 0x00, 0x07, 0x84, 0x00, 0x0E, 0x00, 0x00, 0x38, 0x00,
    0x00, 0x3C, 0x00, 0x03, 0x7F, 0xFF, 0xFE, 0x3F, 0xFF, 0xFC, 0x0F, 0xFF, 0x80, 0x0C, 0x00, 0x78,
    0x00, 0xC0, 0x01, 0x80, 0x01, 0xE0, 0x07, 0xC0, 0x0C, 0x00, 0x03, 0xFF, 0x3F, 0xFE, 0xFF, 0xFB,
    0xC0, 0x06, 0x00, 0x0E, 0x00, 0x1F, 0xC0, 0x0F, 0xFF, 0x87, 0xFF, 0x00, 0x03, 0xC0, 0x01, 0xFC,
    0x00, 0x7F, 0x00, 0x1E, 0x00, 0x03, 0x80, 0x00, 0xE0, 0x08, 0x1C, 0x03, 0x83, 0xE0, 0x70, 0x3F,
    0x0C, 0x01, 0xFB, 0x80, 0x07, 0x70, 0x00, 0xE7, 0x00, 0x3C, 0xF0, 0x0F, 0x1F, 0xFF, 0xC1, 0xFF,
    0xF0, 0x0F, 0xF0, 0x00, 0x20, 0x00, 0x07, 0x00, 0xC0, 0x70, 0x0F, 0x86, 0x00, 0xFF, 0xE0, 0x03,
    0xFE, 0x00, 0x1C, 0x70, 0x01, 0xC7, 0x80, 0x78, 0x3F, 0xFF, 0x81, 0xFF, 0xE0, 0x0F, 0xF8, 0x00,
    0x00, 0x18, 0x38, 0x70, 0xE0, 0xC1, 0x83, 0x0E, 0xFD, 0xF0, 0x00, 0x0D, 0xDF, 0xB7, 0x00, 0x01,
    0xC0, 0x30, 0x0E, 0x01, 0xC0, 0x7C, 0x3F, 0xFF, 0xBF, 0x00, 0x00, 0x00, 0xD8, 0x3B, 0x83, 0x60,
    0x1F, 0x0F, 0xC7, 0xA1, 0xC0, 0x70, 0x1C, 0x03, 0xF8, 0x7F, 0xFF, 0x3F, 0x04, 0x00, 0x38, 0x7F,
    0xD3, 0xC0, 0x00, 0x00, 0xE0, 0x70, 0x38, 0x0C, 0x06, 0x03, 0x01, 0x80, 0xC0, 0x60, 0x30, 0x18,
    0x0E, 0x07, 0x03, 0x81, 0xC0, 0xE0, 0x38, 0x1F, 0xF1, 0x3C, 0x00, 0x00, 0x00, 0x38, 0x07, 0x00,
    0x60, 0x0C, 0x01, 0x80, 0x30, 0x06, 0x00, 0xE0, 0x1C, 0x03, 0x80, 0x70, 0x0E, 0x01, 0xC0, 0x38,
    0x07, 0x00, 0xF0, 0x1F, 0xC1, 0xF8, 0x00, 0x33, 0xCC, 0x30, 0xFB, 0xEC, 0x00, 0x71, 0xC7, 0x0C,
    0x30, 0xC3, 0x0C, 0x30, 0xC3, 0x0E, 0x38, 0xE3, 0x8E, 0x30, 0x78, 0x30, 0x18, 0x0F, 0x87, 0xC3,
    0x00, 0x00, 0x70, 0x38, 0x0C, 0x06, 0x03, 0x01, 0x80, 0xC0, 0x70, 0x38, 0x1C, 0x0E, 0x07, 0x03,
    0x81, 0xC0, 0xE0, 0x78, 0x3F, 0x8F, 0xC0, 0x00, 0x0C, 0x1E, 0x0C, 0x06, 0x03, 0xE1, 0xF0, 0xC0,
    0x38, 0x3F, 0x3F, 0x9C, 0xFC, 0x7E, 0x3F, 0x1D, 0xFE, 0xFF, 0x0F, 0x83, 0x87, 0xDF, 0xCF, 0xC7,
    0x00, 0x0C, 0x01, 0xE0, 0x0C, 0x00, 0x60, 0x03, 0xE0, 0x1F, 0x00, 0xC0, 0x00, 0x00, 0x1C, 0x01,
    0xF8, 0x1F, 0xC0, 0xE7, 0x0E, 0x38, 0x71, 0xC3, 0xCE, 0x0F, 0xFE, 0x7F, 0xF0, 0x3F, 0x01, 0xC0,
    0x3E, 0x0F, 0xE0, 0x7E, 0x03, 0x80, 0x00, 0xE3, 0x8E, 0x18, 0x61, 0x86, 0x18, 0x61, 0x86, 0x1C,
    0x71, 0xC7, 0x1C, 0x71, 0xC0, 0x0C, 0xF3, 0x0C, 0x1E, 0xFB, 0x00, 0xE0, 0xE0, 0x60, 0x60, 0x60,
    0x60, 0x60, 0x70, 0x70, 0x70, 0x70, 0x70, 0x70, 0x70, 0x70, 0x78, 0x7F, 0x3F, 0x00, 0x30, 0xF0,
    0xC0, 0xC0, 0x78, 0xF8, 0xC0, 0x0E, 0x00, 0x03, 0xC0, 0x78, 0x60, 0x3F, 0x8C, 0x0F, 0xE1, 0xF3,
    0xC0, 0x3E, 0x70, 0x06, 0x1C, 0x01, 0x03, 0x80, 0x70, 0x7C, 0x0E, 0x07, 0xE1, 0x80, 0x3F, 0x70,
    0x00, 0xEE, 0x00, 0x1C, 0xE0, 0x07, 0x9E, 0x01, 0xE3, 0xFF, 0xF8, 0x3F, 0xFE, 0x01, 0xFE, 0x00,
    0x0E, 0x00, 0x01, 0xE0, 0x00, 0x18, 0x00, 0x01, 0x80, 0x00, 0x1F, 0x00, 0x01, 0xF0, 0x00, 0x18,
    0x00, 0x02, 0x00, 0x00, 0x70, 0x0C, 0x07, 0x00, 0xF8, 0x60, 0x0F, 0xFE, 0x00, 0x3F, 0xE0, 0x01,
    0xC7, 0x00, 0x1C, 0x78, 0x07, 0x83, 0xFF, 0xF8, 0x1F, 0xFE, 0x00, 0xFF, 0x80, 0x31, 0xEE, 0x38,
    0x7F, 0xF6, 0x00, 0x38, 0xE3, 0x87, 0x1C, 0x71, 0xCF, 0xFB, 0xC0, 0x00, 0x18, 0x1E, 0x06, 0x01,
    0x80, 0x3C, 0x1F, 0x06, 0x00, 0x00, 0x1C, 0x07, 0x01, 0xC0, 0x70, 0x3E, 0x3F, 0xFF, 0x7C, 0x00,
    0xEE, 0xE6, 0x66, 0x66, 0x66, 0x67, 0x77, 0x77, 0x77, 0xE0, 0xE0, 0x60, 0x60, 0x60, 0x60, 0x60,
    0x70, 0x70, 0x70, 0x70, 0x70, 0x70, 0x70, 0x70, 0x78, 0x7F, 0x3F, 0x00, 0x00, 0x00, 0x00, 0x00,
    0x00, 0x0E, 0x60, 0x00, 0x0E, 0x70, 0x00, 0x07, 0x60, 0x00, 0x07, 0xE0, 0x00, 0x07, 0xE0, 0x00,
    0x07, 0xF0, 0x00, 0x07, 0x78, 0x00, 0x1E, 0x7F, 0xFF, 0xFE, 0x1F, 0xFF, 0xF8, 0x07, 0xFF, 0x80,
    0x00, 0x00, 0x00, 0x00, 0x00, 0x00, 0x00, 0x18, 0x00, 0x00, 0x1C, 0x00, 0x00, 0x18, 0x00, 0x60,
    0x00, 0x00, 0x03, 0x80, 0x00, 0x00, 0x18, 0x00, 0x00, 0x01, 0xC0, 0x00, 0x06, 0x0E, 0x00, 0x00,
    0x78, 0x78, 0x00, 0x0F, 0x81, 0xE0, 0x03, 0xFF, 0x0F, 0xFF, 0xFF, 0x7F, 0x1F, 0xFF, 0xE1, 0xF8,
    0x3F, 0xF0, 0x00, 0x00, 0x00, 0x00, 0x00, 0x00, 0x00, 0x00, 0x00, 0x03, 0x80, 0x00, 0x00, 0x1C,
    0x00, 0x00, 0x00, 0xE0, 0x00, 0x00, 0x00, 0xE3, 0x8E, 0x1C, 0x71, 0xC7, 0x3F, 0xEF, 0x00, 0x01,
    0xC7, 0x1C, 0x00, 0x07, 0x01, 0xC0, 0x70, 0x1C, 0x0F, 0x8F, 0xFF, 0xDF, 0x00, 0x00, 0x01, 0x80,
    0x70, 0x18, 0x00, 0x3B, 0x0F, 0xE3, 0xB0, 0x00, 0x00, 0x02, 0x01, 0xE0, 0x78, 0x3F, 0x0E, 0xE7,
    0x19, 0x87, 0xE1, 0xF8, 0x77, 0x39, 0xFE, 0x3F, 0x00, 0x1D, 0x80, 0x7E, 0x01, 0xD8, 0x00, 0x00,
    0x00, 0x00, 0x00, 0x00, 0x18, 0x00, 0x60, 0x0F, 0xC0, 0x7F, 0x03, 0xFC, 0x1C, 0x70, 0x61, 0xC3,
    0x87, 0x07, 0xFC, 0x1F, 0xF0, 0x3F, 0xE0, 0x03, 0xF0, 0x07, 0xC0, 0x00, 0x00, 0x76, 0x00, 0x00,
    0x7E, 0x00, 0x00, 0x76, 0x00, 0x00, 0x00, 0x0E, 0x60, 0x00, 0x0E, 0x70, 0x00, 0x07, 0x60, 0x00,
    0x07, 0xE0, 0x00, 0x07, 0xE0, 0x00, 0x07, 0xF0, 0x00, 0x07, 0x78, 0x00, 0x1E, 0x7F, 0xFF, 0xFE,
    0x1F, 0xFF, 0xF8, 0x07, 0xFF, 0x80, 0x00, 0x76, 0x00, 0x00, 0x03, 0xF8, 0x00, 0x00, 0x1D, 0x80,
    0x00, 0x00, 0x00, 0x00, 0x06, 0x00, 0x00, 0x00, 0x38, 0x00, 0x00, 0x01, 0x80, 0x00, 0x00, 0x1C,
    0x00, 0x00, 0x60, 0xE0, 0x00, 0x07, 0x87, 0x80, 0x00, 0xF8, 0x1E, 0x00, 0x3F, 0xF0, 0xFF, 0xFF,
    0xF7, 0xF1, 0xFF, 0xFE, 0x1F, 0x83, 0xFF, 0x00, 0x00, 0xED, 0xFF, 0xB0, 0x00, 0x00, 0x0E, 0x1C,
    0x38, 0x38, 0x70, 0xE1, 0xC7, 0xBE, 0x78, 0x00, 0x33, 0x07, 0xE0, 0xFC, 0x00, 0x00, 0x00, 0x00,
    0x03, 0x80, 0x60, 0x1C, 0x03, 0x80, 0xF8, 0x7F, 0xFF, 0x7E, 0x00, 0x00, 0x00, 0x18, 0x00, 0x00,
    0x1C, 0x00, 0x00, 0x1C, 0x00, 0x00, 0x76, 0x00, 0x00, 0x7E, 0x00, 0x00, 0x76, 0x00, 0x00, 0x00,
    0x0E, 0x60, 0x00, 0x0E, 0x70, 0x00, 0x07, 0x60, 0x00, 0x07, 0xE0, 0x00, 0x07, 0xE0, 0x00, 0x07,
    0xF0, 0x00, 0x07, 0x78, 0x00, 0x1E, 0x7F, 0xFF, 0xFE, 0x1F, 0xFF, 0xF8, 0x07, 0xFF, 0x80, 0x00,
    0x18, 0x00, 0x00, 0x00, 0xE0, 0x00, 0x00, 0x07, 0x00, 0x00, 0x00, 0xEC, 0x00, 0x00, 0x07, 0xF0,
    0x00, 0x00, 0x3B, 0x00, 0x00, 0x00, 0x00, 0x00, 0x0C, 0x00, 0x00, 0x00, 0x70, 0x00, 0x00, 0x03,
    0x00, 0x00, 0x00, 0x38, 0x00, 0x00, 0xC1, 0xC0, 0x00, 0x0F, 0x0F, 0x00, 0x01, 0xF0, 0x3C, 0x00,
    0x7F, 0xE1, 0xFF, 0xFF, 0xEF, 0xE3, 0xFF, 0xFC, 0x3F, 0x07, 0xFE, 0x00, 0x00, 0x30, 0x70, 0xE7,
    0x6F, 0xFD, 0x80, 0x00, 0x00, 0x70, 0xE1, 0xC1, 0xC3, 0x87, 0x0E, 0x3D, 0xF3, 0xC0, 0x00, 0x0C,
    0x03, 0x80, 0x30, 0x19, 0x83, 0xF0, 0x7E, 0x00, 0x00, 0x00, 0x00, 0x01, 0xC0, 0x30, 0x0E, 0x01,
    0xC0, 0x7C, 0x3F, 0xFF, 0xBF, 0x00, 0x00, 0x3C, 0x00, 0xFF, 0x01, 0xFF, 0xF0, 0x0F, 0xF0, 0x1F,
    0xE0, 0xFC, 0x03, 0xC0, 0x0F, 0x00, 0x38, 0x00, 0xE0, 0x01, 0xC0, 0x07, 0x04, 0x0E, 0x1C, 0x1C,
    0x38, 0x38, 0x20, 0x70, 0x00, 0xF0, 0x00, 0xF0, 0x00, 0xFF, 0xF8, 0xFF, 0xF0, 0x7F, 0x80, 0x3C,
    0x00, 0x1F, 0xE0, 0x07, 0xFF, 0xC0, 0x07, 0xF8, 0x01, 0xFE, 0x01, 0xFC, 0x00, 0xF3, 0x00, 0x78,
    0xE0, 0x38, 0x3C, 0x1C, 0x07, 0xF7, 0x00, 0xFF, 0x82, 0x00, 0xE1, 0xC0, 0x38, 0x70, 0x0E, 0x08,
    0x03, 0x80, 0x00, 0xF0, 0x00, 0x1E, 0x00, 0x03, 0xFF, 0xE0, 0x7F, 0xF8, 0x07, 0xF8, 0x00, 0x7F,
    0x01, 0xFF, 0x03, 0xFE, 0x00, 0x3F, 0x00, 0xFC, 0x0F, 0xE1, 0xFC, 0x3F, 0xC0, 0xFC, 0x00, 0x00,
    0x00, 0x00, 0x00, 0xC0, 0x07, 0x80, 0x0C, 0x00, 0x7F, 0x00, 0x1F, 0xF0, 0x03, 0xFE, 0x00, 0x03,
    0xF0, 0x00, 0xFC, 0x00, 0xFE, 0x01, 0xFF, 0xC3, 0xFC, 0x7E, 0xFC, 0x0F, 0x80, 0x00, 0x00, 0x00,
    0x00, 0x1C, 0x00, 0x07, 0x00, 0x01, 0xC0, 0x00, 0x3C, 0x00, 0xFF, 0x01, 0xFF, 0xF0, 0x0F, 0xF0,
    0x1F, 0xE0, 0xFC, 0x03, 0xC0, 0x0F, 0x00, 0x38, 0x00, 0xE0, 0x01, 0xC0, 0x07, 0x00, 0x0E, 0x00,
    0x1C, 0x00, 0x38, 0x00, 0x70, 0x00, 0xF0, 0x00, 0xF0, 0x00, 0xFF, 0xF8, 0xFF, 0xF0, 0x7F, 0x80,
    0x3C, 0x00, 0x1F, 0xE0, 0x07, 0xFF, 0xC0, 0x07, 0xF8, 0x01, 0xFE, 0x01, 0xFC, 0x00, 0xF3, 0x00,
    0x78, 0xE0, 0x38, 0x3C, 0x1C, 0x07, 0xF7, 0x00, 0xFF, 0x80, 0x00, 0xE0, 0x00, 0x38, 0x00, 0x0E,
    0x00, 0x03, 0x80, 0x00, 0xF0, 0x00, 0x1E, 0x00, 0x03, 0xFF, 0xE0, 0x7F, 0xF8, 0x07, 0xF8, 0x00,
    0x7F, 0x01, 0xFF, 0x03, 0xFE, 0x00, 0x3F, 0x00, 0xFC, 0x0F, 0xE1, 0xFC, 0x3F, 0xC0, 0xFC, 0x00,
    0x00, 0x00, 0x7F, 0x00, 0x1F, 0xF0, 0x03, 0xFE, 0x00, 0x03, 0xF0, 0x00, 0xFC, 0x00, 0xFE, 0x01,
    0xFF, 0xC3, 0xFC, 0x7E, 0xFC, 0x0F, 0x80, 0x00, 0x00, 0x01, 0x80, 0x07, 0x00, 0x0E, 0x00, 0x00,
    0x00, 0x00, 0x07, 0x80, 0x1F, 0xE0, 0x3F, 0xFE, 0x01, 0xFE, 0x03, 0xFC, 0x1F, 0x80, 0x78, 0x01,
    0xE0, 0x07, 0x00, 0x1C, 0x00, 0x38, 0x00, 0xE0, 0x01, 0xC0, 0x03, 0x80, 0x07, 0x00, 0x0E, 0x00,
    0x1E, 0x00, 0x1E, 0x00, 0x1F, 0xFF, 0x1F, 0xFE, 0x0F, 0xF0, 0x01, 0x80, 0x00, 0xE0, 0x00, 0x38,
    0x00, 0x00, 0x00, 0x00, 0x00, 0x0F, 0x00, 0x07, 0xF8, 0x01, 0xFF, 0xF0, 0x01, 0xFE, 0x00, 0x7F,
    0x80, 0x7F, 0x00, 0x3C, 0xC0, 0x1E, 0x38, 0x0E, 0x0F, 0x07, 0x01, 0xFD, 0xC0, 0x3F, 0xE0, 0x00,
    0x38, 0x00, 0x0E, 0x00, 0x03, 0x80, 0x00, 0xE0, 0x00, 0x3C, 0x00, 0x07, 0x80, 0x00, 0xFF, 0xF8,
    0x1F, 0xFE, 0x01, 0xFE, 0x00, 0x18, 0x00, 0x70, 0x01, 0x80, 0x00, 0x00, 0x00, 0x01, 0xFC, 0x07,
    0xFC, 0x0F, 0xF8, 0x00, 0xFC, 0x03, 0xF0, 0x3F, 0x87, 0xF0, 0xFF, 0x03, 0xF0, 0x00, 0x00, 0x00,
    0x18, 0x00, 0x0E, 0x00, 0x01, 0x80, 0x00, 0x00, 0x00, 0x00, 0x00, 0x1F, 0xC0, 0x07, 0xFC, 0x00,
    0xFF, 0x80, 0x00, 0xFC, 0x00, 0x3F, 0x00, 0x3F, 0x80, 0x7F, 0xF0, 0xFF, 0x1F, 0xBF, 0x03, 0xE0,
    0x00, 0x00, 0x03, 0x00, 0xF0, 0x0E, 0x01, 0xE0, 0x1C, 0x01, 0xC0, 0x38, 0x07, 0x00, 0xEE, 0x3D,
    0xFF, 0x3F, 0xC0, 0x40, 0x03, 0x00, 0x0E, 0x00, 0x0E, 0x00, 0x1E, 0x00, 0x1C, 0x00, 0x1C, 0x00,
    0x38, 0x00, 0x70, 0x00, 0xF0, 0xE3, 0xF1, 0xFF, 0xFB, 0xFC, 0xF0, 0x40, 0x00, 0x0C, 0x01, 0xC0,
    0x38, 0x00, 0x00, 0x00, 0x06, 0x01, 0xE0, 0x1C, 0x03, 0xC0, 0x38, 0x03, 0x80, 0x70, 0x0E, 0x01,
    0xDC, 0x7B, 0xFE, 0x7F, 0x80, 0x80, 0x0E, 0x00, 0x1C, 0x00, 0x38, 0x00, 0x00, 0x00, 0x00, 0x00,
    0x60, 0x01, 0xC0, 0x01, 0xC0, 0x03, 0xC0, 0x03, 0x80, 0x03, 0x80, 0x07, 0x00, 0x0E, 0x00, 0x1E,
    0x1C, 0x7E, 0x3F, 0xFF, 0x7F, 0x9E, 0x08, 0x00, 0x02, 0x03, 0x81, 0xC0, 0x60, 0x38, 0x1C, 0x0E,
    0x07, 0x03, 0x83, 0x83, 0xC3, 0xCF, 0xC7, 0xC1, 0x80, 0x02, 0x00, 0x38, 0x01, 0xC0, 0x06, 0x00,
    0x38, 0x01, 0xC0, 0x0F, 0x00, 0x7E, 0x03, 0xF0, 0x38, 0x03, 0xC0, 0x3C, 0x0F, 0xC0, 0x7C, 0x01,
    0x80, 0x00, 0x0E, 0x07, 0x03, 0x80, 0x00, 0x00, 0x10, 0x1C, 0x0E, 0x03, 0x01, 0xC0, 0xE0, 0x70,
    0x38, 0x1C, 0x1C, 0x1E, 0x1E, 0x7E, 0x3E, 0x0C, 0x00, 0x0C, 0x00, 0xF0, 0x03, 0x00, 0x00, 0x00,
    0x00, 0x01, 0x00, 0x1C, 0x00, 0xE0, 0x03, 0x00, 0x1C, 0x00, 0xE0, 0x07, 0x80, 0x3F, 0x01, 0xF8,
    0x1C, 0x01, 0xE0, 0x1E, 0x07, 0xE0, 0x3E, 0x00, 0xC0, 0x00, 0x00, 0x00, 0x00, 0x00, 0x00, 0x00,
    0x01, 0x80, 0x00, 0x00, 0x0E, 0x00, 0x00, 0x00, 0x70, 0x00, 0xE0, 0xE3, 0x80, 0x03, 0x87, 0x0C,
    0x80, 0x1C, 0x38, 0x6E, 0x00, 0xE1, 0xC3, 0x70, 0x07, 0x9E, 0x3B, 0x00, 0x3F, 0xFF, 0xF8, 0x01,
    0xFF, 0xFD, 0xC0, 0x0E, 0x00, 0x07, 0x00, 0x70, 0x00, 0x3C, 0x07, 0x00, 0x00, 0xFF, 0xF8, 0x00,
    0x03, 0xFF, 0x80, 0x00, 0x0F, 0xF0, 0x00, 0x00, 0x00, 0x00, 0x00, 0x38, 0x00, 0x00, 0x00, 0x1C,
    0x00, 0x03, 0x83, 0x8E, 0x00, 0x00, 0xE1, 0xC3, 0x02, 0x00, 0x70, 0xE1, 0x83, 0x80, 0x38, 0x71,
    0xE1, 0xC0, 0x1E, 0x78, 0xF8, 0xC0, 0x0F, 0xFF, 0xFF, 0xE0, 0x07, 0xFF, 0xE7, 0xF0, 0x03, 0x80,
    0x00, 0x1C, 0x01, 0xC0, 0x00, 0x0F, 0x01, 0xC0, 0x00, 0x03, 0xFF, 0xE0, 0x00, 0x00, 0xFF, 0xE0,
    0x00, 0x00, 0x3F, 0xC0, 0x00, 0x00, 0x00, 0x00, 0x00, 0x00, 0x38, 0x00, 0x07, 0x00, 0x00, 0xE1,
    0xC3, 0x8C, 0x38, 0x61, 0xC7, 0x0C, 0x39, 0xC3, 0x87, 0x3C, 0x79, 0xDF, 0xFF, 0xFB, 0xFF, 0x7E,
    0x00, 0x00, 0x00, 0x00, 0x00, 0xC0, 0x00, 0x01, 0x80, 0x70, 0xE3, 0x80, 0xE1, 0x87, 0x01, 0xC3,
    0x0E, 0x07, 0x0E, 0x1C, 0x0F, 0x1E, 0x7C, 0x7F, 0xFF, 0xFF, 0xFF, 0xDF, 0xBE, 0x00, 0x00, 0x00,
    0x00, 0x00, 0x08, 0x00, 0x00, 0x00, 0xE0, 0x00, 0x00, 0x07, 0x00, 0x00, 0x00, 0x6C, 0x00, 0x00,
    0x07, 0x70, 0x00, 0x00, 0x1B, 0x80, 0x00, 0x00, 0x00, 0x00, 0x00, 0x00, 0x06, 0x00, 0x00, 0x00,
    0x38, 0x00, 0x00, 0x01, 0xC0, 0x03, 0x83, 0x8E, 0x00, 0x0E, 0x1C, 0x32, 0x00, 0x70, 0xE1, 0xB8,
    0x03, 0x87, 0x0D, 0xC0, 0x1E, 0x78, 0xEC, 0x00, 0xFF, 0xFF, 0xE0, 0x07, 0xFF, 0xF7, 0x00, 0x38,
    0x00, 0x1C, 0x01, 0xC0, 0x00, 0xF0, 0x1C, 0x00, 0x03, 0xFF, 0xE0, 0x00, 0x0F, 0xFE, 0x00, 0x00,
    0x3F, 0xC0, 0x00, 0x00, 0x00, 0x00, 0x08, 0x00, 0x00, 0x00, 0x0E, 0x00, 0x00, 0x00, 0x07, 0x00,
    0x00, 0x00, 0x06, 0xC0, 0x00, 0x00, 0x07, 0x70, 0x00, 0x00, 0x01, 0xB8, 0x00, 0x00, 0x00, 0x00,
    0x00, 0x00, 0x00, 0x00, 0x00, 0x00, 0x00, 0x00, 0x38, 0x00, 0x00, 0x00, 0x1C, 0x00, 0x03, 0x83,
    0x8E, 0x00, 0x00, 0xE1, 0xC3, 0x02, 0x00, 0x70, 0xE1, 0x83, 0x80, 0x38, 0x71, 0xE1, 0xC0, 0x1E,
    0x78, 0xF8, 0xC0, 0x0F, 0xFF, 0xFF, 0xE0, 0x07, 0xFF, 0xE7, 0xF0, 0x03, 0x80, 0x00, 0x1C, 0x01,
    0xC0, 0x00, 0x0F, 0x01, 0xC0, 0x00, 0x03, 0xFF, 0xE0, 0x00, 0x00, 0xFF, 0xE0, 0x00, 0x00, 0x3F,
    0xC0, 0x00, 0x00, 0x00, 0x30, 0x00, 0x0E, 0x00, 0x01, 0xC0, 0x00, 0x6E, 0x00, 0x1F, 0xC0, 0x01,
    0xB8, 0x00, 0x00, 0x00, 0x00, 0x0E, 0x00, 0x01, 0xC0, 0x00, 0x38, 0x70, 0xE3, 0x0E, 0x18, 0x71,
    0xC3, 0x0E, 0x70, 0xE1, 0xCF, 0x1E, 0x77, 0xFF, 0xFE, 0xFF, 0xDF, 0x80, 0x00, 0x00, 0x00, 0x30,
    0x00, 0x00, 0xE0, 0x00, 0x01, 0xC0, 0x00, 0x06, 0xE0, 0x00, 0x1F, 0xC0, 0x00, 0x1B, 0x80, 0x00,
    0x00, 0x00, 0x00, 0x00, 0x00, 0x00, 0x00, 0xC0, 0x00, 0x01, 0x80, 0x70, 0xE3, 0x80, 0xE1, 0x87,
    0x01, 0xC3, 0x0E, 0x07, 0x0E, 0x1C, 0x0F, 0x1E, 0x7C, 0x7F, 0xFF, 0xFF, 0xFF, 0xDF, 0xBE, 0x00,
    0x00, 0x00, 0x00, 0x00, 0x00, 0x78, 0x00, 0x00, 0x01, 0xFC, 0x00, 0x00, 0x03, 0xFE, 0x00, 0x0E,
    0x0F, 0x8F, 0x00, 0x07, 0x1E, 0x07, 0x20, 0x07, 0x1C, 0x07, 0x70, 0x07, 0x38, 0x07, 0x70, 0x07,
    0xF0, 0x1E, 0x60, 0x07, 0xFF, 0xFC, 0xE0, 0x07, 0xFF, 0xF8, 0xE0, 0x07, 0x1F, 0x80, 0x70, 0x07,
    0x00, 0x00, 0x78, 0x0E, 0x00, 0x00, 0x3F, 0xFE, 0x00, 0x00, 0x1F, 0xFC, 0x00, 0x00, 0x0F, 0xF0,
    0x00, 0x00, 0x00, 0x00, 0x00, 0x78, 0x00, 0x00, 0x00, 0x1F, 0xC0, 0x00, 0x00, 0x03, 0xFE, 0x00,
    0x00, 0xE0, 0xF8, 0xF0, 0x00, 0x07, 0x1E, 0x07, 0x02, 0x00, 0x71, 0xC0, 0x70, 0x70, 0x07, 0x38,
    0x07, 0x07, 0x00, 0x7F, 0x01, 0xF0, 0x60, 0x07, 0xFF, 0xFF, 0xEE, 0x00, 0x7F, 0xFF, 0xFE, 0xE0,
    0x07, 0x1F, 0x80, 0x07, 0x00, 0x70, 0x00, 0x00, 0x78, 0x0E, 0x00, 0x00, 0x03, 0xFF, 0xE0, 0x00,
    0x00, 0x1F, 0xFC, 0x00, 0x00, 0x00, 0xFF, 0x00, 0x00, 0x00, 0x00, 0x00, 0xC0, 0x00, 0x1F, 0xC0,
    0x00, 0xFF, 0x87, 0x07, 0x8F, 0x1C, 0x38, 0x1C, 0x71, 0xC0, 0x73, 0xCE, 0x01, 0xDF, 0x70, 0x1E,
    0xFF, 0xFF, 0xF3, 0x9F, 0xFF, 0x80, 0x1F, 0xF0, 0x00, 0x00, 0x00, 0xC0, 0x00, 0x03, 0xF8, 0x00,
    0x03, 0xFE, 0x03, 0x83, 0xC7, 0x81, 0xC3, 0x81, 0xC0, 0xE3, 0x80, 0xE0, 0xF3, 0x80, 0x70, 0xFB,
    0x80, 0xF8, 0xFF, 0xFF, 0xFF, 0xF3, 0xFF, 0xFF, 0xC0, 0x7F, 0xC0, 0x00, 0x00, 0x00, 0x00, 0x60,
    0x00, 0x00, 0x00, 0x70, 0x00, 0x00, 0x00, 0x70, 0x00, 0x00, 0x00, 0x00, 0x00, 0x00, 0x00, 0x00,
    0x00, 0x00, 0x00, 0x78, 0x00, 0x00, 0x01, 0xFC, 0x00, 0x00, 0x03, 0xFE, 0x00, 0x0E, 0x0F, 0x8F,
    0x00, 0x07, 0x1E, 0x07, 0x20, 0x07, 0x1C, 0x07, 0x70, 0x07, 0x38, 0x07, 0x70, 0x07, 0xF0, 0x1E,
    0x60, 0x07, 0xFF, 0xFC, 0xE0, 0x07, 0xFF, 0xF8, 0xE0, 0x07, 0x1F, 0x80, 0x70, 0x07, 0x00, 0x00,
    0x78, 0x0E, 0x00, 0x00, 0x3F, 0xFE, 0x00, 0x00, 0x1F, 0xFC, 0x00, 0x00, 0x0F, 0xF0, 0x00, 0x00,
    0x00, 0x00, 0x00, 0x60, 0x00, 0x00, 0x00, 0x07, 0x00, 0x00, 0x00, 0x00, 0x70, 0x00, 0x00, 0x00,
    0x00, 0x00, 0x00, 0x00, 0x00, 0x00, 0x00, 0x00, 0x00, 0x07, 0x80, 0x00, 0x00, 0x01, 0xFC, 0x00,
    0x00, 0x00, 0x3F, 0xE0, 0x00, 0x0E, 0x0F, 0x8F, 0x00, 0x00, 0x71, 0xE0, 0x70, 0x20, 0x07, 0x1C,
    0x07, 0x07, 0x00, 0x73, 0x80, 0x70, 0x70, 0x07, 0xF0, 0x1F, 0x06, 0x00, 0x7F, 0xFF, 0xFE, 0xE0,
    0x07, 0xFF, 0xFF, 0xEE, 0x00, 0x71, 0xF8, 0x00, 0x70, 0x07, 0x00, 0x00, 0x07, 0x80, 0xE0, 0x00,
    0x00, 0x3F, 0xFE, 0x00, 0x00, 0x01, 0xFF, 0xC0, 0x00, 0x00, 0x0F, 0xF0, 0x00, 0x00, 0x00, 0x00,
    0x01, 0x80, 0x00, 0x07, 0x00, 0x00, 0x1C, 0x00, 0x00, 0x00, 0x00, 0x00, 0x00, 0x00, 0x03, 0x00,
    0x00, 0x7F, 0x00, 0x03, 0xFE, 0x1C, 0x1E, 0x3C, 0x70, 0xE0, 0x71, 0xC7, 0x01, 0xCF, 0x38, 0x07,
    0x7D, 0xC0, 0x7B, 0xFF, 0xFF, 0xCE, 0x7F, 0xFE, 0x00, 0x7F, 0xC0, 0x00, 0x01, 0x80, 0x00, 0x00,
    0xE0, 0x00, 0x00, 0x70, 0x00, 0x00, 0x00, 0x00, 0x00, 0x00, 0x00, 0x00, 0x06, 0x00, 0x00, 0x1F,
    0xC0, 0x00, 0x1F, 0xF0, 0x1C, 0x1E, 0x3C, 0x0E, 0x1C, 0x0E, 0x07, 0x1C, 0x07, 0x07, 0x9C, 0x03,
    0x87, 0xDC, 0x07, 0xC7, 0xFF, 0xFF, 0xFF, 0x9F, 0xFF, 0xFE, 0x03, 0xFE, 0x00, 0x0E, 0x00, 0x01,
    0xC0, 0x00, 0x18, 0x00, 0x03, 0x00, 0x00, 0x60, 0x00, 0x0C, 0x00, 0x01, 0x80, 0x00, 0x30, 0x00,
    0x07, 0x07, 0x00, 0xE7, 0xF0, 0x1D, 0xFF, 0x03, 0xF8, 0xF0, 0x7C, 0x0E, 0x0F, 0x01, 0xC1, 0xC0,
    0x38, 0x70, 0x1E, 0xFF, 0xFF, 0x9F, 0xFF, 0xE0, 0x7F, 0xC0, 0x00, 0x0E, 0x00, 0x00, 0x1C, 0x00,
    0x00, 0x18, 0x00, 0x00, 0x30, 0x00, 0x00, 0x60, 0x00, 0x00, 0xC0, 0x00, 0x01, 0x80, 0x00, 0x03,
    0x00, 0x00, 0x07, 0x07, 0x00, 0x0E, 0x7F, 0x00, 0x1D, 0xFF, 0x00, 0x3F, 0x8F, 0x00, 0x7C, 0x0E,
    0x00, 0xF0, 0x1C, 0x01, 0xC0, 0x38, 0x07, 0x01, 0xF0, 0xFF, 0xFF, 0xFD, 0xFF, 0xFF, 0xF8, 0x7F,
    0xC0, 0x00, 0x30, 0x00, 0x30, 0x00, 0x30, 0x00, 0x30, 0x00, 0x30, 0x00, 0x30, 0x00, 0x38, 0x00,
    0x38, 0x00, 0x38, 0x30, 0x38, 0xFE, 0x3B, 0xFE, 0x3F, 0xC7, 0x3F, 0x07, 0x3E, 0x07, 0x3C, 0x07,
    0x78, 0x7E, 0xFF, 0xFC, 0xFF, 0xF0, 0xF0, 0x00, 0x30, 0x00, 0x06, 0x00, 0x00, 0xC0, 0x00, 0x18,
    0x00, 0x03, 0x00, 0x00, 0x60, 0x00, 0x0E, 0x00, 0x01, 0xC0, 0x00, 0x38, 0x30, 0x07, 0x1F, 0xC0,
    0xEF, 0xF8, 0x1F, 0xE3, 0x83, 0xF0, 0x70, 0x7C, 0x0E, 0x0F, 0x01, 0xC3, 0xC3, 0xF8, 0xFF, 0xFF,
    0xFF, 0xFE, 0xFF, 0xC0, 0x00, 0x00, 0x0E, 0x00, 0x01, 0xC0, 0x00, 0x18, 0x00, 0x03, 0x03, 0x00,
    0x60, 0x70, 0x0C, 0x0C, 0x01, 0x80, 0x00, 0x30, 0x00, 0x07, 0x07, 0x00, 0xE7, 0xF0, 0x1D, 0xFF,
    0x03, 0xF8, 0xF0, 0x7C, 0x0E, 0x0F, 0x01, 0xC1, 0xC0, 0x38, 0x70, 0x1E, 0xFF, 0xFF, 0x9F, 0xFF,
    0xE0, 0x7F, 0xC0, 0x00, 0x0E, 0x00, 0x00, 0x1C, 0x00, 0x00, 0x18, 0x00, 0x00, 0x30, 0x60, 0x00,
    0x61, 0xC0, 0x00, 0xC1, 0x80, 0x01, 0x80, 0x00, 0x03, 0x00, 0x00, 0x07, 0x07, 0x00, 0x0E, 0x7F,
    0x00, 0x1D, 0xFF, 0x00, 0x3F, 0x8F, 0x00, 0x7C, 0x0E, 0x00, 0xF0, 0x1C, 0x01, 0xC0, 0x38, 0x07,
    0x01, 0xF0, 0xFF, 0xFF, 0xFD, 0xFF, 0xFF, 0xF8, 0x7F, 0xC0, 0x00, 0x30, 0x00, 0x30, 0x00, 0x30,
    0x00, 0x30, 0x60, 0x30, 0x70, 0x30, 0x60, 0x38, 0x00, 0x38, 0x00, 0x38, 0x30, 0x38, 0xFE, 0x3B,
    0xFE, 0x3F, 0xC7, 0x3F, 0x07, 0x3E, 0x07, 0x3C, 0x07, 0x78, 0x7E, 0xFF, 0xFC, 0xFF, 0xF0, 0xF0,
    0x00, 0x30, 0x00, 0x06, 0x00, 0x00, 0xC0, 0x00, 0x18, 0x30, 0x03, 0x07, 0x00, 0x60, 0xC0, 0x0E,
    0x00, 0x01, 0xC0, 0x00, 0x38, 0x30, 0x07, 0x1F, 0xC0, 0xEF, 0xF8, 0x1F, 0xE3, 0x83, 0xF0, 0x70,
    0x7C, 0x0E, 0x0F, 0x01, 0xC3, 0xC3, 0xF8, 0xFF, 0xFF, 0xFF, 0xFE, 0xFF, 0xC0, 0x00, 0x00, 0x0F,
    0x00, 0x7F, 0x01, 0xFE, 0x03, 0x80, 0x06, 0x00, 0x0C, 0x00, 0x1C, 0x10, 0x3F, 0xF0, 0x3F, 0xE0,
    0x3E, 0x00, 0xF0, 0x03, 0xC0, 0x07, 0x00, 0x1C, 0x00, 0x38, 0x00, 0x70, 0x00, 0xE0, 0x01, 0xC0,
    0x03, 0x80, 0x03, 0xC0, 0x07, 0xFF, 0xC7, 0xFF, 0xC3, 0xFE, 0x00, 0x03, 0x80, 0x3F, 0x80, 0xFF,
    0x83, 0xC7, 0x07, 0x86, 0x07, 0x9C, 0x07, 0xF0, 0x07, 0xE0, 0x0F, 0xE0, 0x3F, 0xFC, 0xF3, 0xFB,
    0xC0, 0x0F, 0x00, 0x1C, 0x00, 0x38, 0x00, 0x70, 0x00, 0xE0, 0x01, 0xE0, 0x11, 0xFF, 0xF1, 0xFF,
    0xE1, 0xFF, 0x00, 0x0F, 0xC1, 0xFC, 0x3E, 0x83, 0x80, 0x30, 0x03, 0x00, 0x38, 0x03, 0xE7, 0x1F,
    0xFF, 0xFE, 0xFF, 0x00, 0x00, 0x03, 0x80, 0x3F, 0x80, 0xFF, 0x83, 0xC7, 0x07, 0x06, 0x07, 0x9C,
    0x07, 0xF8, 0x07, 0xE0, 0x1F, 0xE1, 0xFF, 0xFB, 0xE3, 0xF8, 0x00, 0x00, 0x06, 0x00, 0x1E, 0x00,
    0x18, 0x00, 0x00, 0x00, 0x00, 0x01, 0xE0, 0x0F, 0xE0, 0x3F, 0xC0, 0x70, 0x00, 0xC0, 0x01, 0x80,
    0x03, 0x82, 0x07, 0xFE, 0x07, 0xFC, 0x07, 0xC0, 0x1E, 0x00, 0x78, 0x00, 0xE0, 0x03, 0x80, 0x07,
    0x00, 0x0E, 0x00, 0x1C, 0x00, 0x38, 0x00, 0x70, 0x00, 0x78, 0x00, 0xFF, 0xF8, 0xFF, 0xF8, 0x7F,
    0xC0, 0x03, 0x00, 0x07, 0x00, 0x0E, 0x00, 0x00, 0x00, 0x00, 0x00, 0x70, 0x07, 0xF0, 0x1F, 0xF0,
    0x78, 0xE0, 0xF0, 0xC0, 0xF3, 0x80, 0xFE, 0x00, 0xFC, 0x01, 0xFC, 0x07, 0xFF, 0x9E, 0x7F, 0x78,
    0x01, 0xE0, 0x03, 0x80, 0x07, 0x00, 0x0E, 0x00, 0x1C, 0x00, 0x3C, 0x02, 0x3F, 0xFE, 0x3F, 0xFC,
    0x3F, 0xE0, 0x03, 0x00, 0x70, 0x07, 0x00, 0x00, 0x00, 0x00, 0xFC, 0x1F, 0xC3, 0xE8, 0x38, 0x03,
    0x00, 0x30, 0x03, 0x80, 0x3E, 0x71, 0xFF, 0xFF, 0xEF, 0xF0, 0x00, 0x00, 0x03, 0x00, 0x0E, 0x00,
    0x0C, 0x00, 0x00, 0x00, 0x00, 0x00, 0x70, 0x07, 0xF0, 0x1F, 0xF0, 0x78, 0xE0, 0xE0, 0xC0, 0xF3,
    0x80, 0xFF, 0x00, 0xFC, 0x03, 0xFC, 0x3F, 0xFF, 0x7C, 0x7F, 0x00, 0x00, 0x00, 0x00, 0x30, 0x00,
    0x00, 0x78, 0x00, 0x00, 0x30, 0x00, 0x00, 0x00, 0x00, 0x00, 0x00, 0x00, 0x00, 0x38, 0x00, 0x00,
    0x7C, 0x00, 0x00, 0xFE, 0x00, 0x01, 0xCE, 0x60, 0x01, 0xC7, 0x70, 0x01, 0xC7, 0x60, 0x01, 0xC7,
    0xE0, 0x01, 0xFF, 0xE0, 0x00, 0xFF, 0xF0, 0x00, 0x07, 0x78, 0x00, 0x0E, 0x7F, 0xFF, 0xFE, 0x1F,
    0xFF, 0xFC, 0x07, 0xFF, 0xE0, 0x00, 0x00, 0x0C, 0x00, 0x00, 0x00, 0x70, 0x00, 0x00, 0x03, 0x80,
    0x00, 0x00, 0x00, 0x00, 0x00, 0x00, 0x00, 0x00, 0x00, 0x07, 0x00, 0x00, 0x00, 0xFC, 0x0C, 0x00,
    0x07, 0xF0, 0x70, 0x00, 0x73, 0xC3, 0x00, 0x03, 0x8E, 0x38, 0x00, 0x1C, 0x71, 0xC0, 0x00, 0xE3,
    0x8F, 0x00, 0x07, 0xB8, 0x3C, 0x00, 0x1F, 0xC1, 0xFF, 0xFF, 0xFF, 0xE3, 0xFF, 0xFF, 0xFF, 0x07,
    0xFF, 0x80, 0x00, 0x0E, 0x01, 0xC0, 0x38, 0x00, 0x00, 0x00, 0x1E, 0x07, 0xE1, 0xFE, 0x39, 0xC6,
    0x39, 0xC3, 0x1C, 0x63, 0xFC, 0x3F, 0x80, 0x70, 0x3C, 0xFF, 0x9F, 0xC0, 0x00, 0x00, 0x06, 0x00,
    0x1C, 0x00, 0x60, 0x00, 0x00, 0x00, 0x00, 0x1C, 0x01, 0xF8, 0x07, 0xF0, 0x39, 0xE0, 0xE3, 0x83,
    0x0E, 0x0E, 0x38, 0x3D, 0xC0, 0x7F, 0x0F, 0xFF, 0xFF, 0xFF, 0x00, 0x00, 0x00, 0x1B, 0x80, 0x07,
    0xF0, 0x00, 0x6E, 0x00, 0x00, 0x00, 0x00, 0x00, 0x00, 0x0E, 0x00, 0x07, 0xE0, 0x00, 0xFE, 0x00,
    0x39, 0xC0, 0x07, 0x19, 0xC0, 0xC3, 0xB8, 0x1C, 0x77, 0x03, 0xFF, 0xC0, 0x3F, 0xB8, 0x01, 0xF7,
    0x00, 0x0E, 0x70, 0x03, 0xCF, 0x00, 0xF0, 0xFF, 0xFC, 0x0F, 0xFF, 0x00, 0x7F, 0x80, 0x00, 0x1D,
    0x80, 0x00, 0x7F, 0x00, 0x01, 0xD8, 0x00, 0x00, 0x00, 0x00, 0x00, 0x00, 0x00, 0x18, 0x00, 0x00,
    0xF8, 0x00, 0x07, 0xF0, 0x00, 0x39, 0xC0, 0x00, 0xE7, 0x03, 0x03, 0x0E, 0x1C, 0x0E, 0x38, 0x70,
    0x3F, 0xFD, 0x80, 0x7F, 0xFE, 0x00, 0x3F, 0x38, 0x00, 0x70, 0x70, 0x03, 0xC1, 0xE0, 0x1E, 0x03,
    0xFF, 0xF0, 0x0F, 0xFF, 0x80, 0x0F, 0xF8, 0x00, 0x1B, 0x07, 0x70, 0x6E, 0x00, 0x00, 0x00, 0x1E,
    0x07, 0xE1, 0xFE, 0x39, 0xC6, 0x39, 0xC3, 0x1C, 0x63, 0xFC, 0x3F, 0x80, 0x70, 0x3C, 0xFF, 0x9F,
    0xC0, 0x00, 0x00, 0x1D, 0x80, 0x7E, 0x01, 0xD8, 0x00, 0x00, 0x00, 0x00, 0x1C, 0x01, 0xF8, 0x07,
    0xF0, 0x39, 0xE0, 0xE3, 0x83, 0x0E, 0x0E, 0x38, 0x3D, 0xC0, 0x7F, 0x0F, 0xFF, 0xFF, 0xFF, 0x00,
    0x00, 0x00, 0x00, 0x30, 0x00, 0x01, 0x80, 0x00, 0x0E, 0x00, 0x00, 0x70, 0x00, 0x83, 0x80, 0x1E,
    0x1C, 0x00, 0xE0, 0xE0, 0x0E, 0x07, 0x00, 0x38, 0x3B, 0x00, 0xC1, 0xDC, 0x0F, 0x0E, 0xC1, 0xF0,
    0x7E, 0x06, 0x03, 0xF0, 0x00, 0x1F, 0xC0, 0x00, 0xEF, 0x00, 0x1E, 0x7F, 0xFF, 0xF0, 0xFF, 0xFF,
    0x01, 0xFF, 0x80, 0x00, 0x00, 0x30, 0x00, 0x00, 0x18, 0x00, 0x00, 0x0E, 0x00, 0x00, 0x07, 0x00,
    0x00, 0x83, 0x80, 0x01, 0xE1, 0xC0, 0x00, 0xE0, 0xE0, 0x00, 0xE0, 0x70, 0x00, 0x38, 0x38, 0x30,
    0x0C, 0x1C, 0x1C, 0x0F, 0x0E, 0x0C, 0x1F, 0x07, 0x0E, 0x06, 0x03, 0x87, 0x00, 0x01, 0xC3, 0xC0,
    0x00, 0xE0, 0xF0, 0x01, 0xF8, 0x7F, 0xFF, 0xFF, 0x8F, 0xFF, 0xF7, 0xC1, 0xFF, 0xC0, 0x00, 0x00,
    0x40, 0x3C, 0x1F, 0x8F, 0xC7, 0xE0, 0xF0, 0x3C, 0x03, 0xC0, 0x3C, 0x03, 0xC0, 0x3C, 0x03, 0x80,
    0x38, 0x07, 0x00, 0xE0, 0x3C, 0xFF, 0x1F, 0xC3, 0x00, 0x00, 0x00, 0x40, 0x0F, 0x80, 0x7E, 0x07,
    0xE0, 0x7E, 0x01, 0xE0, 0x0E, 0x00, 0x1C, 0x00, 0x78, 0x00, 0x70, 0x00, 0xE0, 0x01, 0xC0, 0x03,
    0x80, 0x0E, 0x00, 0x3C, 0x01, 0xFC, 0xFF, 0xFF, 0xF9, 0xFC, 0x00, 0x00, 0x00, 0x07, 0x00, 0x07,
    0x00, 0x07, 0x00, 0x07, 0x00, 0x07, 0x00, 0x07, 0x00, 0x07, 0x00, 0x07, 0x00, 0x07, 0x00, 0x07,
    0x00, 0x07, 0x00, 0x07, 0x00, 0x07, 0x20, 0x07, 0x70, 0x07, 0x70, 0x07, 0x60, 0x07, 0xE0, 0x07,
    0xE0, 0x07, 0x70, 0x0E, 0x78, 0x1E, 0x7F, 0xFC, 0x3F, 0xF8, 0x0F, 0xF0, 0x00, 0x07, 0x00, 0x00,
    0x70, 0x00, 0x07, 0x00, 0x00, 0x70, 0x00, 0x07, 0x00, 0x00, 0x70, 0x00, 0x07, 0x00, 0x00, 0x70,
    0x00, 0x07, 0x00, 0x00, 0x70, 0x00, 0x07, 0x00, 0x00, 0x70, 0x00, 0x07, 0x02, 0x00, 0x70, 0x70,
    0x07, 0x07, 0x00, 0x78, 0x60, 0x07, 0xFE, 0x00, 0x7F, 0xE0, 0x07, 0x07, 0x00, 0xF0, 0x78, 0x1E,
    0x03, 0xFF, 0xC0, 0x1F, 0xF8, 0x00, 0xFE, 0x00, 0x38, 0xE3, 0x8E, 0x38, 0xE3, 0x8E, 0x38, 0xE3,
    0x8E, 0x18, 0x61, 0x8E, 0xFB, 0xC0, 0x00, 0x38, 0x1C, 0x0E, 0x07, 0x03, 0x81, 0xC0, 0xE0, 0x70,
    0x38, 0x1C, 0x0E, 0x07, 0x01, 0x80, 0xC0, 0x70, 0x7C, 0xFF, 0xFB, 0xC0, 0x00, 0x07, 0x81, 0xFC,
    0x3F, 0xE3, 0x8E, 0x30, 0x60, 0x06, 0x0F, 0xE3, 0xFE, 0x7F, 0xEF, 0x00, 0xE0, 0x0E, 0x00, 0xE0,
    0x0E, 0x00, 0xE0, 0x06, 0x00, 0x60, 0x07, 0x00, 0x70, 0x07, 0x00, 0x00, 0x00, 0x07, 0xC0, 0x0F,
    0xE0, 0x1F, 0xE0, 0x3C, 0x70, 0x78, 0x70, 0x7C, 0x30, 0xFE, 0x38, 0xEF, 0xFF, 0xE7, 0xFF, 0xE1,
    0xC0, 0xE0, 0x00, 0xE0, 0x00, 0xE0, 0x00, 0xE0, 0x00, 0x60, 0x00, 0x70, 0x00, 0x70, 0x00, 0x70,
    0x00, 0x70, 0x00, 0x07, 0xC0, 0xFE, 0x0F, 0xE1, 0xC7, 0x18, 0x73, 0x87, 0x7E, 0x7F, 0xFE, 0xE7,
    0xE0, 0x00, 0x00, 0x00, 0x07, 0xC0, 0x0F, 0xE0, 0x0E, 0xE0, 0x1C, 0x70, 0x38, 0x70, 0x3C, 0x38,
    0x7E, 0x3C, 0xFF, 0xFF, 0xE7, 0xFF, 0x01, 0xC0, 0x01, 0x80, 0x01, 0xC0, 0x01, 0xC0, 0x00, 0x00,
    0x00, 0x00, 0x00, 0x0E, 0x00, 0x0E, 0x00, 0x0E, 0x20, 0x07, 0x70, 0x07, 0x70, 0x07, 0x60, 0x07,
    0xE0, 0x07, 0xE0, 0x07, 0x70, 0x07, 0x78, 0x1E, 0x7F, 0xFC, 0x3F, 0xF8, 0x0F, 0xF0, 0x01, 0x80,
    0x00, 0x1C, 0x00, 0x01, 0xC0, 0x00, 0x00, 0x00, 0x00, 0x00, 0x00, 0x00, 0x00, 0x00, 0x0E, 0x00,
    0x00, 0x70, 0x20, 0x07, 0x07, 0x00, 0x70, 0x70, 0x07, 0x86, 0x00, 0x7F, 0xE0, 0x07, 0xFE, 0x00,
    0x70, 0x70, 0x07, 0x07, 0x00, 0xE0, 0x7F, 0xFE, 0x03, 0xFF, 0xC0, 0x0F, 0xF0, 0x00, 0x30, 0xE3,
    0x00, 0x00, 0x03, 0x8E, 0x38, 0x71, 0xC7, 0x1C, 0xFF, 0xBC, 0x00, 0x18, 0x0E, 0x01, 0x80, 0x00,
    0x00, 0x00, 0x01, 0xC0, 0x70, 0x1C, 0x07, 0x03, 0xE3, 0xFF, 0xF7, 0xC0, 0x00, 0x08, 0x07, 0x81,
    0xE0, 0xFC, 0x3B, 0x9C, 0x66, 0x1F, 0x87, 0xE1, 0xDC, 0xE7, 0xF8, 0xFC, 0x01, 0x80, 0x06, 0x00,
    0xFC, 0x07, 0xF0, 0x3F, 0xC1, 0xC7, 0x06, 0x1C, 0x38, 0x70, 0x7F, 0xC1, 0xFF, 0x03, 0xFE, 0x00,
    0x3F, 0x00, 0x7C, 0x00, 0x00, 0x08, 0x00, 0x38, 0x00, 0xF0, 0x07, 0xE0, 0x3F, 0xC0, 0xE7, 0x83,
    0x1F, 0x0C, 0x7E, 0x39, 0xF8, 0xFE, 0x71, 0xF1, 0xFF, 0xFE, 0xFF, 0xF8, 0x01, 0x80, 0x03, 0x80,
    0x1F, 0x00, 0xFC, 0x07, 0x38, 0x1C, 0xE0, 0xE3, 0x83, 0x8C, 0x0E, 0x70, 0x3F, 0xC3, 0xFF, 0xFF,
    0xFF, 0xCE, 0x1C, 0x38, 0x70, 0xF1, 0xC1, 0xFE, 0x03, 0xF8, 0x03, 0x80, 0x1C, 0x1F, 0x9F, 0xCE,
    0x7E, 0x3F, 0x1F, 0x8E, 0xFF, 0x7F, 0x87, 0xC1, 0xC3, 0xEF, 0xE7, 0xE3, 0x80, 0x1C, 0x01, 0xF8,
    0x1F, 0xC0, 0xE7, 0x0E, 0x38, 0x71, 0xC3, 0xCE, 0x0F, 0xFE, 0x7F, 0xF0, 0x3F, 0x01, 0xC0, 0x3E,
    0x0F, 0xE0, 0x7E, 0x03, 0x80, 0x00, 0x00, 0x03, 0xC0, 0x01, 0xFC, 0x00, 0x7F, 0x00, 0x1E, 0x00,
    0x03, 0x80, 0x00, 0xE0, 0x08, 0x1C, 0x03, 0x83, 0xE0, 0x70, 0x3F, 0x0C, 0x01, 0xFB, 0x80, 0x07,
    0x70, 0x00, 0xE7, 0x00, 0x3C, 0xF0, 0x0F, 0x1F, 0xFF, 0xC1, 0xFF, 0xF0, 0x0F, 0xF0, 0x00, 0x20,
    0x00, 0x07, 0x00, 0xC0, 0x70, 0x0F, 0x86, 0x00, 0xFF, 0xE0, 0x03, 0xFE, 0x00, 0x1C, 0x70, 0x01,
    0xC7, 0x80, 0x78, 0x3F, 0xFF, 0x81, 0xFF, 0xE0, 0x0F, 0xF8, 0x00, 0x00, 0x03, 0xC0, 0x01, 0xFC,
    0x00, 0x7F, 0x00, 0x1E, 0x00, 0x03, 0x80, 0x00, 0xE0, 0x08, 0x1C, 0x03, 0x83, 0xE0, 0x70, 0x3F,
    0x0C, 0x01, 0xFB, 0x80, 0x07, 0x70, 0x00, 0xE7, 0x00, 0x3C, 0xF0, 0x0F, 0x1F, 0xFF, 0xC1, 0xFF,
    0xF0, 0x0F, 0xF0, 0x00, 0x00, 0x00, 0x00, 0x00, 0x01, 0xB8, 0x00, 0x3F, 0x00, 0x06, 0xE0, 0x00,
    0x20, 0x00, 0x07, 0x00, 0xC0, 0x70, 0x0F, 0x86, 0x00, 0xFF, 0xE0, 0x03, 0xFE, 0x00, 0x1C, 0x70,
    0x01, 0xC7, 0x80, 0x78, 0x3F, 0xFF, 0x81, 0xFF, 0xE0, 0x0F, 0xF8, 0x00, 0x00, 0x00, 0x00, 0x00,
    0x00, 0x76, 0x00, 0x07, 0xF0, 0x00, 0x76, 0x00, 0x00, 0x18, 0x38, 0x70, 0xE0, 0xC1, 0x83, 0x0E,
    0xFD, 0xF0, 0x00, 0x0D, 0xDF, 0xB7, 0x00, 0x01, 0xC0, 0x30, 0x0E, 0x01, 0xC0, 0x7C, 0x3F, 0xFF,
    0xBF, 0x00, 0x00, 0x00, 0xD8, 0x3B, 0x83, 0x60, 0x78, 0x01, 0xFF, 0x3B, 0x3C, 0x70, 0x00, 0xE0,
    0x81, 0xC3, 0x83, 0x87, 0xC7, 0x07, 0xCE, 0x03, 0xDC, 0x03, 0xF8, 0x03, 0xE0, 0x01, 0xC0, 0x07,
    0xC0, 0x1F, 0xC0, 0x7B, 0x81, 0xE3, 0x07, 0x8E, 0x1F, 0xFC, 0x3F, 0xF0, 0x38, 0x00, 0x0F, 0xF3,
    0x81, 0x3E, 0x70, 0x00, 0x0E, 0x00, 0x01, 0xC0, 0x30, 0x38, 0x07, 0x07, 0x00, 0x70, 0xE0, 0x07,
    0x1C, 0x00, 0x73, 0x80, 0x07, 0x70, 0x00, 0x7E, 0x00, 0x0F, 0xC0, 0x00, 0xF8, 0x00, 0x0F, 0x00,
    0x01, 0xF0, 0x01, 0xFE, 0x03, 0xFD, 0xF8, 0x7F, 0x1F, 0x00, 0x00, 0x00, 0x38, 0x01, 0xE0, 0x06,
    0x00, 0x18, 0x00, 0x7C, 0x39, 0xF0, 0xE6, 0x03, 0x84, 0x0E, 0x38, 0x38, 0xF8, 0xE1, 0xF3, 0x81,
    0xEE, 0x03, 0xF8, 0x07, 0xC0, 0x07, 0x00, 0x3E, 0x01, 0xFC, 0x0F, 0x70, 0x78, 0xC3, 0xC7, 0x1F,
    0xFC, 0x7F, 0xE0, 0x30, 0x00, 0x78, 0x00, 0x30, 0x00, 0x18, 0x00, 0x07, 0x87, 0x07, 0xC3, 0x83,
    0x01, 0xC0, 0x00, 0xE0, 0x60, 0x70, 0x38, 0x38, 0x0E, 0x1C, 0x03, 0x8E, 0x00, 0xE7, 0x00, 0x3B,
    0x80, 0x0F, 0xC0, 0x07, 0xE0, 0x01, 0xF0, 0x00, 0x78, 0x00, 0x3E, 0x00, 0xFF, 0x07, 0xFB, 0xF3,
    0xF8, 0xF8, 0x00, 0x00, 0x00, 0xE0, 0x0E, 0x00, 0xE4, 0x0E, 0xE0, 0xEF, 0x8E, 0x7C, 0xE1, 0xEE,
    0x0F, 0xE0, 0x7C, 0x01, 0xC0, 0x3E, 0x07, 0xF0, 0xF7, 0x1E, 0x33, 0xC7, 0x7F, 0xF7, 0xFE, 0x00,
    0x03, 0x80, 0x78, 0x06, 0x00, 0x60, 0x07, 0xC0, 0x7C, 0x06, 0x00, 0x00, 0xE0, 0x00, 0xE0, 0x00,
    0xE0, 0x00, 0xE0, 0xC0, 0xE0, 0xE0, 0xE0, 0x70, 0xE0, 0x38, 0xE0, 0x1C, 0xE0, 0x0E, 0xE0, 0x07,
    0xE0, 0x07, 0xE0, 0x03, 0xE0, 0x01, 0xE0, 0x01, 0xF0, 0x0F, 0xF0, 0xFF, 0x7E, 0xFE, 0x3E, 0x00,
    0x00, 0x0C, 0x00, 0x1E, 0x00, 0x38, 0x00, 0x38, 0x00, 0x1F, 0x00, 0x3F, 0x00, 0x18, 0x00, 0x00,
    0xE0, 0x0E, 0x00, 0xE4, 0x0E, 0xE0, 0xEF, 0x8E, 0x7C, 0xE1, 0xEE, 0x0F, 0xE0, 0x7C, 0x01, 0xC0,
    0x3E, 0x07, 0xF0, 0xF7, 0x1E, 0x33, 0xC7, 0x7F, 0xF7, 0xFE, 0x00, 0xE0, 0x00, 0xE0, 0x00, 0xE0,
    0x00, 0xE0, 0xC0, 0xE0, 0xE0, 0xE0, 0x70, 0xE0, 0x38, 0xE0, 0x1C, 0xE0, 0x0E, 0xE0, 0x07, 0xE0,
    0x07, 0xE0, 0x03, 0xE0, 0x01, 0xE0, 0x01, 0xF0, 0x0F, 0xF0, 0xFF, 0x7E, 0xFE, 0x3E, 0x00, 0x00,
};

static const EpdGlyph inter_12_regularGlyphs[] = {
    { 0, 0, 0, 0, 0, 0, 0 }, // U+0000
    { 0, 0, 0, 0, 0, 0, 0 }, // U+0001
    { 0, 0, 0, 0, 0, 0, 0 }, // U+0002
    { 0, 0, 0, 0, 0, 0, 0 }, // U+0003
    { 0, 0, 0, 0, 0, 0, 0 }, // U+0004
    { 0, 0, 0, 0, 0, 0, 0 }, // U+0005
    { 0, 0, 0, 0, 0, 0, 0 }, // U+0006
    { 0, 0, 0, 0, 0, 0, 0 }, // U+0007
    { 0, 0, 0, 0, 0, 0, 0 }, // U+0008
    { 0, 0, 0, 0, 0, 0, 0 }, // U+0009
    { 0, 0, 0, 0, 0, 0, 0 }, // U+000A
    { 0, 0, 0, 0, 0, 0, 0 }, // U+000B
    { 0, 0, 0, 0, 0, 0, 0 }, // U+000C
    { 0, 0, 0, 0, 0, 0, 0 }, // U+000D
    { 0, 0, 0, 0, 0, 0, 0 }, // U+000E
    { 0, 0, 0, 0, 0, 0, 0 }, // U+000F
    { 0, 0, 0, 0, 0, 0, 0 }, // U+0010
    { 0, 0, 0, 0, 0, 0, 0 }, // U+0011
    { 0, 0, 0, 0, 0, 0, 0 }, // U+0012
    { 0, 0, 0, 0, 0, 0, 0 }, // U+0013
    { 0, 0, 0, 0, 0, 0, 0 }, // U+0014
    { 0, 0, 0, 0, 0, 0, 0 }, // U+0015
    { 0, 0, 0, 0, 0, 0, 0 }, // U+0016
    { 0, 0, 0, 0, 0, 0, 0 }, // U+0017
    { 0, 0, 0, 0, 0, 0, 0 }, // U+0018
    { 0, 0, 0, 0, 0, 0, 0 }, // U+0019
    { 0, 0, 0, 0, 0, 0, 0 }, // U+001A
    { 0, 0, 0, 0, 0, 0, 0 }, // U+001B
    { 0, 0, 0, 0, 0, 0, 0 }, // U+001C
    { 0, 0, 0, 0, 0, 0, 0 }, // U+001D
    { 0, 0, 0, 0, 0, 0, 0 }, // U+001E
    { 0, 0, 0, 0, 0, 0, 0 }, // U+001F
    { 0, 0, 110, 0, 0, 0, 0 }, // U+0020
    { 5, 20, 109, 1, 19, 13, 0 }, // !
    { 7, 8, 181, 2, 19, 7, 13 }, // "
    { 16, 19, 250, 0, 19, 38, 20 }, // #
    { 14, 24, 254, 1, 21, 42, 58 }, // $
    { 20, 20, 380, 2, 19, 50, 100 }, // %
    { 15, 20, 254, 1, 19, 38, 150 }, // &
    { 3, 8, 116, 2, 19, 3, 188 }, // '
    { 6, 24, 140, 2, 20, 18, 191 }, // (
    { 6, 24, 140, 1, 20, 18, 209 }, // )
    { 11, 12, 197, 1, 19, 17, 227 }, // *
    { 13, 12, 262, 2, 13, 20, 244 }, // +
    { 4, 8, 109, 1, 3, 4, 264 }, // ,
    { 9, 3, 181, 1, 9, 4, 268 }, // -
    { 5, 5, 109, 1, 4, 4, 272 }, // .
    { 9, 23, 141, 0, 20, 26, 276 }, // /
    { 14, 20, 251, 1, 19, 35, 302 }, // 0
    { 7, 19, 159, 1, 19, 17, 337 }, // 1
    { 13, 19, 240, 1, 19, 31, 354 }, // 2
    { 13, 20, 245, 1, 19, 33, 385 }, // 3
    { 14, 19, 256, 1, 19, 34, 418 }, // 4
    { 13, 20, 236, 1, 19, 33, 452 }, // 5
    { 13, 20, 245, 1, 19, 33, 485 }, // 6
    { 12, 19, 222, 1, 19, 29, 518 }, // 7
    { 13, 20, 244, 1, 19, 33, 547 }, // 8
    { 13, 20, 245, 1, 19, 33, 580 }, // 9
    { 5, 15, 109, 1, 14, 10, 613 }, // :
    { 5, 19, 114, 1, 14, 12, 623 }, // ;
    { 12, 14, 262, 2, 14, 21, 635 }, // <
    { 12, 8, 262, 2, 11, 12, 656 }, // =
    { 13, 14, 262, 2, 14, 23, 668 }, // >
    { 12, 20, 206, 0, 19, 30, 691 }, // ?
    { 22, 23, 387, 1, 18, 64, 721 }, // @
    { 17, 19, 273, 0, 19, 41, 785 }, // A
    { 13, 19, 260, 2, 19, 31, 826 }, // B
    { 16, 20, 291, 1, 19, 40, 857 }, // C
    { 15, 19, 286, 2, 19, 36, 897 }, // D
    { 12, 19, 238, 2, 19, 29, 933 }, // E
    { 12, 19, 233, 2, 19, 29, 962 }, // F
    { 17, 20, 297, 1, 19, 43, 991 }, // G
    { 15, 19, 294, 2, 19, 36, 1034 }, // H
    { 3, 19, 104, 2, 19, 8, 1070 }, // I
    { 11, 20, 225, 1, 19, 28, 1078 }, // J
    { 14, 19, 265, 2, 19, 34, 1106 }, // K
    { 11, 19, 223, 2, 19, 27, 1140 }, // L
    { 19, 19, 357, 2, 19, 46, 1167 }, // M
    { 15, 19, 297, 2, 19, 36, 1213 }, // N
    { 17, 20, 304, 1, 19, 43, 1249 }, // O
    { 13, 19, 253, 2, 19, 31, 1292 }, // P
    { 17, 21, 304, 1, 19, 45, 1323 }, // Q
    { 14, 19, 256, 2, 19, 34, 1368 }, // R
    { 14, 20, 254, 1, 19, 35, 1402 }, // S
    { 14, 19, 255, 1, 19, 34, 1437 }, // T
    { 15, 20, 294, 2, 19, 38, 1471 }, // U
    { 17, 19, 273, 0, 19, 41, 1509 }, // V
    { 24, 19, 391, 0, 19, 57, 1550 }, // W
    { 17, 19, 270, 0, 19, 41, 1607 }, // X
    { 17, 19, 268, 0, 19, 41, 1648 }, // Y
    { 14, 19, 250, 1, 19, 34, 1689 }, // Z
    { 6, 24, 140, 2, 20, 18, 1723 }, // [
    { 9, 23, 141, 0, 20, 26, 1741 }, // <backslash>
    { 6, 24, 140, 1, 20, 18, 1767 }, // ]
    { 11, 9, 186, 0, 18, 13, 1785 }, // ^
    { 12, 3, 182, 0, 0, 5, 1798 }, // _
    { 5, 4, 122, 1, 19, 3, 1803 }, // `
    { 11, 15, 221, 1, 14, 21, 1806 }, // a
    { 13, 20, 241, 1, 19, 33, 1827 }, // b
    { 12, 15, 224, 1, 14, 23, 1860 }, // c
    { 13, 20, 241, 1, 19, 33, 1883 }, // d
    { 13, 15, 229, 1, 14, 25, 1916 }, // e
    { 9, 19, 142, 0, 19, 22, 1941 }, // f
    { 13, 20, 241, 1, 14, 33, 1963 }, // g
    { 12, 19, 233, 1, 19, 29, 1996 }, // h
    { 4, 19, 94, 1, 19, 10, 2025 }, // i
    { 6, 25, 94, -1, 19, 19, 2035 }, // j
    { 13, 19, 216, 1, 19, 31, 2054 }, // k
    { 4, 19, 94, 1, 19, 10, 2085 }, // l
    { 19, 14, 347, 1, 14, 34, 2095 }, // m
    { 12, 14, 232, 1, 14, 21, 2129 }, // n
    { 13, 15, 235, 1, 14, 25, 2150 }, // o
    { 13, 20, 241, 1, 14, 33, 2175 }, // p
    { 13, 20, 241, 1, 14, 33, 2208 }, // q
    { 8, 14, 146, 1, 14, 14, 2241 }, // r
    { 11, 15, 206, 1, 14, 21, 2255 }, // s
    { 8, 18, 129, 0, 17, 18, 2276 }, // t
    { 12, 15, 233, 1, 14, 23, 2294 }, // u
    { 14, 14, 220, 0, 14, 25, 2317 }, // v
    { 20, 14, 321, 0, 14, 35, 2342 }, // w
    { 13, 14, 215, 0, 14, 23, 2377 }, // x
    { 14, 20, 220, 0, 14, 35, 2400 }, // y
    { 11, 14, 214, 1, 14, 20, 2435 }, // z
    { 9, 24, 167, 1, 20, 27, 2455 }, // {
    { 2, 31, 130, 3, 25, 8, 2482 }, // |
    { 8, 24, 167, 1, 20, 24, 2490 }, // }
    { 14, 6, 262, 1, 10, 11, 2514 }, // ~
    { 0, 0, 0, 0, 0, 0, 2525 }, // U+007F
    { 0, 0, 0, 0, 0, 0, 2525 }, // U+0080
    { 0, 0, 0, 0, 0, 0, 2525 }, // U+0081
    { 0, 0, 0, 0, 0, 0, 2525 }, // U+0082
    { 0, 0, 0, 0, 0, 0, 2525 }, // U+0083
    { 0, 0, 0, 0, 0, 0, 2525 }, // U+0084
    { 0, 0, 0, 0, 0, 0, 2525 }, // U+0085
    { 0, 0, 0, 0, 0, 0, 2525 }, // U+0086
    { 0, 0, 0, 0, 0, 0, 2525 }, // U+0087
    { 0, 0, 0, 0, 0, 0, 2525 }, // U+0088
    { 0, 0, 0, 0, 0, 0, 2525 }, // U+0089
    { 0, 0, 0, 0, 0, 0, 2525 }, // U+008A
    { 0, 0, 0, 0, 0, 0, 2525 }, // U+008B
    { 0, 0, 0, 0, 0, 0, 2525 }, // U+008C
    { 0, 0, 0, 0, 0, 0, 2525 }, // U+008D
    { 0, 0, 0, 0, 0, 0, 2525 }, // U+008E
    { 0, 0, 0, 0, 0, 0, 2525 }, // U+008F
    { 0, 0, 0, 0, 0, 0, 2525 }, // U+0090
    { 0, 0, 0, 0, 0, 0, 2525 }, // U+0091
    { 0, 0, 0, 0, 0, 0, 2525 }, // U+0092
    { 0, 0, 0, 0, 0, 0, 2525 }, // U+0093
    { 0, 0, 0, 0, 0, 0, 2525 }, // U+0094
    { 0, 0, 0, 0, 0, 0, 2525 }, // U+0095
    { 0, 0, 0, 0, 0, 0, 2525 }, // U+0096
    { 0, 0, 0, 0, 0, 0, 2525 }, // U+0097
    { 0, 0, 0, 0, 0, 0, 2525 }, // U+0098
    { 0, 0, 0, 0, 0, 0, 2525 }, // U+0099
    { 0, 0, 0, 0, 0, 0, 2525 }, // U+009A
    { 0, 0, 0, 0, 0, 0, 2525 }, // U+009B
    { 0, 0, 0, 0, 0, 0, 2525 }, // U+009C
    { 0, 0, 0, 0, 0, 0, 2525 }, // U+009D
    { 0, 0, 0, 0, 0, 0, 2525 }, // U+009E
    { 0, 0, 0, 0, 0, 0, 2525 }, // U+009F
    { 0, 0, 110, 0, 0, 0, 2525 }, // U+00A0
    { 5, 19, 110, 1, 14, 12, 2525 }, // U+00A1
    { 12, 19, 224, 1, 19, 29, 2537 }, // U+00A2
    { 13, 19, 242, 1, 19, 31, 2566 }, // U+00A3
    { 16, 17, 287, 1, 16, 34, 2597 }, // U+00A4
    { 14, 19, 217, 0, 19, 34, 2631 }, // U+00A5
    { 3, 23, 105, 2, 19, 9, 2665 }, // U+00A6
    { 12, 23, 225, 1, 19, 35, 2674 }, // U+00A7
    { 9, 4, 232, 3, 19, 5, 2709 }, // U+00A8
    { 20, 20, 363, 1, 19, 50, 2714 }, // U+00A9
    { 10, 12, 179, 0, 19, 15, 2764 }, // U+00AA
    { 13, 13, 228, 1, 14, 22, 2779 }, // U+00AB
    { 11, 7, 262, 2, 10, 10, 2801 }, // U+00AC
    { 0, 0, 0, 0, 0, 0, 2811 }, // U+00AD
    { 15, 15, 263, 1, 19, 29, 2811 }, // U+00AE
    { 8, 2, 185, 2, 18, 2, 2840 }, // U+00AF
    { 9, 9, 179, 1, 19, 11, 2842 }, // U+00B0
    { 12, 14, 262, 2, 14, 21, 2853 }, // U+00B1
    { 9, 11, 172, 1, 21, 13, 2874 }, // U+00B2
    { 9, 11, 174, 1, 21, 13, 2887 }, // U+00B3
    { 5, 4, 122, 1, 19, 3, 2900 }, // U+00B4
    { 14, 20, 231, 1, 14, 35, 2903 }, // U+00B5
    { 12, 19, 238, 1, 19, 29, 2938 }, // U+00B6
    { 5, 5, 109, 1, 11, 4, 2967 }, // U+00B7
    { 6, 7, 104, 1, 1, 6, 2971 }, // U+00B8
    { 5, 11, 118, 1, 21, 7, 2977 }, // U+00B9
    { 11, 12, 190, 0, 19, 17, 2984 }, // U+00BA
    { 14, 13, 228, 0, 14, 23, 3001 }, // U+00BB
    { 19, 19, 314, 0, 19, 46, 3024 }, // U+00BC
    { 20, 19, 331, 0, 19, 48, 3070 }, // U+00BD
    { 20, 19, 346, 1, 19, 48, 3118 }, // U+00BE
    { 11, 19, 206, 1, 14, 27, 3166 }, // U+00BF
    { 17, 24, 273, 0, 24, 51, 3193 }, // U+00C0
    { 17, 24, 273, 0, 24, 51, 3244 }, // U+00C1
    { 17, 24, 273, 0, 24, 51, 3295 }, // U+00C2
    { 17, 24, 273, 0, 24, 51, 3346 }, // U+00C3
    { 17, 24, 273, 0, 24, 51, 3397 }, // U+00C4
    { 17, 25, 273, 0, 25, 54, 3448 }, // U+00C5
    { 24, 19, 395, 0, 19, 57, 3502 }, // U+00C6
    { 16, 25, 291, 1, 19, 50, 3559 }, // U+00C7
    { 12, 24, 238, 2, 24, 36, 3609 }, // U+00C8
    { 12, 24, 238, 2, 24, 36, 3645 }, // U+00C9
    { 12, 24, 238, 2, 24, 36, 3681 }, // U+00CA
    { 12, 24, 238, 2, 24, 36, 3717 }, // U+00CB
    { 5, 24, 104, 0, 24, 15, 3753 }, // U+00CC
    { 5, 24, 104, 2, 24, 15, 3768 }, // U+00CD
    { 9, 24, 104, -1, 24, 27, 3783 }, // U+00CE
    { 9, 24, 104, -1, 24, 27, 3810 }, // U+00CF
    { 17, 19, 293, 0, 19, 41, 3837 }, // U+00D0
    { 15, 24, 297, 2, 24, 45, 3878 }, // U+00D1
    { 17, 25, 304, 1, 24, 54, 3923 }, // U+00D2
    { 17, 25, 304, 1, 24, 54, 3977 }, // U+00D3
    { 17, 25, 304, 1, 24, 54, 4031 }, // U+00D4
    { 17, 25, 304, 1, 24, 54, 4085 }, // U+00D5
    { 17, 25, 304, 1, 24, 54, 4139 }, // U+00D6
    { 12, 12, 262, 2, 13, 18, 4193 }, // U+00D7
    { 17, 20, 304, 1, 19, 43, 4211 }, // U+00D8
    { 15, 25, 294, 2, 24, 47, 4254 }, // U+00D9
    { 15, 25, 294, 2, 24, 47, 4301 }, // U+00DA
    { 15, 25, 294, 2, 24, 47, 4348 }, // U+00DB
    { 15, 25, 294, 2, 24, 47, 4395 }, // U+00DC
    { 17, 24, 268, 0, 24, 51, 4442 }, // U+00DD
    { 13, 19, 251, 1, 19, 31, 4493 }, // U+00DE
    { 12, 19, 243, 2, 19, 29, 4524 }, // U+00DF
    { 11, 20, 221, 1, 19, 28, 4553 }, // U+00E0
    { 11, 20, 221, 1, 19, 28, 4581 }, // U+00E1
    { 11, 20, 221, 1, 19, 28, 4609 }, // U+00E2
    { 11, 20, 221, 1, 19, 28, 4637 }, // U+00E3
    { 11, 20, 221, 1, 19, 28, 4665 }, // U+00E4
    { 11, 22, 221, 1, 21, 31, 4693 }, // U+00E5
    { 21, 15, 363, 1, 14, 40, 4724 }, // U+00E6
    { 12, 20, 224, 1, 14, 30, 4764 }, // U+00E7
    { 13, 20, 229, 1, 19, 33, 4794 }, // U+00E8
    { 13, 20, 229, 1, 19, 33, 4827 }, // U+00E9
    { 13, 20, 229, 1, 19, 33, 4860 }, // U+00EA
    { 13, 20, 229, 1, 19, 33, 4893 }, // U+00EB
    { 6, 19, 94, -1, 19, 15, 4926 }, // U+00EC
    { 6, 19, 94, 1, 19, 15, 4941 }, // U+00ED
    { 8, 19, 94, -1, 19, 19, 4956 }, // U+00EE
    { 9, 19, 94, -2, 19, 22, 4975 }, // U+00EF
    { 13, 21, 230, 1, 20, 35, 4997 }, // U+00F0
    { 12, 19, 232, 1, 19, 29, 5032 }, // U+00F1
    { 13, 20, 235, 1, 19, 33, 5061 }, // U+00F2
    { 13, 20, 235, 1, 19, 33, 5094 }, // U+00F3
    { 13, 20, 235, 1, 19, 33, 5127 }, // U+00F4
    { 13, 20, 235, 1, 19, 33, 5160 }, // U+00F5
    { 13, 20, 235, 1, 19, 33, 5193 }, // U+00F6
    { 12, 14, 262, 2, 14, 21, 5226 }, // U+00F7
    { 14, 16, 235, 0, 15, 28, 5247 }, // U+00F8
    { 12, 20, 233, 1, 19, 30, 5275 }, // U+00F9
    { 12, 20, 233, 1, 19, 30, 5305 }, // U+00FA
    { 12, 20, 233, 1, 19, 30, 5335 }, // U+00FB
    { 12, 20, 233, 1, 19, 30, 5365 }, // U+00FC
    { 14, 25, 220, 0, 19, 44, 5395 }, // U+00FD
    { 13, 25, 241, 1, 19, 41, 5439 }, // U+00FE
    { 14, 25, 220, 0, 19, 44, 5480 }, // U+00FF
    { 17, 23, 273, 0, 23, 49, 5524 }, // U+0100
    { 11, 19, 221, 1, 18, 27, 5573 }, // U+0101
    { 17, 24, 273, 0, 24, 51, 5600 }, // U+0102
    { 11, 20, 221, 1, 19, 28, 5651 }, // U+0103
    { 18, 25, 273, 0, 19, 57, 5679 }, // U+0104
    { 12, 20, 221, 1, 14, 30, 5736 }, // U+0105
    { 16, 25, 291, 1, 24, 50, 5766 }, // U+0106
    { 12, 20, 224, 1, 19, 30, 5816 }, // U+0107
    { 16, 25, 291, 1, 24, 50, 5846 }, // U+0108
    { 12, 20, 224, 1, 19, 30, 5896 }, // U+0109
    { 16, 25, 291, 1, 24, 50, 5926 }, // U+010A
    { 12, 20, 224, 1, 19, 30, 5976 }, // U+010B
    { 16, 25, 291, 1, 24, 50, 6006 }, // U+010C
    { 12, 20, 224, 1, 19, 30, 6056 }, // U+010D
    { 15, 24, 286, 2, 24, 45, 6086 }, // U+010E
    { 17, 21, 280, 1, 20, 45, 6131 }, // U+010F
    { 17, 19, 293, 0, 19, 41, 6176 }, // U+0110
    { 15, 20, 241, 1, 19, 38, 6217 }, // U+0111
    { 12, 23, 238, 2, 23, 35, 6255 }, // U+0112
    { 13, 19, 229, 1, 18, 31, 6290 }, // U+0113
    { 12, 24, 238, 2, 24, 36, 6321 }, // U+0114
    { 13, 20, 229, 1, 19, 33, 6357 }, // U+0115
    { 12, 24, 238, 2, 24, 36, 6390 }, // U+0116
    { 13, 20, 229, 1, 19, 33, 6426 }, // U+0117
    { 13, 25, 238, 2, 19, 41, 6459 }, // U+0118
    { 13, 20, 229, 1, 14, 33, 6500 }, // U+0119
    { 12, 24, 238, 2, 24, 36, 6533 }, // U+011A
    { 13, 20, 229, 1, 19, 33, 6569 }, // U+011B
    { 17, 25, 297, 1, 24, 54, 6602 }, // U+011C
    { 13, 25, 241, 1, 19, 41, 6656 }, // U+011D
    { 17, 25, 297, 1, 24, 54, 6697 }, // U+011E
    { 13, 25, 241, 1, 19, 41, 6751 }, // U+011F
    { 17, 25, 297, 1, 24, 54, 6792 }, // U+0120
    { 13, 25, 241, 1, 19, 41, 6846 }, // U+0121
    { 17, 26, 297, 1, 19, 56, 6887 }, // U+0122
    { 13, 27, 241, 1, 21, 44, 6943 }, // U+0123
    { 15, 24, 294, 2, 24, 45, 6987 }, // U+0124
    { 14, 24, 233, -1, 24, 42, 7032 }, // U+0125
    { 18, 19, 306, 1, 19, 43, 7074 }, // U+0126
    { 13, 19, 233, 0, 19, 31, 7117 }, // U+0127
    { 8, 24, 104, -1, 24, 24, 7148 }, // U+0128
    { 8, 19, 94, -1, 19, 19, 7172 }, // U+0129
    { 8, 23, 104, -1, 23, 23, 7191 }, // U+012A
    { 8, 18, 94, -1, 18, 18, 7214 }, // U+012B
    { 8, 24, 104, -1, 24, 24, 7232 }, // U+012C
    { 8, 19, 94, -1, 19, 19, 7256 }, // U+012D
    { 6, 25, 104, 0, 19, 19, 7275 }, // U+012E
    { 6, 25, 94, -1, 19, 19, 7294 }, // U+012F
    { 4, 24, 104, 1, 24, 12, 7313 }, // U+0130
    { 4, 14, 94, 1, 14, 7, 7325 }, // U+0131
    { 17, 20, 329, 2, 19, 43, 7332 }, // U+0132
    { 10, 25, 187, 1, 19, 32, 7375 }, // U+0133
    { 14, 25, 225, 1, 24, 44, 7407 }, // U+0134
    { 8, 25, 94, -1, 19, 25, 7451 }, // U+0135
    { 14, 26, 265, 2, 19, 46, 7476 }, // U+0136
    { 13, 26, 216, 1, 19, 43, 7522 }, // U+0137
    { 12, 14, 207, 1, 14, 21, 7565 }, // U+0138
    { 11, 24, 223, 2, 24, 33, 7586 }, // U+0139
    { 6, 24, 94, 1, 24, 18, 7619 }, // U+013A
    { 11, 26, 223, 2, 19, 36, 7637 }, // U+013B
    { 5, 26, 94, 0, 19, 17, 7673 }, // U+013C
    { 11, 20, 223, 2, 20, 28, 7690 }, // U+013D
    { 7, 20, 133, 1, 20, 18, 7718 }, // U+013E
    { 11, 19, 222, 2, 19, 27, 7736 }, // U+013F
    { 8, 19, 141, 1, 19, 19, 7763 }, // U+0140
    { 14, 19, 235, 0, 19, 34, 7782 }, // U+0141
    { 8, 19, 94, -1, 19, 19, 7816 }, // U+0142
    { 15, 24, 297, 2, 24, 45, 7835 }, // U+0143
    { 12, 19, 232, 1, 19, 29, 7880 }, // U+0144
    { 15, 26, 297, 2, 19, 49, 7909 }, // U+0145
    { 12, 21, 232, 1, 14, 32, 7958 }, // U+0146
    { 15, 24, 297, 2, 24, 45, 7990 }, // U+0147
    { 12, 19, 232, 1, 19, 29, 8035 }, // U+0148
    { 15, 25, 297, 2, 19, 47, 8064 }, // U+014A
    { 12, 20, 232, 1, 14, 30, 8111 }, // U+014B
    { 17, 24, 304, 1, 23, 51, 8141 }, // U+014C
    { 13, 19, 235, 1, 18, 31, 8192 }, // U+014D
    { 17, 25, 304, 1, 24, 54, 8223 }, // U+014E
    { 13, 20, 235, 1, 19, 33, 8277 }, // U+014F
    { 17, 25, 304, 1, 24, 54, 8310 }, // U+0150
    { 13, 20, 235, 1, 19, 33, 8364 }, // U+0151
    { 23, 19, 400, 1, 19, 55, 8397 }, // U+0152
    { 23, 15, 394, 1, 14, 44, 8452 }, // U+0153
    { 14, 24, 256, 2, 24, 42, 8496 }, // U+0154
    { 8, 19, 146, 1, 19, 19, 8538 }, // U+0155
    { 14, 26, 256, 2, 19, 46, 8557 }, // U+0156
    { 9, 21, 146, 0, 14, 24, 8603 }, // U+0157
    { 14, 24, 256, 2, 24, 42, 8627 }, // U+0158
    { 8, 19, 146, 1, 19, 19, 8669 }, // U+0159
    { 14, 25, 254, 1, 24, 44, 8688 }, // U+015A
    { 11, 20, 206, 1, 19, 28, 8732 }, // U+015B
    { 14, 25, 254, 1, 24, 44, 8760 }, // U+015C
    { 11, 20, 206, 1, 19, 28, 8804 }, // U+015D
    { 14, 25, 254, 1, 19, 44, 8832 }, // U+015E
    { 11, 20, 206, 1, 14, 28, 8876 }, // U+015F
    { 14, 25, 254, 1, 24, 44, 8904 }, // U+0160
    { 11, 20, 206, 1, 19, 28, 8948 }, // U+0161
    { 14, 25, 255, 1, 19, 44, 8976 }, // U+0162
    { 9, 23, 129, 0, 17, 26, 9020 }, // U+0163
    { 14, 24, 255, 1, 24, 42, 9046 }, // U+0164
    { 9, 22, 149, 0, 21, 25, 9088 }, // U+0165
    { 14, 19, 255, 1, 19, 34, 9113 }, // U+0166
    { 8, 18, 129, 0, 17, 18, 9147 }, // U+0167
    { 15, 25, 294, 2, 24, 47, 9165 }, // U+0168
    { 12, 20, 233, 1, 19, 30, 9212 }, // U+0169
    { 15, 24, 294, 2, 23, 45, 9242 }, // U+016A
    { 12, 19, 233, 1, 18, 29, 9287 }, // U+016B
    { 15, 25, 294, 2, 24, 47, 9316 }, // U+016C
    { 12, 20, 233, 1, 19, 30, 9363 }, // U+016D
    { 15, 26, 294, 2, 25, 49, 9393 }, // U+016E
    { 12, 22, 233, 1, 21, 33, 9442 }, // U+016F
    { 15, 25, 294, 2, 24, 47, 9475 }, // U+0170
    { 12, 20, 233, 1, 19, 30, 9522 }, // U+0171
    { 15, 25, 294, 2, 19, 47, 9552 }, // U+0172
    { 13, 20, 233, 1, 14, 33, 9599 }, // U+0173
    { 24, 24, 391, 0, 24, 72, 9632 }, // U+0174
    { 20, 19, 321, 0, 19, 48, 9704 }, // U+0175
    { 17, 24, 268, 0, 24, 51, 9752 }, // U+0176
    { 14, 25, 220, 0, 19, 44, 9803 }, // U+0177
    { 17, 24, 268, 0, 24, 51, 9847 }, // U+0178
    { 14, 24, 250, 1, 24, 42, 9898 }, // U+0179
    { 11, 19, 214, 1, 19, 27, 9940 }, // U+017A
    { 14, 24, 250, 1, 24, 42, 9967 }, // U+017B
    { 11, 19, 214, 1, 19, 27, 10009 }, // U+017C
    { 14, 24, 250, 1, 24, 42, 10036 }, // U+017D
    { 11, 19, 214, 1, 19, 27, 10078 }, // U+017E
    { 7, 19, 120, 1, 19, 17, 10105 }, // U+017F
    { 17, 22, 304, 1, 21, 47, 10122 }, // U+01A0
    { 13, 18, 234, 1, 17, 30, 10169 }, // U+01A1
    { 17, 22, 293, 2, 21, 47, 10199 }, // U+01AF
    { 14, 18, 246, 1, 17, 32, 10246 }, // U+01B0
    { 28, 19, 500, 2, 19, 67, 10278 }, // U+01C5
    { 26, 20, 455, 1, 19, 65, 10345 }, // U+01C6
    { 24, 20, 449, 2, 19, 60, 10410 }, // U+01C7
    { 17, 25, 317, 2, 19, 54, 10470 }, // U+01C8
    { 10, 25, 187, 1, 19, 32, 10524 }, // U+01C9
    { 29, 20, 523, 2, 19, 73, 10556 }, // U+01CA
    { 22, 25, 391, 2, 19, 69, 10629 }, // U+01CB
    { 18, 25, 326, 1, 19, 57, 10698 }, // U+01CC
    { 17, 24, 273, 0, 24, 51, 10755 }, // U+01CD
    { 11, 20, 221, 1, 19, 28, 10806 }, // U+01CE
    { 9, 24, 104, -1, 24, 27, 10834 }, // U+01CF
    { 8, 19, 94, -1, 19, 19, 10861 }, // U+01D0
    { 17, 25, 304, 1, 24, 54, 10880 }, // U+01D1
    { 13, 20, 235, 1, 19, 33, 10934 }, // U+01D2
    { 15, 25, 294, 2, 24, 47, 10967 }, // U+01D3
    { 12, 20, 233, 1, 19, 30, 11014 }, // U+01D4
    { 15, 28, 294, 2, 27, 53, 11044 }, // U+01D5
    { 12, 23, 233, 1, 22, 35, 11097 }, // U+01D6
    { 15, 29, 294, 2, 28, 55, 11132 }, // U+01D7
    { 12, 24, 233, 1, 23, 36, 11187 }, // U+01D8
    { 15, 29, 294, 2, 28, 55, 11223 }, // U+01D9
    { 12, 24, 233, 1, 23, 36, 11278 }, // U+01DA
    { 15, 29, 294, 2, 28, 55, 11314 }, // U+01DB
    { 12, 24, 233, 1, 23, 36, 11369 }, // U+01DC
    { 13, 15, 229, 1, 14, 25, 11405 }, // U+01DD
    { 17, 27, 273, 0, 27, 58, 11430 }, // U+01DE
    { 11, 23, 221, 1, 22, 32, 11488 }, // U+01DF
    { 17, 27, 273, 0, 27, 58, 11520 }, // U+01E0
    { 11, 23, 221, 1, 22, 32, 11578 }, // U+01E1
    { 24, 23, 395, 0, 23, 69, 11610 }, // U+01E2
    { 21, 19, 363, 1, 18, 50, 11679 }, // U+01E3
    { 17, 20, 297, 1, 19, 43, 11729 }, // U+01E4
    { 16, 20, 266, 1, 14, 40, 11772 }, // U+01E5
    { 17, 25, 297, 1, 24, 54, 11812 }, // U+01E6
    { 13, 25, 241, 1, 19, 41, 11866 }, // U+01E7
    { 14, 24, 265, 2, 24, 42, 11907 }, // U+01E8
    { 15, 24, 216, -1, 24, 45, 11949 }, // U+01E9
    { 17, 25, 304, 1, 19, 54, 11994 }, // U+01EA
    { 13, 20, 235, 1, 14, 33, 12048 }, // U+01EB
    { 17, 29, 304, 1, 23, 62, 12081 }, // U+01EC
    { 13, 24, 235, 1, 18, 39, 12143 }, // U+01ED
    { 15, 30, 270, 1, 24, 57, 12182 }, // U+01EE
    { 13, 25, 246, 1, 19, 41, 12239 }, // U+01EF
    { 8, 25, 94, -1, 19, 25, 12280 }, // U+01F0
    { 31, 19, 536, 2, 19, 74, 12305 }, // U+01F1
    { 28, 19, 500, 2, 19, 67, 12379 }, // U+01F2
    { 26, 20, 455, 1, 19, 65, 12446 }, // U+01F3
    { 17, 25, 297, 1, 24, 54, 12511 }, // U+01F4
    { 13, 25, 241, 1, 19, 41, 12565 }, // U+01F5
    { 24, 20, 440, 2, 19, 60, 12606 }, // U+01F6
    { 14, 25, 251, 1, 19, 44, 12666 }, // U+01F7
    { 15, 24, 297, 2, 24, 45, 12710 }, // U+01F8
    { 12, 19, 232, 1, 19, 29, 12755 }, // U+01F9
    { 17, 28, 273, 0, 28, 60, 12784 }, // U+01FA
    { 11, 25, 221, 1, 24, 35, 12844 }, // U+01FB
    { 24, 24, 395, 0, 24, 72, 12879 }, // U+01FC
    { 21, 20, 363, 1, 19, 53, 12951 }, // U+01FD
    { 17, 25, 304, 1, 24, 54, 13004 }, // U+01FE
    { 14, 20, 235, 0, 19, 35, 13058 }, // U+01FF
    { 17, 24, 273, 0, 24, 51, 13093 }, // U+0200
    { 11, 20, 221, 1, 19, 28, 13144 }, // U+0201
    { 17, 25, 273, 0, 25, 54, 13172 }, // U+0202
    { 11, 21, 221, 1, 20, 29, 13226 }, // U+0203
    { 12, 24, 238, 2, 24, 36, 13255 }, // U+0204
    { 13, 20, 229, 1, 19, 33, 13291 }, // U+0205
    { 12, 25, 238, 2, 25, 38, 13324 }, // U+0206
    { 13, 21, 229, 1, 20, 35, 13362 }, // U+0207
    { 10, 24, 104, -3, 24, 30, 13397 }, // U+0208
    { 9, 19, 94, -3, 19, 22, 13427 }, // U+0209
    { 8, 25, 104, -1, 25, 25, 13449 }, // U+020A
    { 8, 20, 94, -1, 20, 20, 13474 }, // U+020B
    { 17, 25, 304, 1, 24, 54, 13494 }, // U+020C
    { 13, 20, 235, 1, 19, 33, 13548 }, // U+020D
    { 17, 26, 304, 1, 25, 56, 13581 }, // U+020E
    { 13, 21, 235, 1, 20, 35, 13637 }, // U+020F
    { 14, 24, 256, 2, 24, 42, 13672 }, // U+0210
    { 10, 19, 146, -1, 19, 24, 13714 }, // U+0211
    { 14, 25, 256, 2, 25, 44, 13738 }, // U+0212
    { 8, 20, 146, 1, 20, 20, 13782 }, // U+0213
    { 15, 25, 294, 2, 24, 47, 13802 }, // U+0214
    { 12, 20, 233, 1, 19, 30, 13849 }, // U+0215
    { 15, 26, 294, 2, 25, 49, 13879 }, // U+0216
    { 12, 21, 233, 1, 20, 32, 13928 }, // U+0217
    { 14, 26, 254, 1, 19, 46, 13960 }, // U+0218
    { 11, 21, 206, 1, 14, 29, 14006 }, // U+0219
    { 14, 26, 255, 1, 19, 46, 14035 }, // U+021A
    { 8, 24, 129, 0, 17, 24, 14081 }, // U+021B
    { 14, 25, 250, 1, 19, 44, 14105 }, // U+021C
    { 11, 20, 214, 1, 14, 28, 14149 }, // U+021D
    { 15, 24, 294, 2, 24, 45, 14177 }, // U+021E
    { 14, 24, 233, -1, 24, 42, 14222 }, // U+021F
    { 5, 4, 0, 1, 19, 3, 14264 }, // U+0300
    { 5, 4, 0, 1, 19, 3, 14267 }, // U+0301
    { 8, 4, 0, 1, 19, 4, 14270 }, // U+0302
    { 8, 4, 0, 2, 19, 4, 14274 }, // U+0303
    { 8, 2, 0, 2, 18, 2, 14278 }, // U+0304
    { 8, 4, 0, 1, 19, 4, 14280 }, // U+0306
    { 4, 4, 0, 1, 19, 2, 14284 }, // U+0307
    { 9, 4, 0, 3, 19, 5, 14286 }, // U+0308
    { 5, 4, 0, 1, 19, 3, 14291 }, // U+0309
    { 7, 7, 0, 0, 21, 7, 14294 }, // U+030A
    { 8, 5, 0, -3, 20, 5, 14301 }, // U+030B
    { 8, 4, 0, 1, 19, 4, 14306 }, // U+030C
    { 9, 4, 0, 1, 19, 5, 14310 }, // U+030F
    { 4, 7, 0, -2, 18, 4, 14315 }, // U+0312
    { 5, 8, 0, 4, 13, 5, 14319 }, // U+0313
    { 5, 8, 0, 4, 13, 5, 14324 }, // U+0315
    { 4, 6, 0, -5, 18, 3, 14329 }, // U+031B
    { 4, 4, 94, 1, -2, 2, 14332 }, // U+0323
    { 4, 6, 0, -10, -1, 3, 14334 }, // U+0326
    { 6, 7, 0, 1, 1, 6, 14337 }, // U+0327
    { 5, 7, 0, 1, 1, 5, 14343 }, // U+0328
    { 8, 4, 0, 1, -2, 4, 14348 }, // U+032C
    { 11, 17, 0, -13, 15, 24, 14352 }, // U+0337
    { 15, 20, 0, -15, 19, 38, 14376 }, // U+0338
    { 8, 4, 0, -11, 19, 4, 14414 }, // U+0342
    { 4, 6, 0, 0, 16, 3, 14418 }, // U+0343
    { 9, 6, 0, -12, 20, 7, 14421 }, // U+0346
    { 8, 6, 0, -12, -3, 6, 14428 }, // U+0347
    { 7, 6, 0, -10, 0, 6, 14434 }, // U+0348
    { 6, 6, 0, -10, -1, 5, 14440 }, // U+0349
    { 9, 6, 0, -12, 20, 7, 14445 }, // U+034A
    { 10, 10, 0, -13, 23, 13, 14452 }, // U+034B
    { 10, 6, 0, -12, 21, 8, 14465 }, // U+034C
    { 11, 6, 0, -13, -1, 9, 14473 }, // U+034D
    { 7, 6, 0, -11, -1, 6, 14482 }, // U+034E
    { 0, 0, 0, 0, 0, 0, 14488 }, // U+034F
    { 10, 10, 0, -12, 25, 13, 14488 }, // U+0350
    { 3, 6, 0, -8, 19, 3, 14501 }, // U+0351
    { 8, 7, 0, -11, 21, 7, 14504 }, // U+0352
    { 7, 7, 0, -10, 0, 7, 14511 }, // U+0353
    { 7, 7, 0, -10, 0, 7, 14518 }, // U+0354
    { 7, 7, 0, -9, 0, 7, 14525 }, // U+0355
    { 14, 7, 0, -12, 0, 13, 14532 }, // U+0356
    { 4, 7, 0, 0, 21, 4, 14545 }, // U+0357
    { 4, 4, 0, 1, 19, 2, 14549 }, // U+0358
    { 6, 7, 0, -10, 0, 6, 14551 }, // U+0359
    { 10, 6, 0, -12, 0, 8, 14557 }, // U+035A
    { 6, 7, 0, -10, 21, 6, 14565 }, // U+035B
    { 18, 5, 0, -9, 0, 12, 14571 }, // U+035C
    { 18, 5, 0, -9, 19, 12, 14583 }, // U+035D
    { 16, 3, 0, -15, 19, 6, 14595 }, // U+035E
    { 16, 3, 0, -15, -2, 6, 14601 }, // U+035F
    { 24, 4, 0, -12, 19, 12, 14607 }, // U+0360
    { 18, 5, 0, -9, 19, 12, 14619 }, // U+0361
    { 20, 6, 0, -9, -1, 15, 14631 }, // U+0362
    { 7, 8, 0, -10, 22, 7, 14646 }, // U+0363
    { 7, 8, 0, -10, 22, 7, 14653 }, // U+0364
    { 2, 10, 0, -8, 24, 3, 14660 }, // U+0365
    { 8, 8, 0, -11, 22, 8, 14663 }, // U+0366
    { 6, 8, 0, -10, 22, 6, 14671 }, // U+0367
    { 7, 8, 0, -11, 22, 7, 14677 }, // U+0368
    { 7, 11, 0, -11, 25, 10, 14684 }, // U+0369
    { 6, 11, 0, -10, 25, 9, 14694 }, // U+036A
    { 10, 8, 0, -12, 22, 10, 14703 }, // U+036B
    { 5, 8, 0, -9, 22, 5, 14713 }, // U+036C
    { 5, 10, 0, 0, 24, 7, 14718 }, // U+036D
    { 8, 8, 0, -11, 22, 8, 14725 }, // U+036E
    { 7, 8, 0, -10, 22, 7, 14733 }, // U+036F
    { 4, 8, 104, 2, 19, 4, 14740 }, // U+0374
    { 5, 6, 105, 1, 0, 4, 14744 }, // U+0375
    { 15, 19, 297, 2, 19, 36, 14748 }, // U+0376
    { 4, 6, 104, 1, -1, 3, 14784 }, // U+037A
    { 12, 15, 224, 1, 14, 23, 14787 }, // U+037B
    { 12, 15, 224, 1, 14, 23, 14810 }, // U+037C
    { 12, 15, 224, 1, 14, 23, 14833 }, // U+037D
    { 5, 19, 114, 1, 14, 12, 14856 }, // U+037E
    { 11, 20, 225, 1, 19, 28, 14868 }, // U+037F
    { 4, 4, 105, 1, 19, 2, 14896 }, // U+0384
    { 11, 7, 265, 3, 22, 10, 14898 }, // U+0385
    { 17, 19, 273, 0, 19, 41, 14908 }, // U+0386
    { 5, 5, 109, 1, 15, 4, 14949 }, // U+0387
    { 16, 19, 291, 1, 19, 38, 14953 }, // U+0388
    { 19, 19, 346, 1, 19, 46, 14991 }, // U+0389
    { 7, 19, 156, 1, 19, 17, 15037 }, // U+038A
    { 19, 20, 339, 1, 19, 48, 15054 }, // U+038C
    { 21, 19, 346, 1, 19, 50, 15102 }, // U+038E
    { 19, 19, 342, 1, 19, 46, 15152 }, // U+038F
    { 8, 24, 106, -1, 23, 24, 15198 }, // U+0390
    { 17, 19, 273, 0, 19, 41, 15222 }, // U+0391
    { 13, 19, 260, 2, 19, 31, 15263 }, // U+0392
    { 12, 19, 228, 2, 19, 29, 15294 }, // U+0393
    { 17, 19, 269, 0, 19, 41, 15323 }, // U+0394
    { 12, 19, 238, 2, 19, 29, 15364 }, // U+0395
    { 14, 19, 250, 1, 19, 34, 15393 }, // U+0396
    { 15, 19, 294, 2, 19, 36, 15427 }, // U+0397
    { 17, 20, 304, 1, 19, 43, 15463 }, // U+0398
    { 3, 19, 104, 2, 19, 8, 15506 }, // U+0399
    { 14, 19, 265, 2, 19, 34, 15514 }, // U+039A
    { 17, 19, 273, 0, 19, 41, 15548 }, // U+039B
    { 19, 19, 357, 2, 19, 46, 15589 }, // U+039C
    { 15, 19, 297, 2, 19, 36, 15635 }, // U+039D
    { 14, 19, 257, 1, 19, 34, 15671 }, // U+039E
    { 17, 20, 304, 1, 19, 43, 15705 }, // U+039F
    { 15, 19, 294, 2, 19, 36, 15748 }, // U+03A0
    { 13, 19, 253, 2, 19, 31, 15784 }, // U+03A1
    { 15, 19, 270, 1, 19, 36, 15815 }, // U+03A3
    { 14, 19, 255, 1, 19, 34, 15851 }, // U+03A4
    { 17, 19, 268, 0, 19, 41, 15885 }, // U+03A5
    { 20, 20, 349, 1, 19, 50, 15926 }, // U+03A6
    { 17, 19, 270, 0, 19, 41, 15976 }, // U+03A7
    { 18, 19, 349, 2, 19, 43, 16017 }, // U+03A8
    { 17, 19, 305, 1, 19, 41, 16060 }, // U+03A9
    { 9, 24, 104, -1, 24, 27, 16101 }, // U+03AA
    { 17, 24, 268, 0, 24, 51, 16128 }, // U+03AB
    { 15, 20, 262, 1, 19, 38, 16179 }, // U+03AC
    { 11, 20, 209, 1, 19, 28, 16217 }, // U+03AD
    { 12, 25, 233, 1, 19, 38, 16245 }, // U+03AE
    { 6, 20, 106, 1, 19, 15, 16283 }, // U+03AF
    { 12, 23, 233, 1, 22, 35, 16298 }, // U+03B0
    { 15, 15, 262, 1, 14, 29, 16333 }, // U+03B1
    { 13, 25, 235, 1, 19, 41, 16362 }, // U+03B2
    { 14, 20, 220, 0, 14, 35, 16403 }, // U+03B3
    { 13, 20, 230, 1, 19, 33, 16438 }, // U+03B4
    { 11, 15, 209, 1, 14, 21, 16471 }, // U+03B5
    { 11, 23, 200, 1, 19, 32, 16492 }, // U+03B6
    { 12, 20, 233, 1, 14, 30, 16524 }, // U+03B7
    { 13, 20, 245, 1, 19, 33, 16554 }, // U+03B8
    { 6, 15, 106, 1, 14, 12, 16587 }, // U+03B9
    { 12, 14, 207, 1, 14, 21, 16599 }, // U+03BA
    { 16, 20, 251, 0, 19, 40, 16620 }, // U+03BB
    { 14, 20, 231, 1, 14, 35, 16660 }, // U+03BC
    { 14, 14, 230, 0, 14, 25, 16695 }, // U+03BD
    { 12, 23, 219, 1, 19, 35, 16720 }, // U+03BE
    { 13, 15, 235, 1, 14, 25, 16755 }, // U+03BF
    { 15, 15, 243, 0, 14, 29, 16780 }, // U+03C0
    { 13, 20, 241, 1, 14, 33, 16809 }, // U+03C1
    { 12, 18, 224, 1, 14, 27, 16842 }, // U+03C2
    { 14, 15, 246, 1, 14, 27, 16869 }, // U+03C3
    { 12, 15, 186, 0, 14, 23, 16896 }, // U+03C4
    { 12, 15, 233, 1, 14, 23, 16919 }, // U+03C5
    { 16, 20, 285, 1, 14, 40, 16942 }, // U+03C6
    { 14, 20, 223, 0, 14, 35, 16982 }, // U+03C7
    { 17, 23, 308, 1, 17, 49, 17017 }, // U+03C8
    { 18, 15, 319, 1, 14, 34, 17066 }, // U+03C9
    { 9, 20, 106, -2, 19, 23, 17100 }, // U+03CA
    { 12, 20, 233, 1, 19, 30, 17123 }, // U+03CB
    { 13, 20, 235, 1, 19, 33, 17153 }, // U+03CC
    { 12, 20, 233, 1, 19, 30, 17186 }, // U+03CD
    { 18, 20, 319, 1, 19, 45, 17216 }, // U+03CE
    { 14, 25, 265, 2, 19, 44, 17261 }, // U+03CF
    { 13, 20, 250, 1, 19, 33, 17305 }, // U+03D0
    { 14, 20, 251, 1, 19, 35, 17338 }, // U+03D1
    { 15, 19, 264, 1, 19, 36, 17373 }, // U+03D2
    { 19, 19, 333, 1, 19, 46, 17409 }, // U+03D3
    { 15, 24, 264, 1, 24, 45, 17455 }, // U+03D4
    { 15, 25, 269, 1, 19, 47, 17500 }, // U+03D5
    { 19, 15, 325, 1, 14, 36, 17547 }, // U+03D6
    { 12, 20, 207, 1, 14, 30, 17583 }, // U+03D7
    { 12, 19, 235, 2, 19, 29, 17613 }, // U+03DC
    { 11, 20, 211, 1, 14, 28, 17642 }, // U+03DD
    { 16, 15, 287, 1, 14, 30, 17670 }, // U+03F0
    { 13, 20, 250, 1, 14, 33, 17700 }, // U+03F1
    { 12, 15, 224, 1, 14, 23, 17733 }, // U+03F2
    { 6, 25, 94, -1, 19, 19, 17756 }, // U+03F3
    { 17, 20, 304, 1, 19, 43, 17775 }, // U+03F4
    { 11, 15, 177, 0, 14, 21, 17818 }, // U+03F5
    { 11, 15, 177, 0, 14, 21, 17839 }, // U+03F6
    { 16, 20, 291, 1, 19, 40, 17860 }, // U+03F9
    { 19, 19, 357, 2, 19, 46, 17900 }, // U+03FA
    { 15, 20, 241, -1, 14, 38, 17946 }, // U+03FC
    { 16, 20, 291, 1, 19, 40, 17984 }, // U+03FD
    { 16, 20, 291, 1, 19, 40, 18024 }, // U+03FE
    { 16, 20, 291, 1, 19, 40, 18064 }, // U+03FF
    { 12, 24, 238, 2, 24, 36, 18104 }, // U+0400
    { 12, 24, 238, 2, 24, 36, 18140 }, // U+0401
    { 19, 21, 334, 1, 19, 50, 18176 }, // U+0402
    { 12, 24, 228, 2, 24, 36, 18226 }, // U+0403
    { 16, 20, 291, 1, 19, 40, 18262 }, // U+0404
    { 14, 20, 254, 1, 19, 35, 18302 }, // U+0405
    { 3, 19, 104, 2, 19, 8, 18337 }, // U+0406
    { 9, 24, 104, -1, 24, 27, 18345 }, // U+0407
    { 11, 20, 225, 1, 19, 28, 18372 }, // U+0408
    { 26, 19, 442, 1, 19, 62, 18400 }, // U+0409
    { 25, 19, 447, 2, 19, 60, 18462 }, // U+040A
    { 20, 19, 351, 1, 19, 48, 18522 }, // U+040B
    { 14, 24, 265, 2, 24, 42, 18570 }, // U+040C
    { 15, 24, 297, 2, 24, 45, 18612 }, // U+040D
    { 15, 24, 248, 0, 24, 45, 18657 }, // U+040E
    { 14, 23, 286, 2, 19, 41, 18702 }, // U+040F
    { 17, 19, 273, 0, 19, 41, 18743 }, // U+0410
    { 13, 19, 255, 2, 19, 31, 18784 }, // U+0411
    { 13, 19, 260, 2, 19, 31, 18815 }, // U+0412
    { 12, 19, 228, 2, 19, 29, 18846 }, // U+0413
    { 19, 23, 323, 1, 19, 55, 18875 }, // U+0414
    { 12, 19, 238, 2, 19, 29, 18930 }, // U+0415
    { 24, 19, 380, 0, 19, 57, 18959 }, // U+0416
    { 13, 20, 245, 1, 19, 33, 19016 }, // U+0417
    { 15, 19, 297, 2, 19, 36, 19049 }, // U+0418
    { 15, 24, 297, 2, 24, 45, 19085 }, // U+0419
    { 14, 19, 265, 2, 19, 34, 19130 }, // U+041A
    { 16, 19, 296, 1, 19, 38, 19164 }, // U+041B
    { 19, 19, 357, 2, 19, 46, 19202 }, // U+041C
    { 15, 19, 294, 2, 19, 36, 19248 }, // U+041D
    { 17, 20, 304, 1, 19, 43, 19284 }, // U+041E
    { 15, 19, 294, 2, 19, 36, 19327 }, // U+041F
    { 13, 19, 253, 2, 19, 31, 19363 }, // U+0420
    { 16, 20, 291, 1, 19, 40, 19394 }, // U+0421
    { 14, 19, 255, 1, 19, 34, 19434 }, // U+0422
    { 15, 19, 248, 0, 19, 36, 19468 }, // U+0423
    { 19, 22, 330, 1, 20, 53, 19504 }, // U+0424
    { 17, 19, 270, 0, 19, 41, 19557 }, // U+0425
    { 16, 23, 286, 2, 19, 46, 19598 }, // U+0426
    { 15, 19, 277, 1, 19, 36, 19644 }, // U+0427
    { 20, 19, 380, 2, 19, 48, 19680 }, // U+0428
    { 22, 23, 385, 2, 19, 64, 19728 }, // U+0429
    { 19, 19, 323, 1, 19, 46, 19792 }, // U+042A
    { 18, 19, 347, 2, 19, 43, 19838 }, // U+042B
    { 13, 19, 257, 2, 19, 31, 19881 }, // U+042C
    { 16, 20, 291, 1, 19, 40, 19912 }, // U+042D
    { 22, 20, 404, 2, 19, 55, 19952 }, // U+042E
    { 14, 19, 256, 0, 19, 34, 20007 }, // U+042F
    { 11, 15, 221, 1, 14, 21, 20041 }, // U+0430
    { 13, 20, 233, 1, 19, 33, 20062 }, // U+0431
    { 12, 14, 222, 1, 14, 21, 20095 }, // U+0432
    { 10, 14, 173, 1, 14, 18, 20116 }, // U+0433
    { 15, 18, 244, 0, 14, 34, 20134 }, // U+0434
    { 13, 15, 229, 1, 14, 25, 20168 }, // U+0435
    { 20, 14, 321, 0, 14, 35, 20193 }, // U+0436
    { 11, 15, 195, 1, 14, 21, 20228 }, // U+0437
    { 12, 14, 233, 1, 14, 21, 20249 }, // U+0438
    { 12, 19, 233, 1, 19, 29, 20270 }, // U+0439
    { 13, 14, 213, 1, 14, 23, 20299 }, // U+043A
    { 13, 14, 228, 0, 14, 23, 20322 }, // U+043B
    { 17, 14, 304, 1, 14, 30, 20345 }, // U+043C
    { 12, 14, 232, 1, 14, 21, 20375 }, // U+043D
    { 13, 15, 235, 1, 14, 25, 20396 }, // U+043E
    { 12, 14, 232, 1, 14, 21, 20421 }, // U+043F
    { 13, 20, 241, 1, 14, 33, 20442 }, // U+0440
    { 12, 15, 224, 1, 14, 23, 20475 }, // U+0441
    { 12, 14, 186, 0, 14, 21, 20498 }, // U+0442
    { 14, 20, 220, 0, 14, 35, 20519 }, // U+0443
    { 15, 25, 271, 1, 19, 47, 20554 }, // U+0444
    { 13, 14, 215, 0, 14, 23, 20601 }, // U+0445
    { 14, 18, 236, 1, 14, 32, 20624 }, // U+0446
    { 12, 14, 228, 1, 14, 21, 20656 }, // U+0447
    { 18, 14, 326, 1, 14, 32, 20677 }, // U+0448
    { 20, 18, 331, 1, 14, 45, 20709 }, // U+0449
    { 15, 14, 255, 0, 14, 27, 20754 }, // U+044A
    { 16, 14, 290, 1, 14, 28, 20781 }, // U+044B
    { 12, 14, 220, 1, 14, 21, 20809 }, // U+044C
    { 12, 15, 224, 1, 14, 23, 20830 }, // U+044D
    { 19, 15, 332, 1, 14, 36, 20853 }, // U+044E
    { 12, 14, 219, 0, 14, 21, 20889 }, // U+044F
    { 13, 20, 229, 1, 19, 33, 20910 }, // U+0450
    { 13, 20, 229, 1, 19, 33, 20943 }, // U+0451
    { 13, 25, 233, 0, 19, 41, 20976 }, // U+0452
    { 10, 19, 173, 1, 19, 24, 21017 }, // U+0453
    { 12, 15, 224, 1, 14, 23, 21041 }, // U+0454
    { 11, 15, 206, 1, 14, 21, 21064 }, // U+0455
    { 4, 19, 94, 1, 19, 10, 21085 }, // U+0456
    { 9, 19, 94, -2, 19, 22, 21095 }, // U+0457
    { 6, 25, 94, -1, 19, 19, 21117 }, // U+0458
    { 22, 14, 367, 0, 14, 39, 21136 }, // U+0459
    { 21, 14, 356, 1, 14, 37, 21175 }, // U+045A
    { 13, 19, 233, 0, 19, 31, 21212 }, // U+045B
    { 13, 19, 213, 1, 19, 31, 21243 }, // U+045C
    { 12, 19, 233, 1, 19, 29, 21274 }, // U+045D
    { 14, 25, 220, 0, 19, 44, 21303 }, // U+045E
    { 12, 18, 232, 1, 14, 27, 21347 }, // U+045F
    { 19, 20, 355, 2, 19, 48, 21374 }, // U+0460
    { 18, 15, 319, 1, 14, 34, 21422 }, // U+0461
    { 16, 19, 274, 0, 19, 38, 21456 }, // U+0462
    { 15, 19, 243, 0, 19, 36, 21494 }, // U+0463
    { 21, 20, 379, 2, 19, 53, 21530 }, // U+0464
    { 18, 15, 309, 1, 14, 34, 21583 }, // U+0465
    { 17, 19, 273, 0, 19, 41, 21617 }, // U+0466
    { 14, 14, 226, 0, 14, 25, 21658 }, // U+0467
    { 21, 19, 372, 2, 19, 50, 21683 }, // U+0468
    { 18, 14, 308, 1, 14, 32, 21733 }, // U+0469
    { 19, 19, 338, 1, 19, 46, 21765 }, // U+046A
    { 16, 14, 277, 1, 14, 28, 21811 }, // U+046B
    { 25, 19, 455, 2, 19, 60, 21839 }, // U+046C
    { 22, 14, 381, 1, 14, 39, 21899 }, // U+046D
    { 12, 30, 215, 1, 24, 45, 21938 }, // U+046E
    { 10, 25, 205, 1, 19, 32, 21983 }, // U+046F
    { 18, 19, 349, 2, 19, 43, 22015 }, // U+0470
    { 17, 23, 308, 1, 17, 49, 22058 }, // U+0471
    { 17, 20, 304, 1, 19, 43, 22107 }, // U+0472
    { 13, 15, 235, 1, 14, 25, 22150 }, // U+0473
    { 17, 19, 279, 0, 19, 41, 22175 }, // U+0474
    { 15, 14, 234, 0, 14, 27, 22216 }, // U+0475
    { 17, 24, 279, 0, 24, 51, 22243 }, // U+0476
    { 15, 19, 234, 0, 19, 36, 22294 }, // U+0477
    { 32, 25, 525, 1, 19, 100, 22330 }, // U+0478
    { 27, 20, 448, 1, 14, 68, 22430 }, // U+0479
    { 16, 19, 283, 1, 19, 38, 22498 }, // U+0480
    { 12, 19, 222, 1, 14, 29, 22536 }, // U+0481
    { 14, 17, 250, 1, 17, 30, 22565 }, // U+0482
    { 10, 5, 0, -12, 19, 7, 22595 }, // U+0483
    { 11, 4, 0, -12, 19, 6, 22602 }, // U+0484
    { 4, 5, 0, -9, 20, 3, 22608 }, // U+0485
    { 4, 5, 0, -8, 20, 3, 22611 }, // U+0486
    { 11, 4, 0, -12, 19, 6, 22614 }, // U+0487
    { 25, 22, 0, -19, 18, 69, 22620 }, // U+0488
    { 24, 25, 0, -19, 19, 75, 22689 }, // U+0489
    { 17, 28, 297, 2, 24, 60, 22764 }, // U+048A
    { 15, 23, 233, 1, 19, 44, 22824 }, // U+048B
    { 16, 19, 274, 0, 19, 38, 22868 }, // U+048C
    { 15, 17, 243, 0, 17, 32, 22906 }, // U+048D
    { 13, 19, 251, 2, 19, 31, 22938 }, // U+048E
    { 13, 20, 241, 1, 14, 33, 22969 }, // U+048F
    { 12, 22, 228, 2, 22, 33, 23002 }, // U+0490
    { 10, 17, 173, 1, 17, 22, 23035 }, // U+0491
    { 15, 19, 228, -1, 19, 36, 23057 }, // U+0492
    { 11, 14, 173, 0, 14, 20, 23093 }, // U+0493
    { 13, 21, 258, 2, 19, 35, 23113 }, // U+0494
    { 12, 18, 214, 1, 14, 27, 23148 }, // U+0495
    { 25, 23, 388, 0, 19, 72, 23175 }, // U+0496
    { 21, 18, 328, 0, 14, 48, 23247 }, // U+0497
    { 13, 25, 245, 1, 19, 41, 23295 }, // U+0498
    { 11, 20, 195, 1, 14, 28, 23336 }, // U+0499
    { 16, 23, 280, 2, 19, 46, 23364 }, // U+049A
    { 13, 18, 222, 1, 14, 30, 23410 }, // U+049B
    { 14, 19, 263, 2, 19, 34, 23440 }, // U+049C
    { 14, 14, 231, 1, 14, 25, 23474 }, // U+049D
    { 20, 19, 332, 1, 19, 48, 23499 }, // U+04A0
    { 16, 14, 249, 0, 14, 28, 23547 }, // U+04A1
    { 17, 23, 300, 2, 19, 49, 23575 }, // U+04A2
    { 14, 18, 238, 1, 14, 32, 23624 }, // U+04A3
    { 22, 19, 391, 2, 19, 53, 23656 }, // U+04A4
    { 16, 14, 270, 1, 14, 28, 23709 }, // U+04A5
    { 25, 21, 440, 2, 19, 66, 23737 }, // U+04A6
    { 21, 18, 366, 1, 14, 48, 23803 }, // U+04A7
    { 23, 20, 391, 1, 19, 58, 23851 }, // U+04A8
    { 18, 15, 309, 1, 14, 34, 23909 }, // U+04A9
    { 16, 25, 291, 1, 19, 50, 23943 }, // U+04AA
    { 12, 20, 224, 1, 14, 30, 23993 }, // U+04AB
    { 14, 23, 255, 1, 19, 41, 24023 }, // U+04AC
    { 12, 18, 186, 0, 14, 27, 24064 }, // U+04AD
    { 17, 19, 268, 0, 19, 41, 24091 }, // U+04AE
    { 14, 20, 220, 0, 14, 35, 24132 }, // U+04AF
    { 17, 19, 268, 0, 19, 41, 24167 }, // U+04B0
    { 14, 20, 220, 0, 14, 35, 24208 }, // U+04B1
    { 18, 23, 277, 0, 19, 52, 24243 }, // U+04B2
    { 14, 18, 224, 0, 14, 32, 24295 }, // U+04B3
    { 22, 23, 364, 1, 19, 64, 24327 }, // U+04B4
    { 17, 18, 262, 0, 14, 39, 24391 }, // U+04B5
    { 16, 23, 282, 1, 19, 46, 24430 }, // U+04B6
    { 14, 18, 233, 1, 14, 32, 24476 }, // U+04B7
    { 15, 19, 277, 1, 19, 36, 24508 }, // U+04B8
    { 12, 14, 228, 1, 14, 21, 24544 }, // U+04B9
    { 14, 19, 277, 2, 19, 34, 24565 }, // U+04BA
    { 12, 19, 233, 1, 19, 29, 24599 }, // U+04BB
    { 20, 20, 335, 0, 19, 50, 24628 }, // U+04BC
    { 17, 15, 283, 0, 14, 32, 24678 }, // U+04BD
    { 20, 23, 335, 0, 19, 58, 24710 }, // U+04BE
    { 17, 20, 283, 0, 14, 43, 24768 }, // U+04BF
    { 3, 19, 104, 2, 19, 8, 24811 }, // U+04C0
    { 24, 24, 380, 0, 24, 72, 24819 }, // U+04C1
    { 20, 19, 321, 0, 19, 48, 24891 }, // U+04C2
    { 14, 23, 270, 2, 19, 41, 24939 }, // U+04C3
    { 13, 18, 232, 1, 14, 30, 24980 }, // U+04C4
    { 18, 23, 296, 1, 19, 52, 25010 }, // U+04C5
    { 15, 18, 228, 0, 14, 34, 25062 }, // U+04C6
    { 15, 25, 294, 2, 19, 47, 25096 }, // U+04C7
    { 12, 20, 232, 1, 14, 30, 25143 }, // U+04C8
    { 17, 23, 294, 2, 19, 49, 25173 }, // U+04C9
    { 15, 18, 232, 1, 14, 34, 25222 }, // U+04CA
    { 16, 23, 282, 1, 19, 46, 25256 }, // U+04CB
    { 14, 18, 233, 1, 14, 32, 25302 }, // U+04CC
    { 21, 23, 357, 2, 19, 61, 25334 }, // U+04CD
    { 19, 18, 304, 1, 14, 43, 25395 }, // U+04CE
    { 4, 19, 94, 1, 19, 10, 25438 }, // U+04CF
    { 17, 24, 273, 0, 24, 51, 25448 }, // U+04D0
    { 11, 20, 221, 1, 19, 28, 25499 }, // U+04D1
    { 17, 24, 273, 0, 24, 51, 25527 }, // U+04D2
    { 11, 20, 221, 1, 19, 28, 25578 }, // U+04D3
    { 24, 19, 395, 0, 19, 57, 25606 }, // U+04D4
    { 21, 15, 363, 1, 14, 40, 25663 }, // U+04D5
    { 12, 24, 238, 2, 24, 36, 25703 }, // U+04D6
    { 13, 20, 229, 1, 19, 33, 25739 }, // U+04D7
    { 17, 20, 297, 1, 19, 43, 25772 }, // U+04D8
    { 13, 15, 229, 1, 14, 25, 25815 }, // U+04D9
    { 17, 25, 297, 1, 24, 54, 25840 }, // U+04DA
    { 13, 20, 229, 1, 19, 33, 25894 }, // U+04DB
    { 24, 24, 380, 0, 24, 72, 25927 }, // U+04DC
    { 20, 19, 321, 0, 19, 48, 25999 }, // U+04DD
    { 13, 25, 245, 1, 24, 41, 26047 }, // U+04DE
    { 11, 20, 195, 1, 19, 28, 26088 }, // U+04DF
    { 13, 20, 246, 1, 19, 33, 26116 }, // U+04E0
    { 13, 20, 246, 1, 14, 33, 26149 }, // U+04E1
    { 15, 23, 297, 2, 23, 44, 26182 }, // U+04E2
    { 12, 18, 233, 1, 18, 27, 26226 }, // U+04E3
    { 15, 24, 297, 2, 24, 45, 26253 }, // U+04E4
    { 12, 19, 233, 1, 19, 29, 26298 }, // U+04E5
    { 17, 25, 304, 1, 24, 54, 26327 }, // U+04E6
    { 13, 20, 235, 1, 19, 33, 26381 }, // U+04E7
    { 17, 20, 304, 1, 19, 43, 26414 }, // U+04E8
    { 13, 15, 235, 1, 14, 25, 26457 }, // U+04E9
    { 17, 25, 304, 1, 24, 54, 26482 }, // U+04EA
    { 13, 20, 235, 1, 19, 33, 26536 }, // U+04EB
    { 16, 25, 291, 1, 24, 50, 26569 }, // U+04EC
    { 12, 20, 224, 1, 19, 30, 26619 }, // U+04ED
    { 15, 23, 248, 0, 23, 44, 26649 }, // U+04EE
    { 14, 24, 220, 0, 18, 42, 26693 }, // U+04EF
    { 15, 24, 248, 0, 24, 45, 26735 }, // U+04F0
    { 14, 25, 220, 0, 19, 44, 26780 }, // U+04F1
    { 15, 24, 248, 0, 24, 45, 26824 }, // U+04F2
    { 14, 25, 220, 0, 19, 44, 26869 }, // U+04F3
    { 15, 24, 277, 1, 24, 45, 26913 }, // U+04F4
    { 12, 19, 228, 1, 19, 29, 26958 }, // U+04F5
    { 12, 23, 228, 2, 19, 35, 26987 }, // U+04F6
    { 10, 18, 173, 1, 14, 23, 27022 }, // U+04F7
    { 18, 24, 347, 2, 24, 54, 27045 }, // U+04F8
    { 16, 19, 290, 1, 19, 38, 27099 }, // U+04F9
    { 14, 25, 235, 0, 19, 44, 27137 }, // U+04FA
    { 11, 20, 173, 0, 14, 28, 27181 }, // U+04FB
    { 18, 25, 279, 0, 19, 57, 27209 }, // U+04FC
    { 13, 20, 205, 0, 14, 33, 27266 }, // U+04FD
    { 17, 19, 270, 0, 19, 41, 27299 }, // U+04FE
    { 13, 14, 215, 0, 14, 23, 27340 }, // U+04FF
    { 13, 15, 251, 1, 15, 25, 27363 }, // U+05D0
    { 12, 15, 221, 1, 15, 23, 27388 }, // U+05D1
    { 8, 15, 168, 1, 15, 15, 27411 }, // U+05D2
    { 13, 15, 211, 0, 15, 25, 27426 }, // U+05D3
    { 12, 15, 255, 2, 15, 23, 27451 }, // U+05D4
    { 3, 15, 104, 2, 15, 6, 27474 }, // U+05D5
    { 8, 15, 152, 1, 15, 15, 27480 }, // U+05D6
    { 13, 15, 259, 2, 15, 25, 27495 }, // U+05D7
    { 14, 15, 258, 1, 15, 27, 27520 }, // U+05D8
    { 4, 8, 96, 1, 15, 4, 27547 }, // U+05D9
    { 11, 20, 207, 0, 15, 28, 27551 }, // U+05DA
    { 11, 15, 212, 1, 15, 21, 27579 }, // U+05DB
    { 12, 19, 190, 0, 19, 29, 27600 }, // U+05DC
    { 13, 15, 259, 2, 15, 25, 27629 }, // U+05DD
    { 14, 15, 262, 1, 15, 27, 27654 }, // U+05DE
    { 3, 20, 104, 2, 15, 8, 27681 }, // U+05DF
    { 6, 15, 139, 1, 15, 12, 27689 }, // U+05E0
    { 14, 15, 257, 1, 15, 27, 27701 }, // U+05E1
    { 14, 16, 237, 0, 15, 28, 27728 }, // U+05E2
    { 13, 20, 252, 1, 15, 33, 27756 }, // U+05E3
    { 13, 15, 249, 2, 15, 25, 27789 }, // U+05E4
    { 12, 20, 206, 0, 15, 30, 27814 }, // U+05E5
    { 12, 15, 217, 0, 15, 23, 27844 }, // U+05E6
    { 13, 20, 243, 2, 15, 33, 27867 }, // U+05E7
    { 12, 15, 210, 0, 15, 23, 27900 }, // U+05E8
    { 16, 15, 301, 1, 15, 30, 27923 }, // U+05E9
    { 14, 15, 266, 1, 15, 27, 27953 }, // U+05EA
    { 4, 7, 131, 2, 6, 4, 27980 }, // U+060C
    { 5, 14, 138, 1, 13, 9, 27984 }, // U+061B
    { 11, 20, 174, 0, 19, 28, 27993 }, // U+061F
    { 10, 11, 164, 0, 9, 14, 28021 }, // U+0621
    { 8, 3, 108, 0, 2, 3, 28035 }, // U+0640
    { 5, 5, 229, 5, 10, 4, 28038 }, // U+0660
    { 5, 19, 229, 5, 18, 12, 28042 }, // U+0661
    { 11, 19, 229, 2, 18, 27, 28054 }, // U+0662
    { 14, 19, 229, 0, 18, 34, 28081 }, // U+0663
    { 11, 19, 229, 2, 18, 27, 28115 }, // U+0664
    { 11, 14, 229, 2, 13, 20, 28142 }, // U+0665
    { 12, 19, 229, 1, 18, 29, 28162 }, // U+0666
    { 14, 19, 229, 0, 18, 34, 28191 }, // U+0667
    { 14, 19, 229, 0, 18, 34, 28225 }, // U+0668
    { 11, 18, 229, 2, 17, 25, 28259 }, // U+0669
    { 16, 14, 274, 0, 8, 28, 28284 }, // U+06BA
    { 6, 2, 120, 1, 2, 2, 28312 }, // U+06D4
    { 5, 5, 229, 5, 10, 4, 28314 }, // U+06F0
    { 5, 19, 229, 5, 18, 12, 28318 }, // U+06F1
    { 11, 19, 229, 2, 18, 27, 28330 }, // U+06F2
    { 14, 19, 229, 0, 18, 34, 28357 }, // U+06F3
    { 11, 17, 229, 2, 17, 24, 28391 }, // U+06F4
    { 12, 17, 229, 1, 17, 26, 28415 }, // U+06F5
    { 10, 18, 229, 2, 17, 23, 28441 }, // U+06F6
    { 14, 19, 229, 0, 18, 34, 28464 }, // U+06F7
    { 14, 19, 229, 0, 18, 34, 28498 }, // U+06F8
    { 11, 18, 229, 2, 17, 25, 28532 }, // U+06F9
    { 17, 25, 273, 0, 19, 54, 28557 }, // U+1EA0
    { 11, 20, 221, 1, 14, 28, 28611 }, // U+1EA1
    { 17, 24, 273, 0, 24, 51, 28639 }, // U+1EA2
    { 11, 20, 221, 1, 19, 28, 28690 }, // U+1EA3
    { 17, 28, 273, 0, 28, 60, 28718 }, // U+1EA4
    { 12, 24, 221, 1, 23, 36, 28778 }, // U+1EA5
    { 17, 28, 273, 0, 28, 60, 28814 }, // U+1EA6
    { 11, 24, 221, 1, 23, 33, 28874 }, // U+1EA7
    { 17, 28, 273, 0, 28, 60, 28907 }, // U+1EA8
    { 11, 24, 221, 1, 23, 33, 28967 }, // U+1EA9
    { 17, 28, 273, 0, 28, 60, 29000 }, // U+1EAA
    { 11, 24, 221, 1, 23, 33, 29060 }, // U+1EAB
    { 17, 30, 273, 0, 24, 64, 29093 }, // U+1EAC
    { 11, 25, 221, 1, 19, 35, 29157 }, // U+1EAD
    { 17, 28, 273, 0, 28, 60, 29192 }, // U+1EAE
    { 11, 24, 221, 1, 23, 33, 29252 }, // U+1EAF
    { 17, 28, 273, 0, 28, 60, 29285 }, // U+1EB0
    { 11, 24, 221, 1, 23, 33, 29345 }, // U+1EB1
    { 17, 28, 273, 0, 28, 60, 29378 }, // U+1EB2
    { 11, 24, 221, 1, 23, 33, 29438 }, // U+1EB3
    { 17, 28, 273, 0, 28, 60, 29471 }, // U+1EB4
    { 11, 24, 221, 1, 23, 33, 29531 }, // U+1EB5
    { 17, 30, 273, 0, 24, 64, 29564 }, // U+1EB6
    { 11, 25, 221, 1, 19, 35, 29628 }, // U+1EB7
    { 12, 25, 238, 2, 19, 38, 29663 }, // U+1EB8
    { 13, 20, 229, 1, 14, 33, 29701 }, // U+1EB9
    { 12, 24, 238, 2, 24, 36, 29734 }, // U+1EBA
    { 13, 20, 229, 1, 19, 33, 29770 }, // U+1EBB
    { 12, 24, 238, 2, 24, 36, 29803 }, // U+1EBC
    { 13, 20, 229, 1, 19, 33, 29839 }, // U+1EBD
    { 12, 28, 238, 2, 28, 42, 29872 }, // U+1EBE
    { 13, 24, 229, 1, 23, 39, 29914 }, // U+1EBF
    { 12, 28, 238, 2, 28, 42, 29953 }, // U+1EC0
    { 13, 24, 229, 1, 23, 39, 29995 }, // U+1EC1
    { 12, 28, 238, 2, 28, 42, 30034 }, // U+1EC2
    { 13, 24, 229, 1, 23, 39, 30076 }, // U+1EC3
    { 12, 28, 238, 2, 28, 42, 30115 }, // U+1EC4
    { 13, 24, 229, 1, 23, 39, 30157 }, // U+1EC5
    { 12, 30, 238, 2, 24, 45, 30196 }, // U+1EC6
    { 13, 25, 229, 1, 19, 41, 30241 }, // U+1EC7
    { 5, 24, 104, 1, 24, 15, 30282 }, // U+1EC8
    { 5, 19, 94, 0, 19, 12, 30297 }, // U+1EC9
    { 4, 25, 104, 1, 19, 13, 30309 }, // U+1ECA
    { 4, 25, 94, 1, 19, 13, 30322 }, // U+1ECB
    { 17, 25, 304, 1, 19, 54, 30335 }, // U+1ECC
    { 13, 20, 235, 1, 14, 33, 30389 }, // U+1ECD
    { 17, 25, 304, 1, 24, 54, 30422 }, // U+1ECE
    { 13, 20, 235, 1, 19, 33, 30476 }, // U+1ECF
    { 17, 29, 304, 1, 28, 62, 30509 }, // U+1ED0
    { 13, 24, 235, 1, 23, 39, 30571 }, // U+1ED1
    { 17, 29, 304, 1, 28, 62, 30610 }, // U+1ED2
    { 13, 24, 235, 1, 23, 39, 30672 }, // U+1ED3
    { 17, 29, 304, 1, 28, 62, 30711 }, // U+1ED4
    { 13, 24, 235, 1, 23, 39, 30773 }, // U+1ED5
    { 17, 29, 304, 1, 28, 62, 30812 }, // U+1ED6
    { 13, 24, 235, 1, 23, 39, 30874 }, // U+1ED7
    { 17, 30, 304, 1, 24, 64, 30913 }, // U+1ED8
    { 13, 25, 235, 1, 19, 41, 30977 }, // U+1ED9
    { 17, 25, 304, 1, 24, 54, 31018 }, // U+1EDA
    { 13, 20, 234, 1, 19, 33, 31072 }, // U+1EDB
    { 17, 25, 304, 1, 24, 54, 31105 }, // U+1EDC
    { 13, 20, 234, 1, 19, 33, 31159 }, // U+1EDD
    { 17, 25, 304, 1, 24, 54, 31192 }, // U+1EDE
    { 13, 20, 234, 1, 19, 33, 31246 }, // U+1EDF
    { 17, 25, 304, 1, 24, 54, 31279 }, // U+1EE0
    { 13, 20, 234, 1, 19, 33, 31333 }, // U+1EE1
    { 17, 27, 304, 1, 21, 58, 31366 }, // U+1EE2
    { 13, 23, 234, 1, 17, 38, 31424 }, // U+1EE3
    { 15, 25, 294, 2, 19, 47, 31462 }, // U+1EE4
    { 12, 20, 233, 1, 14, 30, 31509 }, // U+1EE5
    { 15, 25, 294, 2, 24, 47, 31539 }, // U+1EE6
    { 12, 20, 233, 1, 19, 30, 31586 }, // U+1EE7
    { 17, 25, 293, 2, 24, 54, 31616 }, // U+1EE8
    { 14, 20, 246, 1, 19, 35, 31670 }, // U+1EE9
    { 17, 25, 293, 2, 24, 54, 31705 }, // U+1EEA
    { 14, 20, 246, 1, 19, 35, 31759 }, // U+1EEB
    { 17, 25, 293, 2, 24, 54, 31794 }, // U+1EEC
    { 14, 20, 246, 1, 19, 35, 31848 }, // U+1EED
    { 17, 25, 293, 2, 24, 54, 31883 }, // U+1EEE
    { 14, 20, 246, 1, 19, 35, 31937 }, // U+1EEF
    { 17, 27, 293, 2, 21, 58, 31972 }, // U+1EF0
    { 14, 23, 246, 1, 17, 41, 32030 }, // U+1EF1
    { 17, 24, 268, 0, 24, 51, 32071 }, // U+1EF2
    { 14, 25, 220, 0, 19, 44, 32122 }, // U+1EF3
    { 17, 25, 268, 0, 19, 54, 32166 }, // U+1EF4
    { 14, 20, 220, 0, 14, 35, 32220 }, // U+1EF5
    { 17, 24, 268, 0, 24, 51, 32255 }, // U+1EF6
    { 14, 25, 220, 0, 19, 44, 32306 }, // U+1EF7
    { 17, 24, 268, 0, 24, 51, 32350 }, // U+1EF8
    { 14, 25, 220, 0, 19, 44, 32401 }, // U+1EF9
    { 15, 20, 262, 1, 19, 38, 32445 }, // U+1F00
    { 15, 20, 262, 1, 19, 38, 32483 }, // U+1F01
    { 15, 20, 262, 1, 19, 38, 32521 }, // U+1F02
    { 15, 20, 262, 1, 19, 38, 32559 }, // U+1F03
    { 15, 20, 262, 1, 19, 38, 32597 }, // U+1F04
    { 15, 20, 262, 1, 19, 38, 32635 }, // U+1F05
    { 15, 24, 262, 1, 23, 45, 32673 }, // U+1F06
    { 15, 24, 262, 1, 23, 45, 32718 }, // U+1F07
    { 16, 19, 281, 1, 19, 38, 32763 }, // U+1F08
    { 16, 19, 281, 1, 19, 38, 32801 }, // U+1F09
    { 20, 19, 335, 1, 19, 48, 32839 }, // U+1F0A
    { 20, 19, 339, 1, 19, 48, 32887 }, // U+1F0B
    { 20, 19, 336, 1, 19, 48, 32935 }, // U+1F0C
    { 20, 19, 338, 1, 19, 48, 32983 }, // U+1F0D
    { 18, 22, 306, 1, 22, 50, 33031 }, // U+1F0E
    { 18, 22, 307, 1, 22, 50, 33081 }, // U+1F0F
    { 11, 20, 209, 1, 19, 28, 33131 }, // U+1F10
    { 11, 20, 209, 1, 19, 28, 33159 }, // U+1F11
    { 11, 20, 209, 1, 19, 28, 33187 }, // U+1F12
    { 11, 20, 209, 1, 19, 28, 33215 }, // U+1F13
    { 11, 20, 209, 1, 19, 28, 33243 }, // U+1F14
    { 11, 20, 209, 1, 19, 28, 33271 }, // U+1F15
    { 17, 19, 303, 1, 19, 41, 33299 }, // U+1F18
    { 17, 19, 305, 1, 19, 41, 33340 }, // U+1F19
    { 21, 19, 363, 1, 19, 50, 33381 }, // U+1F1A
    { 21, 19, 367, 1, 19, 50, 33431 }, // U+1F1B
    { 21, 19, 365, 1, 19, 50, 33481 }, // U+1F1C
    { 21, 19, 366, 1, 19, 50, 33531 }, // U+1F1D
    { 12, 25, 233, 1, 19, 38, 33581 }, // U+1F20
    { 12, 25, 233, 1, 19, 38, 33619 }, // U+1F21
    { 12, 25, 233, 1, 19, 38, 33657 }, // U+1F22
    { 12, 25, 233, 1, 19, 38, 33695 }, // U+1F23
    { 12, 25, 233, 1, 19, 38, 33733 }, // U+1F24
    { 12, 25, 233, 1, 19, 38, 33771 }, // U+1F25
    { 12, 29, 233, 1, 23, 44, 33809 }, // U+1F26
    { 12, 29, 233, 1, 23, 44, 33853 }, // U+1F27
    { 20, 19, 359, 1, 19, 48, 33897 }, // U+1F28
    { 20, 19, 361, 1, 19, 48, 33945 }, // U+1F29
    { 24, 19, 419, 1, 19, 57, 33993 }, // U+1F2A
    { 24, 19, 423, 1, 19, 57, 34050 }, // U+1F2B
    { 24, 19, 420, 1, 19, 57, 34107 }, // U+1F2C
    { 24, 19, 422, 1, 19, 57, 34164 }, // U+1F2D
    { 22, 22, 390, 1, 22, 61, 34221 }, // U+1F2E
    { 22, 22, 391, 1, 22, 61, 34282 }, // U+1F2F
    { 6, 20, 106, 1, 19, 15, 34343 }, // U+1F30
    { 6, 20, 106, 1, 19, 15, 34358 }, // U+1F31
    { 8, 20, 106, -1, 19, 20, 34373 }, // U+1F32
    { 9, 20, 106, -2, 19, 23, 34393 }, // U+1F33
    { 8, 20, 106, -1, 19, 20, 34416 }, // U+1F34
    { 9, 20, 106, -2, 19, 23, 34436 }, // U+1F35
    { 8, 24, 106, -1, 23, 24, 34459 }, // U+1F36
    { 8, 24, 106, -1, 23, 24, 34483 }, // U+1F37
    { 8, 19, 169, 1, 19, 19, 34507 }, // U+1F38
    { 8, 19, 171, 1, 19, 19, 34526 }, // U+1F39
    { 12, 19, 229, 1, 19, 29, 34545 }, // U+1F3A
    { 12, 19, 233, 1, 19, 29, 34574 }, // U+1F3B
    { 12, 19, 230, 1, 19, 29, 34603 }, // U+1F3C
    { 12, 19, 232, 1, 19, 29, 34632 }, // U+1F3D
    { 10, 22, 200, 1, 22, 28, 34661 }, // U+1F3E
    { 10, 22, 201, 1, 22, 28, 34689 }, // U+1F3F
    { 13, 20, 235, 1, 19, 33, 34717 }, // U+1F40
    { 13, 20, 235, 1, 19, 33, 34750 }, // U+1F41
    { 13, 20, 235, 1, 19, 33, 34783 }, // U+1F42
    { 13, 20, 235, 1, 19, 33, 34816 }, // U+1F43
    { 13, 20, 235, 1, 19, 33, 34849 }, // U+1F44
    { 13, 20, 235, 1, 19, 33, 34882 }, // U+1F45
    { 20, 20, 352, 1, 19, 50, 34915 }, // U+1F48
    { 20, 20, 354, 1, 19, 50, 34965 }, // U+1F49
    { 24, 20, 412, 1, 19, 60, 35015 }, // U+1F4A
    { 24, 20, 416, 1, 19, 60, 35075 }, // U+1F4B
    { 24, 20, 413, 1, 19, 60, 35135 }, // U+1F4C
    { 24, 20, 415, 1, 19, 60, 35195 }, // U+1F4D
    { 12, 20, 233, 1, 19, 30, 35255 }, // U+1F50
    { 12, 20, 233, 1, 19, 30, 35285 }, // U+1F51
    { 12, 20, 233, 1, 19, 30, 35315 }, // U+1F52
    { 12, 20, 233, 1, 19, 30, 35345 }, // U+1F53
    { 12, 20, 233, 1, 19, 30, 35375 }, // U+1F54
    { 12, 20, 233, 1, 19, 30, 35405 }, // U+1F55
    { 12, 24, 233, 1, 23, 36, 35435 }, // U+1F56
    { 12, 24, 233, 1, 23, 36, 35471 }, // U+1F57
    { 21, 19, 360, 1, 19, 50, 35507 }, // U+1F59
    { 25, 19, 422, 1, 19, 60, 35557 }, // U+1F5B
    { 25, 19, 421, 1, 19, 60, 35617 }, // U+1F5D
    { 23, 22, 390, 1, 22, 64, 35677 }, // U+1F5F
    { 18, 20, 319, 1, 19, 45, 35741 }, // U+1F60
    { 18, 20, 319, 1, 19, 45, 35786 }, // U+1F61
    { 18, 20, 319, 1, 19, 45, 35831 }, // U+1F62
    { 18, 20, 319, 1, 19, 45, 35876 }, // U+1F63
    { 18, 20, 319, 1, 19, 45, 35921 }, // U+1F64
    { 18, 20, 319, 1, 19, 45, 35966 }, // U+1F65
    { 18, 24, 319, 1, 23, 54, 36011 }, // U+1F66
    { 18, 24, 319, 1, 23, 54, 36065 }, // U+1F67
    { 20, 19, 354, 1, 19, 48, 36119 }, // U+1F68
    { 20, 19, 356, 1, 19, 48, 36167 }, // U+1F69
    { 24, 19, 414, 1, 19, 57, 36215 }, // U+1F6A
    { 24, 19, 418, 1, 19, 57, 36272 }, // U+1F6B
    { 24, 19, 416, 1, 19, 57, 36329 }, // U+1F6C
    { 24, 19, 417, 1, 19, 57, 36386 }, // U+1F6D
    { 22, 22, 386, 1, 22, 61, 36443 }, // U+1F6E
    { 22, 22, 387, 1, 22, 61, 36504 }, // U+1F6F
    { 15, 20, 262, 1, 19, 38, 36565 }, // U+1F70
    { 15, 20, 262, 1, 19, 38, 36603 }, // U+1F71
    { 11, 20, 209, 1, 19, 28, 36641 }, // U+1F72
    { 11, 20, 209, 1, 19, 28, 36669 }, // U+1F73
    { 12, 25, 233, 1, 19, 38, 36697 }, // U+1F74
    { 12, 25, 233, 1, 19, 38, 36735 }, // U+1F75
    { 7, 20, 106, 0, 19, 18, 36773 }, // U+1F76
    { 6, 20, 106, 1, 19, 15, 36791 }, // U+1F77
    { 13, 20, 235, 1, 19, 33, 36806 }, // U+1F78
    { 13, 20, 235, 1, 19, 33, 36839 }, // U+1F79
    { 12, 20, 233, 1, 19, 30, 36872 }, // U+1F7A
    { 12, 20, 233, 1, 19, 30, 36902 }, // U+1F7B
    { 18, 20, 319, 1, 19, 45, 36932 }, // U+1F7C
    { 18, 20, 319, 1, 19, 45, 36977 }, // U+1F7D
    { 15, 26, 262, 1, 19, 49, 37022 }, // U+1F80
    { 15, 26, 262, 1, 19, 49, 37071 }, // U+1F81
    { 15, 26, 262, 1, 19, 49, 37120 }, // U+1F82
    { 15, 26, 262, 1, 19, 49, 37169 }, // U+1F83
    { 15, 26, 262, 1, 19, 49, 37218 }, // U+1F84
    { 15, 26, 262, 1, 19, 49, 37267 }, // U+1F85
    { 15, 30, 262, 1, 23, 57, 37316 }, // U+1F86
    { 15, 30, 262, 1, 23, 57, 37373 }, // U+1F87
    { 16, 26, 281, 1, 19, 52, 37430 }, // U+1F88
    { 16, 26, 281, 1, 19, 52, 37482 }, // U+1F89
    { 20, 26, 335, 1, 19, 65, 37534 }, // U+1F8A
    { 20, 26, 339, 1, 19, 65, 37599 }, // U+1F8B
    { 20, 26, 336, 1, 19, 65, 37664 }, // U+1F8C
    { 20, 26, 338, 1, 19, 65, 37729 }, // U+1F8D
    { 18, 29, 306, 1, 22, 66, 37794 }, // U+1F8E
    { 18, 29, 307, 1, 22, 66, 37860 }, // U+1F8F
    { 12, 26, 233, 1, 19, 39, 37926 }, // U+1F90
    { 12, 26, 233, 1, 19, 39, 37965 }, // U+1F91
    { 12, 26, 233, 1, 19, 39, 38004 }, // U+1F92
    { 12, 26, 233, 1, 19, 39, 38043 }, // U+1F93
    { 12, 26, 233, 1, 19, 39, 38082 }, // U+1F94
    { 12, 26, 233, 1, 19, 39, 38121 }, // U+1F95
    { 12, 30, 233, 1, 23, 45, 38160 }, // U+1F96
    { 12, 30, 233, 1, 23, 45, 38205 }, // U+1F97
    { 20, 26, 359, 1, 19, 65, 38250 }, // U+1F98
    { 20, 26, 361, 1, 19, 65, 38315 }, // U+1F99
    { 24, 26, 419, 1, 19, 78, 38380 }, // U+1F9A
    { 24, 26, 423, 1, 19, 78, 38458 }, // U+1F9B
    { 24, 26, 420, 1, 19, 78, 38536 }, // U+1F9C
    { 24, 26, 422, 1, 19, 78, 38614 }, // U+1F9D
    { 22, 29, 390, 1, 22, 80, 38692 }, // U+1F9E
    { 22, 29, 391, 1, 22, 80, 38772 }, // U+1F9F
    { 18, 26, 319, 1, 19, 59, 38852 }, // U+1FA0
    { 18, 26, 319, 1, 19, 59, 38911 }, // U+1FA1
    { 18, 26, 319, 1, 19, 59, 38970 }, // U+1FA2
    { 18, 26, 319, 1, 19, 59, 39029 }, // U+1FA3
    { 18, 26, 319, 1, 19, 59, 39088 }, // U+1FA4
    { 18, 26, 319, 1, 19, 59, 39147 }, // U+1FA5
    { 18, 30, 319, 1, 23, 68, 39206 }, // U+1FA6
    { 18, 30, 319, 1, 23, 68, 39274 }, // U+1FA7
    { 20, 26, 354, 1, 19, 65, 39342 }, // U+1FA8
    { 20, 26, 356, 1, 19, 65, 39407 }, // U+1FA9
    { 24, 26, 414, 1, 19, 78, 39472 }, // U+1FAA
    { 24, 26, 418, 1, 19, 78, 39550 }, // U+1FAB
    { 24, 26, 416, 1, 19, 78, 39628 }, // U+1FAC
    { 24, 26, 417, 1, 19, 78, 39706 }, // U+1FAD
    { 22, 29, 386, 1, 22, 80, 39784 }, // U+1FAE
    { 22, 29, 387, 1, 22, 80, 39864 }, // U+1FAF
    { 15, 20, 262, 1, 19, 38, 39944 }, // U+1FB0
    { 15, 19, 262, 1, 18, 36, 39982 }, // U+1FB1
    { 15, 26, 262, 1, 19, 49, 40018 }, // U+1FB2
    { 15, 21, 262, 1, 14, 40, 40067 }, // U+1FB3
    { 15, 26, 262, 1, 19, 49, 40107 }, // U+1FB4
    { 15, 20, 262, 1, 19, 38, 40156 }, // U+1FB6
    { 15, 26, 262, 1, 19, 49, 40194 }, // U+1FB7
    { 17, 24, 273, 0, 24, 51, 40243 }, // U+1FB8
    { 17, 23, 273, 0, 23, 49, 40294 }, // U+1FB9
    { 17, 19, 273, 0, 19, 41, 40343 }, // U+1FBA
    { 16, 19, 281, 1, 19, 38, 40384 }, // U+1FBB
    { 17, 26, 273, 0, 19, 56, 40422 }, // U+1FBC
    { 5, 4, 84, 0, 19, 3, 40478 }, // U+1FBD
    { 4, 6, 104, 1, -1, 3, 40481 }, // U+1FBE
    { 5, 4, 84, 0, 19, 3, 40484 }, // U+1FBF
    { 8, 4, 197, 2, 19, 4, 40487 }, // U+1FC0
    { 9, 8, 178, 1, 23, 9, 40491 }, // U+1FC1
    { 12, 26, 233, 1, 19, 39, 40500 }, // U+1FC2
    { 12, 21, 233, 1, 14, 32, 40539 }, // U+1FC3
    { 12, 26, 233, 1, 19, 39, 40571 }, // U+1FC4
    { 12, 25, 233, 1, 19, 38, 40610 }, // U+1FC6
    { 12, 26, 233, 1, 19, 39, 40648 }, // U+1FC7
    { 19, 19, 280, -2, 19, 46, 40687 }, // U+1FC8
    { 16, 19, 291, 1, 19, 38, 40733 }, // U+1FC9
    { 21, 19, 335, -2, 19, 50, 40771 }, // U+1FCA
    { 19, 19, 346, 1, 19, 46, 40821 }, // U+1FCB
    { 15, 26, 294, 2, 19, 49, 40867 }, // U+1FCC
    { 8, 4, 128, 0, 19, 4, 40916 }, // U+1FCD
    { 9, 4, 142, 0, 19, 5, 40920 }, // U+1FCE
    { 8, 8, 113, 0, 23, 8, 40925 }, // U+1FCF
    { 8, 20, 106, -1, 19, 20, 40933 }, // U+1FD0
    { 8, 19, 106, -1, 18, 19, 40953 }, // U+1FD1
    { 11, 23, 106, -3, 22, 32, 40972 }, // U+1FD2
    { 8, 24, 106, -1, 23, 24, 41004 }, // U+1FD3
    { 8, 20, 106, -1, 19, 20, 41028 }, // U+1FD6
    { 9, 24, 106, -2, 23, 27, 41048 }, // U+1FD7
    { 8, 24, 104, -1, 24, 24, 41075 }, // U+1FD8
    { 8, 23, 104, -1, 23, 23, 41099 }, // U+1FD9
    { 9, 19, 146, -2, 19, 22, 41122 }, // U+1FDA
    { 7, 19, 156, 1, 19, 17, 41144 }, // U+1FDB
    { 8, 4, 135, 0, 19, 4, 41161 }, // U+1FDD
    { 9, 4, 143, 0, 19, 5, 41165 }, // U+1FDE
    { 8, 8, 113, 0, 23, 8, 41170 }, // U+1FDF
    { 12, 20, 233, 1, 19, 30, 41178 }, // U+1FE0
    { 12, 19, 233, 1, 18, 29, 41208 }, // U+1FE1
    { 12, 23, 233, 1, 22, 35, 41237 }, // U+1FE2
    { 12, 23, 233, 1, 22, 35, 41272 }, // U+1FE3
    { 13, 25, 241, 1, 19, 41, 41307 }, // U+1FE4
    { 13, 25, 241, 1, 19, 41, 41348 }, // U+1FE5
    { 12, 20, 233, 1, 19, 30, 41389 }, // U+1FE6
    { 12, 24, 233, 1, 23, 36, 41419 }, // U+1FE7
    { 17, 24, 268, 0, 24, 51, 41455 }, // U+1FE8
    { 17, 23, 268, 0, 23, 49, 41506 }, // U+1FE9
    { 23, 19, 298, -4, 19, 55, 41555 }, // U+1FEA
    { 21, 19, 346, 1, 19, 50, 41610 }, // U+1FEB
    { 19, 19, 326, 1, 19, 46, 41660 }, // U+1FEC
    { 11, 7, 265, 3, 22, 10, 41706 }, // U+1FED
    { 11, 7, 265, 3, 22, 10, 41716 }, // U+1FEE
    { 4, 4, 59, 0, 19, 2, 41726 }, // U+1FEF
    { 18, 26, 319, 1, 19, 59, 41728 }, // U+1FF2
    { 18, 21, 319, 1, 14, 48, 41787 }, // U+1FF3
    { 18, 26, 319, 1, 19, 59, 41835 }, // U+1FF4
    { 18, 20, 319, 1, 19, 45, 41894 }, // U+1FF6
    { 18, 26, 319, 1, 19, 59, 41939 }, // U+1FF7
    { 21, 20, 304, -3, 19, 53, 41998 }, // U+1FF8
    { 19, 20, 339, 1, 19, 48, 42051 }, // U+1FF9
    { 22, 19, 332, -2, 19, 53, 42099 }, // U+1FFA
    { 19, 19, 342, 1, 19, 46, 42152 }, // U+1FFB
    { 17, 26, 305, 1, 19, 56, 42198 }, // U+1FFC
    { 4, 4, 105, 1, 19, 2, 42254 }, // U+1FFD
    { 5, 4, 84, 0, 19, 3, 42256 }, // U+1FFE
    { 0, 0, 218, 0, 0, 0, 42259 }, // U+2000
    { 0, 0, 436, 0, 0, 0, 42259 }, // U+2001
    { 0, 0, 200, 0, 0, 0, 42259 }, // U+2002
    { 0, 0, 400, 0, 0, 0, 42259 }, // U+2003
    { 0, 0, 134, 0, 0, 0, 42259 }, // U+2004
    { 0, 0, 100, 0, 0, 0, 42259 }, // U+2005
    { 0, 0, 66, 0, 0, 0, 42259 }, // U+2006
    { 0, 0, 259, 0, 0, 0, 42259 }, // U+2007
    { 0, 0, 109, 0, 0, 0, 42259 }, // U+2008
    { 0, 0, 70, 0, 0, 0, 42259 }, // U+2009
    { 0, 0, 34, 0, 0, 0, 42259 }, // U+200A
    { 0, 0, 0, 0, 0, 0, 42259 }, // U+200B
    { 0, 0, 0, 0, 0, 0, 42259 }, // U+200C
    { 0, 0, 0, 0, 0, 0, 42259 }, // U+200D
    { 0, 0, 0, 0, 0, 0, 42259 }, // U+200E
    { 0, 0, 0, 0, 0, 0, 42259 }, // U+200F
    { 9, 3, 141, 0, 9, 4, 42259 }, // U+2010
    { 9, 3, 141, 0, 9, 4, 42263 }, // U+2011
    { 14, 3, 259, 1, 10, 6, 42267 }, // U+2012
    { 13, 3, 200, 0, 9, 5, 42273 }, // U+2013
    { 25, 3, 400, 0, 9, 10, 42278 }, // U+2014
    { 25, 3, 400, 0, 9, 10, 42288 }, // U+2015
    { 6, 31, 188, 3, 25, 24, 42298 }, // U+2016
    { 13, 6, 178, -1, 0, 10, 42322 }, // U+2017
    { 5, 8, 98, 1, 19, 5, 42332 }, // U+2018
    { 5, 8, 98, 1, 19, 5, 42337 }, // U+2019
    { 4, 8, 91, 1, 3, 4, 42342 }, // U+201A
    { 5, 8, 98, 0, 19, 5, 42346 }, // U+201B
    { 9, 8, 167, 1, 19, 9, 42351 }, // U+201C
    { 9, 8, 167, 1, 19, 9, 42360 }, // U+201D
    { 9, 8, 160, 1, 3, 9, 42369 }, // U+201E
    { 9, 8, 167, 0, 19, 9, 42378 }, // U+201F
    { 10, 15, 193, 1, 19, 19, 42387 }, // U+2020
    { 10, 19, 193, 1, 19, 24, 42406 }, // U+2021
    { 9, 9, 220, 2, 12, 11, 42430 }, // U+2022
    { 7, 9, 220, 4, 12, 8, 42441 }, // U+2023
    { 5, 5, 109, 1, 4, 4, 42449 }, // U+2024
    { 11, 5, 218, 1, 4, 7, 42453 }, // U+2025
    { 18, 5, 328, 1, 4, 12, 42460 }, // U+2026
    { 5, 5, 109, 1, 11, 4, 42472 }, // U+2027
    { 0, 0, 0, 0, 0, 0, 42476 }, // U+202A
    { 0, 0, 0, 0, 0, 0, 42476 }, // U+202B
    { 0, 0, 0, 0, 0, 0, 42476 }, // U+202C
    { 0, 0, 0, 0, 0, 0, 42476 }, // U+202D
    { 0, 0, 0, 0, 0, 0, 42476 }, // U+202E
    { 0, 0, 70, 0, 0, 0, 42476 }, // U+202F
    { 28, 20, 520, 2, 19, 70, 42476 }, // U+2030
    { 37, 20, 660, 2, 19, 93, 42546 }, // U+2031
    { 4, 8, 86, 1, 19, 4, 42639 }, // U+2032
    { 9, 8, 171, 1, 19, 9, 42643 }, // U+2033
    { 14, 8, 256, 1, 19, 14, 42652 }, // U+2034
    { 4, 8, 86, 1, 19, 4, 42666 }, // U+2035
    { 9, 8, 171, 1, 19, 9, 42670 }, // U+2036
    { 14, 8, 256, 1, 19, 14, 42679 }, // U+2037
    { 10, 6, 179, 1, -1, 8, 42693 }, // U+2038
    { 8, 13, 148, 1, 14, 13, 42701 }, // U+2039
    { 9, 13, 148, 0, 14, 15, 42714 }, // U+203A
    { 14, 15, 252, 1, 16, 27, 42729 }, // U+203B
    { 11, 20, 218, 1, 19, 28, 42756 }, // U+203C
    { 12, 20, 201, 0, 19, 30, 42784 }, // U+203D
    { 12, 3, 213, 1, 21, 5, 42814 }, // U+203E
    { 20, 5, 324, 0, -1, 13, 42819 }, // U+203F
    { 20, 5, 324, 0, 19, 13, 42832 }, // U+2040
    { 11, 15, 178, 0, 8, 21, 42845 }, // U+2041
    { 16, 16, 286, 1, 17, 32, 42866 }, // U+2042
    { 8, 3, 220, 3, 9, 3, 42898 }, // U+2043
    { 16, 19, 71, -6, 19, 38, 42901 }, // U+2044
    { 6, 24, 140, 2, 20, 18, 42939 }, // U+2045
    { 6, 24, 140, 1, 20, 18, 42957 }, // U+2046
    { 25, 20, 411, 0, 19, 63, 42975 }, // U+2047
    { 18, 20, 315, 0, 19, 45, 43038 }, // U+2048
    { 18, 20, 315, 1, 19, 45, 43083 }, // U+2049
    { 9, 20, 173, 1, 14, 23, 43128 }, // U+204A
    { 12, 19, 238, 2, 19, 29, 43151 }, // U+204B
    { 12, 11, 234, 1, 13, 17, 43180 }, // U+204C
    { 12, 11, 234, 1, 13, 17, 43197 }, // U+204D
    { 11, 12, 197, 1, 9, 17, 43214 }, // U+204E
    { 5, 18, 114, 1, 13, 12, 43231 }, // U+204F
    { 20, 25, 322, 0, 19, 63, 43243 }, // U+2050
    { 11, 25, 213, 2, 19, 35, 43306 }, // U+2051
    { 16, 19, 285, 1, 19, 38, 43341 }, // U+2052
    { 16, 6, 287, 1, 12, 12, 43379 }, // U+2053
    { 20, 5, 324, 0, -1, 13, 43391 }, // U+2054
    { 11, 11, 216, 1, 12, 16, 43404 }, // U+2055
    { 20, 8, 341, 1, 19, 20, 43420 }, // U+2057
    { 0, 0, 110, 0, 0, 0, 43440 }, // U+205F
    { 0, 0, 0, 0, 0, 0, 43440 }, // U+2060
    { 0, 0, 0, 0, 0, 0, 43440 }, // U+2061
    { 0, 0, 0, 0, 0, 0, 43440 }, // U+2062
    { 0, 0, 0, 0, 0, 0, 43440 }, // U+2063
    { 0, 0, 0, 0, 0, 0, 43440 }, // U+2064
    { 0, 0, 0, 0, 0, 0, 43440 }, // U+2066
    { 0, 0, 0, 0, 0, 0, 43440 }, // U+2067
    { 0, 0, 0, 0, 0, 0, 43440 }, // U+2068
    { 0, 0, 0, 0, 0, 0, 43440 }, // U+2069
    { 0, 0, 0, 0, 0, 0, 43440 }, // U+206A
    { 0, 0, 0, 0, 0, 0, 43440 }, // U+206B
    { 0, 0, 0, 0, 0, 0, 43440 }, // U+206C
    { 0, 0, 0, 0, 0, 0, 43440 }, // U+206D
    { 0, 0, 0, 0, 0, 0, 43440 }, // U+206E
    { 0, 0, 0, 0, 0, 0, 43440 }, // U+206F
    { 10, 11, 180, 1, 21, 14, 43440 }, // U+2070
    { 3, 12, 77, 1, 22, 5, 43454 }, // U+2071
    { 10, 11, 179, 1, 21, 14, 43459 }, // U+2074
    { 9, 11, 171, 1, 21, 13, 43473 }, // U+2075
    { 9, 11, 173, 1, 21, 13, 43486 }, // U+2076
    { 9, 11, 158, 0, 21, 13, 43499 }, // U+2077
    { 9, 11, 175, 1, 21, 13, 43512 }, // U+2078
    { 9, 11, 173, 1, 21, 13, 43525 }, // U+2079
    { 9, 7, 171, 1, 19, 8, 43538 }, // U+207A
    { 9, 3, 171, 1, 17, 4, 43546 }, // U+207B
    { 8, 6, 171, 1, 18, 6, 43550 }, // U+207C
    { 5, 13, 104, 1, 22, 9, 43556 }, // U+207D
    { 5, 13, 104, 0, 22, 9, 43565 }, // U+207E
    { 9, 9, 169, 1, 19, 11, 43574 }, // U+207F
    { 10, 11, 180, 1, 6, 14, 43585 }, // U+2080
    { 5, 11, 118, 1, 6, 7, 43599 }, // U+2081
    { 9, 11, 172, 1, 6, 13, 43606 }, // U+2082
    { 9, 11, 174, 1, 6, 13, 43619 }, // U+2083
    { 10, 11, 179, 1, 6, 14, 43632 }, // U+2084
    { 9, 11, 171, 1, 6, 13, 43646 }, // U+2085
    { 9, 11, 173, 1, 6, 13, 43659 }, // U+2086
    { 9, 11, 158, 0, 6, 13, 43672 }, // U+2087
    { 9, 11, 175, 1, 6, 13, 43685 }, // U+2088
    { 9, 11, 173, 1, 6, 13, 43698 }, // U+2089
    { 9, 7, 171, 1, 4, 8, 43711 }, // U+208A
    { 9, 3, 171, 1, 2, 4, 43719 }, // U+208B
    { 8, 6, 171, 1, 3, 6, 43723 }, // U+208C
    { 5, 13, 104, 1, 7, 9, 43729 }, // U+208D
    { 5, 13, 104, 0, 7, 9, 43738 }, // U+208E
    { 9, 9, 157, 0, 4, 11, 43747 }, // U+2090
    { 10, 9, 162, 0, 4, 12, 43758 }, // U+2091
    { 10, 9, 166, 0, 4, 12, 43770 }, // U+2092
    { 10, 9, 156, 0, 4, 12, 43782 }, // U+2093
    { 10, 11, 177, 1, 5, 14, 43794 }, // U+2094
    { 9, 11, 169, 1, 6, 13, 43808 }, // U+2095
    { 9, 11, 155, 1, 6, 13, 43821 }, // U+2096
    { 3, 11, 77, 1, 6, 5, 43834 }, // U+2097
    { 13, 9, 244, 1, 4, 15, 43839 }, // U+2098
    { 9, 9, 169, 1, 4, 11, 43854 }, // U+2099
    { 9, 11, 170, 1, 4, 13, 43865 }, // U+209A
    { 9, 9, 151, 0, 4, 11, 43878 }, // U+209B
    { 6, 11, 98, 0, 6, 9, 43889 }, // U+209C
    { 16, 20, 288, 1, 19, 40, 43898 }, // U+20A0
    { 16, 24, 291, 1, 21, 48, 43938 }, // U+20A1
    { 16, 20, 289, 1, 19, 40, 43986 }, // U+20A2
    { 15, 19, 240, -1, 19, 36, 44026 }, // U+20A3
    { 13, 19, 242, 1, 19, 31, 44062 }, // U+20A4
    { 19, 18, 340, 1, 16, 43, 44093 }, // U+20A5
    { 19, 19, 305, 0, 19, 46, 44136 }, // U+20A6
    { 21, 20, 376, 2, 19, 53, 44182 }, // U+20A7
    { 25, 20, 444, 2, 19, 63, 44235 }, // U+20A8
    { 24, 19, 379, 0, 19, 57, 44298 }, // U+20A9
    { 17, 14, 323, 2, 14, 30, 44355 }, // U+20AA
    { 15, 25, 241, 1, 19, 47, 44385 }, // U+20AB
    { 16, 20, 264, 0, 19, 40, 44432 }, // U+20AC
    { 18, 19, 281, 0, 19, 43, 44472 }, // U+20AD
    { 14, 19, 255, 1, 19, 34, 44515 }, // U+20AE
    { 33, 27, 550, 1, 21, 112, 44549 }, // U+20AF
    { 16, 19, 263, 0, 19, 38, 44661 }, // U+20B1
    { 17, 24, 297, 1, 21, 51, 44699 }, // U+20B2
    { 17, 19, 273, 0, 19, 41, 44750 }, // U+20B3
    { 14, 20, 250, 1, 19, 35, 44791 }, // U+20B4
    { 16, 24, 291, 1, 21, 48, 44826 }, // U+20B5
    { 14, 19, 255, 1, 19, 34, 44874 }, // U+20B8
    { 13, 19, 214, 0, 19, 31, 44908 }, // U+20B9
    { 13, 20, 235, 1, 19, 33, 44939 }, // U+20BA
    { 16, 14, 288, 1, 14, 28, 44972 }, // U+20BC
    { 17, 19, 277, 0, 19, 41, 45000 }, // U+20BD
    { 16, 19, 287, 1, 19, 38, 45041 }, // U+20BE
    { 13, 24, 260, 2, 21, 39, 45079 }, // U+20BF
    { 19, 16, 379, 2, 16, 38, 45118 }, // U+2190
    { 17, 19, 331, 2, 19, 41, 45156 }, // U+2191
    { 19, 16, 379, 3, 16, 38, 45197 }, // U+2192
    { 17, 20, 331, 2, 19, 43, 45235 }, // U+2193
    { 29, 16, 534, 2, 16, 58, 45278 }, // U+2194
    { 17, 30, 331, 2, 23, 64, 45336 }, // U+2195
    { 15, 15, 306, 2, 14, 29, 45400 }, // U+2196
    { 15, 15, 306, 2, 14, 29, 45429 }, // U+2197
    { 15, 14, 306, 2, 14, 27, 45458 }, // U+2198
    { 15, 14, 306, 2, 14, 27, 45485 }, // U+2199
    { 25, 19, 455, 2, 19, 60, 45512 }, // U+21A9
    { 25, 19, 455, 2, 19, 60, 45572 }, // U+21AA
    { 21, 19, 392, 2, 19, 50, 45632 }, // U+21B0
    { 21, 19, 392, 2, 19, 50, 45682 }, // U+21B1
    { 13, 17, 328, 3, 17, 28, 45732 }, // U+21B2
    { 21, 17, 392, 2, 19, 45, 45760 }, // U+21B3
    { 17, 20, 330, 2, 19, 43, 45805 }, // U+21B4
    { 21, 17, 392, 2, 19, 45, 45848 }, // U+21B5
    { 21, 16, 328, 0, 17, 42, 45893 }, // U+21B6
    { 21, 16, 328, 0, 17, 42, 45935 }, // U+21B7
    { 19, 23, 379, 2, 23, 55, 45977 }, // U+21BA
    { 19, 23, 379, 2, 23, 55, 46032 }, // U+21BB
    { 19, 20, 328, 1, 19, 48, 46087 }, // U+21C4
    { 19, 20, 328, 1, 19, 48, 46135 }, // U+21C6
    { 19, 17, 379, 2, 16, 41, 46183 }, // U+21D0
    { 19, 17, 379, 3, 16, 41, 46224 }, // U+21D2
    { 29, 17, 534, 2, 16, 62, 46265 }, // U+21D4
    { 11, 19, 240, 2, 19, 27, 46327 }, // U+21DE
    { 11, 20, 240, 2, 19, 28, 46354 }, // U+21DF
    { 21, 12, 403, 2, 15, 32, 46382 }, // U+21E4
    { 21, 12, 403, 2, 15, 32, 46414 }, // U+21E5
    { 22, 20, 409, 2, 20, 55, 46446 }, // U+21E7
    { 22, 24, 409, 2, 20, 66, 46501 }, // U+21EA
    { 13, 20, 250, 1, 19, 33, 46567 }, // U+2202
    { 15, 16, 271, 1, 15, 30, 46600 }, // U+2205
    { 17, 19, 269, 0, 19, 41, 46630 }, // U+2206
    { 14, 22, 286, 2, 19, 39, 46671 }, // U+220F
    { 15, 23, 251, 0, 19, 44, 46710 }, // U+2211
    { 12, 3, 262, 2, 9, 5, 46754 }, // U+2212
    { 15, 17, 59, -6, 17, 32, 46759 }, // U+2215
    { 15, 19, 249, 0, 19, 36, 46791 }, // U+221A
    { 21, 11, 371, 1, 13, 29, 46827 }, // U+221E
    { 10, 26, 144, -1, 20, 33, 46856 }, // U+222B
    { 5, 15, 109, 1, 17, 10, 46889 }, // U+2236
    { 14, 11, 262, 1, 13, 20, 46899 }, // U+2248
    { 12, 14, 262, 2, 14, 21, 46919 }, // U+2260
    { 12, 14, 262, 2, 14, 21, 46940 }, // U+2264
    { 12, 14, 262, 2, 14, 21, 46961 }, // U+2265
    { 35, 35, 556, 0, 27, 154, 46982 }, // U+2295
    { 35, 35, 556, 0, 27, 154, 47136 }, // U+2296
    { 35, 35, 556, 0, 27, 154, 47290 }, // U+2297
    { 35, 35, 556, 0, 27, 154, 47444 }, // U+2298
    { 13, 19, 227, 0, 19, 31, 47598 }, // U+FB01
    { 15, 19, 238, 0, 19, 36, 47629 }, // U+FB02
    { 24, 20, 397, 0, 11, 60, 47665 }, // U+FB56
    { 29, 18, 437, 0, 9, 66, 47725 }, // U+FB57
    { 7, 19, 120, -1, 11, 17, 47791 }, // U+FB58
    { 11, 16, 149, 0, 8, 22, 47808 }, // U+FB59
    { 24, 19, 397, 0, 18, 57, 47830 }, // U+FB66
    { 29, 19, 437, 0, 18, 69, 47887 }, // U+FB67
    { 7, 21, 108, 0, 20, 19, 47956 }, // U+FB68
    { 11, 18, 149, 0, 17, 25, 47975 }, // U+FB69
    { 16, 21, 264, 0, 11, 42, 48000 }, // U+FB7A
    { 20, 21, 288, 0, 11, 53, 48042 }, // U+FB7B
    { 14, 17, 236, 0, 9, 30, 48095 }, // U+FB7C
    { 18, 17, 255, 0, 9, 39, 48125 }, // U+FB7D
    { 11, 23, 191, 0, 22, 32, 48164 }, // U+FB88
    { 15, 23, 213, 0, 22, 44, 48196 }, // U+FB89
    { 9, 23, 147, -1, 17, 26, 48240 }, // U+FB8A
    { 13, 23, 158, -1, 17, 38, 48266 }, // U+FB8B
    { 10, 25, 147, -1, 19, 32, 48304 }, // U+FB8C
    { 13, 25, 158, -1, 19, 41, 48336 }, // U+FB8D
    { 23, 19, 351, 0, 18, 55, 48377 }, // U+FB8E
    { 26, 19, 390, 0, 18, 62, 48432 }, // U+FB8F
    { 11, 19, 165, 0, 18, 27, 48494 }, // U+FB90
    { 14, 19, 203, 0, 18, 34, 48521 }, // U+FB91
    { 23, 22, 351, 0, 21, 64, 48555 }, // U+FB92
    { 26, 22, 390, 0, 21, 72, 48619 }, // U+FB93
    { 11, 22, 165, 0, 21, 31, 48691 }, // U+FB94
    { 14, 22, 203, 0, 21, 39, 48722 }, // U+FB95
    { 16, 14, 274, 0, 8, 28, 48761 }, // U+FB9E
    { 20, 14, 292, 0, 8, 35, 48789 }, // U+FB9F
    { 10, 12, 162, 0, 12, 15, 48824 }, // U+FBA6
    { 14, 10, 192, 0, 9, 18, 48839 }, // U+FBA7
    { 6, 16, 108, 0, 11, 12, 48857 }, // U+FBA8
    { 13, 11, 175, 0, 4, 18, 48869 }, // U+FBA9
    { 16, 14, 269, 0, 13, 28, 48887 }, // U+FBAA
    { 17, 17, 246, 0, 11, 37, 48915 }, // U+FBAB
    { 14, 14, 230, 0, 13, 25, 48952 }, // U+FBAC
    { 14, 17, 203, 0, 11, 30, 48977 }, // U+FBAD
    { 23, 13, 377, 0, 12, 38, 49007 }, // U+FBAE
    { 15, 9, 220, 0, 2, 17, 49045 }, // U+FBAF
    { 23, 19, 377, 0, 18, 55, 49062 }, // U+FBB0
    { 15, 16, 220, 0, 9, 30, 49117 }, // U+FBB1
    { 19, 17, 304, 0, 11, 41, 49147 }, // U+FBFC
    { 20, 11, 294, 0, 5, 28, 49188 }, // U+FBFD
    { 7, 16, 120, -1, 11, 14, 49216 }, // U+FBFE
    { 11, 13, 149, 0, 8, 18, 49230 }, // U+FBFF
    { 10, 11, 164, 0, 9, 14, 49248 }, // U+FE80
    { 9, 21, 94, -2, 21, 24, 49262 }, // U+FE81
    { 11, 24, 116, -2, 23, 33, 49286 }, // U+FE82
    { 6, 24, 94, 0, 24, 18, 49319 }, // U+FE83
    { 9, 27, 116, 0, 26, 31, 49337 }, // U+FE84
    { 9, 22, 179, 1, 16, 25, 49368 }, // U+FE85
    { 13, 23, 189, 1, 17, 38, 49393 }, // U+FE86
    { 6, 26, 95, 1, 18, 20, 49431 }, // U+FE87
    { 8, 26, 116, 1, 18, 26, 49451 }, // U+FE88
    { 19, 18, 304, 0, 12, 43, 49477 }, // U+FE89
    { 20, 18, 294, 0, 12, 45, 49520 }, // U+FE8A
    { 6, 19, 108, 0, 18, 15, 49565 }, // U+FE8B
    { 10, 16, 137, 0, 15, 20, 49580 }, // U+FE8C
    { 4, 18, 95, 1, 18, 9, 49600 }, // U+FE8D
    { 8, 19, 116, 1, 18, 19, 49609 }, // U+FE8E
    { 24, 17, 397, 0, 11, 51, 49628 }, // U+FE8F
    { 29, 15, 437, 0, 9, 55, 49679 }, // U+FE90
    { 6, 16, 108, 0, 11, 12, 49734 }, // U+FE91
    { 10, 13, 137, 0, 8, 17, 49746 }, // U+FE92
    { 10, 17, 162, 0, 17, 22, 49763 }, // U+FE93
    { 14, 20, 194, 0, 19, 35, 49785 }, // U+FE94
    { 24, 14, 397, 0, 13, 42, 49820 }, // U+FE95
    { 29, 14, 437, 0, 13, 51, 49862 }, // U+FE96
    { 7, 17, 108, 0, 16, 15, 49913 }, // U+FE97
    { 11, 14, 149, 0, 13, 20, 49928 }, // U+FE98
    { 24, 17, 397, 0, 16, 51, 49948 }, // U+FE99
    { 29, 17, 437, 0, 16, 62, 49999 }, // U+FE9A
    { 7, 20, 108, 0, 19, 18, 50061 }, // U+FE9B
    { 11, 17, 149, 0, 16, 24, 50079 }, // U+FE9C
    { 15, 21, 256, 0, 11, 40, 50103 }, // U+FE9D
    { 18, 21, 260, 0, 11, 48, 50143 }, // U+FE9E
    { 14, 14, 236, 0, 9, 25, 50191 }, // U+FE9F
    { 18, 14, 255, 0, 9, 32, 50216 }, // U+FEA0
    { 15, 21, 256, 0, 11, 40, 50248 }, // U+FEA1
    { 18, 21, 260, 0, 11, 48, 50288 }, // U+FEA2
    { 14, 10, 236, 0, 9, 18, 50336 }, // U+FEA3
    { 18, 10, 255, 0, 9, 23, 50354 }, // U+FEA4
    { 15, 26, 256, 0, 16, 49, 50377 }, // U+FEA5
    { 18, 26, 260, 0, 16, 59, 50426 }, // U+FEA6
    { 14, 15, 236, 0, 14, 27, 50485 }, // U+FEA7
    { 18, 15, 255, 0, 14, 34, 50512 }, // U+FEA8
    { 11, 13, 191, 0, 12, 18, 50546 }, // U+FEA9
    { 15, 13, 213, 0, 12, 25, 50564 }, // U+FEAA
    { 11, 18, 191, 0, 17, 25, 50589 }, // U+FEAB
    { 15, 18, 213, 0, 17, 34, 50614 }, // U+FEAC
    { 9, 15, 147, -1, 9, 17, 50648 }, // U+FEAD
    { 13, 15, 158, -1, 9, 25, 50665 }, // U+FEAE
    { 9, 20, 147, -1, 14, 23, 50690 }, // U+FEAF
    { 13, 20, 158, -1, 14, 33, 50713 }, // U+FEB0
    { 29, 17, 484, 0, 11, 62, 50746 }, // U+FEB1
    { 33, 15, 508, 0, 9, 62, 50808 }, // U+FEB2
    { 19, 12, 314, 0, 11, 29, 50870 }, // U+FEB3
    { 23, 10, 340, 0, 9, 29, 50899 }, // U+FEB4
    { 29, 23, 484, 0, 17, 84, 50928 }, // U+FEB5
    { 33, 23, 508, 0, 17, 95, 51012 }, // U+FEB6
    { 19, 18, 314, 0, 17, 43, 51107 }, // U+FEB7
    { 23, 18, 340, 0, 17, 52, 51150 }, // U+FEB8
    { 32, 16, 522, 0, 10, 64, 51202 }, // U+FEB9
    { 36, 16, 541, 0, 10, 72, 51266 }, // U+FEBA
    { 22, 11, 361, 0, 10, 31, 51338 }, // U+FEBB
    { 25, 11, 380, 0, 10, 35, 51369 }, // U+FEBC
    { 32, 21, 522, 0, 15, 84, 51404 }, // U+FEBD
    { 36, 21, 541, 0, 15, 95, 51488 }, // U+FEBE
    { 22, 16, 361, 0, 15, 44, 51583 }, // U+FEBF
    { 25, 16, 380, 0, 15, 50, 51627 }, // U+FEC0
    { 19, 19, 315, 0, 18, 46, 51677 }, // U+FEC1
    { 23, 19, 332, 0, 18, 55, 51723 }, // U+FEC2
    { 16, 19, 271, 0, 18, 38, 51778 }, // U+FEC3
    { 19, 19, 284, 0, 18, 46, 51816 }, // U+FEC4
    { 19, 19, 315, 0, 18, 46, 51862 }, // U+FEC5
    { 23, 19, 332, 0, 18, 55, 51908 }, // U+FEC6
    { 16, 19, 271, 0, 18, 38, 51963 }, // U+FEC7
    { 19, 19, 284, 0, 18, 46, 52001 }, // U+FEC8
    { 15, 23, 203, 0, 13, 44, 52047 }, // U+FEC9
    { 15, 21, 212, 0, 11, 40, 52091 }, // U+FECA
    { 12, 12, 201, 0, 11, 18, 52131 }, // U+FECB
    { 15, 12, 208, 0, 11, 23, 52149 }, // U+FECC
    { 15, 28, 203, 0, 18, 53, 52172 }, // U+FECD
    { 15, 26, 212, 0, 16, 49, 52225 }, // U+FECE
    { 12, 17, 201, 0, 16, 26, 52274 }, // U+FECF
    { 15, 17, 208, 0, 16, 32, 52300 }, // U+FED0
    { 24, 19, 393, 0, 18, 57, 52332 }, // U+FED1
    { 29, 17, 439, 0, 16, 62, 52389 }, // U+FED2
    { 11, 19, 179, 0, 18, 27, 52451 }, // U+FED3
    { 14, 17, 198, 0, 16, 30, 52478 }, // U+FED4
    { 19, 21, 310, 0, 16, 50, 52508 }, // U+FED5
    { 22, 21, 323, 0, 14, 58, 52558 }, // U+FED6
    { 11, 19, 179, 0, 18, 27, 52616 }, // U+FED7
    { 14, 17, 198, 0, 16, 30, 52643 }, // U+FED8
    { 21, 19, 353, 0, 18, 50, 52673 }, // U+FED9
    { 25, 19, 369, 0, 18, 60, 52723 }, // U+FEDA
    { 11, 19, 165, 0, 18, 27, 52783 }, // U+FEDB
    { 14, 19, 203, 0, 18, 34, 52810 }, // U+FEDC
    { 16, 24, 278, 0, 18, 48, 52844 }, // U+FEDD
    { 20, 24, 292, 0, 18, 60, 52892 }, // U+FEDE
    { 6, 19, 104, 0, 18, 15, 52952 }, // U+FEDF
    { 9, 19, 120, 0, 18, 22, 52967 }, // U+FEE0
    { 12, 20, 194, 0, 10, 30, 52989 }, // U+FEE1
    { 16, 20, 225, 0, 10, 40, 53019 }, // U+FEE2
    { 12, 10, 210, 0, 9, 15, 53059 }, // U+FEE3
    { 16, 11, 231, 0, 10, 22, 53074 }, // U+FEE4
    { 16, 19, 274, 0, 13, 38, 53096 }, // U+FEE5
    { 20, 19, 292, 0, 13, 48, 53134 }, // U+FEE6
    { 6, 17, 108, 0, 16, 13, 53182 }, // U+FEE7
    { 10, 14, 137, 0, 13, 18, 53195 }, // U+FEE8
    { 10, 12, 162, 0, 12, 15, 53213 }, // U+FEE9
    { 14, 14, 194, 0, 13, 25, 53228 }, // U+FEEA
    { 14, 14, 230, 0, 13, 25, 53253 }, // U+FEEB
    { 14, 17, 203, 0, 11, 30, 53278 }, // U+FEEC
    { 9, 15, 179, 1, 9, 17, 53308 }, // U+FEED
    { 13, 15, 189, 1, 9, 25, 53325 }, // U+FEEE
    { 19, 17, 304, 0, 11, 41, 53350 }, // U+FEEF
    { 20, 11, 294, 0, 5, 28, 53391 }, // U+FEF0
    { 19, 22, 304, 0, 11, 53, 53419 }, // U+FEF1
    { 20, 16, 294, 0, 5, 40, 53472 }, // U+FEF2
    { 7, 16, 120, -1, 11, 14, 53512 }, // U+FEF3
    { 11, 13, 149, 0, 8, 18, 53526 }, // U+FEF4
    { 15, 19, 233, -2, 19, 36, 53544 }, // U+FEF5
    { 19, 20, 240, -2, 19, 48, 53580 }, // U+FEF6
    { 14, 22, 233, -1, 22, 39, 53628 }, // U+FEF7
    { 17, 23, 240, 0, 22, 49, 53667 }, // U+FEF8
    { 12, 26, 233, 1, 18, 39, 53716 }, // U+FEF9
    { 16, 26, 240, 1, 18, 52, 53755 }, // U+FEFA
    { 12, 18, 233, 1, 18, 27, 53807 }, // U+FEFB
    { 16, 19, 240, 1, 18, 38, 53834 }, // U+FEFC
};

static const EpdUnicodeInterval inter_12_regularIntervals[] = {
    { 0x0, 0x148, 0x0 },
    { 0x14A, 0x17F, 0x149 },
    { 0x1A0, 0x1A1, 0x17F },
    { 0x1AF, 0x1B0, 0x181 },
    { 0x1C5, 0x21F, 0x183 },
    { 0x300, 0x304, 0x1DE },
    { 0x306, 0x30C, 0x1E3 },
    { 0x30F, 0x30F, 0x1EA },
    { 0x312, 0x313, 0x1EB },
    { 0x315, 0x315, 0x1ED },
    { 0x31B, 0x31B, 0x1EE },
    { 0x323, 0x323, 0x1EF },
    { 0x326, 0x328, 0x1F0 },
    { 0x32C, 0x32C, 0x1F3 },
    { 0x337, 0x338, 0x1F4 },
    { 0x342, 0x343, 0x1F6 },
    { 0x346, 0x36F, 0x1F8 },
    { 0x374, 0x376, 0x222 },
    { 0x37A, 0x37F, 0x225 },
    { 0x384, 0x38A, 0x22B },
    { 0x38C, 0x38C, 0x232 },
    { 0x38E, 0x3A1, 0x233 },
    { 0x3A3, 0x3D7, 0x247 },
    { 0x3DC, 0x3DD, 0x27C },
    { 0x3F0, 0x3F6, 0x27E },
    { 0x3F9, 0x3FA, 0x285 },
    { 0x3FC, 0x479, 0x287 },
    { 0x480, 0x49D, 0x305 },
    { 0x4A0, 0x4FF, 0x323 },
    { 0x5D0, 0x5EA, 0x383 },
    { 0x60C, 0x60C, 0x39E },
    { 0x61B, 0x61B, 0x39F },
    { 0x61F, 0x61F, 0x3A0 },
    { 0x621, 0x621, 0x3A1 },
    { 0x640, 0x640, 0x3A2 },
    { 0x660, 0x669, 0x3A3 },
    { 0x6BA, 0x6BA, 0x3AD },
    { 0x6D4, 0x6D4, 0x3AE },
    { 0x6F0, 0x6F9, 0x3AF },
    { 0x1EA0, 0x1EF9, 0x3B9 },
    { 0x1F00, 0x1F15, 0x413 },
    { 0x1F18, 0x1F1D, 0x429 },
    { 0x1F20, 0x1F45, 0x42F },
    { 0x1F48, 0x1F4D, 0x455 },
    { 0x1F50, 0x1F57, 0x45B },
    { 0x1F59, 0x1F59, 0x463 },
    { 0x1F5B, 0x1F5B, 0x464 },
    { 0x1F5D, 0x1F5D, 0x465 },
    { 0x1F5F, 0x1F7D, 0x466 },
    { 0x1F80, 0x1FB4, 0x485 },
    { 0x1FB6, 0x1FC4, 0x4BA },
    { 0x1FC6, 0x1FD3, 0x4C9 },
    { 0x1FD6, 0x1FDB, 0x4D7 },
    { 0x1FDD, 0x1FEF, 0x4DD },
    { 0x1FF2, 0x1FF4, 0x4F0 },
    { 0x1FF6, 0x1FFE, 0x4F3 },
    { 0x2000, 0x2027, 0x4FC },
    { 0x202A, 0x2055, 0x524 },
    { 0x2057, 0x2057, 0x550 },
    { 0x205F, 0x2064, 0x551 },
    { 0x2066, 0x2071, 0x557 },
    { 0x2074, 0x208E, 0x563 },
    { 0x2090, 0x209C, 0x57E },
    { 0x20A0, 0x20AF, 0x58B },
    { 0x20B1, 0x20B5, 0x59B },
    { 0x20B8, 0x20BA, 0x5A0 },
    { 0x20BC, 0x20BF, 0x5A3 },
    { 0x2190, 0x2199, 0x5A7 },
    { 0x21A9, 0x21AA, 0x5B1 },
    { 0x21B0, 0x21B7, 0x5B3 },
    { 0x21BA, 0x21BB, 0x5BB },
    { 0x21C4, 0x21C4, 0x5BD },
    { 0x21C6, 0x21C6, 0x5BE },
    { 0x21D0, 0x21D0, 0x5BF },
    { 0x21D2, 0x21D2, 0x5C0 },
    { 0x21D4, 0x21D4, 0x5C1 },
    { 0x21DE, 0x21DF, 0x5C2 },
    { 0x21E4, 0x21E5, 0x5C4 },
    { 0x21E7, 0x21E7, 0x5C6 },
    { 0x21EA, 0x21EA, 0x5C7 },
    { 0x2202, 0x2202, 0x5C8 },
    { 0x2205, 0x2206, 0x5C9 },
    { 0x220F, 0x220F, 0x5CB },
    { 0x2211, 0x2212, 0x5CC },
    { 0x2215, 0x2215, 0x5CE },
    { 0x221A, 0x221A, 0x5CF },
    { 0x221E, 0x221E, 0x5D0 },
    { 0x222B, 0x222B, 0x5D1 },
    { 0x2236, 0x2236, 0x5D2 },
    { 0x2248, 0x2248, 0x5D3 },
    { 0x2260, 0x2260, 0x5D4 },
    { 0x2264, 0x2265, 0x5D5 },
    { 0x2295, 0x2298, 0x5D7 },
    { 0xFB01, 0xFB02, 0x5DB },
    { 0xFB56, 0xFB59, 0x5DD },
    { 0xFB66, 0xFB69, 0x5E1 },
    { 0xFB7A, 0xFB7D, 0x5E5 },
    { 0xFB88, 0xFB95, 0x5E9 },
    { 0xFB9E, 0xFB9F, 0x5F7 },
    { 0xFBA6, 0xFBB1, 0x5F9 },
    { 0xFBFC, 0xFBFF, 0x605 },
    { 0xFE80, 0xFEFC, 0x609 },
};

static const uint16_t inter_12_regularKernLeftCodepoints[] = {
    0x0022, 0x0024, 0x0025, 0x0026, 0x0027, 0x0028, 0x0029, 0x002A, 0x002B, 0x002C, 0x002D, 0x002E,
    0x002F, 0x0030, 0x0031, 0x0032, 0x0033, 0x0034, 0x0035, 0x0036, 0x0037, 0x0038, 0x0039, 0x003A,
    0x003B, 0x003D, 0x003E, 0x003F, 0x0040, 0x0041, 0x0042, 0x0043, 0x0044, 0x0045, 0x0046, 0x0047,
    0x0048, 0x0049, 0x004A, 0x004B, 0x004C, 0x004D, 0x004E, 0x004F, 0x0050, 0x0051, 0x0052, 0x0053,
    0x0054, 0x0055, 0x0056, 0x0057, 0x0058, 0x0059, 0x005A, 0x005B, 0x005C, 0x005D, 0x005E, 0x005F,
    0x0061, 0x0062, 0x0063, 0x0064, 0x0065, 0x0066, 0x0067, 0x0068, 0x0069, 0x006A, 0x006B, 0x006C,
    0x006D, 0x006E, 0x006F, 0x0070, 0x0071, 0x0072, 0x0073, 0x0074, 0x0075, 0x0076, 0x0077, 0x0078,
    0x0079, 0x007A, 0x007B, 0x007C, 0x007D, 0x007E, 0x00A1, 0x00A2, 0x00A5, 0x00A9, 0x00AA, 0x00AB,
    0x00AC, 0x00AD, 0x00AE, 0x00B0, 0x00B1, 0x00B2, 0x00B5, 0x00B6, 0x00B7, 0x00BA, 0x00BB, 0x00BF,
    0x00C0, 0x00C1, 0x00C2, 0x00C3, 0x00C4, 0x00C5, 0x00C6, 0x00C7, 0x00C8, 0x00C9, 0x00CA, 0x00CB,
    0x00CC, 0x00CD, 0x00CE, 0x00CF, 0x00D0, 0x00D1, 0x00D2, 0x00D3, 0x00D4, 0x00D5, 0x00D6, 0x00D7,
    0x00D8, 0x00D9, 0x00DA, 0x00DB, 0x00DC, 0x00DD, 0x00DE, 0x00DF, 0x00E0, 0x00E1, 0x00E2, 0x00E3,
    0x00E4, 0x00E5, 0x00E6, 0x00E7, 0x00E8, 0x00E9, 0x00EA, 0x00EB, 0x00EC, 0x00ED, 0x00EE, 0x00EF,
    0x00F0, 0x00F1, 0x00F2, 0x00F3, 0x00F4, 0x00F5, 0x00F6, 0x00F7, 0x00F8, 0x00F9, 0x00FA, 0x00FB,
    0x00FC, 0x00FD, 0x00FE, 0x00FF, 0x0100, 0x0101, 0x0102, 0x0103, 0x0104, 0x0105, 0x0106, 0x0107,
    0x0108, 0x0109, 0x010A, 0x010B, 0x010C, 0x010D, 0x010E, 0x010F, 0x0111, 0x0112, 0x0113, 0x0114,
    0x0115, 0x0116, 0x0117, 0x0118, 0x0119, 0x011A, 0x011B, 0x011C, 0x011D, 0x011E, 0x011F, 0x0120,
    0x0121, 0x0122, 0x0123, 0x0124, 0x0125, 0x0126, 0x0127, 0x0128, 0x0129, 0x012A, 0x012B, 0x012C,
    0x012D, 0x012E, 0x012F, 0x0130, 0x0131, 0x0133, 0x0134, 0x0135, 0x0136, 0x0137, 0x0138, 0x0139,
    0x013A, 0x013B, 0x013C, 0x013D, 0x013E, 0x013F, 0x0140, 0x0141, 0x0142, 0x0143, 0x0144, 0x0145,
    0x0146, 0x0147, 0x0148, 0x014A, 0x014C, 0x014D, 0x014E, 0x014F, 0x0150, 0x0151, 0x0152, 0x0153,
    0x0154, 0x0155, 0x0156, 0x0157, 0x0158, 0x0159, 0x015A, 0x015B, 0x015C, 0x015D, 0x015E, 0x015F,
    0x0160, 0x0161, 0x0162, 0x0163, 0x0164, 0x0165, 0x0166, 0x0167, 0x0168, 0x0169, 0x016A, 0x016B,
    0x016C, 0x016D, 0x016E, 0x016F, 0x0170, 0x0171, 0x0172, 0x0173, 0x0174, 0x0175, 0x0176, 0x0177,
    0x0178, 0x0179, 0x017A, 0x017B, 0x017C, 0x017D, 0x017E, 0x017F, 0x01A0, 0x01A1, 0x01AF, 0x01B0,
    0x01C5, 0x01C6, 0x01C8, 0x01C9, 0x01CB, 0x01CC, 0x01CD, 0x01CE, 0x01CF, 0x01D0, 0x01D1, 0x01D2,
    0x01D3, 0x01D4, 0x01D5, 0x01D6, 0x01D7, 0x01D8, 0x01D9, 0x01DA, 0x01DB, 0x01DC, 0x01DD, 0x01DE,
    0x01DF, 0x01E0, 0x01E1, 0x01E2, 0x01E3, 0x01E4, 0x01E5, 0x01E6, 0x01E7, 0x01E8, 0x01E9, 0x01EA,
    0x01EB, 0x01EC, 0x01ED, 0x01F0, 0x01F1, 0x01F2, 0x01F3, 0x01F4, 0x01F5, 0x01F6, 0x01F8, 0x01F9,
    0x01FA, 0x01FB, 0x01FC, 0x01FD, 0x01FE, 0x01FF, 0x0200, 0x0201, 0x0202, 0x0203, 0x0204, 0x0205,
    0x0206, 0x0207, 0x0208, 0x0209, 0x020A, 0x020B, 0x020C, 0x020D, 0x020E, 0x020F, 0x0210, 0x0211,
    0x0212, 0x0213, 0x0214, 0x0215, 0x0216, 0x0217, 0x0218, 0x0219, 0x021A, 0x021B, 0x021E, 0x021F,
    0x0376, 0x037F, 0x0386, 0x0387, 0x0388, 0x0389, 0x038A, 0x038C, 0x038E, 0x0390, 0x0391, 0x0392,
    0x0393, 0x0395, 0x0396, 0x0397, 0x0398, 0x0399, 0x039A, 0x039B, 0x039C, 0x039D, 0x039E, 0x039F,
    0x03A0, 0x03A1, 0x03A3, 0x03A4, 0x03A5, 0x03A6, 0x03A7, 0x03A8, 0x03AA, 0x03AB, 0x03AC, 0x03AD,
    0x03B0, 0x03B1, 0x03B2, 0x03B3, 0x03B4, 0x03B5, 0x03B6, 0x03B8, 0x03BB, 0x03BD, 0x03BE, 0x03BF,
    0x03C0, 0x03C1, 0x03C3, 0x03C4, 0x03C5, 0x03C6, 0x03C7, 0x03C8, 0x03C9, 0x03CA, 0x03CB, 0x03CC,
    0x03CD, 0x03CE, 0x03CF, 0x03D5, 0x03D7, 0x03DC, 0x03F2, 0x03F3, 0x03F4, 0x03F9, 0x03FA, 0x03FC,
    0x0400, 0x0401, 0x0402, 0x0403, 0x0404, 0x0405, 0x0406, 0x0407, 0x0408, 0x0409, 0x040A, 0x040B,
    0x040C, 0x040D, 0x040F, 0x0410, 0x0411, 0x0412, 0x0413, 0x0414, 0x0415, 0x0416, 0x0417, 0x0418,
    0x0419, 0x041A, 0x041B, 0x041C, 0x041D, 0x041E, 0x041F, 0x0420, 0x0421, 0x0422, 0x0423, 0x0424,
    0x0425, 0x0426, 0x0427, 0x0428, 0x0429, 0x042A, 0x042B, 0x042C, 0x042D, 0x042E, 0x0430, 0x0432,
    0x0433, 0x0434, 0x0435, 0x0436, 0x0437, 0x0438, 0x0439, 0x043A, 0x043B, 0x043C, 0x043D, 0x043E,
    0x043F, 0x0440, 0x0441, 0x0442, 0x0443, 0x0444, 0x0445, 0x0446, 0x0447, 0x0448, 0x0449, 0x044A,
    0x044B, 0x044C, 0x044D, 0x044E, 0x044F, 0x0450, 0x0451, 0x0452, 0x0453, 0x0454, 0x0455, 0x0456,
    0x0457, 0x0458, 0x0459, 0x045A, 0x045B, 0x045C, 0x045D, 0x045E, 0x045F, 0x0460, 0x0462, 0x0463,
    0x0464, 0x0465, 0x0466, 0x0467, 0x0468, 0x046E, 0x0472, 0x0473, 0x0474, 0x0475, 0x0476, 0x0477,
    0x0479, 0x0481, 0x048A, 0x048B, 0x048C, 0x048D, 0x048E, 0x048F, 0x0490, 0x0491, 0x0492, 0x0493,
    0x0497, 0x0498, 0x049A, 0x049B, 0x049C, 0x049D, 0x04A0, 0x04A1, 0x04A2, 0x04A3, 0x04A4, 0x04A5,
    0x04A6, 0x04A7, 0x04A9, 0x04AA, 0x04AB, 0x04AC, 0x04AD, 0x04AE, 0x04AF, 0x04B0, 0x04B1, 0x04B3,
    0x04B5, 0x04B7, 0x04B9, 0x04BA, 0x04BB, 0x04BD, 0x04BF, 0x04C0, 0x04C1, 0x04C3, 0x04C4, 0x04C6,
    0x04C7, 0x04C8, 0x04C9, 0x04CA, 0x04CC, 0x04CD, 0x04CE, 0x04CF, 0x04D0, 0x04D1, 0x04D2, 0x04D3,
    0x04D4, 0x04D5, 0x04D6, 0x04D7, 0x04D9, 0x04DA, 0x04DB, 0x04DC, 0x04E0, 0x04E2, 0x04E3, 0x04E4,
    0x04E5, 0x04E6, 0x04E7, 0x04E8, 0x04E9, 0x04EA, 0x04EB, 0x04ED, 0x04EF, 0x04F1, 0x04F3, 0x04F5,
    0x04F6, 0x04F7, 0x04F9, 0x04FA, 0x04FB, 0x04FC, 0x04FD, 0x04FE, 0x04FF, 0x05D1, 0x05D2, 0x05D3,
    0x05D4, 0x05D7, 0x05D9, 0x05DA, 0x05DB, 0x05DC, 0x05DD, 0x05E0, 0x05E1, 0x05E2, 0x05E6, 0x05E7,
    0x05E8, 0x05EA, 0x1EA0, 0x1EA1, 0x1EA2, 0x1EA3, 0x1EA4, 0x1EA5, 0x1EA6, 0x1EA7, 0x1EA8, 0x1EA9,
    0x1EAA, 0x1EAB, 0x1EAC, 0x1EAD, 0x1EAE, 0x1EAF, 0x1EB0, 0x1EB1, 0x1EB2, 0x1EB3, 0x1EB4, 0x1EB5,
    0x1EB6, 0x1EB7, 0x1EB8, 0x1EB9, 0x1EBA, 0x1EBB, 0x1EBC, 0x1EBD, 0x1EBE, 0x1EBF, 0x1EC0, 0x1EC1,
    0x1EC2, 0x1EC3, 0x1EC4, 0x1EC5, 0x1EC6, 0x1EC7, 0x1EC8, 0x1EC9, 0x1ECA, 0x1ECB, 0x1ECC, 0x1ECD,
    0x1ECE, 0x1ECF, 0x1ED0, 0x1ED1, 0x1ED2, 0x1ED3, 0x1ED4, 0x1ED5, 0x1ED6, 0x1ED7, 0x1ED8, 0x1ED9,
    0x1EDA, 0x1EDB, 0x1EDC, 0x1EDD, 0x1EDE, 0x1EDF, 0x1EE0, 0x1EE1, 0x1EE2, 0x1EE3, 0x1EE4, 0x1EE5,
    0x1EE6, 0x1EE7, 0x1EE8, 0x1EE9, 0x1EEA, 0x1EEB, 0x1EEC, 0x1EED, 0x1EEE, 0x1EEF, 0x1EF0, 0x1EF1,
    0x1EF2, 0x1EF3, 0x1EF4, 0x1EF5, 0x1EF6, 0x1EF7, 0x1EF8, 0x1EF9, 0x1F00, 0x1F01, 0x1F02, 0x1F03,
    0x1F04, 0x1F05, 0x1F06, 0x1F07, 0x1F08, 0x1F09, 0x1F0A, 0x1F0B, 0x1F0C, 0x1F0D, 0x1F0E, 0x1F0F,
    0x1F10, 0x1F11, 0x1F12, 0x1F13, 0x1F14, 0x1F15, 0x1F18, 0x1F19, 0x1F1A, 0x1F1B, 0x1F1C, 0x1F1D,
    0x1F28, 0x1F29, 0x1F2A, 0x1F2B, 0x1F2C, 0x1F2D, 0x1F2E, 0x1F2F, 0x1F32, 0x1F33, 0x1F34, 0x1F35,
    0x1F36, 0x1F37, 0x1F38, 0x1F39, 0x1F3A, 0x1F3B, 0x1F3C, 0x1F3D, 0x1F3E, 0x1F3F, 0x1F40, 0x1F41,
    0x1F42, 0x1F43, 0x1F44, 0x1F45, 0x1F48, 0x1F49, 0x1F4A, 0x1F4B, 0x1F4C, 0x1F4D, 0x1F50, 0x1F51,
    0x1F52, 0x1F53, 0x1F54, 0x1F55, 0x1F56, 0x1F57, 0x1F59, 0x1F5B, 0x1F5D, 0x1F5F, 0x1F60, 0x1F61,
    0x1F62, 0x1F63, 0x1F64, 0x1F65, 0x1F66, 0x1F67, 0x1F70, 0x1F72, 0x1F78, 0x1F7A, 0x1F7C, 0x1F80,
    0x1F81, 0x1F82, 0x1F83, 0x1F84, 0x1F85, 0x1F86, 0x1F87, 0x1F88, 0x1F89, 0x1F8A, 0x1F8B, 0x1F8C,
    0x1F8D, 0x1F8E, 0x1F8F, 0x1F98, 0x1F99, 0x1F9A, 0x1F9B, 0x1F9C, 0x1F9D, 0x1F9E, 0x1F9F, 0x1FA0,
    0x1FA1, 0x1FA2, 0x1FA3, 0x1FA4, 0x1FA5, 0x1FA6, 0x1FA7, 0x1FB0, 0x1FB1, 0x1FB2, 0x1FB3, 0x1FB4,
    0x1FB6, 0x1FB7, 0x1FB8, 0x1FB9, 0x1FBA, 0x1FBB, 0x1FBC, 0x1FC8, 0x1FC9, 0x1FCA, 0x1FCB, 0x1FCC,
    0x1FD0, 0x1FD1, 0x1FD2, 0x1FD6, 0x1FD7, 0x1FD8, 0x1FD9, 0x1FDA, 0x1FDB, 0x1FE0, 0x1FE1, 0x1FE2,
    0x1FE4, 0x1FE5, 0x1FE6, 0x1FE7, 0x1FE8, 0x1FE9, 0x1FEA, 0x1FEB, 0x1FEC, 0x1FF2, 0x1FF3, 0x1FF4,
    0x1FF6, 0x1FF7, 0x1FF8, 0x1FF9, 0x2018, 0x2019, 0x201A, 0x201C, 0x201D, 0x201E, 0x2020, 0x2021,
    0x2022, 0x2023, 0x2026, 0x2034, 0x2039, 0x203A, 0x203D, 0x2043, 0x204B, 0x204C, 0x204D, 0x204F,
    0x2071, 0x2074, 0x2077, 0x207A, 0x207B, 0x2080, 0x2081, 0x2082, 0x2083, 0x2084, 0x2085, 0x2086,
    0x2087, 0x2088, 0x2089, 0x208A, 0x208B, 0x208C, 0x208D, 0x208E, 0x2090, 0x2091, 0x2092, 0x2093,
    0x2095, 0x2096, 0x2097, 0x2098, 0x2099, 0x209A, 0x209B, 0x209C, 0x20A1, 0x20A7, 0x20A8, 0x20A9,
    0x20AC, 0x20AF, 0x20B2, 0x20B5, 0x20BD, 0x20BF, 0x2190, 0x21D0, 0x2206, 0x2212, 0x221E, 0x2248,
    0x2260, 0x2264, 0x2265, 0xFB02, 0xFB8C, 0xFEAD, 0xFEAE, 0xFEAF,
};

static const uint8_t inter_12_regularKernLeftClassIds[] = {
      1,   2,   3,   4,   1,   5,   6,   7,   8,   9,   8,   9,  10,  11,  12,  13,
     14,  15,  16,  17,  18,  14,  11,  19,  19,  20,  21,  22,  23,  24,  25,  26,
     23,  27,  28,  29,  12,  12,  30,  31,  32,  12,  12,  23,  33,  23,  34,   2,
     35,  30,  36,  37,  38,  39,  40,  41,  42,   6,   7,  43,  44,  45,  45,  12,
     45,  46,  47,  44,  48,  48,  49,  12,  44,  44,  45,  45,  47,  50,  51,  52,
     53,  54,  55,  56,  54,  57,   5,  12,   6,  58,  59,  45,  60,  23,  61,  62,
     47,  63,  64,   7,  20,  65,  66,  12,  67,  61,  68,  69,  24,  24,  24,  24,
     24,  24,  27,  26,  27,  27,  27,  27,  12,  12,  70,  70,  23,  12,  23,  23,
     23,  23,  23,  71,  23,  30,  30,  30,  30,  39,  72,  73,  44,  44,  44,  44,
     44,  44,  74,  45,  45,  45,  45,  45,  48,  48,  75,  76,  45,  77,  45,  45,
     45,  78,  78,   8,  45,  53,  53,  53,  53,  54,  45,  54,  24,  79,  24,  44,
     24,  44,  26,  45,  26,  45,  26,  45,  26,  45,  23,  80,  81,  27,  45,  27,
     45,  27,  45,  27,  45,  27,  45,  29,  47,  29,  47,  29,  47,  29,  47,  12,
     44,  12,  44,  70,  82,  70,  83,  70,  84,  12,  48,  12,  48,  48,  30,  85,
     31,  49,  49,  86,  87,  32,  12,  88,  12,  89,  90,  91,  92,  12,  44,  12,
     44,  12,  44,  12,  23,  45,  23,  45,  23,  45,  27,  45,  34,  50,  34,  50,
     34,  50,   2,  51,   2,  51,   2,  51,   2,  51,  93,  52,  94,  52,  95,  52,
     30,  53,  30,  53,  30,  53,  30,  53,  30,  53,  30,  53,  37,  55,  39,  54,
     39,  40,  57,  40,  57,  40,  57,  96,  97,  98,  99, 100, 101,  57,  48,  48,
     48,  48,  24,  44,  87, 102,  23,  45,  30,  53,  30,  53,  30,  53,  30,  53,
     30,  53, 103,  24,  44,  24,  44,  27,  74,  29,  47,  29,  47,  31,  49,  23,
     45,  23,  45,  48, 104,  57,  57,  29,  47, 105,  12,  44,  24,  44,  27,  74,
     23,  45,  24,  44,  24,  44,  27,  45,  27,  45, 106, 107,  70, 108,  23,  45,
     23,  45,  34,  50,  34,  50,  30,  53,  30,  53,   2,  51,  35,  52,  12,  44,
     12,  30,  24,   1,  27,  12,  12,  23,  39, 109,  24,  25, 110,  27,  40,  12,
     23,  12,  31,  24,  12,  12,  27,  23,  12,  33, 111,  35,  39,  23,  38, 112,
     70,  39, 113, 114,  53, 113,  25, 115, 116,  51, 117, 118, 119,  54, 120,  45,
     52,  45, 121,  50,  53,  45, 122, 123, 124, 109,  53,  45,  53, 124,  31,  45,
     49,  28,  45,  48,  23,  26,  12,  45,  27,  27,  45,  35,  98,   2,  12,  70,
     30,  45,  45,  44,  31,  12,  12,  24,  25,  25,  35, 125,  27, 126,  14,  12,
     12,  31,  12,  12,  12,  23,  12,  33,  26,  35,  39, 127,  38, 125,  12,  12,
    125,  45,  12,  45,  23, 128,  44,  51,  50, 129,  45,  56,  44,  44,  44,  49,
     44,  44,  44,  45,  44,  45,  45, 130,  54,  45,  56, 129,  44,  44, 129, 131,
     48, 131,  45,  45,  44,  45,  45,  44,  50,  45,  51,  48,  76,  48, 131, 131,
     44,  49,  44,  54,  53,  12,  45,  45,  26,  45,  24,  24,  24,  25,  23,  45,
     36,  54,  36,  54,  46,  45,  12,  52,  45,  45,  33,  45,  35,  50,  35,  50,
     56,  14,  31,  49,  31,  49,  31,  49,  52,  52,  35,  50,  45, 131,  74,  26,
     45,  35,  50,  39,  54, 132,  54,  56, 129,  52,  44,  44,  44,  45,  74,  12,
     38,  25,  44,  52,  12,  44,  52,  52,  44,  12,  52,  12,  24,  44,  24,  44,
     27,  74,  27,  45,  45,  23,  45,  38,  14,  12,  44,  12,  44,  23,  45,  23,
     45,  23,  45,  45,  54,  54,  54,  44,  35,  50,  44,  35,  50,  38,  56,  38,
     56, 133, 133, 134, 135, 135, 136, 134, 133, 137, 135, 133, 138, 139, 140, 135,
    134, 141,  24,  44,  24,  44,  24,  44,  24,  44,  24,  44,  24,  44,  24,  44,
     24,  44,  24,  44,  24,  44,  24,  44,  24,  44,  27,  45,  27,  45,  27,  45,
     27,  45,  27,  45,  27,  45,  27,  45,  27,  45,  12, 107,  12, 142,  23,  45,
     23,  45,  23,  45,  23,  45,  23, 143,  23,  45,  23,  45,  23,  45,  23,  45,
     23,  45,  23,  45,  23,  45,  30,  53,  30,  53, 144,  53, 144,  53, 144, 100,
    144,  53, 144,  53,  39,  54, 145,  54, 145,  54, 145,  54, 113, 113, 113, 113,
    113, 113, 113, 113,  24,  24,  24,  24,  24,  24,  24,  24, 114, 114, 114, 114,
    114, 114,  27,  27,  27,  27,  27,  27,  12,  12,  12,  12,  12,  12,  12,  12,
    109, 109, 109, 109, 109, 109,  12,  12,  12,  12,  12,  12,  12,  12,  45,  45,
     45,  45,  45,  45,  23,  23,  23,  23,  23,  23,  53,  53,  53,  53,  53,  53,
     53,  53,  39,  39,  39,  39, 124, 124, 124, 124, 124, 124, 124, 124, 113, 114,
     45,  53, 124, 113, 113, 113, 113, 113, 113, 113, 113,  24,  24,  24,  24,  24,
     24,  24,  24,  12,  12,  12,  12,  12,  12,  12,  12, 124, 124, 124, 124, 124,
    124, 124, 124, 113, 113, 113, 113, 113, 113, 113,  24,  24,  24,  24,  24,  27,
     27,  12,  12,  12, 109, 109, 109, 109, 109,  70,  70,  12,  12,  53,  53,  53,
     45,  45,  53,  53,  39,  39,  39,  39,  33, 124, 124, 124, 124, 124,  23,  23,
    146, 147, 148, 146, 147, 148,  61,  61, 149, 149, 150, 147,  62,  68,  22, 149,
     33,  44, 149,  19, 151, 152, 153, 154, 154, 155, 155, 155, 155, 155, 156, 155,
    157, 155, 155, 155, 155, 155, 155, 155, 155, 155, 155, 155, 155, 155, 155, 155,
    155, 155, 155, 155,  26,  52,  51, 158, 159,  45,  29,  26, 160,  25,   8,  20,
     24,   8,  89,  20,  20,  20,  20, 161, 162, 162, 162, 162,
};

static const uint16_t inter_12_regularKernRightCodepoints[] = {
    0x0022, 0x0023, 0x0024, 0x0025, 0x0026, 0x0027, 0x0029, 0x002A, 0x002B, 0x002C, 0x002D, 0x002E,
    0x002F, 0x0030, 0x0031, 0x0032, 0x0033, 0x0034, 0x0035, 0x0036, 0x0037, 0x0038, 0x0039, 0x003A,
    0x003B, 0x003C, 0x003D, 0x003F, 0x0040, 0x0041, 0x0042, 0x0043, 0x0044, 0x0045, 0x0046, 0x0047,
    0x0048, 0x0049, 0x004A, 0x004B, 0x004C, 0x004D, 0x004E, 0x004F, 0x0050, 0x0051, 0x0052, 0x0053,
    0x0054, 0x0055, 0x0056, 0x0057, 0x0058, 0x0059, 0x005A, 0x005C, 0x005D, 0x005E, 0x005F, 0x0061,
    0x0062, 0x0063, 0x0064, 0x0065, 0x0066, 0x0067, 0x0068, 0x0069, 0x006A, 0x006B, 0x006C, 0x006D,
    0x006E, 0x006F, 0x0070, 0x0071, 0x0072, 0x0073, 0x0074, 0x0075, 0x0076, 0x0077, 0x0078, 0x0079,
    0x007A, 0x007C, 0x007D, 0x007E, 0x00A2, 0x00A5, 0x00A9, 0x00AA, 0x00AB, 0x00AC, 0x00AD, 0x00AE,
    0x00B0, 0x00B1, 0x00B2, 0x00B5, 0x00B6, 0x00B7, 0x00B9, 0x00BA, 0x00BB, 0x00BF, 0x00C0, 0x00C1,
    0x00C2, 0x00C3, 0x00C4, 0x00C5, 0x00C6, 0x00C7, 0x00C8, 0x00C9, 0x00CA, 0x00CB, 0x00CC, 0x00CD,
    0x00CE, 0x00CF, 0x00D0, 0x00D1, 0x00D2, 0x00D3, 0x00D4, 0x00D5, 0x00D6, 0x00D7, 0x00D8, 0x00D9,
    0x00DA, 0x00DB, 0x00DC, 0x00DD, 0x00DE, 0x00DF, 0x00E0, 0x00E1, 0x00E2, 0x00E3, 0x00E4, 0x00E5,
    0x00E6, 0x00E7, 0x00E8, 0x00E9, 0x00EA, 0x00EB, 0x00EC, 0x00ED, 0x00EE, 0x00EF, 0x00F0, 0x00F1,
    0x00F2, 0x00F3, 0x00F4, 0x00F5, 0x00F6, 0x00F7, 0x00F8, 0x00F9, 0x00FA, 0x00FB, 0x00FC, 0x00FD,
    0x00FE, 0x00FF, 0x0100, 0x0101, 0x0102, 0x0103, 0x0104, 0x0105, 0x0106, 0x0107, 0x0108, 0x0109,
    0x010A, 0x010B, 0x010C, 0x010D, 0x010E, 0x010F, 0x0110, 0x0111, 0x0112, 0x0113, 0x0114, 0x0115,
    0x0116, 0x0117, 0x0118, 0x0119, 0x011A, 0x011B, 0x011C, 0x011D, 0x011E, 0x011F, 0x0120, 0x0121,
    0x0122, 0x0123, 0x0124, 0x0125, 0x0126, 0x0127, 0x0128, 0x0129, 0x012A, 0x012B, 0x012C, 0x012D,
    0x012E, 0x012F, 0x0130, 0x0131, 0x0133, 0x0134, 0x0135, 0x0136, 0x0137, 0x0138, 0x0139, 0x013A,
    0x013B, 0x013C, 0x013D, 0x013E, 0x0140, 0x0141, 0x0142, 0x0143, 0x0144, 0x0145, 0x0146, 0x0147,
    0x0148, 0x014A, 0x014B, 0x014C, 0x014D, 0x014E, 0x014F, 0x0150, 0x0151, 0x0152, 0x0153, 0x0154,
    0x0155, 0x0156, 0x0157, 0x0158, 0x0159, 0x015A, 0x015B, 0x015C, 0x015D, 0x015E, 0x015F, 0x0160,
    0x0161, 0x0162, 0x0163, 0x0164, 0x0165, 0x0166, 0x0167, 0x0168, 0x0169, 0x016A, 0x016B, 0x016C,
    0x016D, 0x016E, 0x016F, 0x0170, 0x0171, 0x0172, 0x0173, 0x0174, 0x0175, 0x0176, 0x0177, 0x0178,
    0x0179, 0x017A, 0x017B, 0x017C, 0x017D, 0x017E, 0x017F, 0x01A0, 0x01A1, 0x01AF, 0x01B0, 0x01C5,
    0x01C6, 0x01C8, 0x01C9, 0x01CB, 0x01CC, 0x01CD, 0x01CE, 0x01CF, 0x01D0, 0x01D1, 0x01D2, 0x01D3,
    0x01D4, 0x01D5, 0x01D6, 0x01D7, 0x01D8, 0x01D9, 0x01DA, 0x01DB, 0x01DC, 0x01DD, 0x01DE, 0x01DF,
    0x01E0, 0x01E1, 0x01E2, 0x01E3, 0x01E4, 0x01E5, 0x01E6, 0x01E7, 0x01E8, 0x01E9, 0x01EA, 0x01EB,
    0x01EC, 0x01ED, 0x01EF, 0x01F0, 0x01F2, 0x01F3, 0x01F4, 0x01F5, 0x01F6, 0x01F8, 0x01F9, 0x01FA,
    0x01FB, 0x01FC, 0x01FD, 0x01FE, 0x01FF, 0x0200, 0x0201, 0x0202, 0x0203, 0x0204, 0x0205, 0x0206,
    0x0207, 0x0208, 0x0209, 0x020A, 0x020B, 0x020C, 0x020D, 0x020E, 0x020F, 0x0210, 0x0211, 0x0212,
    0x0213, 0x0214, 0x0215, 0x0216, 0x0217, 0x0218, 0x0219, 0x021A, 0x021B, 0x021E, 0x021F, 0x0376,
    0x037E, 0x037F, 0x0386, 0x0387, 0x0389, 0x038C, 0x038E, 0x0390, 0x0391, 0x0392, 0x0393, 0x0395,
    0x0396, 0x0397, 0x0398, 0x0399, 0x039A, 0x039B, 0x039C, 0x039D, 0x039F, 0x03A0, 0x03A1, 0x03A3,
    0x03A4, 0x03A5, 0x03A6, 0x03A7, 0x03A8, 0x03A9, 0x03AA, 0x03AB, 0x03AC, 0x03AD, 0x03AE, 0x03B0,
    0x03B1, 0x03B2, 0x03B3, 0x03B4, 0x03B5, 0x03B6, 0x03B7, 0x03B8, 0x03BB, 0x03BD, 0x03BE, 0x03BF,
    0x03C0, 0x03C1, 0x03C2, 0x03C3, 0x03C4, 0x03C5, 0x03C6, 0x03C7, 0x03C8, 0x03C9, 0x03CA, 0x03CB,
    0x03CC, 0x03CD, 0x03CE, 0x03CF, 0x03D5, 0x03D7, 0x03DC, 0x03DD, 0x03F2, 0x03F3, 0x03F4, 0x03F9,
    0x03FA, 0x03FC, 0x0400, 0x0401, 0x0402, 0x0403, 0x0404, 0x0405, 0x0406, 0x0407, 0x0408, 0x0409,
    0x040A, 0x040B, 0x040C, 0x040D, 0x040F, 0x0410, 0x0411, 0x0412, 0x0413, 0x0414, 0x0415, 0x0416,
    0x0417, 0x0418, 0x0419, 0x041A, 0x041B, 0x041C, 0x041D, 0x041E, 0x041F, 0x0420, 0x0421, 0x0422,
    0x0423, 0x0424, 0x0425, 0x0426, 0x0427, 0x0428, 0x0429, 0x042A, 0x042B, 0x042C, 0x042D, 0x042E,
    0x0430, 0x0431, 0x0432, 0x0433, 0x0434, 0x0435, 0x0436, 0x0437, 0x0438, 0x0439, 0x043A, 0x043B,
    0x043C, 0x043D, 0x043E, 0x043F, 0x0440, 0x0441, 0x0442, 0x0443, 0x0444, 0x0445, 0x0446, 0x0447,
    0x0448, 0x0449, 0x044A, 0x044B, 0x044C, 0x044D, 0x044E, 0x044F, 0x0450, 0x0451, 0x0452, 0x0453,
    0x0454, 0x0455, 0x0456, 0x0457, 0x0458, 0x0459, 0x045A, 0x045B, 0x045C, 0x045D, 0x045E, 0x045F,
    0x0460, 0x0463, 0x0464, 0x0465, 0x0466, 0x0467, 0x0468, 0x046C, 0x046E, 0x0472, 0x0473, 0x0474,
    0x0475, 0x0476, 0x0477, 0x0478, 0x0479, 0x0481, 0x048A, 0x048B, 0x048D, 0x048E, 0x048F, 0x0490,
    0x0491, 0x0493, 0x0494, 0x0495, 0x0497, 0x049A, 0x049B, 0x049C, 0x049D, 0x04A0, 0x04A1, 0x04A2,
    0x04A3, 0x04A4, 0x04A5, 0x04A6, 0x04A7, 0x04A9, 0x04AA, 0x04AB, 0x04AC, 0x04AD, 0x04AE, 0x04AF,
    0x04B0, 0x04B1, 0x04B2, 0x04B3, 0x04B4, 0x04B5, 0x04B7, 0x04B9, 0x04BA, 0x04BB, 0x04BD, 0x04C0,
    0x04C1, 0x04C3, 0x04C4, 0x04C6, 0x04C7, 0x04C8, 0x04C9, 0x04CA, 0x04CD, 0x04CE, 0x04CF, 0x04D0,
    0x04D1, 0x04D2, 0x04D3, 0x04D4, 0x04D5, 0x04D6, 0x04D7, 0x04D9, 0x04DA, 0x04DB, 0x04DC, 0x04E1,
    0x04E2, 0x04E3, 0x04E4, 0x04E5, 0x04E6, 0x04E7, 0x04E8, 0x04E9, 0x04EA, 0x04EB, 0x04ED, 0x04EF,
    0x04F1, 0x04F3, 0x04F7, 0x04F9, 0x04FB, 0x04FC, 0x04FD, 0x04FE, 0x04FF, 0x05D0, 0x05D1, 0x05D2,
    0x05D3, 0x05D4, 0x05D6, 0x05D7, 0x05D8, 0x05D9, 0x05DA, 0x05DB, 0x05DC, 0x05DD, 0x05DE, 0x05E1,
    0x05E2, 0x05E3, 0x05E4, 0x05E7, 0x05E8, 0x05E9, 0x05EA, 0x1EA0, 0x1EA1, 0x1EA2, 0x1EA3, 0x1EA4,
    0x1EA5, 0x1EA6, 0x1EA7, 0x1EA8, 0x1EA9, 0x1EAA, 0x1EAB, 0x1EAC, 0x1EAD, 0x1EAE, 0x1EAF, 0x1EB0,
    0x1EB1, 0x1EB2, 0x1EB3, 0x1EB4, 0x1EB5, 0x1EB6, 0x1EB7, 0x1EB8, 0x1EB9, 0x1EBA, 0x1EBB, 0x1EBC,
    0x1EBD, 0x1EBE, 0x1EBF, 0x1EC0, 0x1EC1, 0x1EC2, 0x1EC3, 0x1EC4, 0x1EC5, 0x1EC6, 0x1EC7, 0x1EC8,
    0x1EC9, 0x1ECA, 0x1ECB, 0x1ECC, 0x1ECD, 0x1ECE, 0x1ECF, 0x1ED0, 0x1ED1, 0x1ED2, 0x1ED3, 0x1ED4,
    0x1ED5, 0x1ED6, 0x1ED7, 0x1ED8, 0x1ED9, 0x1EDA, 0x1EDB, 0x1EDC, 0x1EDD, 0x1EDE, 0x1EDF, 0x1EE0,
    0x1EE1, 0x1EE2, 0x1EE3, 0x1EE4, 0x1EE5, 0x1EE6, 0x1EE7, 0x1EE8, 0x1EE9, 0x1EEA, 0x1EEB, 0x1EEC,
    0x1EED, 0x1EEE, 0x1EEF, 0x1EF0, 0x1EF1, 0x1EF2, 0x1EF3, 0x1EF4, 0x1EF5, 0x1EF6, 0x1EF7, 0x1EF8,
    0x1EF9, 0x1F00, 0x1F01, 0x1F02, 0x1F03, 0x1F04, 0x1F05, 0x1F06, 0x1F07, 0x1F08, 0x1F09, 0x1F0A,
    0x1F0B, 0x1F0C, 0x1F0D, 0x1F0E, 0x1F0F, 0x1F10, 0x1F11, 0x1F12, 0x1F13, 0x1F14, 0x1F15, 0x1F20,
    0x1F21, 0x1F22, 0x1F23, 0x1F24, 0x1F25, 0x1F26, 0x1F27, 0x1F28, 0x1F29, 0x1F2A, 0x1F2B, 0x1F2C,
    0x1F2D, 0x1F2E, 0x1F2F, 0x1F32, 0x1F33, 0x1F34, 0x1F35, 0x1F36, 0x1F37, 0x1F40, 0x1F41, 0x1F42,
    0x1F43, 0x1F44, 0x1F45, 0x1F48, 0x1F49, 0x1F4A, 0x1F4B, 0x1F4C, 0x1F4D, 0x1F50, 0x1F51, 0x1F52,
    0x1F53, 0x1F54, 0x1F55, 0x1F56, 0x1F57, 0x1F60, 0x1F61, 0x1F62, 0x1F63, 0x1F64, 0x1F65, 0x1F66,
    0x1F67, 0x1F70, 0x1F71, 0x1F72, 0x1F74, 0x1F78, 0x1F7A, 0x1F7C, 0x1F80, 0x1F81, 0x1F82, 0x1F83,
    0x1F84, 0x1F85, 0x1F86, 0x1F87, 0x1F88, 0x1F89, 0x1F8A, 0x1F8B, 0x1F8C, 0x1F8D, 0x1F8E, 0x1F8F,
    0x1F90, 0x1F91, 0x1F92, 0x1F93, 0x1F94, 0x1F95, 0x1F96, 0x1F97, 0x1F98, 0x1F99, 0x1F9A, 0x1F9B,
    0x1F9C, 0x1F9D, 0x1F9E, 0x1F9F, 0x1FA0, 0x1FA1, 0x1FA2, 0x1FA3, 0x1FA4, 0x1FA5, 0x1FA6, 0x1FA7,
    0x1FB0, 0x1FB1, 0x1FB2, 0x1FB3, 0x1FB4, 0x1FB6, 0x1FB7, 0x1FB8, 0x1FB9, 0x1FBA, 0x1FBB, 0x1FBC,
    0x1FC2, 0x1FC3, 0x1FC4, 0x1FC6, 0x1FC7, 0x1FC9, 0x1FCA, 0x1FCB, 0x1FCC, 0x1FD0, 0x1FD1, 0x1FD2,
    0x1FD6, 0x1FD7, 0x1FD8, 0x1FD9, 0x1FE0, 0x1FE1, 0x1FE2, 0x1FE4, 0x1FE5, 0x1FE6, 0x1FE7, 0x1FE8,
    0x1FE9, 0x1FEC, 0x1FF2, 0x1FF3, 0x1FF4, 0x1FF6, 0x1FF7, 0x1FF8, 0x1FF9, 0x2018, 0x2019, 0x201A,
    0x201B, 0x201C, 0x201D, 0x201E, 0x201F, 0x2020, 0x2021, 0x2022, 0x2023, 0x2026, 0x2034, 0x2039,
    0x203A, 0x203D, 0x2043, 0x2044, 0x204A, 0x204B, 0x204C, 0x204D, 0x204F, 0x2074, 0x2077, 0x2079,
    0x207E, 0x207F, 0x2080, 0x2081, 0x2082, 0x2083, 0x2084, 0x2086, 0x2087, 0x2088, 0x2089, 0x208A,
    0x208B, 0x208C, 0x208D, 0x208E, 0x2091, 0x2092, 0x2093, 0x2095, 0x2096, 0x2097, 0x2098, 0x2099,
    0x209A, 0x209B, 0x209C, 0x20A1, 0x20A7, 0x20A8, 0x20A9, 0x20AB, 0x20B2, 0x20B4, 0x20B5, 0x20B8,
    0x20BF, 0x2192, 0x21D2, 0x2206, 0x2212, 0x221E, 0x222B, 0x2236, 0x2248, 0x2260, 0x2264, 0x2265,
    0xFB8E, 0xFBA6, 0xFBAA, 0xFE8D, 0xFEA3, 0xFEA9, 0xFEB1, 0xFEB3, 0xFEB9, 0xFEBB, 0xFEC1, 0xFEC3,
    0xFECB, 0xFEDB, 0xFEDF, 0xFEE1, 0xFEE3, 0xFEE9, 0xFEEB,
};

static const uint8_t inter_12_regularKernRightClassIds[] = {
      1,   2,   3,   4,   5,   1,   6,   7,   8,   9,  10,  11,  12,  13,  14,  15,
     16,  17,  18,  13,  19,  20,  21,  22,  22,  23,  24,  25,  26,  27,  28,  29,
     28,  28,  28,  29,  28,  28,  30,  28,  28,  28,  28,  29,  28,  29,  28,   3,
     31,  32,  33,  34,  35,  36,  37,  33,   6,  38,  39,  40,  28,  41,  41,  41,
     42,  41,  28,  43,  44,  28,  28,  45,  45,  41,  45,  41,  45,  46,  47,  48,
     49,  50,  51,  49,  52,  28,   6,  53,  41,  54,  29,  55,  56,  57,  58,  59,
     60,  24,  61,  62,  63,  64,  65,  55,  66,  67,  27,  27,  27,  27,  27,  27,
     27,  29,  28,  28,  28,  28,  28,  28,  68,  68,  69,  28,  29,  29,  29,  29,
     29,  70,  29,  32,  32,  32,  32,  36,  28,  28,  40,  40,  40,  71,  72,  40,
     40,  41,  41,  41,  41,  73,  74,  75,  76,  77,  41,  45,  41,  41,  41,  78,
     73,   8,  41,  48,  48,  48,  79,  49,  28,  80,  27,  81,  27,  40,  27,  40,
     29,  41,  29,  41,  29,  41,  29,  41,  28,  41,  82,  41,  28,  41,  28,  41,
     28,  41,  28,  41,  28,  41,  29,  41,  29,  41,  29,  41,  29,  41,  28,  28,
     28,  83,  68,  84,  68,  85,  68,  77,  28,  43,  28,  43,  43,  30,  86,  28,
     28,  45,  28,  28,  28,  28,  28,  28,  28,  28,  28,  28,  45,  28,  45,  28,
     45,  28,  45,  29,  87,  29,  41,  29,  41,  29,  41,  28,  45,  28,  45,  28,
     45,   3,  46,   3,  46,   3,  46,   3,  46,  88,  47,  89,  47,  90,  47,  32,
     91,  32,  48,  32,  48,  32,  48,  32,  48,  32,  48,  34,  50,  36,  49,  36,
     37,  52,  37,  52,  37,  52,  28,  29,  41,  32,  48,  92,  41,  28,  28,  28,
     45,  27,  40,  28,  93,  29,  41,  32,  48,  32,  48,  32,  48,  32,  48,  32,
     48,  87,  27,  40,  27,  40,  27,  40,  29,  41,  29,  41,  28,  28,  29,  41,
     29,  41,  47,  44,  28,  87,  29,  41,  92,  28,  45,  27,  40,  27,  40,  29,
     41,  27,  40,  27,  40,  28,  41,  28,  41,  68,  94,  68,  95,  29,  41,  29,
     41,  28,  45,  28,  45,  32,  48,  32,  48,   3,  46,  31,  47,  28,  28,  92,
     96,  30,  27,   1,  28,  29,  36,  97,  27,  28,  28,  28,  37,  28,  29,  28,
     28,  27,  28,  28,  29,  28,  28,  98,  31,  36,  29,  35,  99, 100,  68,  36,
     41, 101,  45,  45,  87,  45, 102, 103,  46, 104,  45, 105, 106,  49, 107,  41,
    108, 109, 103,  41, 110,  45,  41,  49, 111, 112,  97,  45,  41,  45, 112,  28,
     41,  45,  28,  45,  41,  44,  29,  29,  28,  45,  28,  28,  31,  28,  29,   3,
     28,  68,  30, 113,  28,  31,  28,  28,  28,  27,  28,  28,  28, 114,  28, 115,
    116,  92,  28,  28, 113,  28,  28,  29,  28,  28,  29,  31,  33, 117,  35,  28,
    118,  28,  28, 119,  28,  28,  29,  28,  40,  13,  45,  45, 120,  41,  51,  41,
     45,  45,  45, 121,  45,  45,  41,  45,  45,  41, 122,  49,  41,  51,  45, 123,
     45,  45, 124,  43,  45,  41,  45, 125,  41,  41,  28,  45,  41,  46,  43,  77,
     44, 121,  45,  28,  45,  45,  49,  48,  28,  47,  28,  45,  27,  27,  28,  28,
     28,  29,  41,  33,  49,  33,  49,  29,  41,  41,  92,  45,  47,  28,  45,  28,
     45,  47,  28,  45,  51,  28,  45,  28,  45,  31,  47,  28,  45,  28,  45,  28,
     45,  41,  29,  41,  31,  47,  36,  49, 126,  49,  35,  51,  31,  47,  40,  40,
     28,  28,  47,  28,  35,  28,  45, 121,  92,  45,  28,  45,  28,  45,  28,  27,
     40,  27,  40,  27,  40,  28,  41,  41,  29,  41,  35,  47,  28,  45,  28,  45,
     29,  41,  29,  41,  29,  41,  41,  49,  49,  49,  45,  45,  47,  35,  51,  35,
     51, 127, 128, 129, 130, 131, 132, 131, 133, 134, 131, 133, 135, 131, 131, 133,
    136, 131, 133, 135, 131, 136, 131,  27,  40,  27,  40,  27,  40,  27,  40,  27,
     40,  27,  40,  27,  40,  27,  40,  27,  40,  27,  40,  27,  40,  27,  40,  28,
     41,  28,  41,  28,  41,  28,  41,  28,  41,  28,  41,  28,  41,  28,  41,  28,
     43,  28,  43,  29,  41,  29,  41,  29,  41,  29,  41,  29,  41,  29,  41,  29,
     41,  29,  41,  29,  41,  29,  41,  29,  41,  29,  41,  32,  48,  32,  48,  32,
     48,  32,  48,  32,  48,  32,  48,  32,  48,  36,  49, 137,  49, 137,  49, 137,
     49,  41,  41,  41,  41,  41,  41,  41,  41,  27,  27, 138,  27,  27,  27,  27,
     27, 101, 101, 101, 101, 101, 101,  45,  45,  45,  45,  45,  45,  45,  45,  28,
     28,  28,  28,  28,  28,  28,  28,  97,  97,  97,  97,  97,  97,  41,  41,  41,
     41,  41,  41,  29,  29,  29,  29,  29,  29,  45,  45,  45,  45,  45,  45,  45,
     45, 112, 112, 112, 112, 112, 112, 112, 112,  41,  41, 101,  45,  41,  45, 112,
     41,  41,  41,  41,  41,  41,  41,  41,  27,  27, 139, 140,  27, 140, 141, 142,
     45,  45,  45,  45,  45,  45,  45,  45,  28,  28,  28,  28,  28,  28,  28,  28,
    112, 112, 112, 112, 112, 112, 112, 112,  41,  41,  41,  41,  41,  41,  41,  27,
     27,  27,  27,  27,  45,  45,  45,  45,  45,  28,  28,  28,  28,  97,  97,  97,
     97,  97,  68,  68,  45,  45,  45,  45,  45,  45,  45,  36,  36,  28, 112, 112,
    112, 112, 112,  29,  29, 143, 144, 145, 146, 143, 144, 145, 147,  55,  55, 148,
    148, 149, 150,  56,  66,  25, 148, 151,  47,  28, 148,  45,  22, 152, 153, 154,
    155, 156, 157, 157, 157, 157, 158, 157, 159, 157, 157, 157, 157, 157, 157, 157,
    157, 157, 157, 157, 157, 157, 157, 157, 157, 157, 157,  29,  28,  28,  54,  41,
     29, 160,  29, 161,  28,   8,  24,  27,   8, 162,  44,  22,  24,  24,  24,  24,
    163, 163, 163, 164, 163, 165, 165, 165, 165, 165, 165, 165, 164, 163, 164, 163,
    163, 163, 163,
};

static const uint16_t inter_12_regularKernRowOffsets[] = {
        0,    20,    32,    35,    53,    60,    62,    80,   110,   138,   149,   175,   190,   191,   201,   217,
      230,   235,   289,   297,   320,   340,   346,   374,   444,   454,   467,   472,   507,   529,   542,   580,
      622,   655,   676,   758,   811,   853,   891,   952,   968,   975,  1045,  1091,  1109,  1146,  1196,  1201,
     1213,  1230,  1296,  1318,  1364,  1387,  1442,  1467,  1493,  1502,  1532,  1543,  1549,  1561,  1576,  1578,
     1605,  1606,  1629,  1659,  1694,  1706,  1711,  1729,  1749,  1759,  1764,  1776,  1810,  1828,  1865,  1883,
     1917,  1937,  1971,  2005,  2039,  2051,  2093,  2108,  2150,  2153,  2168,  2210,  2225,  2307,  2389,  2471,
     2498,  2507,  2510,  2515,  2526,  2535,  2547,  2584,  2585,  2608,  2613,  2625,  2659,  2677,  2759,  2774,
     2800,  2810,  2811,  2828,  2835,  2838,  2839,  2909,  2915,  2981,  2988,  2993,  2995,  3003,  3041,  3069,
     3074,  3106,  3172,  3195,  3256,  3259,  3267,  3268,  3270,  3272,  3274,  3275,  3278,  3280,  3292,  3329,
     3333,  3394,  3419,  3486,  3514,  3532,  3560,  3561,  3563,  3567,  3569,  3592,  3593,  3594,  3595,  3596,
     3601,  3602,  3605,
};

static const uint8_t inter_12_regularKernSparseCols[] = {
      4,   8,  10,  16,  26,  29,  40,  45,  72,  77,  86, 112, 113, 124, 137, 138,
    139, 140, 141, 148,  30,  34,  76,  83,  84,  87,  88,  89,  94, 114, 118, 157,
    142, 143, 149,   0,  30,  32,  33,  35,  48,  49,  54,  58,  79,  87,  88,  89,
     98, 118, 125, 136, 142,  40,  43,  72,  77,  85,  86,  93,  93, 142,   4,   8,
     10,  16,  25,  26,  28,  29,  38, 112, 113, 116, 137, 138, 139, 140, 141, 148,
     14,  15,  18,  26,  29,  30,  32,  33,  34,  35,  48,  50,  62,  79,  87,  88,
     89,  98, 103, 114, 115, 118, 125, 136, 137, 138, 139, 140, 141, 142,   0,  12,
     13,  15,  17,  18,  19,  20,  24,  25,  28,  30,  35,  62,  87,  88,  89, 103,
    115, 116, 118, 122, 125, 136, 143, 145, 146, 149,   8,  10,  26,  29,  93, 137,
    138, 139, 140, 141, 148,   8,  10,  18,  26,  32,  34,  35,  38,  46,  98, 103,
    107, 109, 114, 121, 123, 125, 136, 137, 138, 139, 140, 141, 142, 144, 148,  46,
     48,  68,  76,  79,  81,  83,  84,  93,  94,  96, 107, 109, 121, 123,  16,   6,
      8,  10,  34,  37,  55,  59, 114, 144, 148,   6,   8,  10,  13,  18,  37,  46,
     58,  59,  62, 103, 107, 109, 121, 123, 148,   6,   8,  10,  13,  37,  46,  58,
     59, 107, 109, 121, 123, 148,   8,  10,  38, 144, 148,   1,   3,   4,   6,   8,
     10,  12,  15,  16,  17,  18,  19,  20,  21,  22,  26,  29,  37,  38,  39,  40,
     44,  45,  55,  59,  70,  71,  72,  76,  77,  80,  83,  84,  86,  94,  96, 100,
    102, 103, 104, 108, 111, 112, 113, 115, 124, 137, 138, 139, 140, 141, 144, 148,
    157,  30,  32,  87,  88,  89,  98, 118, 142,  26,  30,  32,  33,  34,  35,  48,
     50,  79,  87,  88,  89, 114, 118, 125, 136, 137, 138, 139, 140, 141, 142, 160,
     18,  30,  32,  33,  34,  35,  36,  87,  88,  89,  98, 103, 112, 113, 114, 118,
    125, 136, 142, 160,  26, 137, 138, 139, 140, 141,   8,  10,  11,  26,  30,  32,
     33,  34,  35,  38,  58,  87,  88,  89, 114, 118, 125, 136, 137, 138, 139, 140,
    141, 142, 144, 148, 156, 157,   0,   6,   7,   9,  11,  12,  13,  23,  24,  25,
     26,  28,  30,  31,  32,  33,  35,  37,  40,  42,  46,  48,  49,  52,  54,  55,
     56,  58,  59,  62,  63,  65,  69,  72,  73,  74,  75,  77,  79,  86,  87,  88,
     89,  92,  98, 100, 101, 102, 107, 109, 110, 111, 116, 118, 121, 122, 123, 125,
    136, 137, 138, 139, 140, 141, 142, 143, 147, 149, 150, 160,  30,  76,  83,  84,
     87,  88,  89,  94, 118, 142,  26,  34,  38,  76,  83,  84,  94, 114, 137, 138,
    139, 140, 141,  76,  83,  84,  93,  94,   8,  10,  11,  25,  26,  28,  29,  38,
     39,  40,  44,  47,  48,  51,  61,  70,  71,  72,  77,  78,  79,  80,  86,  90,
     93, 108, 116, 137, 138, 139, 140, 141, 144, 148, 157,  26,  30,  32,  34,  35,
     76,  83,  84,  87,  88,  89,  93,  94, 114, 118, 125, 136, 137, 138, 139, 140,
    141,   8,  10,  11,  26,  38,  93, 137, 138, 139, 140, 141, 144, 148,   2,   7,
      9,  22,  23,  25,  28,  40,  42,  47,  48,  49,  52,  55,  56,  58,  61,  63,
     69,  72,  73,  74,  75,  76,  77,  78,  79,  83,  84,  86,  90,  92,  93,  94,
    116, 122, 147, 161,   0,   6,   7,   9,  13,  24,  25,  28,  30,  32,  35,  37,
     46,  48,  52,  54,  55,  56,  58,  59,  62,  63,  69,  79,  87,  88,  89, 107,
    109, 116, 118, 121, 122, 123, 125, 136, 142, 143, 145, 146, 147, 149,   4,   7,
      8,   9,  10,  26,  29,  30,  39,  40,  44,  52,  56,  63,  70,  71,  72,  77,
     80,  86,  87,  88,  89, 108, 118, 137, 138, 139, 140, 141, 144, 148, 157,  30,
     32,  35,  39,  40,  70,  71,  72,  76,  77,  80,  83,  84,  86,  87,  88,  89,
     94, 118, 125, 136,   4,   7,   8,   9,  10,  11,  12,  16,  18,  21,  22,  23,
     25,  26,  28,  29,  35,  38,  39,  40,  41,  44,  45,  46,  47,  48,  49,  50,
     51,  52,  55,  56,  61,  63,  65,  69,  70,  71,  72,  76,  77,  78,  79,  80,
     83,  84,  86,  90,  93,  94,  96,  99, 100, 101, 102, 103, 104, 105, 106, 107,
    108, 109, 110, 111, 112, 113, 116, 121, 122, 123, 124, 125, 136, 137, 138, 139,
    140, 141, 144, 147, 148, 157,   4,   7,   8,   9,  10,  11,  12,  16,  21,  22,
     23,  25,  26,  28,  29,  32,  38,  39,  40,  44,  45,  52,  55,  56,  63,  69,
     70,  71,  72,  76,  77,  80,  83,  84,  86,  93,  94, 108, 112, 113, 116, 122,
    124, 137, 138, 139, 140, 141, 144, 147, 148, 156, 157,   4,   7,   8,   9,  10,
     16,  21,  22,  23,  25,  26,  28,  29,  33,  39,  40,  44,  45,  52,  55,  56,
     63,  70,  71,  72,  77,  80,  86,  93, 108, 116, 122, 124, 137, 138, 139, 140,
    141, 144, 148, 156, 157,   2,   7,   9,  12,  15,  16,  19,  22,  23,  25,  28,
     30,  39,  40,  52,  55,  56,  58,  63,  69,  70,  71,  72,  77,  80,  86,  87,
     88,  89,  93, 115, 116, 117, 118, 121, 122, 147, 159,   4,   7,   8,   9,  10,
     16,  21,  22,  23,  25,  26,  28,  29,  30,  39,  40,  42,  44,  45,  47,  52,
     55,  56,  58,  61,  63,  65,  69,  70,  71,  72,  73,  74,  75,  77,  78,  80,
     86,  87,  88,  89,  90,  92,  93,  95, 108, 116, 118, 122, 124, 137, 138, 139,
    140, 141, 144, 147, 148, 156, 157, 161,   7,   9,  22,  25,  28,  52,  55,  56,
     63,  76,  83,  84,  93,  94, 116, 122,  40,  43,  72,  77,  85,  86,  93,   0,
      6,   7,   9,  11,  12,  13,  23,  24,  25,  26,  28,  30,  31,  32,  33,  35,
     37,  40,  42,  46,  48,  49,  52,  54,  55,  56,  58,  59,  62,  63,  65,  69,
     72,  73,  74,  75,  77,  79,  86,  87,  88,  89,  92,  98, 100, 101, 102, 107,
    109, 110, 111, 116, 118, 121, 122, 123, 125, 136, 137, 138, 139, 140, 141, 142,
    143, 147, 149, 150, 160,   6,  12,  13,  15,  16,  17,  19,  20,  25,  27,  28,
     30,  31,  32,  37,  42,  43,  44,  48,  59,  62,  73,  74,  75,  79,  82,  85,
     87,  88,  89,  91,  92,  98, 101, 108, 112, 113, 115, 116, 117, 118, 119, 120,
    122, 142, 160,   0,  13,  30,  32,  33,  35,  48,  58,  79,  87,  88,  89, 118,
    125, 136, 142, 143, 149,   0,   5,  13,  26,  30,  32,  33,  34,  35,  39,  48,
     49,  50,  51,  54,  58,  70,  71,  79,  80,  87,  88,  89,  93, 114, 118, 122,
    125, 136, 137, 138, 139, 140, 141, 142, 143, 149,   7,   8,   9,  10,  11,  16,
     26,  29,  35,  38,  39,  40,  41,  45,  46,  49,  52,  55,  56,  63,  69,  70,
     71,  72,  76,  77,  80,  83,  84,  86,  93,  94, 107, 109, 112, 113, 121, 123,
    124, 125, 136, 137, 138, 139, 140, 141, 144, 147, 148, 157,  30,  87,  88,  89,
    118,   5,  46,  53,  76,  83,  84,  93,  94, 107, 109, 121, 123,   7,   9,  16,
     22,  30,  40,  52,  55,  56,  63,  72,  77,  86,  87,  88,  89, 118,   7,   8,
      9,  10,  11,  22,  26,  27,  29,  30,  36,  39,  40,  41,  42,  43,  44,  46,
     48,  49,  50,  52,  56,  63,  70,  71,  72,  73,  74,  75,  76,  77,  79,  80,
     82,  83,  84,  85,  86,  87,  88,  89,  91,  92,  94, 102, 105, 107, 108, 109,
    118, 119, 120, 121, 123, 137, 138, 139, 140, 141, 142, 143, 144, 148, 149, 157,
      0,  30,  32,  33,  35,  46,  48,  58,  79,  87,  88,  89, 107, 109, 118, 121,
    122, 123, 125, 136, 142, 144,   7,   9,  16,  22,  30,  32,  33,  35,  39,  40,
     41,  43,  45,  46,  48,  49,  52,  56,  63,  69,  70,  71,  72,  77,  79,  80,
     85,  86,  87,  88,  89,  93, 102, 107, 109, 118, 121, 123, 124, 125, 136, 142,
    143, 147, 149, 157,   7,   9,  11,  22,  30,  35,  38,  52,  56,  63,  81,  87,
     88,  89,  96, 105, 118, 125, 136, 142, 143, 149, 157,   7,   8,   9,  10,  11,
     22,  23,  26,  27,  29,  30,  35,  38,  39,  40,  41,  45,  46,  52,  55,  56,
     63,  70,  71,  72,  77,  80,  82,  86,  87,  88,  89,  91,  93, 105, 107, 109,
    118, 119, 120, 121, 123, 124, 125, 136, 137, 138, 139, 140, 141, 143, 144, 148,
    149, 157,   4,   8,  10,  26,  29,  30,  36,  40,  55,  72,  77,  86,  87,  88,
     89, 118, 137, 138, 139, 140, 141, 143, 144, 148, 149,   7,   9,  23,  30,  39,
     40,  41,  46,  52,  55,  56,  63,  70,  71,  72,  77,  80,  86,  87,  88,  89,
    107, 109, 118, 121, 123,  30,  40,  72,  77,  86,  87,  88,  89, 118,  14,  15,
     18,  26,  29,  30,  32,  33,  34,  35,  48,  50,  62,  79,  87,  88,  89,  98,
    103, 114, 115, 118, 125, 136, 137, 138, 139, 140, 141, 142,  30,  32,  35,  87,
     88,  89,  98, 118, 125, 136, 142,  42,  73,  74,  75,  92,  93,   4,  26,  29,
     40,  72,  77,  86, 137, 138, 139, 140, 141,  26,  30,  35,  87,  88,  89,  98,
    118, 125, 136, 137, 138, 139, 140, 141, 127, 129,   4,  16,  25,  26,  28,  29,
     34,  35,  39,  40,  45,  70,  71,  72,  77,  80,  86, 114, 116, 124, 125, 136,
    137, 138, 139, 140, 141, 151,   7,   9,  11,  22,  30,  35,  38,  52,  56,  63,
     81,  87,  88,  89,  96, 105, 118, 125, 136, 142, 143, 149, 157,  14,  15,  18,
     26,  29,  30,  32,  33,  34,  35,  48,  50,  62,  79,  87,  88,  89,  98, 103,
    114, 115, 118, 125, 136, 137, 138, 139, 140, 141, 142,  13,  14,  15,  18,  19,
     26,  30,  32,  33,  34,  35,  36,  48,  49,  50,  79,  87,  88,  89,  98, 101,
    103, 112, 113, 114, 115, 118, 125, 136, 137, 138, 139, 140, 141, 142,  30,  32,
     33,  87,  88,  89,  98, 101, 118, 142, 143, 149,  76,  83,  84,  93,  94,  26,
     30,  32,  34,  35,  87,  88,  89, 114, 118, 125, 136, 137, 138, 139, 140, 141,
    160,   8,  10,  26,  29,  30,  32,  36,  87,  88,  89,  98, 118, 137, 138, 139,
    140, 141, 142, 144, 148,  30,  76,  83,  84,  87,  88,  89,  94, 118, 142,  30,
     87,  88,  89, 118,   5,  46,  53,  76,  83,  84,  93,  94, 107, 109, 121, 123,
     13,  18,  27,  30,  32,  36,  41,  42,  43,  44,  46,  67,  73,  74,  75,  76,
     82,  83,  84,  85,  87,  88,  89,  91,  92,  93,  94, 103, 107, 108, 109, 118,
    121, 123,   0,  13,  30,  32,  33,  35,  48,  58,  79,  87,  88,  89, 118, 125,
    136, 142, 143, 149,   0,   5,  13,  26,  30,  32,  33,  34,  35,  39,  48,  49,
     50,  51,  54,  58,  70,  71,  79,  80,  87,  88,  89,  93, 114, 118, 122, 125,
    136, 137, 138, 139, 140, 141, 142, 143, 149,   0,  13,  30,  32,  33,  35,  48,
     58,  79,  87,  88,  89, 118, 125, 136, 142, 143, 149,   0,   5,   6,  13,  18,
     27,  30,  37,  42,  43,  44,  54,  58,  59,  73,  74,  75,  76,  82,  83,  84,
     85,  87,  88,  89,  91,  92,  93,  94, 103, 108, 118, 142, 157,  27,  30,  42,
     43,  73,  74,  75,  76,  82,  83,  84,  85,  87,  88,  89,  91,  92,  93,  94,
    118,  13,  18,  27,  30,  32,  36,  41,  42,  43,  44,  46,  67,  73,  74,  75,
     76,  82,  83,  84,  85,  87,  88,  89,  91,  92,  93,  94, 103, 107, 108, 109,
    118, 121, 123,  13,  18,  27,  30,  32,  36,  41,  42,  43,  44,  46,  67,  73,
     74,  75,  76,  82,  83,  84,  85,  87,  88,  89,  91,  92,  93,  94, 103, 107,
    108, 109, 118, 121, 123,  13,  18,  27,  30,  32,  36,  41,  42,  43,  44,  46,
     67,  73,  74,  75,  76,  82,  83,  84,  85,  87,  88,  89,  91,  92,  93,  94,
    103, 107, 108, 109, 118, 121, 123,   5,  46,  53,  76,  83,  84,  93,  94, 107,
    109, 121, 123,   0,   6,   7,   9,  13,  24,  25,  28,  30,  32,  35,  37,  46,
     48,  52,  54,  55,  56,  58,  59,  62,  63,  69,  79,  87,  88,  89, 107, 109,
    116, 118, 121, 122, 123, 125, 136, 142, 143, 145, 146, 147, 149,  46,  48,  68,
     76,  79,  81,  83,  84,  93,  94,  96, 107, 109, 121, 123,   0,   6,   7,   9,
     13,  24,  25,  28,  30,  32,  35,  37,  46,  48,  52,  54,  55,  56,  58,  59,
     62,  63,  69,  79,  87,  88,  89, 107, 109, 116, 118, 121, 122, 123, 125, 136,
    142, 143, 145, 146, 147, 149,  35, 125, 136,  46,  48,  68,  76,  79,  81,  83,
     84,  93,  94,  96, 107, 109, 121, 123,   0,   6,   7,   9,  13,  24,  25,  28,
     30,  32,  35,  37,  46,  48,  52,  54,  55,  56,  58,  59,  62,  63,  69,  79,
     87,  88,  89, 107, 109, 116, 118, 121, 122, 123, 125, 136, 142, 143, 145, 146,
    147, 149,  46,  48,  68,  76,  79,  81,  83,  84,  93,  94,  96, 107, 109, 121,
    123,   4,   7,   8,   9,  10,  11,  12,  16,  18,  21,  22,  23,  25,  26,  28,
     29,  35,  38,  39,  40,  41,  44,  45,  46,  47,  48,  49,  50,  51,  52,  55,
     56,  61,  63,  65,  69,  70,  71,  72,  76,  77,  78,  79,  80,  83,  84,  86,
     90,  93,  94,  96,  99, 100, 101, 102, 103, 104, 105, 106, 107, 108, 109, 110,
    111, 112, 113, 116, 121, 122, 123, 124, 125, 136, 137, 138, 139, 140, 141, 144,
    147, 148, 157,   4,   7,   8,   9,  10,  11,  12,  16,  18,  21,  22,  23,  25,
     26,  28,  29,  35,  38,  39,  40,  41,  44,  45,  46,  47,  48,  49,  50,  51,
     52,  55,  56,  61,  63,  65,  69,  70,  71,  72,  76,  77,  78,  79,  80,  83,
     84,  86,  90,  93,  94,  96,  99, 100, 101, 102, 103, 104, 105, 106, 107, 108,
    109, 110, 111, 112, 113, 116, 121, 122, 123, 124, 125, 136, 137, 138, 139, 140,
    141, 144, 147, 148, 157,   4,   7,   8,   9,  10,  11,  12,  16,  18,  21,  22,
     23,  25,  26,  28,  29,  35,  38,  39,  40,  41,  44,  45,  46,  47,  48,  49,
     50,  51,  52,  55,  56,  61,  63,  65,  69,  70,  71,  72,  76,  77,  78,  79,
     80,  83,  84,  86,  90,  93,  94,  96,  99, 100, 101, 102, 103, 104, 105, 106,
    107, 108, 109, 110, 111, 112, 113, 116, 121, 122, 123, 124, 125, 136, 137, 138,
    139, 140, 141, 144, 147, 148, 157,  39,  40,  41,  44,  45,  46,  47,  48,  49,
     50,  51,  61,  70,  71,  72,  77,  78,  79,  80,  86,  90, 107, 108, 109, 121,
    123, 124,   8,  10,  26, 137, 138, 139, 140, 141, 148,   8,  10, 148,  30,  87,
     88,  89, 118,  40,  46,  48,  72,  77,  79,  86, 107, 109, 121, 123,  30,  40,
     72,  77,  86,  87,  88,  89, 118,   5,  46,  53,  76,  83,  84,  93,  94, 107,
    109, 121, 123,   0,   5,  13,  26,  30,  32,  33,  34,  35,  39,  48,  49,  50,
     51,  54,  58,  70,  71,  79,  80,  87,  88,  89,  93, 114, 118, 122, 125, 136,
    137, 138, 139, 140, 141, 142, 143, 149,  93,   7,   9,  11,  22,  30,  35,  38,
     52,  56,  63,  81,  87,  88,  89,  96, 105, 118, 125, 136, 142, 143, 149, 157,
     76,  83,  84,  93,  94,   5,  46,  53,  76,  83,  84,  93,  94, 107, 109, 121,
    123,  13,  18,  27,  30,  32,  36,  41,  42,  43,  44,  46,  67,  73,  74,  75,
     76,  82,  83,  84,  85,  87,  88,  89,  91,  92,  93,  94, 103, 107, 108, 109,
    118, 121, 123,   7,   9,  11,  18,  22,  27,  38,  52,  56,  63,  82,  91,  96,
    103, 142, 143, 149, 157,   4,   7,   8,   9,  10,  11,  12,  16,  18,  21,  22,
     23,  25,  26,  28,  29,  35,  38,  39,  40,  41,  44,  45,  46,  47,  48,  49,
     50,  51,  52,  55,  56,  61,  63,  65,  69,  70,  71,  72,  76,  77,  78,  79,
     80,  83,  84,  86,  90,  93,  94,  96,  99, 100, 101, 102, 103, 104, 105, 106,
    107, 108, 109, 110, 111, 112, 113, 116, 121, 122, 123, 124, 125, 136, 137, 138,
    139, 140, 141, 144, 147, 148, 157,   7,   9,  22,  46,  52,  55,  56,  63,  69,
    101, 107, 109, 121, 123, 147,   4,   7,   8,   9,  10,  11,  12,  16,  21,  22,
     38,  44,  47,  52,  55,  56,  61,  63,  65,  78,  90, 106, 108, 144, 148, 157,
      7,   9,  11,  22,  52,  56,  63, 142, 143, 149,  98,   7,   8,   9,  10,  11,
     22,  38,  52,  56,  63,  97, 105, 142, 143, 144, 148, 149,  46,  98, 107, 109,
    121, 123, 142,  38,  96,  98, 142,   0,   6,   7,   9,  11,  12,  13,  23,  24,
     25,  26,  28,  30,  31,  32,  33,  35,  37,  40,  42,  46,  48,  49,  52,  54,
     55,  56,  58,  59,  62,  63,  65,  69,  72,  73,  74,  75,  77,  79,  86,  87,
     88,  89,  92,  98, 100, 101, 102, 107, 109, 110, 111, 116, 118, 121, 122, 123,
    125, 136, 137, 138, 139, 140, 141, 142, 143, 147, 149, 150, 160,  38,  40,  72,
     77,  86,  98,   7,   8,   9,  10,  11,  22,  26,  27,  29,  30,  36,  39,  40,
     41,  42,  43,  44,  46,  48,  49,  50,  52,  56,  63,  70,  71,  72,  73,  74,
     75,  76,  77,  79,  80,  82,  83,  84,  85,  86,  87,  88,  89,  91,  92,  94,
    102, 105, 107, 108, 109, 118, 119, 120, 121, 123, 137, 138, 139, 140, 141, 142,
    143, 144, 148, 149, 157,  30,  43,  85,  87,  88,  89, 118,  18,  98, 103, 105,
    142,  98, 142,  30,  38,  87,  88,  89, 112, 113, 118,   2,   7,   9,  12,  15,
     16,  19,  22,  23,  25,  28,  30,  39,  40,  52,  55,  56,  58,  63,  69,  70,
     71,  72,  77,  80,  86,  87,  88,  89,  93, 115, 116, 117, 118, 121, 122, 147,
    159,   8,  10,  11,  26,  30,  32,  33,  34,  35,  38,  58,  87,  88,  89, 114,
    118, 125, 136, 137, 138, 139, 140, 141, 142, 144, 148, 156, 157,   8,  10,  38,
    144, 148,   0,   6,   7,   8,   9,  10,  12,  16,  19,  37,  40,  41,  46,  48,
     49,  52,  56,  59,  62,  63,  72,  77,  79,  86, 107, 109, 121, 122, 123, 143,
    148, 149,   7,   8,   9,  10,  11,  22,  26,  27,  29,  30,  36,  39,  40,  41,
     42,  43,  44,  46,  48,  49,  50,  52,  56,  63,  70,  71,  72,  73,  74,  75,
     76,  77,  79,  80,  82,  83,  84,  85,  86,  87,  88,  89,  91,  92,  94, 102,
    105, 107, 108, 109, 118, 119, 120, 121, 123, 137, 138, 139, 140, 141, 142, 143,
    144, 148, 149, 157,   5,  30,  32,  34,  35,  46,  48,  49,  50,  54,  79,  87,
     88,  89, 107, 109, 114, 118, 121, 123, 125, 136, 142,   4,   7,   8,   9,  10,
     16,  21,  22,  23,  25,  26,  28,  29,  30,  39,  40,  42,  44,  45,  47,  52,
     55,  56,  58,  61,  63,  65,  69,  70,  71,  72,  73,  74,  75,  77,  78,  80,
     86,  87,  88,  89,  90,  92,  93,  95, 108, 116, 118, 122, 124, 137, 138, 139,
    140, 141, 144, 147, 148, 156, 157, 161,  57, 132, 135,  57, 126, 127, 128, 129,
    130, 132, 134, 129, 127, 134, 130, 134, 133, 134, 132, 128, 131, 132,  57, 132,
      5,  46,  53,  76,  83,  84,  93,  94, 107, 109, 121, 123,   0,   5,  13,  26,
     30,  32,  33,  34,  35,  39,  48,  49,  50,  51,  54,  58,  70,  71,  79,  80,
     87,  88,  89,  93, 114, 118, 122, 125, 136, 137, 138, 139, 140, 141, 142, 143,
    149,   8,  10,  93, 148,   4,   7,   8,   9,  10,  16,  21,  22,  23,  25,  26,
     28,  29,  30,  39,  40,  42,  44,  45,  47,  52,  55,  56,  58,  61,  63,  65,
     69,  70,  71,  72,  73,  74,  75,  77,  78,  80,  86,  87,  88,  89,  90,  92,
     93,  95, 108, 116, 118, 122, 124, 137, 138, 139, 140, 141, 144, 147, 148, 156,
    157, 161,   4,   8,  10,  11,  16,  26,  29,  40,  45,  66,  72,  77,  86, 112,
    113, 119, 120, 124, 137, 138, 139, 140, 141, 144, 148,   1,   4,   7,   8,   9,
     10,  11,  12,  16,  18,  19,  21,  22,  23,  25,  26,  28,  29,  38,  39,  40,
     44,  45,  46,  47,  48,  52,  55,  56,  61,  62,  63,  66,  70,  71,  72,  77,
     78,  79,  80,  86,  90,  96, 100, 102, 103, 104, 106, 107, 108, 109, 110, 111,
    112, 113, 116, 119, 120, 121, 123, 124, 137, 138, 139, 140, 141, 148,  13,  30,
     32,  33,  35,  39,  48,  70,  71,  79,  80,  87,  88,  89,  98, 101, 112, 113,
    117, 118, 119, 120, 121, 125, 136, 142, 143, 149,  26,  30,  32,  34,  35,  87,
     88,  89, 114, 118, 125, 136, 137, 138, 139, 140, 141, 160,   0,  12,  13,  15,
     17,  18,  19,  20,  24,  25,  28,  30,  35,  62,  87,  88,  89, 103, 115, 116,
    118, 122, 125, 136, 143, 145, 146, 149, 154,  64, 152, 151, 152, 153, 155,  60,
    152,  13,  25,  28,  30,  32,  33,  35,  43,  48,  79,  85,  87,  88,  89,  98,
    101, 116, 117, 118, 125, 136, 157, 158, 156, 157,  93,  12,   8,  10,  11,  38,
    148,  57, 162, 163, 164,
};

static const int8_t inter_12_regularKernSparseValues[] = {
     -13,  -33,  -33,  -25,  -32,  -66,   -9,   -3,   -9,   -9,   -9,  -18,  -18,   -3,  -32,  -32,
     -32,  -32,  -32,  -33,   -3,   -4,   18,   18,   18,   -3,   -3,   -3,   18,   -4,   -3,  -26,
     -25,  -27,  -27,  -13,  -23,  -25,  -16,  -29,  -13,  -13,  -16,   -9,  -13,  -23,  -23,  -23,
     -29,  -23,  -29,  -29,  -36,   -4,   11,   -4,   -4,   11,   -4,   57,    3,  -13,  -13,  -54,
     -54,  -18,   -4,  -32,   -4,  -38,  -27,  -13,  -13,   -4,  -32,  -32,  -32,  -32,  -32,  -54,
     -13,   -4,   -9,  -13,  -18,  -29,  -20,  -20,  -15,  -32,   -1,   -9,   -7,   -1,  -43,  -43,
     -29,  -32,   -9,  -58,  -25,  -57,  -32,  -32,  -13,  -13,  -13,  -13,  -13,  -25,  -33,  -10,
     -36,   -9,   -6,   -6,   -8,   -3,  -40,  -18,  -18,  -13,  -13,  -21,  -13,  -13,  -13,   -6,
      -9,  -18,  -13,  -18,  -13,  -27,  -23,  -54,  -54,  -23,  -16,  -16,  -10,  -25,   27,  -10,
     -10,  -10,  -10,  -10,  -16,  -10,  -10,   -8,   -2,   -5,  -14,  -13,  -18,    6,  -13,   -8,
       6,    6,  -14,    6,    6,  -13,  -13,   -2,   -2,   -2,   -2,   -2,  -18,  -20,  -10,    5,
       2,   13,   25,    2,   13,   25,   25,   19,   25,   22,    5,    5,    5,    5,   -6,   -7,
      -9,   -9,   -8,   -7,  -13,   -7,   -8,  -20,   -9,  -10,  -13,  -13,  -10,   -4,  -10,   -2,
      -2,  -10,  -16,   -4,   -2,   -2,   -2,   -2,  -13,   -2,  -11,  -11,   -2,   -2,   -1,   -2,
      -2,   -1,   -1,   -1,   -1,  -11,  -13,  -13,  -18,  -18,  -13,  -23,    1,  -18,    2,  -50,
     -50,   -6,   -7,  -23,   -4,    8,   -6,   -4,  -13,  -36,  -43,  -38,    2,  -63,  -18,  -20,
     -20,  -18,  -25,    2,  -18,  -18,  -20,   36,  -20,  -18,   36,   36,  -20,   36,  -20,  -20,
     -20,  -12,  -20,  -20,  -20,  -41,  -41,   -7,  -18,  -43,  -43,  -43,  -43,  -43,  -57,  -50,
     -36,  -13,  -25,  -13,  -13,  -13,  -25,  -34,  -18,  -20,  -18,  -27,  -25,  -20,  -38,  -16,
     -13,  -16,  -18,  -18,  -18,  -20,  -18,  -38,  -38,  -20,  -20,  -20,  -20,  -20,  -23,  -16,
     -29,  -32,  -29,  -29,  -23,  -36,  -25,  -32,  -32,  -32,  -36,  -29,  -13,  -13,  -20,  -29,
     -36,  -36,  -38,  -29,  -25,  -25,  -25,  -25,  -25,  -25,  -18,  -18,  -16,  -13,  -13,  -13,
      -2,  -16,  -15,  -16,   -2,  -13,  -13,  -13,  -36,  -27,  -15,  -15,  -13,  -13,  -13,  -13,
     -13,  -13,  -16,  -18,  -16,  -40,  -32,  -32,  -13,  -13,    8,   -2,  -17,  -20,  -25,  -13,
       5,  -13,  -35,  -10,  -30,  -23,  -32,  -32,   -2,    2,   -9,  -27,  -27,  -13,  -29,  -13,
     -13,  -28,  -32,  -20,  -13,  -13,  -13,   -2,    2,    2,    2,   -2,  -27,   -2,  -35,  -35,
     -58,    2,  -16,  -13,  -20,  -16,  -36,  -47,  -13,  -16,  -13,  -35,   -9,  -28,   -9,  -32,
     -32,    5,    5,    5,    5,    5,  -52,  -41,  -13,  -41,   -3,  -20,  -21,   13,   13,   13,
     -21,  -21,  -21,   13,  -21,  -20,   -7,   -2,  -16,   13,   13,   13,   13,   -2,   -7,   -7,
      -7,   -7,   -7,   29,   29,   29,   22,   29,  -16,  -29,   -1,   -1,  -36,   -1,  -27,  -13,
      -9,  -13,  -10,  -13,  -13,  -13,  -13,   -9,   -9,  -13,  -13,  -13,  -13,   -9,  -13,  -13,
      46,  -10,   -1,  -36,  -36,  -36,  -36,  -36,  -48,  -50,  -23,   -9,  -12,   -9,   -2,   -9,
      13,   13,   13,  -12,  -12,  -12,    9,   13,   -2,  -12,   -9,   -9,   -9,   -9,   -9,   -9,
      -9,  -13,  -13,  -23,  -10,  -20,   19,  -10,  -10,  -10,  -10,  -10,  -32,  -13,   -5,  -43,
     -43,  -27,  -13,  -14,  -14,  -16,    5,  -13,  -16,  -25,  -43,  -20,  -63,   -6,  -13,  -61,
     -13,  -16,    5,    5,    5,   34,  -16,  -13,  -16,   34,   34,  -16,  -13,    5,   34,   34,
     -14,  -41,  -13,  -13,  -36,  -68,  -34,  -54,  -18,   -7,  -11,  -11,  -39,  -27,  -23,  -52,
      -9,  -27,  -50,  -38,  -25,  -86,  -32,  -70,  -35,  -59,  -13,  -27,  -39,  -39,  -39,   -9,
      -9,  -11,  -39,   -9,  -60,   -9,  -23,  -45,  -34,  -16,  -18,  -18,  -13,  -43,  -13,  -18,
     -16,  -18,  -29,  -29,  -38,   -1,   -2,   -4,   -1,  -18,  -18,  -18,   -2,   -2,   -4,   -4,
      -2,   -4,   -1,   -1,   -1,   -1,   -1,  -29,  -29,  -29,  -29,  -29,  -57,  -54,  -32,   -2,
      -7,  -10,   -2,   -6,   -2,   -2,   -6,   18,   -6,   -2,   18,   18,   -6,   -2,   -2,   -2,
      18,   -2,  -10,  -10,  -13,  -29,  -13,  -29,  -13,  -52,  -13,  -27,  -32,  -13,  -32,  -13,
     -13,  -35,  -13,  -36,    6,  -23,  -33,  -35,   -1,  -26,  -33,  -33,  -31,  -29,  -29,  -28,
     -23,  -29,  -52,  -29,  -72,  -61,  -20,  -13,  -49,  -49,  -55,   36,  -55,  -55,  -43,  -33,
      36,   36,  -35,  -47,   51,   36,   45,  -13,  -52,  -41,  -24,  -32,  -32,  -13,  -23,  -73,
     -78,  -73,  -52,  -52,  -53,  -53,  -13,  -33,  -25,  -33,  -33,    6,    6,  -35,  -35,  -35,
     -35,  -35,  -48,  -13,  -47,  -50,  -20,  -20,  -38,  -20,  -38,  -19,   -5,  -13,  -25,  -29,
     -25,  -27,  -30,  -13,  -38,    7,  -32,  -21,  -22,   -4,  -18,  -20,  -23,  -45,  -36,  -16,
     -21,  -37,  -22,   34,  -40,  -21,   34,   34,  -22,   16,   34,   -4,  -49,  -49,  -13,   -6,
     -18,  -30,  -30,  -30,  -30,  -30,  -45,  -16,  -38,  -53,  -61,  -20,  -20,  -38,  -20,  -38,
     -13,  -20,  -29,  -25,   -2,  -23,   -2,  -25,    9,  -20,  -20,  -12,  -13,  -20,  -23,  -20,
     -34,  -20,  -20,  -20,  -20,  -20,  -20,   34,  -12,   -2,  -12,  -13,  -23,  -23,  -23,  -23,
     -23,  -43,  -38,  -35,  -43,   -4,  -15,  -15,  -14,   -8,  -16,   -8,  -23,  -20,  -16,  -16,
     -12,  -23,  -11,  -29,  -16,  -35,   -3,  -33,  -18,  -23,  -23,  -11,  -11,  -23,  -11,  -12,
     -12,  -12,   34,   -8,  -36,  -13,  -12,  -25,  -32,  -18,  -13,  -25,  -32,  -13,  -32,  -13,
     -27,  -25,  -41,  -38,  -15,  -32,  -15,  -13,    6,  -31,  -33,  -11,  -18,  -27,  -16,  -32,
     -36,  -52,   -3,  -16,  -52,  -25,  -34,  -58,  -49,  -33,  -11,  -23,  -11,  -33,  -16,  -51,
     -55,    6,    6,    6,  -16,  -11,   34,  -25,  -18,  -15,    6,  -23,  -27,  -32,  -32,  -32,
     -32,  -32,  -43,  -16,  -52,  -60,  -71,  -13,  -16,  -16,  -25,  -13,  -13,  -16,  -13,  -16,
     -29,   34,   34,   34,   13,   34,  -13,  -12,   -4,   11,   -4,   -4,   11,   -4,   34,  -32,
     -32,  -13,  -13,    8,   -2,  -17,  -20,  -25,  -13,    5,  -13,  -51,  -10,  -49,  -46,  -32,
     -32,   -2,    2,   -9,  -47,  -27,  -13,  -29,  -13,  -13,  -28,  -32,  -20,  -13,  -13,  -13,
      -2,    2,    2,    2,   -2,  -47,   -2,  -51,  -51,  -51,    2,  -16,  -13,  -20,  -16,  -36,
     -47,  -13,  -16,  -13,  -51,   -9,  -28,   -9,  -32,  -32,    5,    5,    5,    5,    5,  -69,
     -63,  -13,  -63,   -3,  -20,  -27,  -18,  -43,  -18,  -23,  -18,  -18,  -18,  -16,   11,  -16,
     -23,  -16,  -32,  -27,   11,   38,   11,  -32,  -27,  -18,   11,   11,   11,  -32,   11,   38,
     -23,  -23,  -23,   11,   11,  -38,  -23,   11,   23,   23,  -18,  -16,  -43,  -20,   18,   18,
      -4,  -16,  -20,   -4,  -16,  -30,  -20,  -20,  -29,   -7,   -3,   -7,  -30,  -30,  -30,  -30,
     -29,  -29,  -18,  -10,  -10,   -9,   -4,  -13,  -12,  -36,  -22,  -20,  -11,  -35,    4,   -8,
      -7,  -10,   -6,  -13,   -4,    4,    4,   -8,    4,  -36,  -36,  -36,   14,  -11,  -36,   -5,
     -69,  -35,  -12,  -12,  -12,  -12,  -12,  -25,   -9,   -9,  -11,  -23,  -11,  -23,  -11,  -25,
     -13,  -25,    4,   -6,   -6,  -10,  -15,   -9,  -14,    7,  -11,  -16,  -11,  -11,   -9,   -6,
      -6,  -10,   40,  -10,   -6,   40,   56,  -10,   18,   54,  -14,  -14,  -28,  -28,  -14,  -14,
      -9,    4,    4,  -13,  -13,  -13,  -13,  -13,  -36,   -9,  -23,  -16,  -20,  -20,  -20,  -20,
     -20,    3,    1,    3,   28,   41,   28,   34,   41,    1,    1,    1,    1,  -18,  -18,  -18,
     -34,  -23,   -9,  -18,  -20,  -45,  -18,   -9,   -9,   -9,  -23,  -23,  -23,  -23,  -16,  -25,
     -16,  -25,  -13,  -16,  -16,    4,  -23,  -23,  -13,   -1,   -6,    6,    3,    5,    5,    6,
       6,    3,    5,  -16,  -29,  -16,   -1,   -1,   -6,    3,    3,    3,   11,   -6,    6,   -1,
       4,   11,   11,    5,   -6,  -23,  -23,  -23,    4,    3,   11,  -16,  -27,    6,    5,    6,
     -23,   -9,   -9,    6,    6,  -16,  -16,  -16,  -16,  -16,  -16,    6,  -32,  -25,    6,  -20,
      -3,  -29,  -18,  -13,  -29,    1,   -1,   -3,   -1,  -29,  -29,  -29,    1,    1,  -29,    1,
      -1,    1,  -29,  -29,  -20,   -4,   -8,   -8,   -6,  -11,  -13,   -4,   -4,   -6,    3,   -4,
      -8,    4,   -4,   -3,    9,    7,   -8,   -8,   -8,   -4,    3,    3,   -4,   -4,    9,    3,
       4,   -4,  -13,  -13,  -13,   18,  -13,   -3,   -3,  -13,   -3,   -3,   -4,   -6,   -6,  -16,
       3,   -4,    3,   13,  -16,  -16,  -13,  -16,  -20,  -23,  -13,  -16,  -29,  -16,    3,  -20,
     -50,  -20,   13,   -7,  -20,  -23,  -23,  -16,    6,    6,  -25,  -13,  -19,  -13,  -19,  -23,
     -13,  -16,  -27,    2,  -25,  -13,  -13,  -32,   -3,   -8,    6,   -1,    6,  -13,  -16,  -13,
     -13,   -3,   -3,   -8,   -8,   -3,    2,   -8,  -13,  -38,  -13,    2,    3,   -5,    6,    6,
     -13,  -18,  -18,    6,    6,   -1,  -13,  -13,  -27,  -27,  -27,  -27,  -27,    3,  -32,  -49,
       3,  -20,  -13,  -29,  -29,  -27,  -23,  -20,  -13,   -7,  -13,   -7,   -7,   -7,  -20,  -20,
     -20,  -20,  -27,  -27,  -27,  -27,  -27,    4,  -32,  -29,    4,   -9,   -9,  -13,  -25,   -1,
     -10,    7,    7,   -9,  -13,   -9,   -9,   -1,   -1,  -10,  -10,   -1,  -10,  -25,  -25,  -25,
       7,    7,  -25,    7,    7,  -13,   -6,   -6,   -6,   -6,  -13,  -13,  -13,  -13,  -13,   -4,
      -9,  -13,  -18,  -29,  -20,  -20,  -29,  -32,   -1,   -9,   -7,   -1,  -43,  -43,  -29,  -32,
      -9,  -29,  -25,  -57,  -32,  -32,  -13,  -13,  -13,  -13,  -13,  -25,  -27,  -13,  -27,  -27,
     -27,  -27,  -27,  -27,  -27,  -27,  -13,   13,   13,   13,   13,   13,   18,  -16,  -29,  -29,
     -13,  -13,  -13,  -13,  -39,  -46,  -41,  -50,  -51,  -13,  -20,  -25,  -20,  -20,  -20,  -25,
     -47,  -25,  -25,  -13,  -13,  -13,  -13,  -13,  -12,  -12,  -13,  -20,   -2,  -28,   -2,  -28,
      -3,   -3,   -4,  -11,   -4,   -4,   -4,  -11,  -11,   -4,  -11,   -3,   -2,   -4,   -3,   -3,
     -28,  -28,  -28,  -28,  -28,   -4,  -16,  -16,  -13,  -16,  -20,  -23,  -13,  -16,  -29,  -16,
       3,  -20,  -50,  -20,   13,   -7,  -20,  -23,  -23,  -36,    6,    6,  -25,  -13,   -4,   -9,
     -13,  -18,  -61,  -36,  -20,  -33,  -52,   -1,   -9,   -7,   -1,  -61,  -61,  -61,  -32,   -9,
     -33,  -25,  -61,  -52,  -52,  -13,  -13,  -13,  -13,  -13,  -25,  -16,  -20,  -18,  -20,  -13,
     -13,  -52,  -25,  -23,  -16,  -36,  -13,  -13,  -13,  -13,  -13,  -52,  -52,  -52,  -36,  -13,
     -20,  -13,  -13,  -36,  -18,  -79,  -36,  -36,  -13,  -13,  -13,  -13,  -13,  -34,  -27,  -33,
     -29,  -27,  -27,  -27,  -36,  -13,  -27,  -25,  -13,  -13,    9,    9,    9,   16,    9,  -13,
     -36,  -16,  -18,  -18,  -36,  -36,  -36,  -18,  -36,  -18,  -18,  -13,  -13,  -13,  -13,  -13,
     -13,  -41,  -41,  -16,  -16,  -23,  -20,  -16,  -23,  -23,  -23,  -23,  -23,  -16,  -16,  -16,
     -16,  -16,  -23,  -50,  -41,  -21,   13,   13,   13,  -21,  -21,  -21,   13,  -21,  -47,  -32,
     -32,  -32,  -32,  -32,    3,    1,    3,   41,   44,   41,   29,   41,    1,    1,    1,    1,
      18,   36,   25,   36,   34,   36,   16,   28,   28,   11,   20,    9,   41,   28,   41,   69,
      25,   69,   69,   41,   36,   36,   36,   55,   41,   20,   69,   36,   20,   11,   20,   36,
      20,   20,   -4,  -16,  -50,  -20,  -20,  -29,   -7,   -3,   -7,  -50,  -50,  -50,  -50,  -29,
     -29,  -18,  -10,  -10,   -9,   -4,  -13,  -12,  -56,  -22,  -20,  -11,  -35,    4,   -8,   -7,
     -10,   -6,  -13,   -4,    4,    4,   -8,    4,  -56,  -56,  -56,   14,  -11,  -56,   -5,  -69,
     -35,  -12,  -12,  -12,  -12,  -12,  -25,   -9,   -9,   -4,  -16,  -59,  -20,  -20,  -29,   -7,
      -3,   -7,  -59,  -59,  -59,  -59,  -29,  -29,  -18,  -10,  -10,   13,   39,   23,   18,   18,
      13,   16,   23,   16,   11,   11,   17,    7,   23,   16,   16,   35,   20,   13,   20,   20,
      11,   16,   16,   16,   13,   36,   18,   20,   18,   11,   16,   13,  -16,   13,   13,   13,
      16,   13,   13,   16,   16,   16,   16,   16,   16,   13,   13,   13,   13,   13,   16,   16,
      13,   18,   36,   25,   36,   34,   36,   16,   44,   41,   11,   20,    9,   44,   44,   44,
      69,   25,   69,   69,   41,   36,   36,   36,   55,   44,   43,   69,   36,   20,   11,   20,
      36,   20,   20,   18,   36,   25,   36,   34,   36,   16,   44,   44,   11,   20,    9,   44,
      44,   44,   69,   25,   69,   69,   44,   36,   36,   36,   55,   44,   20,   69,   36,   20,
      11,   20,   36,   20,   20,   18,   36,   25,   36,   34,   36,   16,   44,   28,   11,   20,
       9,   44,   44,   44,   69,   25,   69,   69,   41,   36,   36,   36,   55,   44,   20,   69,
      36,   20,   11,   20,   36,   20,   20,    3,    1,    3,   41,   44,   41,   29,   44,    1,
       1,    1,    1,  -36,  -70,  -54,  -54,  -18,   -7,  -11,  -11,  -39,  -27,  -23,  -70,   -9,
     -27,  -52,  -38,  -25,  -54,  -32,  -70,  -35,  -54,  -13,  -27,  -39,  -39,  -39,   -9,   -9,
     -11,  -39,   -9,  -60,   -9,  -23,  -45,  -34,  -16,  -18,  -18,  -13,  -43,    5,    2,   13,
      25,    2,   13,   25,   25,   35,   25,   22,    5,    5,    5,    5,  -36,  -68,  -50,  -50,
     -18,   -7,  -11,  -11,  -39,  -27,  -23,  -52,   -9,  -27,  -47,  -38,  -25,  -50,  -32,  -70,
     -35,  -50,  -13,  -27,  -39,  -39,  -39,   -9,   -9,  -11,  -39,   -9,  -60,   -9,  -23,  -45,
     -34,  -16,  -18,  -18,  -13,  -43,  -13,  -13,  -13,    5,    2,   27,   25,    2,   13,   25,
      25,   19,   25,   22,    5,    5,    5,    5,  -36,  -66,  -34,  -54,  -18,   -7,  -11,  -11,
     -39,  -27,  -45,  -66,   -9,  -27,  -50,  -38,  -25,  -86,  -32,  -66,  -35,  -59,  -13,  -27,
     -39,  -39,  -39,   -9,   -9,  -11,  -39,   -9,  -60,   -9,  -45,  -45,  -34,  -29,  -18,  -18,
     -13,  -29,   13,    2,   27,   25,    2,   13,   25,   25,   19,   25,   22,   13,   13,   13,
      13,  -13,  -43,  -13,  -43,  -13,  -52,  -13,  -27,  -32,  -13,  -32,  -13,  -13,  -35,  -13,
     -36,    6,  -23,  -33,  -35,   -1,  -26,  -33,  -33,  -45,  -29,  -29,  -56,  -37,  -43,  -52,
     -43,  -45,  -43,  -20,  -13,  -49,  -49,  -55,   36,  -55,  -45,  -43,  -33,   36,   36,  -35,
     -45,   51,   36,   45,  -13,  -52,  -41,  -24,  -32,  -32,  -13,  -23,  -73,  -78,  -73,  -52,
     -52,  -53,  -53,  -13,  -33,  -25,  -33,  -33,    6,    6,  -35,  -35,  -35,  -35,  -35,  -48,
     -13,  -47,  -50,  -13,  -43,  -13,  -43,  -13,  -52,  -13,  -27,  -32,  -13,  -32,  -13,  -13,
     -35,  -13,  -36,    6,  -23,  -33,  -35,   -1,  -26,  -33,  -33,  -31,  -29,  -29,  -28,  -23,
     -43,  -52,  -43,  -72,  -43,  -20,  -13,  -49,  -49,  -55,   36,  -55,  -55,  -43,  -33,   36,
      36,  -35,  -47,   51,   36,   45,  -13,  -52,  -41,  -24,  -32,  -32,  -13,  -23,  -73,  -78,
     -73,  -52,  -52,  -53,  -53,  -13,  -33,  -25,  -33,  -33,    6,    6,  -35,  -35,  -35,  -35,
     -35,  -48,  -13,  -47,  -50,  -13,  -29,  -13,  -29,  -13,  -52,  -13,  -27,  -32,  -13,  -32,
     -13,  -13,  -58,  -13,  -84,    6,  -23,  -33,  -35,   -1,  -26,  -33,  -33,  -31,  -29,  -29,
     -28,  -23,  -29,  -52,  -29,  -72,  -61,  -20,  -13,  -49,  -49,  -55,   36,  -55,  -55,  -43,
     -33,   36,   36,  -35,  -47,   51,   36,   45,  -13,  -52,  -41,  -24,  -32,  -32,  -13,  -23,
     -73,  -78,  -73,  -52,  -52,  -53,  -53,  -13,  -33,  -25,  -33,  -33,    6,    6,  -58,  -58,
     -58,  -58,  -58,  -48,  -13,  -47,  -79,  -21,  -25,  -12,  -21,  -21,  -11,  -21,  -21,  -21,
     -21,  -21,  -21,  -21,  -21,  -25,  -25,  -21,  -21,  -21,  -25,  -21,  -11,  -21,  -11,  -11,
     -11,  -21,  -18,  -18,  -14,  -14,  -14,  -14,  -14,  -14,  -18,  -18,  -18,  -18,   16,   16,
      16,   16,   16,  -14,   12,    6,  -14,  -14,    6,  -14,   12,   12,   12,   12,  -29,   -6,
      -6,   -6,   -6,  -29,  -29,  -29,  -29,    3,    1,    3,   41,   41,   41,   47,   41,    1,
       1,    1,    1,   -9,   -4,  -13,  -12,  -67,  -22,  -20,  -11,  -35,    4,   -8,   -7,  -10,
      -6,  -13,   -4,    4,    4,   -8,    4,  -67,  -67,  -67,   14,  -11,  -67,   -5,  -69,  -35,
     -12,  -12,  -12,  -12,  -12,  -25,   -9,   -9,   13,  -16,  -16,  -13,  -16,  -38,  -23,  -13,
     -16,  -29,  -16,    3,  -38,  -38,  -38,   13,   -7,  -38,  -23,  -23,  -16,    6,    6,  -25,
       9,    9,    9,   29,    9,    3,    1,    3,   41,   41,   41,   34,   41,    1,    1,    1,
       1,   18,   36,   25,   36,   34,   36,   16,   41,   44,   11,   20,    9,   41,   41,   41,
      69,   25,   69,   69,   44,   36,   36,   36,   55,   41,   38,   85,   36,   20,   11,   20,
      36,   20,   20,  -16,  -16,  -13,    9,  -16,    6,  -13,  -16,  -29,  -16,    6,    6,   45,
       9,  -20,    3,    3,  -25,  -13,  -29,  -47,  -29,  -47,  -52,  -13,  -27,  -32,  -29,  -32,
     -13,  -13,  -35,  -13,  -36,    6,  -27,  -33,  -35,   -1,  -26,  -33,  -33,  -31,  -29,  -29,
     -28,  -23,  -29,  -52,  -29,  -72,  -61,  -20,  -13,  -49,  -49,  -55,   36,  -55,  -55,  -43,
     -33,   36,   36,  -35,  -47,   51,   36,   45,  -13,  -52,  -41,  -24,  -32,  -32,  -13,  -23,
     -73,  -78,  -73,  -52,  -52,  -53,  -53,  -13,  -33,  -25,  -33,  -33,    6,    6,  -35,  -35,
     -35,  -35,  -35,  -48,  -13,  -47,  -73,  -16,  -16,  -25,  -13,  -16,  -13,  -16,  -16,  -13,
     -20,  -13,  -27,  -13,  -13,  -13,  -13,  -32,  -38,  -32,  -38,  -27,  -13,  -27,  -25,  -36,
     -41,  -13,  -23,  -32,  -19,  -32,  -23,  -32,   -8,  -23,  -23,  -13,  -13,  -48,  -38,  -45,
     -16,  -16,  -13,  -16,  -16,  -29,  -16,  -20,    3,    3,  -18,  -16,  -29,  -16,  -29,  -13,
     -16,  -16,  -16,  -29,  -16,  -13,  -16,  -25,    3,  -32,  -29,    3,  -13,  -34,  -13,  -13,
     -13,  -13,  -25,   27,  -13,  -18,  -25,  -32,  -32,  -13,  -13,    8,   -2,  -40,  -20,  -25,
     -13,    5,  -13,  -35,  -10,  -30,  -23,  -32,  -32,   -2,    2,   -9,  -27,  -27,  -13,  -29,
     -13,  -13,  -28,  -32,  -20,  -13,  -13,  -13,   -2,    2,    2,    2,   -2,  -27,   -2,  -35,
     -35,  -58,    2,  -16,  -13,  -43,  -16,  -36,  -47,  -13,  -16,  -13,  -35,   -9,  -28,   -9,
     -32,  -32,    5,    5,    5,    5,    5,  -52,  -41,  -13,  -41,   -3,  -20,   27,  -11,  -11,
     -11,  -11,  -18,  -29,  -54,  -29,  -54,  -27,  -16,  -16,    4,  -23,  -23,  -13,   -1,   -6,
       6,    3,    5,    5,    6,    6,    3,    5,  -29,  -29,  -29,   -1,   -1,   -6,    3,    3,
       3,   11,   -6,    6,   -1,    4,   11,   11,    5,   -6,  -23,  -23,  -23,    4,    3,   11,
     -16,  -27,    6,    5,    6,  -23,   -9,   -9,    6,    6,  -16,  -16,  -16,  -16,  -16,  -16,
       6,  -32,  -54,    6,  -34,  -16,   16,   16,  -16,  -16,  -16,  -16,  -13,  -34,  -13,  -16,
     -25,  -34,  -25,  -14,   25,  -14,  -14,  -14,   11,   11,  -14,   -4,  -58,  -58,  -14,   -8,
     -16,   -8,  -20,  -20,  -16,  -16,  -12,  -23,  -11,  -58,  -36,  -58,   -3,  -58,  -18,  -23,
     -23,  -11,  -11,  -23,  -11,  -12,  -12,  -12,   34,   -8,  -36,  -13,  -12,  -25,  -32,  -18,
     -13,  -18,  -18,  -16,  -13,  -13,  -13,   -2,  -16,  -15,  -16,   -2,  -13,  -13,  -13,  -36,
     -27,  -15,  -15,  -13,  -13,  -13,  -13,  -13,  -13,  -36,  -18,  -16,  -40,  -18,  -18,  -16,
     -13,  -18,  -11,  -11,  -11,    6,  -11,    6,   -4,   -9,   -4,  -11,   -5,  -10,  -10,   -8,
     -10,  -11,  -11,  -11,  -10,  -11,   -5,   -5,   -8,   -5,  -10,  -10,  -10,   -6,  -10,  -11,
       6,  -11,  -16,  -50,  -16,  -50,  -13,  -16,  -16,    4,  -23,  -23,  -13,   -1,   -6,    6,
       3,    5,    5,    6,    6,    3,    5,  -16,  -29,  -16,   -1,   -1,   -6,    3,    3,    3,
      11,   -6,    6,   -1,    4,   11,   11,    5,   -6,  -23,  -23,  -23,    4,    3,   11,  -16,
     -27,    6,    5,    6,  -23,   -9,   -9,    6,    6,  -16,  -16,  -16,  -16,  -16,  -16,    6,
     -61,  -50,    6,  -20,  -11,  -40,  -40,  -11,  -68,  -10,  -11,  -11,   -9,  -23,  -11,  -40,
     -40,  -40,  -10,  -10,  -11,  -40,  -10,  -46,  -68,  -68,  -28,  -25,  -32,  -13,  -32,  -13,
     -27,  -25,  -41,  -38,  -15,  -32,  -15,  -13,    6,  -31,  -64,  -11,  -18,  -27,  -16,  -32,
     -36,  -52,   -3,  -16,  -52,  -25,  -34,  -58,  -49,  -64,  -11,  -23,  -11,  -64,  -16,  -51,
     -64,    6,    6,    6,  -16,  -11,   34,  -25,  -18,  -15,    6,  -23,  -27,  -32,  -32,  -32,
     -32,  -32,  -43,  -16,  -52,  -60,  -71,  -13,  -12,   -4,   -4,  -18,   -4,  -12,  -12,    6,
     -12,  -12,   12,   -4,   -4,    2,   -8,    8,   16,   12,   -4,    2,    2,   -4,  -12,   -4,
       3,    1,    3,   28,   41,   28,   29,   41,    1,    1,    1,    1,   -9,   -4,  -13,  -12,
     -36,  -22,  -20,  -11,  -35,    4,   -8,   -7,  -10,   -6,  -13,   -4,    4,    4,   -8,    4,
     -36,  -36,  -36,   28,  -11,  -36,   -5,  -69,  -35,  -12,  -12,  -12,  -12,  -12,  -25,   -9,
      -9,  -13,  -13,   16,  -13,  -25,  -32,  -27,  -32,  -27,  -27,  -25,  -41,  -38,  -15,  -32,
     -15,  -13,    6,  -31,  -33,  -11,  -18,  -27,  -16,  -32,  -36,  -52,   -3,  -16,  -52,  -25,
     -34,  -58,  -49,  -33,  -11,  -23,  -11,  -33,  -16,  -51,  -55,    6,    6,    6,  -16,  -11,
      34,  -25,  -18,  -15,    6,  -23,  -27,  -32,  -32,  -32,  -32,  -32,  -43,  -16,  -27,  -60,
     -71,  -13,  -25,  -34,  -34,  -38,  -25,  -38,  -59,  -16,  -10,  -25,  -16,  -16,  -16,  -25,
     -45,  -57,  -34,  -10,  -38,  -38,  -38,  -38,  -38,  -25,  -34,  -50,  -27,  -25,  -40,  -25,
     -40,  -57,  -18,  -38,  -25,  -16,  -23,  -38,  -23,  -23,  -55,  -23,  -50,  -16,  -23,  -25,
      -8,  -31,    6,  -16,    6,  -43,  -34,  -25,  -34,   -4,  -25,  -27,  -23,  -23,  -25,  -25,
     -16,    6,  -23,  -25,  -16,  -25,  -25,  -25,  -25,  -27,  -27,    6,  -33,    6,  -16,  -25,
     -20,  -36,  -23,  -48,  -25,    6,    6,  -44,  -55,  -55,  -55,  -55,  -55,  -40,  -27,  -38,
     -36,  -25,  -43,  -13,  -20,  -13,  -13,  -20,  -13,  -38,  -38,  -38,  -41,  -20,   20,   20,
     -25,  -59,   25,   25,  -20,  -43,  -43,  -50,  -38,  -38,  -13,  -13,  -16,  -18,  -18,  -13,
     -13,  -13,  -18,  -43,  -18,  -18,  -13,  -13,  -13,  -13,  -13,  -13,  -33,  -10,  -36,   -9,
      -6,   -6,   -8,   -3,  -40,  -18,  -18,  -13,  -13,  -21,  -13,  -13,  -13,   -6,   -9,  -18,
     -13,  -18,  -13,  -27,  -23,  -54,  -73,  -23,    9,   -3,   -6,  -21,    5,   -3,  -13,   -9,
      -6,  -36,  -16,  -16,  -50,  -53,  -35,  -60,    5,  -20,  -20,    5,  -50,  -50,  -79,  -45,
     -20,  -16,  -16,  -63,  -60,  -60,  -10,   -6,   -6,  -20,   16,   -2,  -27,  -27,  -16,  -20,
     -27,   -4,  -16,  -10,  -12,
};

static constexpr EpdFontData inter_12_regular = {
    inter_12_regularBitmaps,
    inter_12_regularGlyphs,
    inter_12_regularIntervals,
    102,
    30,
    25,
    -7,
    false,
    nullptr,
    0,
    nullptr,
    nullptr,  // kernLeftClasses: built-in fonts use split arrays
    nullptr,  // kernRightClasses
    inter_12_regularKernLeftCodepoints,
    inter_12_regularKernLeftClassIds,
    inter_12_regularKernRightCodepoints,
    inter_12_regularKernRightClassIds,
    nullptr,  // kernMatrix: built-in fonts use sparse rows
    inter_12_regularKernRowOffsets,
    inter_12_regularKernSparseCols,
    inter_12_regularKernSparseValues,
    1004,
    1027,
    162,
    165,
    nullptr,
    0,
};
