/**
 * generated by fontconvert.py
 * name: inter_10_regular
 * size: 10
 * mode: 1-bit
 * Command used: C:\Users\cmaga\Documents\Crossink-MyDev\CrossInk-X4-Pro\lib\EpdFont\scripts\fontconvert.py inter_10_regular 10 C:\Users\cmaga\Documents\Crossink-MyDev\CrossInk-X4-Pro\lib\EpdFont\builtinFonts\source\Inter\Inter-Regular.ttf C:\Users\cmaga\Documents\Crossink-MyDev\CrossInk-X4-Pro\lib\EpdFont\builtinFonts\source\IBMPlexSansHebrew\IBMPlexSansHebrew-Regular.ttf C:\Users\cmaga\Documents\Crossink-MyDev\CrossInk-X4-Pro\lib\EpdFont\builtinFonts\source\NotoSansArabic\NotoSansArabic-Regular.ttf --additional-intervals 0x05D0,0x05EA --additional-intervals 0x0370,0x03FF --additional-intervals 0x1F00,0x1FFF --additional-intervals 0x060C,0x060C --additional-intervals 0x061B,0x061B --additional-intervals 0x061F,0x061F --additional-intervals 0x0621,0x0621 --additional-intervals 0x0640,0x0640 --additional-intervals 0x0660,0x0669 --additional-intervals 0x06BA,0x06BA --additional-intervals 0x06D4,0x06D4 --additional-intervals 0x06F0,0x06F9 --additional-intervals 0xFB56,0xFB59 --additional-intervals 0xFB66,0xFB69 --additional-intervals 0xFB7A,0xFB7D --additional-intervals 0xFB88,0xFB95 --additional-intervals 0xFB9E,0xFB9F --additional-intervals 0xFBA6,0xFBB1 --additional-intervals 0xFBFC,0xFBFF --additional-intervals 0xFE80,0xFEFC
 */
#pragma once
#include "EpdFontData.h"

static const uint8_t inter_10_regularBitmaps[38953] = {
    0x6E, 0xEE, 0xEE, 0x66, 0x66, 0x66, 0x06, 0xEE, 0x00, 0xCB, 0x7D, 0xF7, 0xDF, 0x7D, 0x80, 0x04,
    0x20, 0x63, 0x03, 0x18, 0x18, 0xC1, 0xC6, 0x3F, 0xFD, 0xFF, 0xE3, 0x18, 0x18, 0xC0, 0xC6, 0x3F,
    0xFD, 0xFF, 0xE3, 0x1C, 0x18, 0xC0, 0xC6, 0x06, 0x30, 0x04, 0x00, 0x60, 0x0E, 0x03, 0xFC, 0x7F,
    0xCE, 0x6E, 0xE6, 0x6E, 0x60, 0xF6, 0x07, 0xE0, 0x3F, 0xC0, 0x7E, 0x06, 0xEC, 0x66, 0xE6, 0x6E,
    0x6E, 0x7F, 0xE3, 0xFC, 0x0E, 0x00, 0x60, 0x04, 0x00, 0x30, 0x0C, 0xFC, 0x1C, 0xEC, 0x18, 0xCC,
    0x38, 0xCE, 0x70, 0xCC, 0x60, 0xFC, 0xC0, 0x79, 0xC0, 0x03, 0x80, 0x03, 0x1E, 0x07, 0x3F, 0x0E,
    0x73, 0x0C, 0x73, 0x1C, 0x73, 0x38, 0x37, 0x30, 0x3E, 0x00, 0x0C, 0x06, 0x00, 0xFC, 0x0F, 0xF0,
    0x73, 0x83, 0x1C, 0x1D, 0xE0, 0x7E, 0x03, 0xE0, 0x1E, 0x01, 0xF9, 0x9C, 0xEC, 0xC3, 0xE6, 0x1F,
    0x38, 0x71, 0xFF, 0xC7, 0xF7, 0x06, 0x00, 0xFF, 0xFC, 0x01, 0xDC, 0xE6, 0x73, 0x9C, 0xC6, 0x31,
    0x8C, 0x73, 0x9C, 0x63, 0x8C, 0x70, 0x01, 0x87, 0x0C, 0x38, 0xE3, 0x86, 0x18, 0x71, 0xC7, 0x1C,
    0x61, 0x8E, 0x38, 0xC7, 0x18, 0x08, 0x0C, 0x36, 0x5F, 0xE7, 0xE3, 0xF3, 0xFD, 0xB6, 0x18, 0x0C,
    0x00, 0x06, 0x00, 0xC0, 0x18, 0x03, 0x07, 0xFE, 0xFF, 0xC1, 0x80, 0x30, 0x06, 0x00, 0xC0, 0x66,
    0xEE, 0xCC, 0xC0, 0xFE, 0xFE, 0xFE, 0x6E, 0xE0, 0x06, 0x0C, 0x38, 0x60, 0xC3, 0x87, 0x0C, 0x18,
    0x70, 0xE1, 0x83, 0x0E, 0x18, 0x30, 0xE1, 0xC3, 0x00, 0x0E, 0x07, 0xF1, 0xFF, 0x38, 0xEE, 0x0F,
    0xC1, 0xF8, 0x1E, 0x03, 0xC0, 0x78, 0x0F, 0x81, 0xF0, 0x7E, 0x0E, 0xE3, 0x9F, 0xF1, 0xFC, 0x04,
    0x00, 0x0C, 0x3D, 0xFB, 0xFE, 0xE1, 0xC3, 0x87, 0x0E, 0x1C, 0x38, 0x70, 0xE1, 0xC3, 0x87, 0x0E,
    0x07, 0xF1, 0xFF, 0x70, 0xEE, 0x0D, 0x81, 0x80, 0x70, 0x0E, 0x03, 0x80, 0xE0, 0x38, 0x0E, 0x03,
    0x80, 0xE0, 0x3F, 0xF7, 0xFF, 0x0E, 0x07, 0xF1, 0xFF, 0x70, 0xEE, 0x0C, 0x01, 0x80, 0x70, 0x7C,
    0x0F, 0x80, 0x78, 0x03, 0x80, 0x7E, 0x0F, 0xC1, 0xDF, 0xF1, 0xFC, 0x0E, 0x00, 0x01, 0x80, 0x3C,
    0x07, 0xC0, 0x7C, 0x0F, 0xC1, 0xDC, 0x19, 0xC3, 0x9C, 0x71, 0xC7, 0x1C, 0xE1, 0xCF, 0xFF, 0xFF,
    0xF0, 0x1C, 0x01, 0xC0, 0x1C, 0x3F, 0x8F, 0xF9, 0xFF, 0x30, 0x0E, 0x01, 0xC0, 0x3F, 0xC7, 0xFC,
    0xE1, 0xC0, 0x38, 0x03, 0x00, 0x6E, 0x0D, 0xC3, 0x9F, 0xE1, 0xF8, 0x0C, 0x00, 0x0E, 0x07, 0xF1,
    0xFF, 0x38, 0x7E, 0x0F, 0xC0, 0x37, 0xC7, 0xFE, 0xF1, 0xDC, 0x1F, 0x83, 0xF0, 0x7E, 0x0E, 0xE3,
    0x9F, 0xF1, 0xFC, 0x06, 0x00, 0x7F, 0xCF, 0xFD, 0xFF, 0x80, 0x70, 0x1C, 0x03, 0x80, 0xE0, 0x1C,
    0x07, 0x00, 0xE0, 0x38, 0x07, 0x01, 0xC0, 0x38, 0x0E, 0x01, 0xC0, 0x0E, 0x07, 0xF1, 0xFF, 0x30,
    0xEE, 0x0D, 0xC1, 0x9C, 0x71, 0xFC, 0x7F, 0x8E, 0x7B, 0x83, 0xE0, 0x7E, 0x0F, 0xC1, 0xDF, 0xF1,
    0xFC, 0x0C, 0x00, 0x0E, 0x07, 0xF1, 0xFF, 0x70, 0xEE, 0x0F, 0x81, 0xF8, 0x3F, 0x07, 0x73, 0xEF,
    0xFC, 0x7B, 0x80, 0x7E, 0x0D, 0xC3, 0x9F, 0xE1, 0xF8, 0x0C, 0x00, 0x6E, 0xE0, 0x00, 0x00, 0x6E,
    0xE0, 0x6F, 0x70, 0x00, 0x00, 0x66, 0xEE, 0xCC, 0xC0, 0x00, 0x00, 0x1C, 0x0F, 0x87, 0xC3, 0xE1,
    0xF0, 0x3E, 0x01, 0xF0, 0x1F, 0x80, 0xFC, 0x07, 0x80, 0x30, 0xFF, 0xFF, 0xF0, 0x00, 0x00, 0xFF,
    0xFF, 0xF0, 0x00, 0x80, 0x38, 0x0F, 0x81, 0xF8, 0x0F, 0x80, 0xF0, 0x3C, 0x3E, 0x3E, 0x3E, 0x0E,
    0x02, 0x00, 0x0E, 0x0F, 0xE7, 0xFD, 0x87, 0xE1, 0xC0, 0x70, 0x1C, 0x1E, 0x0F, 0x03, 0x80, 0xC0,
    0x30, 0x00, 0x03, 0x01, 0xE0, 0x70, 0x00, 0x00, 0x03, 0xF8, 0x03, 0xFF, 0x83, 0xE0, 0xF0, 0xE0,
    0x0E, 0x70, 0xC1, 0x98, 0xFE, 0x7E, 0x7F, 0x8F, 0x18, 0x63, 0xCE, 0x18, 0xF3, 0x86, 0x3C, 0xE1,
    0x8F, 0x38, 0x63, 0xE7, 0x3D, 0xF8, 0xFF, 0xE7, 0x1E, 0xF1, 0xC0, 0x00, 0x3C, 0x00, 0x07, 0xFF,
    0x00, 0x7F, 0xC0, 0x00, 0x00, 0x03, 0x00, 0x1E, 0x00, 0x78, 0x01, 0xF0, 0x0F, 0xC0, 0x3B, 0x00,
    0xCE, 0x07, 0x38, 0x18, 0x60, 0xE1, 0xC3, 0xFF, 0x0F, 0xFC, 0x70, 0x39, 0xC0, 0xE6, 0x01, 0xF8,
    0x07, 0x7E, 0x0F, 0xFC, 0xFF, 0xEE, 0x0E, 0xE0, 0x6E, 0x06, 0xE0, 0xEF, 0xFC, 0xFF, 0xCF, 0xFE,
    0xE0, 0x7E, 0x07, 0xE0, 0x7E, 0x0F, 0xFF, 0xEF, 0xFC, 0x07, 0x80, 0x7F, 0x83, 0xFF, 0x1E, 0x1E,
    0x60, 0x3B, 0x80, 0x6E, 0x00, 0x30, 0x00, 0xC0, 0x03, 0x00, 0x0E, 0x00, 0x38, 0x06, 0x70, 0x39,
    0xE1, 0xE3, 0xFF, 0x07, 0xF8, 0x03, 0x00, 0x7C, 0x07, 0xFE, 0x3F, 0xF9, 0xC1, 0xEE, 0x07, 0x70,
    0x1F, 0x80, 0xFC, 0x07, 0xE0, 0x3F, 0x01, 0xF8, 0x0F, 0xC0, 0x7E, 0x07, 0x70, 0x7B, 0xFF, 0x9F,
    0xF0, 0x7F, 0xDF, 0xFF, 0xFF, 0x70, 0x0E, 0x01, 0xC0, 0x38, 0x07, 0xFE, 0xFF, 0xDF, 0xF3, 0x80,
    0x70, 0x0E, 0x01, 0xC0, 0x3F, 0xFF, 0xFF, 0x7F, 0xFF, 0xFF, 0xFF, 0x80, 0xE0, 0x38, 0x0E, 0x03,
    0xFE, 0xFF, 0xFF, 0xEE, 0x03, 0x80, 0xE0, 0x38, 0x0E, 0x03, 0x80, 0x07, 0x80, 0x7F, 0x83, 0xFF,
    0x1C, 0x1E, 0x60, 0x3B, 0x80, 0x6E, 0x00, 0x30, 0x00, 0xC1, 0xFF, 0x07, 0xFE, 0x01, 0xF8, 0x06,
    0x70, 0x39, 0xE1, 0xE3, 0xFF, 0x07, 0xF8, 0x03, 0x00, 0x40, 0x17, 0x01, 0xF8, 0x0F, 0xC0, 0x7E,
    0x03, 0xF0, 0x1F, 0x80, 0xFF, 0xFF, 0xFF, 0xFF, 0x01, 0xF8, 0x0F, 0xC0, 0x7E, 0x03, 0xF0, 0x1F,
    0x80, 0xFC, 0x07, 0x5F, 0xFF, 0xFF, 0xFF, 0xFF, 0xFF, 0x00, 0xC0, 0x30, 0x0C, 0x03, 0x00, 0xC0,
    0x30, 0x0C, 0x03, 0x00, 0xC0, 0x36, 0x0D, 0x83, 0x60, 0xDC, 0x77, 0xFC, 0xFE, 0x04, 0x00, 0x40,
    0x37, 0x03, 0xB8, 0x39, 0xC3, 0x8E, 0x38, 0x73, 0x83, 0xB8, 0x1F, 0xC0, 0xFE, 0x07, 0xF8, 0x3C,
    0xE1, 0xC7, 0x8E, 0x1C, 0x70, 0x73, 0x81, 0xDC, 0x0E, 0x40, 0x38, 0x0E, 0x03, 0x80, 0xE0, 0x38,
    0x0E, 0x03, 0x80, 0xE0, 0x38, 0x0E, 0x03, 0x80, 0xE0, 0x38, 0x0F, 0xFF, 0xFF, 0x60, 0x07, 0xF0,
    0x07, 0xF0, 0x0F, 0xF8, 0x0F, 0xF8, 0x1F, 0xFC, 0x1F, 0xFC, 0x1B, 0xEC, 0x3B, 0xEE, 0x33, 0xE6,
    0x73, 0xE7, 0x73, 0xE7, 0x63, 0xE3, 0xE3, 0xE3, 0xC3, 0xE3, 0xC3, 0xE1, 0xC3, 0x60, 0x17, 0x81,
    0xFC, 0x0F, 0xF0, 0x7F, 0xC3, 0xFE, 0x1F, 0xB8, 0xFC, 0xE7, 0xE7, 0x3F, 0x1D, 0xF8, 0x7F, 0xC3,
    0xFE, 0x0F, 0xF0, 0x7F, 0x81, 0xFC, 0x07, 0x07, 0x80, 0x7F, 0x83, 0xFF, 0x1E, 0x1E, 0x70, 0x3B,
    0x80, 0x7E, 0x01, 0xF0, 0x07, 0xC0, 0x1F, 0x00, 0x7E, 0x01, 0xF8, 0x07, 0x70, 0x39, 0xE1, 0xE3,
    0xFF, 0x07, 0xF8, 0x03, 0x00, 0x7E, 0x0F, 0xFC, 0xFF, 0xEE, 0x0E, 0xE0, 0x6E, 0x07, 0xE0, 0x6E,
    0x0E, 0xFF, 0xEF, 0xFC, 0xFF, 0x0E, 0x00, 0xE0, 0x0E, 0x00, 0xE0, 0x0E, 0x00, 0x07, 0x80, 0x7F,
    0x83, 0xFF, 0x1E, 0x1E, 0x70, 0x3B, 0x80, 0x7E, 0x01, 0xF0, 0x07, 0xC0, 0x1F, 0x00, 0x7E, 0x01,
    0xF8, 0xE7, 0x71, 0xF9, 0xE3, 0xE3, 0xFF, 0x07, 0xFC, 0x03, 0x38, 0x00, 0x60, 0x7E, 0x0F, 0xFC,
    0xFF, 0xEE, 0x0E, 0xE0, 0x6E, 0x07, 0xE0, 0x6E, 0x0E, 0xFF, 0xEF, 0xFC, 0xE3, 0x8E, 0x1C, 0xE1,
    0xCE, 0x0E, 0xE0, 0xEE, 0x07, 0x0E, 0x03, 0xFC, 0x7F, 0xCE, 0x0E, 0xE0, 0x6E, 0x00, 0xF0, 0x07,
    0xE0, 0x3F, 0xC0, 0x7E, 0x00, 0xEC, 0x06, 0xE0, 0x6E, 0x0E, 0x7F, 0xE3, 0xFC, 0x0E, 0x00, 0x7F,
    0xF3, 0xFF, 0xDF, 0xFE, 0x0E, 0x00, 0x70, 0x03, 0x80, 0x1C, 0x00, 0xE0, 0x07, 0x00, 0x38, 0x01,
    0xC0, 0x0E, 0x00, 0x70, 0x03, 0x80, 0x1C, 0x00, 0xE0, 0x40, 0x17, 0x01, 0xF8, 0x0F, 0xC0, 0x7E,
    0x03, 0xF0, 0x1F, 0x80, 0xFC, 0x07, 0xE0, 0x3F, 0x01, 0xF8, 0x0F, 0xC0, 0x76, 0x03, 0xB8, 0x38,
    0xFF, 0xC3, 0xFC, 0x07, 0x00, 0x40, 0x0B, 0x80, 0x76, 0x01, 0xDC, 0x0E, 0x70, 0x38, 0xE0, 0xC3,
    0x87, 0x06, 0x1C, 0x1C, 0x60, 0x73, 0x80, 0xCE, 0x03, 0xB0, 0x0F, 0xC0, 0x1F, 0x00, 0x78, 0x01,
    0xE0, 0x40, 0x60, 0x3E, 0x07, 0x07, 0x60, 0xF0, 0x76, 0x0F, 0x07, 0x70, 0xF8, 0x67, 0x1F, 0x8E,
    0x31, 0xD8, 0xE3, 0x99, 0x8C, 0x39, 0x9C, 0xC3, 0xB9, 0xDC, 0x1B, 0x8D, 0xC1, 0xF0, 0xD8, 0x1F,
    0x0F, 0x80, 0xF0, 0xF8, 0x0F, 0x07, 0x80, 0xE0, 0x70, 0x60, 0x19, 0xC0, 0xE3, 0x87, 0x8E, 0x1C,
    0x1C, 0xE0, 0x3F, 0x00, 0xFC, 0x01, 0xE0, 0x07, 0x80, 0x1F, 0x00, 0xFC, 0x07, 0x38, 0x1C, 0xF0,
    0xE1, 0xC7, 0x03, 0xB8, 0x07, 0x40, 0x0B, 0x80, 0xF7, 0x03, 0x8E, 0x1C, 0x38, 0x70, 0x73, 0x80,
    0xFC, 0x03, 0xF0, 0x07, 0x80, 0x1E, 0x00, 0x30, 0x00, 0xC0, 0x03, 0x00, 0x0C, 0x00, 0x30, 0x00,
    0xC0, 0xFF, 0xFF, 0xFF, 0xFF, 0x80, 0xE0, 0x1C, 0x07, 0x01, 0xC0, 0x38, 0x0E, 0x03, 0x80, 0x70,
    0x1C, 0x07, 0x01, 0xC0, 0x3F, 0xFF, 0xFF, 0x07, 0xFD, 0x8C, 0x63, 0x18, 0xC6, 0x31, 0x8C, 0x63,
    0x18, 0xC6, 0x3D, 0xF0, 0xE1, 0xC1, 0x83, 0x07, 0x0E, 0x0C, 0x18, 0x38, 0x30, 0x60, 0xE1, 0xC1,
    0x83, 0x07, 0x0E, 0x0C, 0x18, 0x07, 0xFE, 0x73, 0x9C, 0xE7, 0x39, 0xCE, 0x73, 0x9C, 0xE7, 0x39,
    0xFF, 0xF0, 0x1C, 0x0F, 0x0F, 0x86, 0xE7, 0x33, 0x9D, 0x86, 0xFF, 0xFF, 0xF0, 0xE6, 0x73, 0x0E,
    0x0F, 0xE7, 0xFD, 0xC3, 0x00, 0xC7, 0xF7, 0xFD, 0xE3, 0x60, 0xD8, 0x77, 0xFC, 0xFF, 0x0C, 0x00,
    0x40, 0x1C, 0x03, 0x80, 0x70, 0x0E, 0xE1, 0xFF, 0x3F, 0xF7, 0x06, 0xE0, 0xFC, 0x1F, 0x83, 0xF0,
    0x7E, 0x0F, 0xE3, 0xBF, 0xF7, 0xFC, 0x06, 0x00, 0x0F, 0x03, 0xF8, 0xFF, 0x38, 0x77, 0x04, 0xC0,
    0x18, 0x03, 0x00, 0x70, 0x6E, 0x1C, 0xFF, 0x0F, 0xC0, 0x60, 0x00, 0x60, 0x0C, 0x01, 0x80, 0x30,
    0xE6, 0x7F, 0xCF, 0xFB, 0x87, 0x60, 0x6C, 0x0D, 0x81, 0xB0, 0x37, 0x06, 0xE1, 0xCF, 0xF8, 0xFF,
    0x06, 0x00, 0x0F, 0x03, 0xF8, 0xFF, 0x38, 0x76, 0x06, 0xFF, 0xDF, 0xFB, 0x00, 0x60, 0x0E, 0x1C,
    0xFF, 0x8F, 0xE0, 0x60, 0x1E, 0x3E, 0x38, 0x38, 0xFE, 0xFE, 0xFE, 0x38, 0x38, 0x38, 0x38, 0x38,
    0x38, 0x38, 0x38, 0x38, 0x0E, 0x63, 0xFE, 0x3F, 0xE7, 0x0E, 0x60, 0x66, 0x06, 0x60, 0x66, 0x06,
    0x70, 0xE7, 0x0E, 0x3F, 0xE1, 0xF6, 0x00, 0x63, 0x06, 0x7F, 0xE3, 0xFC, 0x0F, 0x00, 0x40, 0x38,
    0x0E, 0x03, 0x80, 0xEE, 0x3F, 0xEF, 0xFB, 0x87, 0xE1, 0xF8, 0x7E, 0x1F, 0x87, 0xE1, 0xF8, 0x7E,
    0x1F, 0x87, 0xDF, 0x85, 0xFF, 0xFF, 0xFF, 0xFF, 0x31, 0xCE, 0x01, 0x1C, 0xE7, 0x39, 0xCE, 0x73,
    0x9C, 0xE7, 0x39, 0xFD, 0xE4, 0x00, 0x40, 0x1C, 0x03, 0x80, 0x70, 0x0E, 0x1D, 0xC7, 0x39, 0xC7,
    0x70, 0xFC, 0x1F, 0x83, 0xF0, 0x77, 0x0E, 0xF1, 0xCE, 0x38, 0xE7, 0x0E, 0x5F, 0xFF, 0xFF, 0xFF,
    0xFF, 0xFF, 0x4E, 0x3C, 0xFF, 0x7E, 0xFF, 0xFF, 0xE1, 0xC7, 0xE1, 0x87, 0xE1, 0x87, 0xE1, 0x87,
    0xE1, 0x87, 0xE1, 0x87, 0xE1, 0x87, 0xE1, 0x87, 0xE1, 0x87, 0x4E, 0x3F, 0xEF, 0xFB, 0x87, 0xE1,
    0xF8, 0x7E, 0x1F, 0x87, 0xE1, 0xF8, 0x7E, 0x1F, 0x87, 0x0F, 0x01, 0xFC, 0x3F, 0xE7, 0x0E, 0x70,
    0x66, 0x07, 0x60, 0x76, 0x07, 0x70, 0x67, 0x0E, 0x3F, 0xC1, 0xF8, 0x06, 0x00, 0x4E, 0x1F, 0xF3,
    0xFF, 0x70, 0x6E, 0x0F, 0xC1, 0xF8, 0x3F, 0x07, 0xE0, 0xFE, 0x3B, 0xFF, 0x7F, 0xCE, 0x61, 0xC0,
    0x38, 0x07, 0x00, 0x40, 0x00, 0x0E, 0x67, 0xFC, 0xFF, 0xB8, 0x76, 0x06, 0xC0, 0xD8, 0x1B, 0x03,
    0x70, 0x6E, 0x1C, 0xFF, 0x8F, 0xF0, 0x66, 0x00, 0xC0, 0x18, 0x03, 0x00, 0x60, 0x4D, 0xFF, 0xF7,
    0x0E, 0x1C, 0x38, 0x70, 0xE1, 0xC3, 0x87, 0x00, 0x1C, 0x3F, 0xBF, 0xFC, 0x7E, 0x07, 0xE1, 0xFC,
    0x1F, 0x03, 0xE1, 0xFF, 0xEF, 0xE1, 0xC0, 0x30, 0x63, 0xF7, 0xEF, 0xC6, 0x0C, 0x18, 0x30, 0x60,
    0xC1, 0x83, 0xC7, 0xC0, 0x00, 0x40, 0xF8, 0x7E, 0x1F, 0x87, 0xE1, 0xF8, 0x7E, 0x1F, 0x87, 0xE1,
    0xF8, 0x77, 0xFC, 0xFF, 0x08, 0x00, 0x40, 0x7C, 0x1D, 0x83, 0xB8, 0x63, 0x1C, 0x73, 0x8E, 0x60,
    0xDC, 0x1F, 0x03, 0xE0, 0x3C, 0x07, 0x00, 0x61, 0x83, 0x70, 0xE1, 0x98, 0x71, 0xCE, 0x78, 0xE7,
    0x3E, 0x61, 0x9B, 0x70, 0xFD, 0xB8, 0x7E, 0xF8, 0x1E, 0x7C, 0x0F, 0x1E, 0x07, 0x8F, 0x01, 0x87,
    0x00, 0x60, 0xCE, 0x38, 0xC7, 0x1D, 0xC1, 0xF0, 0x1E, 0x03, 0x80, 0xF8, 0x1B, 0x87, 0x71, 0xC7,
    0x70, 0x70, 0x40, 0x7C, 0x1D, 0x83, 0xB8, 0x63, 0x1C, 0x73, 0x8E, 0x60, 0xDC, 0x1F, 0x03, 0xE0,
    0x3C, 0x07, 0x00, 0xE0, 0x18, 0x0F, 0x03, 0xC0, 0x70, 0x00, 0xFF, 0xFF, 0xFF, 0xE0, 0xE0, 0xE0,
    0x70, 0x70, 0x70, 0x70, 0x38, 0x3F, 0xFF, 0xF0, 0x00, 0x3C, 0x79, 0xC3, 0x87, 0x0E, 0x1C, 0x39,
    0xE3, 0x87, 0x83, 0x87, 0x0E, 0x1C, 0x38, 0x70, 0x78, 0x70, 0x1F, 0xFF, 0xFF, 0xFF, 0xFF, 0xFF,
    0xFF, 0xFF, 0xFF, 0xFC, 0x01, 0xC3, 0xC1, 0x83, 0x06, 0x0C, 0x18, 0x38, 0x7C, 0x79, 0xF3, 0x86,
    0x0C, 0x18, 0x30, 0x63, 0xC7, 0x00, 0x7C, 0x67, 0xE6, 0xE7, 0xEE, 0x3C, 0x6E, 0xE4, 0x06, 0x66,
    0x66, 0x66, 0xEE, 0xEE, 0x00, 0x00, 0xC0, 0x3C, 0x0F, 0xE3, 0xFC, 0xED, 0xDD, 0x93, 0x30, 0x66,
    0x0C, 0xC1, 0xD9, 0xBB, 0x73, 0xFC, 0x3F, 0x01, 0x80, 0x30, 0x07, 0x03, 0xF0, 0xFF, 0x38, 0x77,
    0x0E, 0xE0, 0x1C, 0x07, 0xF8, 0xFF, 0x9F, 0xE1, 0xC0, 0x38, 0x07, 0x04, 0xE1, 0xFF, 0xFF, 0xFE,
    0x4F, 0x97, 0xFF, 0xDF, 0x7C, 0xE0, 0xEE, 0x03, 0x70, 0x1F, 0x00, 0xF8, 0x07, 0xE0, 0x3B, 0x01,
    0x9C, 0x1D, 0xFF, 0xFF, 0xFF, 0x81, 0x00, 0x40, 0x6E, 0x0E, 0x60, 0xE7, 0x1C, 0x31, 0xC3, 0xB8,
    0x1B, 0x81, 0xF0, 0x7F, 0xC7, 0xFC, 0x0E, 0x07, 0xFC, 0x7F, 0xC0, 0xE0, 0x0E, 0x00, 0xE0, 0x5F,
    0xFF, 0xFB, 0x00, 0x0F, 0xFF, 0xFD, 0x80, 0x1C, 0x0F, 0xC7, 0xF9, 0x86, 0x61, 0x1E, 0x07, 0xC3,
    0xFC, 0xC7, 0xB0, 0x7E, 0x1D, 0xE7, 0x3F, 0x83, 0xC0, 0x39, 0x8E, 0xE3, 0x9F, 0xE3, 0xF0, 0x00,
    0x66, 0xE7, 0x66, 0x03, 0xC0, 0x07, 0xFC, 0x07, 0xFF, 0x07, 0x83, 0xC7, 0x3E, 0x73, 0xBF, 0xB9,
    0xB8, 0xED, 0xD8, 0x37, 0xEC, 0x03, 0xF6, 0x1D, 0xDB, 0xDE, 0xCE, 0xFE, 0xE7, 0x3E, 0xF1, 0xE0,
    0xF0, 0x7F, 0xF0, 0x1F, 0xF0, 0x01, 0xC0, 0x00, 0x1C, 0x3F, 0x9D, 0xC0, 0x73, 0xFB, 0xFF, 0x8F,
    0xCF, 0x7F, 0x9D, 0x80, 0x0E, 0xE1, 0xDC, 0x39, 0xC3, 0xB8, 0x77, 0x07, 0x70, 0x3B, 0x81, 0xDC,
    0x0E, 0xE0, 0xE6, 0xFF, 0xFF, 0xC0, 0x60, 0x30, 0x18, 0x07, 0x00, 0xFF, 0x0F, 0x7C, 0xEE, 0x66,
    0xFB, 0xB6, 0xED, 0xBE, 0x6D, 0xF3, 0x6D, 0xBB, 0xA7, 0x8F, 0x3C, 0x3F, 0xC0, 0x78, 0x00, 0xFF,
    0xF0, 0x18, 0x7C, 0xFE, 0xC6, 0xC6, 0xEE, 0x7E, 0x38, 0x0C, 0x03, 0x00, 0xC3, 0xFF, 0xFF, 0xFF,
    0xF0, 0xC0, 0x30, 0x0C, 0x3F, 0xFF, 0xFF, 0xFF, 0x39, 0xFF, 0xBE, 0x30, 0xE7, 0x9C, 0x7F, 0xFE,
    0x38, 0xFE, 0xEE, 0x0E, 0x3C, 0x3E, 0xC7, 0xFE, 0x7E, 0x00, 0x77, 0x64, 0x40, 0xDC, 0x3B, 0x87,
    0x70, 0xEE, 0x1D, 0xC3, 0xB8, 0x77, 0x0E, 0xE1, 0xDC, 0x3B, 0xFF, 0xFF, 0xFE, 0x01, 0xC0, 0x38,
    0x07, 0x00, 0x40, 0x00, 0x0F, 0xCF, 0xF7, 0xFF, 0xF7, 0xFD, 0xFF, 0x7F, 0xDF, 0xF7, 0xFD, 0xDF,
    0x71, 0xDC, 0x07, 0x01, 0xC0, 0x70, 0x1C, 0x07, 0x6E, 0xE0, 0x43, 0x1C, 0x6F, 0x30, 0x1B, 0xDE,
    0xB1, 0x8C, 0x63, 0x18, 0x1E, 0x0F, 0xC7, 0x79, 0x86, 0xE1, 0xB8, 0x66, 0x19, 0xCE, 0x3F, 0x07,
    0x80, 0x77, 0x0E, 0x70, 0xEE, 0x0E, 0xE0, 0xEE, 0x1D, 0xC7, 0x71, 0xDC, 0x77, 0x0C, 0xC0, 0x30,
    0x0C, 0x78, 0x1C, 0xF8, 0x18, 0xB8, 0x30, 0x38, 0x70, 0x38, 0xE0, 0x38, 0xC0, 0x39, 0xCE, 0x3B,
    0x8E, 0x03, 0x1E, 0x07, 0x3E, 0x0E, 0x36, 0x0C, 0x76, 0x1C, 0x7F, 0x38, 0x7F, 0x30, 0x06, 0x30,
    0x0C, 0x3C, 0x0E, 0x3E, 0x06, 0x17, 0x06, 0x03, 0x87, 0x01, 0xC7, 0x00, 0xE3, 0x00, 0x73, 0x9C,
    0x3B, 0x9F, 0x01, 0x9D, 0x81, 0xC4, 0xC1, 0xC0, 0xE0, 0xC0, 0xE0, 0xE0, 0xE0, 0xE0, 0x7C, 0x60,
    0x7F, 0x18, 0x02, 0x1F, 0x81, 0xC6, 0x60, 0xE0, 0x18, 0x30, 0x1C, 0x18, 0x07, 0x8E, 0x00, 0x67,
    0x01, 0xF9, 0x8C, 0x7E, 0xE7, 0x80, 0x71, 0xE0, 0x18, 0xF8, 0x0E, 0x7E, 0x07, 0x1B, 0x81, 0x8F,
    0xF0, 0xE3, 0xF8, 0x70, 0x0E, 0x0C, 0x0E, 0x07, 0x01, 0x80, 0x00, 0x60, 0x70, 0x38, 0x38, 0x38,
    0x38, 0x18, 0x0C, 0x1F, 0x1F, 0xFC, 0xFE, 0x08, 0x00, 0x0E, 0x00, 0x18, 0x00, 0x70, 0x00, 0xC0,
    0x03, 0x00, 0x1E, 0x00, 0x78, 0x01, 0xF0, 0x0F, 0xC0, 0x3B, 0x00, 0xCE, 0x07, 0x38, 0x18, 0x60,
    0xE1, 0xC3, 0xFF, 0x0F, 0xFC, 0x70, 0x39, 0xC0, 0xE6, 0x01, 0xF8, 0x07, 0x01, 0xC0, 0x06, 0x00,
    0x38, 0x00, 0xC0, 0x03, 0x00, 0x1E, 0x00, 0x78, 0x01, 0xF0, 0x0F, 0xC0, 0x3B, 0x00, 0xCE, 0x07,
    0x38, 0x18, 0x60, 0xE1, 0xC3, 0xFF, 0x0F, 0xFC, 0x70, 0x39, 0xC0, 0xE6, 0x01, 0xF8, 0x07, 0x03,
    0x80, 0x1E, 0x00, 0xEC, 0x00, 0x00, 0x03, 0x00, 0x1E, 0x00, 0x78, 0x01, 0xF0, 0x0F, 0xC0, 0x3B,
    0x00, 0xCE, 0x07, 0x38, 0x18, 0x60, 0xE1, 0xC3, 0xFF, 0x0F, 0xFC, 0x70, 0x39, 0xC0, 0xE6, 0x01,
    0xF8, 0x07, 0x06, 0x40, 0x3F, 0x00, 0xDC, 0x00, 0x00, 0x03, 0x00, 0x1E, 0x00, 0x78, 0x01, 0xF0,
    0x0F, 0xC0, 0x3B, 0x00, 0xCE, 0x07, 0x38, 0x18, 0x60, 0xE1, 0xC3, 0xFF, 0x0F, 0xFC, 0x70, 0x39,
    0xC0, 0xE6, 0x01, 0xF8, 0x07, 0x0C, 0xC0, 0x73, 0x80, 0xCE, 0x00, 0x00, 0x03, 0x00, 0x1E, 0x00,
    0x78, 0x01, 0xF0, 0x0F, 0xC0, 0x3B, 0x00, 0xCE, 0x07, 0x38, 0x18, 0x60, 0xE1, 0xC3, 0xFF, 0x0F,
    0xFC, 0x70, 0x39, 0xC0, 0xE6, 0x01, 0xF8, 0x07, 0x07, 0x80, 0x3F, 0x00, 0xCC, 0x03, 0xF0, 0x07,
    0x80, 0x0C, 0x00, 0x78, 0x01, 0xE0, 0x07, 0xC0, 0x3F, 0x00, 0xEC, 0x03, 0x38, 0x1C, 0xE0, 0x61,
    0x83, 0x87, 0x0F, 0xFC, 0x3F, 0xF1, 0xC0, 0xE7, 0x03, 0x98, 0x07, 0xE0, 0x1C, 0x00, 0xFF, 0xE0,
    0x1F, 0xFF, 0x03, 0xFF, 0xF0, 0x3B, 0x00, 0x03, 0x30, 0x00, 0x73, 0x00, 0x06, 0x30, 0x00, 0xE3,
    0xFE, 0x0C, 0x3F, 0xE1, 0xC3, 0xFE, 0x1F, 0xF0, 0x03, 0xFF, 0x00, 0x38, 0x30, 0x07, 0x03, 0x00,
    0x70, 0x3F, 0xFE, 0x03, 0xFF, 0x07, 0x80, 0x7F, 0x83, 0xFF, 0x1E, 0x1E, 0x60, 0x3B, 0x80, 0x6E,
    0x00, 0x30, 0x00, 0xC0, 0x03, 0x00, 0x0E, 0x00, 0x38, 0x06, 0x70, 0x39, 0xE1, 0xE3, 0xFF, 0x07,
    0xF8, 0x03, 0x00, 0x0E, 0x00, 0x0C, 0x01, 0xE0, 0x03, 0x00, 0x18, 0x03, 0x80, 0x30, 0x02, 0x07,
    0xFD, 0xFF, 0xFF, 0xF7, 0x00, 0xE0, 0x1C, 0x03, 0x80, 0x7F, 0xEF, 0xFD, 0xFF, 0x38, 0x07, 0x00,
    0xE0, 0x1C, 0x03, 0xFF, 0xFF, 0xF0, 0x03, 0x00, 0xE0, 0x18, 0x02, 0x07, 0xFD, 0xFF, 0xFF, 0xF7,
    0x00, 0xE0, 0x1C, 0x03, 0x80, 0x7F, 0xEF, 0xFD, 0xFF, 0x38, 0x07, 0x00, 0xE0, 0x1C, 0x03, 0xFF,
    0xFF, 0xF0, 0x0E, 0x03, 0xE0, 0xEE, 0x00, 0x07, 0xFD, 0xFF, 0xFF, 0xF7, 0x00, 0xE0, 0x1C, 0x03,
    0x80, 0x7F, 0xEF, 0xFD, 0xFF, 0x38, 0x07, 0x00, 0xE0, 0x1C, 0x03, 0xFF, 0xFF, 0xF0, 0x31, 0x87,
    0x70, 0xEE, 0x00, 0x07, 0xFD, 0xFF, 0xFF, 0xF7, 0x00, 0xE0, 0x1C, 0x03, 0x80, 0x7F, 0xEF, 0xFD,
    0xFF, 0x38, 0x07, 0x00, 0xE0, 0x1C, 0x03, 0xFF, 0xFF, 0xF0, 0xEE, 0x63, 0x27, 0x77, 0x77, 0x77,
    0x77, 0x77, 0x77, 0x77, 0x33, 0x98, 0xC4, 0x73, 0x9C, 0xE7, 0x39, 0xCE, 0x73, 0x9C, 0xE7, 0x39,
    0xC0, 0x38, 0xFB, 0xB8, 0x01, 0x07, 0x0E, 0x1C, 0x38, 0x70, 0xE1, 0xC3, 0x87, 0x0E, 0x1C, 0x38,
    0x70, 0xE1, 0xC0, 0x66, 0xEE, 0xE6, 0x00, 0x10, 0x38, 0x38, 0x38, 0x38, 0x38, 0x38, 0x38, 0x38,
    0x38, 0x38, 0x38, 0x38, 0x38, 0x38, 0x38, 0x3F, 0x00, 0x7F, 0xC0, 0xFF, 0xC1, 0x81, 0xC3, 0x01,
    0xC6, 0x03, 0x8C, 0x03, 0x7F, 0x86, 0xFF, 0x0D, 0xFE, 0x18, 0xC0, 0x31, 0x80, 0xE3, 0x01, 0xC6,
    0x0F, 0x0F, 0xFC, 0x1F, 0xF0, 0x04, 0xC0, 0x7E, 0x03, 0xE0, 0x00, 0x06, 0x01, 0x78, 0x1F, 0xC0,
    0xFF, 0x07, 0xFC, 0x3F, 0xE1, 0xFB, 0x8F, 0xCE, 0x7E, 0x73, 0xF1, 0xDF, 0x87, 0xFC, 0x3F, 0xE0,
    0xFF, 0x07, 0xF8, 0x1F, 0xC0, 0x70, 0x0E, 0x00, 0x18, 0x00, 0x70, 0x00, 0xC0, 0x07, 0x80, 0x7F,
    0x83, 0xFF, 0x1E, 0x1E, 0x70, 0x3B, 0x80, 0x7E, 0x01, 0xF0, 0x07, 0xC0, 0x1F, 0x00, 0x7E, 0x01,
    0xF8, 0x07, 0x70, 0x39, 0xE1, 0xE3, 0xFF, 0x07, 0xF8, 0x03, 0x00, 0x01, 0xC0, 0x06, 0x00, 0x38,
    0x00, 0xC0, 0x07, 0x80, 0x7F, 0x83, 0xFF, 0x1E, 0x1E, 0x70, 0x3B, 0x80, 0x7E, 0x01, 0xF0, 0x07,
    0xC0, 0x1F, 0x00, 0x7E, 0x01, 0xF8, 0x07, 0x70, 0x39, 0xE1, 0xE3, 0xFF, 0x07, 0xF8, 0x03, 0x00,
    0x07, 0x00, 0x1E, 0x00, 0xDC, 0x00, 0x00, 0x07, 0x80, 0x7F, 0x83, 0xFF, 0x1E, 0x1E, 0x70, 0x3B,
    0x80, 0x7E, 0x01, 0xF0, 0x07, 0xC0, 0x1F, 0x00, 0x7E, 0x01, 0xF8, 0x07, 0x70, 0x39, 0xE1, 0xE3,
    0xFF, 0x07, 0xF8, 0x03, 0x00, 0x06, 0xC0, 0x3F, 0x00, 0xFC, 0x00, 0x00, 0x07, 0x80, 0x7F, 0x83,
    0xFF, 0x1E, 0x1E, 0x70, 0x3B, 0x80, 0x7E, 0x01, 0xF0, 0x07, 0xC0, 0x1F, 0x00, 0x7E, 0x01, 0xF8,
    0x07, 0x70, 0x39, 0xE1, 0xE3, 0xFF, 0x07, 0xF8, 0x03, 0x00, 0x0C, 0xC0, 0x73, 0x80, 0xCC, 0x00,
    0x00, 0x07, 0x80, 0x7F, 0x83, 0xFF, 0x1E, 0x1E, 0x70, 0x3B, 0x80, 0x7E, 0x01, 0xF0, 0x07, 0xC0,
    0x1F, 0x00, 0x7E, 0x01, 0xF8, 0x07, 0x70, 0x39, 0xE1, 0xE3, 0xFF, 0x07, 0xF8, 0x03, 0x00, 0x40,
    0xB8, 0x77, 0x38, 0xFC, 0x1E, 0x07, 0x83, 0xF1, 0xCE, 0xE1, 0xF0, 0x20, 0x07, 0x98, 0x7F, 0xE3,
    0xFF, 0x9E, 0x1E, 0x70, 0xFB, 0x83, 0xFE, 0x1D, 0xF0, 0xE7, 0xC7, 0x1F, 0x1C, 0x7E, 0xE1, 0xFF,
    0x07, 0x78, 0x39, 0xE1, 0xE7, 0xFF, 0x1F, 0xF8, 0x43, 0x00, 0x0C, 0x00, 0x70, 0x01, 0x80, 0x04,
    0x04, 0x01, 0x70, 0x1F, 0x80, 0xFC, 0x07, 0xE0, 0x3F, 0x01, 0xF8, 0x0F, 0xC0, 0x7E, 0x03, 0xF0,
    0x1F, 0x80, 0xFC, 0x07, 0x60, 0x3B, 0x83, 0x8F, 0xFC, 0x3F, 0xC0, 0x70, 0x00, 0x01, 0x80, 0x1C,
    0x00, 0xC0, 0x06, 0x04, 0x01, 0x70, 0x1F, 0x80, 0xFC, 0x07, 0xE0, 0x3F, 0x01, 0xF8, 0x0F, 0xC0,
    0x7E, 0x03, 0xF0, 0x1F, 0x80, 0xFC, 0x07, 0x60, 0x3B, 0x83, 0x8F, 0xFC, 0x3F, 0xC0, 0x70, 0x00,
    0x07, 0x00, 0x7C, 0x07, 0x70, 0x00, 0x04, 0x01, 0x70, 0x1F, 0x80, 0xFC, 0x07, 0xE0, 0x3F, 0x01,
    0xF8, 0x0F, 0xC0, 0x7E, 0x03, 0xF0, 0x1F, 0x80, 0xFC, 0x07, 0x60, 0x3B, 0x83, 0x8F, 0xFC, 0x3F,
    0xC0, 0x70, 0x00, 0x0C, 0xC0, 0xEE, 0x07, 0x30, 0x00, 0x04, 0x01, 0x70, 0x1F, 0x80, 0xFC, 0x07,
    0xE0, 0x3F, 0x01, 0xF8, 0x0F, 0xC0, 0x7E, 0x03, 0xF0, 0x1F, 0x80, 0xFC, 0x07, 0x60, 0x3B, 0x83,
    0x8F, 0xFC, 0x3F, 0xC0, 0x70, 0x00, 0x01, 0xC0, 0x06, 0x00, 0x38, 0x00, 0xC0, 0x40, 0x0B, 0x80,
    0xF7, 0x03, 0x8E, 0x1C, 0x38, 0x70, 0x73, 0x80, 0xFC, 0x03, 0xF0, 0x07, 0x80, 0x1E, 0x00, 0x30,
    0x00, 0xC0, 0x03, 0x00, 0x0C, 0x00, 0x30, 0x00, 0xC0, 0x40, 0x1C, 0x03, 0x80, 0x70, 0x0F, 0xF9,
    0xFF, 0xB8, 0x77, 0x07, 0xE0, 0xFC, 0x1F, 0x87, 0x7F, 0xEF, 0xF1, 0xC0, 0x38, 0x07, 0x00, 0x0E,
    0x07, 0xF1, 0xFE, 0x30, 0xEE, 0x1D, 0xC3, 0xB8, 0x77, 0x7C, 0xEF, 0x9C, 0xFB, 0x83, 0xF0, 0x7E,
    0x0F, 0xC1, 0xFB, 0xF7, 0x7C, 0x18, 0x07, 0x00, 0xC0, 0x10, 0x0E, 0x0F, 0xE7, 0xFD, 0xC3, 0x00,
    0xC7, 0xF7, 0xFD, 0xE3, 0x60, 0xD8, 0x77, 0xFC, 0xFF, 0x0C, 0x00, 0x03, 0x01, 0xC0, 0x60, 0x18,
    0x0E, 0x0F, 0xE7, 0xFD, 0xC3, 0x00, 0xC7, 0xF7, 0xFD, 0xE3, 0x60, 0xD8, 0x77, 0xFC, 0xFF, 0x0C,
    0x00, 0x0E, 0x07, 0xC3, 0xB8, 0x00, 0x0E, 0x0F, 0xE7, 0xFD, 0xC3, 0x00, 0xC7, 0xF7, 0xFD, 0xE3,
    0x60, 0xD8, 0x77, 0xFC, 0xFF, 0x0C, 0x00, 0x19, 0x87, 0xE3, 0x70, 0x00, 0x0E, 0x0F, 0xE7, 0xFD,
    0xC3, 0x00, 0xC7, 0xF7, 0xFD, 0xE3, 0x60, 0xD8, 0x77, 0xFC, 0xFF, 0x0C, 0x00, 0x31, 0x8E, 0xE3,
    0xB8, 0x00, 0x0E, 0x0F, 0xE7, 0xFD, 0xC3, 0x00, 0xC7, 0xF7, 0xFD, 0xE3, 0x60, 0xD8, 0x77, 0xFC,
    0xFF, 0x0C, 0x00, 0x00, 0x07, 0xC1, 0xF0, 0x6E, 0x1F, 0x07, 0xC0, 0xE0, 0xFE, 0x7F, 0xDC, 0x30,
    0x0C, 0x7F, 0x7F, 0xDE, 0x36, 0x0D, 0x87, 0x7F, 0xCF, 0xF0, 0xC0, 0x0E, 0x1E, 0x0F, 0xEF, 0xC7,
    0xFF, 0xF9, 0xC3, 0x87, 0x00, 0xC0, 0xC7, 0xFF, 0xF7, 0xFF, 0xFD, 0xC3, 0x00, 0x60, 0xC0, 0x18,
    0x78, 0x77, 0xFF, 0xFC, 0xFC, 0xFE, 0x0C, 0x0C, 0x00, 0x0F, 0x03, 0xF8, 0xFF, 0x38, 0x77, 0x04,
    0xC0, 0x18, 0x03, 0x00, 0x70, 0x6E, 0x1C, 0xFF, 0x0F, 0xC0, 0x60, 0x0F, 0x00, 0x60, 0x3C, 0x06,
    0x00, 0x1C, 0x01, 0x80, 0x38, 0x03, 0x00, 0xF0, 0x3F, 0x8F, 0xF3, 0x87, 0x60, 0x6F, 0xFD, 0xFF,
    0xB0, 0x06, 0x00, 0xE1, 0xCF, 0xF8, 0xFE, 0x06, 0x00, 0x03, 0x80, 0x60, 0x1C, 0x03, 0x00, 0xF0,
    0x3F, 0x8F, 0xF3, 0x87, 0x60, 0x6F, 0xFD, 0xFF, 0xB0, 0x06, 0x00, 0xE1, 0xCF, 0xF8, 0xFE, 0x06,
    0x00, 0x07, 0x01, 0xE0, 0x76, 0x00, 0x00, 0xF0, 0x3F, 0x8F, 0xF3, 0x87, 0x60, 0x6F, 0xFD, 0xFF,
    0xB0, 0x06, 0x00, 0xE1, 0xCF, 0xF8, 0xFE, 0x06, 0x00, 0x19, 0x87, 0x38, 0x66, 0x00, 0x00, 0xF0,
    0x3F, 0x8F, 0xF3, 0x87, 0x60, 0x6F, 0xFD, 0xFF, 0xB0, 0x06, 0x00, 0xE1, 0xCF, 0xF8, 0xFE, 0x06,
    0x00, 0x63, 0x8C, 0x21, 0x1C, 0xE7, 0x39, 0xCE, 0x73, 0x9C, 0xE7, 0x33, 0x98, 0x84, 0x73, 0x9C,
    0xE7, 0x39, 0xCE, 0x73, 0x9C, 0x38, 0xFB, 0xB8, 0x01, 0x07, 0x0E, 0x1C, 0x38, 0x70, 0xE1, 0xC3,
    0x87, 0x0E, 0x1C, 0xC7, 0xDF, 0xB8, 0x01, 0x07, 0x0E, 0x1C, 0x38, 0x70, 0xE1, 0xC3, 0x87, 0x0E,
    0x1C, 0x00, 0x03, 0x98, 0x7F, 0x07, 0xC1, 0xF8, 0x33, 0x87, 0xF1, 0xFF, 0x79, 0xEE, 0x1D, 0x81,
    0xB0, 0x36, 0x06, 0xC0, 0xDC, 0x39, 0xFE, 0x1F, 0x80, 0xC0, 0x19, 0x0F, 0xC3, 0xF0, 0x00, 0x4E,
    0x3F, 0xEF, 0xFB, 0x87, 0xE1, 0xF8, 0x7E, 0x1F, 0x87, 0xE1, 0xF8, 0x7E, 0x1F, 0x87, 0x1C, 0x00,
    0xC0, 0x0E, 0x00, 0x60, 0x0F, 0x01, 0xFC, 0x3F, 0xE7, 0x0E, 0x70, 0x66, 0x07, 0x60, 0x76, 0x07,
    0x70, 0x67, 0x0E, 0x3F, 0xC1, 0xF8, 0x06, 0x00, 0x03, 0x80, 0x30, 0x07, 0x00, 0x60, 0x0F, 0x01,
    0xFC, 0x3F, 0xE7, 0x0E, 0x70, 0x66, 0x07, 0x60, 0x76, 0x07, 0x70, 0x67, 0x0E, 0x3F, 0xC1, 0xF8,
    0x06, 0x00, 0x07, 0x00, 0xF8, 0x1D, 0x80, 0x00, 0x0F, 0x01, 0xFC, 0x3F, 0xE7, 0x0E, 0x70, 0x66,
    0x07, 0x60, 0x76, 0x07, 0x70, 0x67, 0x0E, 0x3F, 0xC1, 0xF8, 0x06, 0x00, 0x0C, 0x81, 0xF8, 0x1B,
    0x80, 0x00, 0x0F, 0x01, 0xFC, 0x3F, 0xE7, 0x0E, 0x70, 0x66, 0x07, 0x60, 0x76, 0x07, 0x70, 0x67,
    0x0E, 0x3F, 0xC1, 0xF8, 0x06, 0x00, 0x19, 0x83, 0xDC, 0x19, 0xC0, 0x00, 0x0F, 0x01, 0xFC, 0x3F,
    0xE7, 0x0E, 0x70, 0x66, 0x07, 0x60, 0x76, 0x07, 0x70, 0x67, 0x0E, 0x3F, 0xC1, 0xF8, 0x06, 0x00,
    0x00, 0x07, 0x01, 0xC0, 0x30, 0x00, 0x3F, 0xFF, 0xFC, 0x00, 0x0C, 0x07, 0x01, 0xC0, 0x20, 0x0F,
    0x21, 0xFF, 0x3F, 0xE7, 0x1E, 0x73, 0xE6, 0x77, 0x66, 0x76, 0xE7, 0x7C, 0x67, 0x8E, 0x7F, 0xC7,
    0xF8, 0x46, 0x00, 0x38, 0x06, 0x01, 0xC0, 0x30, 0x40, 0xF8, 0x7E, 0x1F, 0x87, 0xE1, 0xF8, 0x7E,
    0x1F, 0x87, 0xE1, 0xF8, 0x77, 0xFC, 0xFF, 0x08, 0x00, 0x07, 0x01, 0x80, 0xE0, 0x30, 0x40, 0xF8,
    0x7E, 0x1F, 0x87, 0xE1, 0xF8, 0x7E, 0x1F, 0x87, 0xE1, 0xF8, 0x77, 0xFC, 0xFF, 0x08, 0x00, 0x0E,
    0x07, 0x83, 0xB0, 0x00, 0x40, 0xF8, 0x7E, 0x1F, 0x87, 0xE1, 0xF8, 0x7E, 0x1F, 0x87, 0xE1, 0xF8,
    0x77, 0xFC, 0xFF, 0x08, 0x00, 0x33, 0x1C, 0xE3, 0x30, 0x00, 0x40, 0xF8, 0x7E, 0x1F, 0x87, 0xE1,
    0xF8, 0x7E, 0x1F, 0x87, 0xE1, 0xF8, 0x77, 0xFC, 0xFF, 0x08, 0x00, 0x03, 0x80, 0xE0, 0x18, 0x03,
    0x04, 0x07, 0xC1, 0xD8, 0x3B, 0x86, 0x31, 0xC7, 0x38, 0xE6, 0x0D, 0xC1, 0xF0, 0x3E, 0x03, 0xC0,
    0x70, 0x0E, 0x01, 0x80, 0xF0, 0x3C, 0x07, 0x00, 0x40, 0x1C, 0x03, 0x80, 0x70, 0x0E, 0xE1, 0xFF,
    0x3F, 0xF7, 0x06, 0xE0, 0xFC, 0x1F, 0x83, 0xF0, 0x7E, 0x0F, 0xE3, 0xBF, 0xF7, 0xFC, 0xE6, 0x1C,
    0x03, 0x80, 0x70, 0x04, 0x00, 0x19, 0x87, 0x70, 0xE6, 0x00, 0x04, 0x07, 0xC1, 0xD8, 0x3B, 0x86,
    0x31, 0xC7, 0x38, 0xE6, 0x0D, 0xC1, 0xF0, 0x3E, 0x03, 0xC0, 0x70, 0x0E, 0x01, 0x80, 0xF0, 0x3C,
    0x07, 0x00, 0x0F, 0xC0, 0x3F, 0x00, 0x00, 0x00, 0xC0, 0x07, 0x80, 0x1E, 0x00, 0x7C, 0x03, 0xF0,
    0x0E, 0xC0, 0x33, 0x81, 0xCE, 0x06, 0x18, 0x38, 0x70, 0xFF, 0xC3, 0xFF, 0x1C, 0x0E, 0x70, 0x39,
    0x80, 0x7E, 0x01, 0xC0, 0x3F, 0x87, 0xE0, 0x00, 0x38, 0x3F, 0x9F, 0xF7, 0x0C, 0x03, 0x1F, 0xDF,
    0xF7, 0x8D, 0x83, 0x61, 0xDF, 0xF3, 0xFC, 0x30, 0x0C, 0xC0, 0x3F, 0x00, 0x7C, 0x00, 0x40, 0x03,
    0x00, 0x1E, 0x00, 0x78, 0x01, 0xF0, 0x0F, 0xC0, 0x3B, 0x00, 0xCE, 0x07, 0x38, 0x18, 0x60, 0xE1,
    0xC3, 0xFF, 0x0F, 0xFC, 0x70, 0x39, 0xC0, 0xE6, 0x01, 0xF8, 0x07, 0x31, 0x87, 0xE1, 0xF0, 0x10,
    0x0E, 0x0F, 0xE7, 0xFD, 0xC3, 0x00, 0xC7, 0xF7, 0xFD, 0xE3, 0x60, 0xD8, 0x77, 0xFC, 0xFF, 0x0C,
    0x00, 0x03, 0x00, 0x0F, 0x00, 0x1E, 0x00, 0x3E, 0x00, 0xFC, 0x01, 0xD8, 0x03, 0x38, 0x0E, 0x70,
    0x18, 0x60, 0x70, 0xE0, 0xFF, 0xC1, 0xFF, 0x87, 0x03, 0x8E, 0x07, 0x18, 0x07, 0x70, 0x0E, 0x00,
    0x1C, 0x00, 0x70, 0x00, 0xF0, 0x01, 0xE0, 0x01, 0xC0, 0x0E, 0x07, 0xF1, 0xFF, 0x38, 0x60, 0x0C,
    0x3F, 0x9F, 0xF3, 0xC6, 0x60, 0xCC, 0x39, 0xFF, 0x1F, 0xE0, 0xDC, 0x07, 0x00, 0xF0, 0x1F, 0x00,
    0xC0, 0x01, 0xC0, 0x06, 0x00, 0x38, 0x00, 0xC0, 0x07, 0x80, 0x7F, 0x83, 0xFF, 0x1E, 0x1E, 0x60,
    0x3B, 0x80, 0x6E, 0x00, 0x30, 0x00, 0xC0, 0x03, 0x00, 0x0E, 0x00, 0x38, 0x06, 0x70, 0x39, 0xE1,
    0xE3, 0xFF, 0x07, 0xF8, 0x03, 0x00, 0x03, 0x80, 0x60, 0x1C, 0x03, 0x00, 0xF0, 0x3F, 0x8F, 0xF3,
    0x87, 0x70, 0x4C, 0x01, 0x80, 0x30, 0x07, 0x06, 0xE1, 0xCF, 0xF0, 0xFC, 0x06, 0x00, 0x07, 0x00,
    0x1E, 0x00, 0xDC, 0x00, 0x00, 0x07, 0x80, 0x7F, 0x83, 0xFF, 0x1E, 0x1E, 0x60, 0x3B, 0x80, 0x6E,
    0x00, 0x30, 0x00, 0xC0, 0x03, 0x00, 0x0E, 0x00, 0x38, 0x06, 0x70, 0x39, 0xE1, 0xE3, 0xFF, 0x07,
    0xF8, 0x03, 0x00, 0x07, 0x01, 0xF0, 0x76, 0x00, 0x00, 0xF0, 0x3F, 0x8F, 0xF3, 0x87, 0x70, 0x4C,
    0x01, 0x80, 0x30, 0x07, 0x06, 0xE1, 0xCF, 0xF0, 0xFC, 0x06, 0x00, 0x03, 0x00, 0x1C, 0x00, 0x30,
    0x00, 0x00, 0x07, 0x80, 0x7F, 0x83, 0xFF, 0x1E, 0x1E, 0x60, 0x3B, 0x80, 0x6E, 0x00, 0x30, 0x00,
    0xC0, 0x03, 0x00, 0x0E, 0x00, 0x38, 0x06, 0x70, 0x39, 0xE1, 0xE3, 0xFF, 0x07, 0xF8, 0x03, 0x00,
    0x06, 0x00, 0xE0, 0x18, 0x00, 0x00, 0xF0, 0x3F, 0x8F, 0xF3, 0x87, 0x70, 0x4C, 0x01, 0x80, 0x30,
    0x07, 0x06, 0xE1, 0xCF, 0xF0, 0xFC, 0x06, 0x00, 0x0C, 0xC0, 0x3F, 0x00, 0x78, 0x00, 0x00, 0x07,
    0x80, 0x7F, 0x83, 0xFF, 0x1E, 0x1E, 0x60, 0x3B, 0x80, 0x6E, 0x00, 0x30, 0x00, 0xC0, 0x03, 0x00,
    0x0E, 0x00, 0x38, 0x06, 0x70, 0x39, 0xE1, 0xE3, 0xFF, 0x07, 0xF8, 0x03, 0x00, 0x19, 0x83, 0xF0,
    0x3C, 0x00, 0x00, 0xF0, 0x3F, 0x8F, 0xF3, 0x87, 0x70, 0x4C, 0x01, 0x80, 0x30, 0x07, 0x06, 0xE1,
    0xCF, 0xF0, 0xFC, 0x06, 0x00, 0x33, 0x81, 0xF8, 0x07, 0x80, 0x00, 0x07, 0xC0, 0x7F, 0xE3, 0xFF,
    0x9C, 0x1E, 0xE0, 0x77, 0x01, 0xF8, 0x0F, 0xC0, 0x7E, 0x03, 0xF0, 0x1F, 0x80, 0xFC, 0x07, 0xE0,
    0x77, 0x07, 0xBF, 0xF9, 0xFF, 0x00, 0x00, 0x6E, 0x00, 0xD8, 0x01, 0xB0, 0x03, 0x60, 0xE6, 0x07,
    0xFC, 0x0F, 0xF8, 0x38, 0x70, 0x60, 0x60, 0xC0, 0xC1, 0x81, 0x83, 0x03, 0x07, 0x06, 0x0E, 0x1C,
    0x0F, 0xF8, 0x0F, 0xF0, 0x06, 0x00, 0x3F, 0x00, 0x7F, 0xC0, 0xFF, 0xC1, 0x81, 0xC3, 0x01, 0xC6,
    0x03, 0x8C, 0x03, 0x7F, 0x86, 0xFF, 0x0D, 0xFE, 0x18, 0xC0, 0x31, 0x80, 0xE3, 0x01, 0xC6, 0x0F,
    0x0F, 0xFC, 0x1F, 0xF0, 0x00, 0x60, 0x1F, 0xC0, 0xFE, 0x07, 0xE0, 0xE6, 0x1F, 0xF0, 0xFF, 0x8E,
    0x1C, 0x60, 0x63, 0x03, 0x18, 0x18, 0xC0, 0xC7, 0x06, 0x38, 0x70, 0xFF, 0x83, 0xFC, 0x06, 0x00,
    0x3F, 0x87, 0xF0, 0x00, 0x3F, 0xEF, 0xFF, 0xFF, 0xB8, 0x07, 0x00, 0xE0, 0x1C, 0x03, 0xFF, 0x7F,
    0xEF, 0xF9, 0xC0, 0x38, 0x07, 0x00, 0xE0, 0x1F, 0xFF, 0xFF, 0x80, 0x1F, 0x83, 0xF0, 0x00, 0x07,
    0x81, 0xFC, 0x7F, 0x9C, 0x3B, 0x03, 0x7F, 0xEF, 0xFD, 0x80, 0x30, 0x07, 0x0E, 0x7F, 0xC7, 0xF0,
    0x30, 0x31, 0x87, 0xF0, 0x7C, 0x02, 0x07, 0xFD, 0xFF, 0xFF, 0xF7, 0x00, 0xE0, 0x1C, 0x03, 0x80,
    0x7F, 0xEF, 0xFD, 0xFF, 0x38, 0x07, 0x00, 0xE0, 0x1C, 0x03, 0xFF, 0xFF, 0xF0, 0x19, 0x83, 0xF0,
    0x3C, 0x00, 0x00, 0xF0, 0x3F, 0x8F, 0xF3, 0x87, 0x60, 0x6F, 0xFD, 0xFF, 0xB0, 0x06, 0x00, 0xE1,
    0xCF, 0xF8, 0xFE, 0x06, 0x00, 0x0E, 0x01, 0xC0, 0x38, 0x00, 0x07, 0xFD, 0xFF, 0xFF, 0xF7, 0x00,
    0xE0, 0x1C, 0x03, 0x80, 0x7F, 0xEF, 0xFD, 0xFF, 0x38, 0x07, 0x00, 0xE0, 0x1C, 0x03, 0xFF, 0xFF,
    0xF0, 0x06, 0x01, 0xE0, 0x18, 0x00, 0x00, 0xF0, 0x3F, 0x8F, 0xF3, 0x87, 0x60, 0x6F, 0xFD, 0xFF,
    0xB0, 0x06, 0x00, 0xE1, 0xCF, 0xF8, 0xFE, 0x06, 0x00, 0x7F, 0xDF, 0xFF, 0xFF, 0x70, 0x0E, 0x01,
    0xC0, 0x38, 0x07, 0xFE, 0xFF, 0xDF, 0xF3, 0x80, 0x70, 0x0E, 0x01, 0xC0, 0x3F, 0xFF, 0xFF, 0x01,
    0xC0, 0x30, 0x0F, 0x00, 0xF0, 0x0C, 0x0F, 0x03, 0xF8, 0xFF, 0x38, 0x76, 0x06, 0xFF, 0xDF, 0xFB,
    0x00, 0x60, 0x0E, 0x1C, 0xFF, 0x8F, 0xE0, 0x78, 0x07, 0x00, 0xF0, 0x1F, 0x00, 0xC0, 0x3B, 0x83,
    0xE0, 0x38, 0x00, 0x07, 0xFD, 0xFF, 0xFF, 0xF7, 0x00, 0xE0, 0x1C, 0x03, 0x80, 0x7F, 0xEF, 0xFD,
    0xFF, 0x38, 0x07, 0x00, 0xE0, 0x1C, 0x03, 0xFF, 0xFF, 0xF0, 0x19, 0x83, 0xF0, 0x3C, 0x00, 0x00,
    0xF0, 0x3F, 0x8F, 0xF3, 0x87, 0x60, 0x6F, 0xFD, 0xFF, 0xB0, 0x06, 0x00, 0xE1, 0xCF, 0xF8, 0xFE,
    0x06, 0x00, 0x07, 0x00, 0x3E, 0x00, 0xDC, 0x00, 0x00, 0x07, 0x80, 0x7F, 0x83, 0xFF, 0x1C, 0x1E,
    0x60, 0x3B, 0x80, 0x6E, 0x00, 0x30, 0x00, 0xC1, 0xFF, 0x07, 0xFE, 0x01, 0xF8, 0x06, 0x70, 0x39,
    0xE1, 0xE3, 0xFF, 0x07, 0xF8, 0x03, 0x00, 0x07, 0x00, 0xF0, 0x1D, 0x80, 0x00, 0x0E, 0x63, 0xFE,
    0x3F, 0xE7, 0x0E, 0x60, 0x66, 0x06, 0x60, 0x66, 0x06, 0x70, 0xE7, 0x0E, 0x3F, 0xE1, 0xF6, 0x00,
    0x63, 0x06, 0x7F, 0xE3, 0xFC, 0x0F, 0x00, 0x0C, 0xC0, 0x3F, 0x00, 0xF8, 0x00, 0x80, 0x07, 0x80,
    0x7F, 0x83, 0xFF, 0x1C, 0x1E, 0x60, 0x3B, 0x80, 0x6E, 0x00, 0x30, 0x00, 0xC1, 0xFF, 0x07, 0xFE,
    0x01, 0xF8, 0x06, 0x70, 0x39, 0xE1, 0xE3, 0xFF, 0x07, 0xF8, 0x03, 0x00, 0x19, 0x81, 0xF8, 0x0F,
    0x00, 0x20, 0x0E, 0x63, 0xFE, 0x3F, 0xE7, 0x0E, 0x60, 0x66, 0x06, 0x60, 0x66, 0x06, 0x70, 0xE7,
    0x0E, 0x3F, 0xE1, 0xF6, 0x00, 0x63, 0x06, 0x7F, 0xE3, 0xFC, 0x0F, 0x00, 0x03, 0x00, 0x1C, 0x00,
    0x30, 0x00, 0x00, 0x07, 0x80, 0x7F, 0x83, 0xFF, 0x1C, 0x1E, 0x60, 0x3B, 0x80, 0x6E, 0x00, 0x30,
    0x00, 0xC1, 0xFF, 0x07, 0xFE, 0x01, 0xF8, 0x06, 0x70, 0x39, 0xE1, 0xE3, 0xFF, 0x07, 0xF8, 0x03,
    0x00, 0x06, 0x00, 0xF0, 0x06, 0x00, 0x00, 0x0E, 0x63, 0xFE, 0x3F, 0xE7, 0x0E, 0x60, 0x66, 0x06,
    0x60, 0x66, 0x06, 0x70, 0xE7, 0x0E, 0x3F, 0xE1, 0xF6, 0x00, 0x63, 0x06, 0x7F, 0xE3, 0xFC, 0x0F,
    0x00, 0x07, 0x80, 0x7F, 0x83, 0xFF, 0x1C, 0x1E, 0x60, 0x3B, 0x80, 0x6E, 0x00, 0x30, 0x00, 0xC1,
    0xFF, 0x07, 0xFE, 0x01, 0xF8, 0x06, 0x70, 0x39, 0xE1, 0xE3, 0xFF, 0x07, 0xF8, 0x03, 0x00, 0x1C,
    0x00, 0x70, 0x01, 0x80, 0x06, 0x00, 0x00, 0x00, 0x03, 0x00, 0x70, 0x06, 0x00, 0x60, 0x06, 0x00,
    0xE6, 0x3F, 0xE3, 0xFE, 0x70, 0xE6, 0x06, 0x60, 0x66, 0x06, 0x60, 0x67, 0x0E, 0x70, 0xE3, 0xFE,
    0x1F, 0x60, 0x06, 0x30, 0x67, 0xFE, 0x3F, 0xC0, 0xF0, 0x07, 0x00, 0x7C, 0x07, 0x70, 0x00, 0x04,
    0x01, 0x70, 0x1F, 0x80, 0xFC, 0x07, 0xE0, 0x3F, 0x01, 0xF8, 0x0F, 0xFF, 0xFF, 0xFF, 0xF0, 0x1F,
    0x80, 0xFC, 0x07, 0xE0, 0x3F, 0x01, 0xF8, 0x0F, 0xC0, 0x70, 0x38, 0x07, 0xC0, 0xEE, 0x00, 0x00,
    0x10, 0x03, 0x80, 0x38, 0x03, 0x80, 0x3B, 0x83, 0xFE, 0x3F, 0xE3, 0x87, 0x38, 0x73, 0x87, 0x38,
    0x73, 0x87, 0x38, 0x73, 0x87, 0x38, 0x73, 0x87, 0x30, 0x0C, 0x30, 0x0C, 0x30, 0x0C, 0x30, 0x0C,
    0x7F, 0xFE, 0x7F, 0xFE, 0x30, 0x0C, 0x3F, 0xFC, 0x3F, 0xFC, 0x30, 0x0C, 0x30, 0x0C, 0x30, 0x0C,
    0x30, 0x0C, 0x30, 0x0C, 0x30, 0x0C, 0x30, 0x0C, 0x20, 0x1F, 0xC3, 0xF8, 0x7E, 0x07, 0x70, 0xFF,
    0x9F, 0xF3, 0x87, 0x70, 0xEE, 0x1D, 0xC3, 0xB8, 0x77, 0x0E, 0xE1, 0xDC, 0x3B, 0x87, 0x66, 0xFF,
    0x70, 0x01, 0x07, 0x0E, 0x1C, 0x38, 0x70, 0xE1, 0xC3, 0x87, 0x0E, 0x1C, 0x38, 0x70, 0xE1, 0xC0,
    0x67, 0xFF, 0x70, 0x01, 0x07, 0x0E, 0x1C, 0x38, 0x70, 0xE1, 0xC3, 0x87, 0x0E, 0x1C, 0x7E, 0xFC,
    0x00, 0x83, 0x87, 0x0E, 0x1C, 0x38, 0x70, 0xE1, 0xC3, 0x87, 0x0E, 0x1C, 0x38, 0x70, 0xE0, 0xFF,
    0xF8, 0x00, 0x83, 0x87, 0x0E, 0x1C, 0x38, 0x70, 0xE1, 0xC3, 0x87, 0x0E, 0x00, 0xC6, 0xFD, 0xF0,
    0x81, 0x07, 0x0E, 0x1C, 0x38, 0x70, 0xE1, 0xC3, 0x87, 0x0E, 0x1C, 0x38, 0x70, 0xE1, 0xC0, 0xC7,
    0xFD, 0xF0, 0x81, 0x07, 0x0E, 0x1C, 0x38, 0x70, 0xE1, 0xC3, 0x87, 0x0E, 0x1C, 0x23, 0x9C, 0xE7,
    0x39, 0xCE, 0x73, 0x9C, 0xE7, 0x39, 0xCE, 0x77, 0x3D, 0xE7, 0x00, 0x31, 0xCE, 0x01, 0x1C, 0xE7,
    0x39, 0xCE, 0x73, 0x9C, 0xE7, 0x73, 0x1E, 0xF3, 0x80, 0x7F, 0x85, 0xFF, 0xFF, 0xFF, 0xFF, 0xFF,
    0xF0, 0x5F, 0xFF, 0xFF, 0xFF, 0xF0, 0x40, 0x05, 0xC0, 0x1F, 0x80, 0x3F, 0x00, 0x7E, 0x00, 0xFC,
    0x01, 0xF8, 0x03, 0xF0, 0x07, 0xE0, 0x0F, 0xC0, 0x1F, 0x88, 0x3F, 0x38, 0x7E, 0x70, 0xFC, 0xE1,
    0xF8, 0xFF, 0x70, 0xFC, 0x00, 0x60, 0xC6, 0xE7, 0xE7, 0x00, 0x46, 0xE7, 0xE7, 0xE7, 0xE7, 0xE7,
    0xE7, 0xE7, 0xE7, 0xE7, 0xE7, 0xE7, 0x07, 0x07, 0x1E, 0x1E, 0x08, 0x00, 0xE0, 0x0F, 0x00, 0xEC,
    0x00, 0x00, 0x0C, 0x00, 0x60, 0x03, 0x00, 0x18, 0x00, 0xC0, 0x06, 0x00, 0x30, 0x01, 0x80, 0x0C,
    0x00, 0x61, 0x83, 0x0C, 0x18, 0x60, 0xC3, 0x8E, 0x1F, 0xF0, 0x7F, 0x00, 0x40, 0x00, 0x38, 0xFB,
    0xB8, 0x01, 0x07, 0x0E, 0x1C, 0x38, 0x70, 0xE1, 0xC3, 0x87, 0x0E, 0x1C, 0x38, 0x73, 0xC7, 0x84,
    0x00, 0x40, 0x37, 0x03, 0xB8, 0x39, 0xC3, 0x8E, 0x38, 0x73, 0x83, 0xB8, 0x1F, 0xC0, 0xFE, 0x07,
    0xF8, 0x3C, 0xE1, 0xC7, 0x8E, 0x1C, 0x70, 0x73, 0x81, 0xDC, 0x0E, 0x00, 0x00, 0x30, 0x03, 0x80,
    0x1C, 0x00, 0xC0, 0x00, 0x00, 0x40, 0x1C, 0x03, 0x80, 0x70, 0x0E, 0x1D, 0xC7, 0x39, 0xC7, 0x70,
    0xFC, 0x1F, 0x83, 0xF0, 0x77, 0x0E, 0xF1, 0xCE, 0x38, 0xE7, 0x0E, 0x00, 0x03, 0x80, 0x70, 0x0C,
    0x01, 0x80, 0x00, 0x00, 0x41, 0xB8, 0xEE, 0x7B, 0x9C, 0xEE, 0x3F, 0x0F, 0x83, 0xF0, 0xEE, 0x39,
    0xCE, 0x3B, 0x8F, 0x30, 0x1C, 0x06, 0x01, 0x80, 0x40, 0x38, 0x0E, 0x03, 0x80, 0xE0, 0x38, 0x0E,
    0x03, 0x80, 0xE0, 0x38, 0x0E, 0x03, 0x80, 0xE0, 0x38, 0x0F, 0xFF, 0xFF, 0x33, 0x98, 0x84, 0x73,
    0x9C, 0xE7, 0x39, 0xCE, 0x73, 0x9C, 0xE7, 0x39, 0xC0, 0x40, 0x38, 0x0E, 0x03, 0x80, 0xE0, 0x38,
    0x0E, 0x03, 0x80, 0xE0, 0x38, 0x0E, 0x03, 0x80, 0xE0, 0x38, 0x0F, 0xFF, 0xFF, 0x00, 0x03, 0x00,
    0xC0, 0x70, 0x18, 0x00, 0x00, 0x27, 0x77, 0x77, 0x77, 0x77, 0x77, 0x77, 0x77, 0x07, 0x66, 0xE0,
    0x46, 0x39, 0x8E, 0x63, 0x98, 0xE0, 0x38, 0x0E, 0x03, 0x80, 0xE0, 0x38, 0x0E, 0x03, 0x80, 0xE0,
    0x38, 0x0F, 0xFF, 0xFF, 0x5F, 0xFF, 0xFF, 0xE3, 0x8E, 0x38, 0xE3, 0x8E, 0x38, 0xE3, 0x8E, 0x38,
    0x40, 0x38, 0x0E, 0x03, 0x80, 0xE0, 0x38, 0x0E, 0x63, 0x9C, 0xE6, 0x38, 0x0E, 0x03, 0x80, 0xE0,
    0x38, 0x0F, 0xFF, 0xFF, 0x41, 0xC3, 0x87, 0x0E, 0x1C, 0x38, 0x76, 0xFF, 0xFF, 0x87, 0x0E, 0x1C,
    0x38, 0x70, 0x10, 0x03, 0x80, 0x38, 0x03, 0x80, 0x39, 0x03, 0xF0, 0x3F, 0x03, 0xE0, 0xF8, 0x0F,
    0x80, 0xB8, 0x03, 0x80, 0x38, 0x03, 0x80, 0x3F, 0xF3, 0xFF, 0x10, 0x70, 0xE1, 0xC3, 0x87, 0x8F,
    0x3C, 0xF8, 0x70, 0xE1, 0xC3, 0x87, 0x0E, 0x1C, 0x01, 0xC0, 0x1C, 0x00, 0xC0, 0x06, 0x06, 0x01,
    0x78, 0x1F, 0xC0, 0xFF, 0x07, 0xFC, 0x3F, 0xE1, 0xFB, 0x8F, 0xCE, 0x7E, 0x73, 0xF1, 0xDF, 0x87,
    0xFC, 0x3F, 0xE0, 0xFF, 0x07, 0xF8, 0x1F, 0xC0, 0x70, 0x07, 0x01, 0x80, 0xE0, 0x30, 0x4E, 0x3F,
    0xEF, 0xFB, 0x87, 0xE1, 0xF8, 0x7E, 0x1F, 0x87, 0xE1, 0xF8, 0x7E, 0x1F, 0x87, 0x60, 0x17, 0x81,
    0xFC, 0x0F, 0xF0, 0x7F, 0xC3, 0xFE, 0x1F, 0xB8, 0xFC, 0xE7, 0xE7, 0x3F, 0x1D, 0xF8, 0x7F, 0xC3,
    0xFE, 0x0F, 0xF0, 0x7F, 0x81, 0xFC, 0x07, 0x00, 0x00, 0x38, 0x01, 0xC0, 0x0C, 0x00, 0x60, 0x00,
    0x00, 0x4E, 0x3F, 0xEF, 0xFB, 0x87, 0xE1, 0xF8, 0x7E, 0x1F, 0x87, 0xE1, 0xF8, 0x7E, 0x1F, 0x87,
    0x00, 0x03, 0x01, 0xC0, 0x70, 0x18, 0x00, 0x00, 0x1C, 0xC0, 0x7C, 0x01, 0xE0, 0x00, 0x06, 0x01,
    0x78, 0x1F, 0xC0, 0xFF, 0x07, 0xFC, 0x3F, 0xE1, 0xFB, 0x8F, 0xCE, 0x7E, 0x73, 0xF1, 0xDF, 0x87,
    0xFC, 0x3F, 0xE0, 0xFF, 0x07, 0xF8, 0x1F, 0xC0, 0x70, 0x33, 0x0F, 0xC1, 0xE0, 0x00, 0x4E, 0x3F,
    0xEF, 0xFB, 0x87, 0xE1, 0xF8, 0x7E, 0x1F, 0x87, 0xE1, 0xF8, 0x7E, 0x1F, 0x87, 0x60, 0x17, 0x81,
    0xFC, 0x0F, 0xF0, 0x7F, 0xC3, 0xFE, 0x1F, 0xB8, 0xFC, 0xE7, 0xE7, 0x3F, 0x1D, 0xF8, 0x7F, 0xC3,
    0xFE, 0x0F, 0xF0, 0x7F, 0x81, 0xFC, 0x07, 0x00, 0x18, 0x00, 0xC0, 0x1E, 0x01, 0xF0, 0x06, 0x00,
    0x4E, 0x3F, 0xEF, 0xFB, 0x87, 0xE1, 0xF8, 0x7E, 0x1F, 0x87, 0xE1, 0xF8, 0x7E, 0x1F, 0x87, 0x01,
    0xC0, 0x70, 0x7C, 0x1E, 0x07, 0x00, 0x0F, 0xC0, 0x3F, 0x00, 0x00, 0x01, 0xE0, 0x1F, 0xE0, 0xFF,
    0xC7, 0x87, 0x9C, 0x0E, 0xE0, 0x1F, 0x80, 0x7C, 0x01, 0xF0, 0x07, 0xC0, 0x1F, 0x80, 0x7E, 0x01,
    0xDC, 0x0E, 0x78, 0x78, 0xFF, 0xC1, 0xFE, 0x00, 0xC0, 0x1F, 0x81, 0xF8, 0x00, 0x00, 0xF0, 0x1F,
    0xC3, 0xFE, 0x70, 0xE7, 0x06, 0x60, 0x76, 0x07, 0x60, 0x77, 0x06, 0x70, 0xE3, 0xFC, 0x1F, 0x80,
    0x60, 0x0C, 0xC0, 0x3F, 0x00, 0x78, 0x00, 0x80, 0x07, 0x80, 0x7F, 0x83, 0xFF, 0x1E, 0x1E, 0x70,
    0x3B, 0x80, 0x7E, 0x01, 0xF0, 0x07, 0xC0, 0x1F, 0x00, 0x7E, 0x01, 0xF8, 0x07, 0x70, 0x39, 0xE1,
    0xE3, 0xFF, 0x07, 0xF8, 0x03, 0x00, 0x19, 0x81, 0xF8, 0x0F, 0x80, 0x20, 0x0F, 0x01, 0xFC, 0x3F,
    0xE7, 0x0E, 0x70, 0x66, 0x07, 0x60, 0x76, 0x07, 0x70, 0x67, 0x0E, 0x3F, 0xC1, 0xF8, 0x06, 0x00,
    0x06, 0xE0, 0x3B, 0x00, 0xDC, 0x02, 0x60, 0x07, 0x80, 0x7F, 0x83, 0xFF, 0x1E, 0x1E, 0x70, 0x3B,
    0x80, 0x7E, 0x01, 0xF0, 0x07, 0xC0, 0x1F, 0x00, 0x7E, 0x01, 0xF8, 0x07, 0x70, 0x39, 0xE1, 0xE3,
    0xFF, 0x07, 0xF8, 0x03, 0x00, 0x0D, 0xC1, 0xDC, 0x1B, 0x81, 0xB0, 0x0F, 0x01, 0xFC, 0x3F, 0xE7,
    0x0E, 0x70, 0x66, 0x07, 0x60, 0x76, 0x07, 0x70, 0x67, 0x0E, 0x3F, 0xC1, 0xF8, 0x06, 0x00, 0x01,
    0xFF, 0xC3, 0xFF, 0xFC, 0xFF, 0xFF, 0xBC, 0x30, 0x07, 0x06, 0x01, 0xC0, 0xC0, 0x38, 0x18, 0x06,
    0x03, 0xFE, 0xC0, 0x7F, 0xD8, 0x0F, 0xFB, 0x81, 0x80, 0x70, 0x30, 0x07, 0x06, 0x00, 0xF0, 0xC0,
    0x0F, 0xFF, 0xF8, 0x7F, 0xFF, 0x0F, 0x07, 0x01, 0xFD, 0xFC, 0x3F, 0xFF, 0xE7, 0x0F, 0x86, 0x70,
    0x70, 0x76, 0x07, 0xFF, 0x60, 0x7F, 0xF6, 0x07, 0x00, 0x70, 0x70, 0x07, 0x0F, 0x87, 0x3F, 0xFF,
    0xE1, 0xF9, 0xFC, 0x06, 0x03, 0x00, 0x03, 0x00, 0x70, 0x06, 0x00, 0x40, 0x7E, 0x0F, 0xFC, 0xFF,
    0xEE, 0x0E, 0xE0, 0x6E, 0x07, 0xE0, 0x6E, 0x0E, 0xFF, 0xEF, 0xFC, 0xE3, 0x8E, 0x1C, 0xE1, 0xCE,
    0x0E, 0xE0, 0xEE, 0x07, 0x1C, 0x38, 0xE1, 0x84, 0xDF, 0xFF, 0x70, 0xE1, 0xC3, 0x87, 0x0E, 0x1C,
    0x38, 0x70, 0x7E, 0x0F, 0xFC, 0xFF, 0xEE, 0x0E, 0xE0, 0x6E, 0x07, 0xE0, 0x6E, 0x0E, 0xFF, 0xEF,
    0xFC, 0xE3, 0x8E, 0x1C, 0xE1, 0xCE, 0x0E, 0xE0, 0xEE, 0x07, 0x00, 0x00, 0xE0, 0x0E, 0x00, 0xC0,
    0x0C, 0x00, 0x00, 0x26, 0x7F, 0x7E, 0x70, 0x70, 0x70, 0x70, 0x70, 0x70, 0x70, 0x70, 0x70, 0x00,
    0x70, 0x60, 0x60, 0xE0, 0x00, 0x3B, 0x81, 0xF0, 0x0E, 0x00, 0x00, 0x7E, 0x0F, 0xFC, 0xFF, 0xEE,
    0x0E, 0xE0, 0x6E, 0x07, 0xE0, 0x6E, 0x0E, 0xFF, 0xEF, 0xFC, 0xE3, 0x8E, 0x1C, 0xE1, 0xCE, 0x0E,
    0xE0, 0xEE, 0x07, 0x67, 0x7E, 0x3C, 0x00, 0x26, 0x7F, 0x7E, 0x70, 0x70, 0x70, 0x70, 0x70, 0x70,
    0x70, 0x70, 0x70, 0x03, 0x00, 0x70, 0x06, 0x00, 0x40, 0x0E, 0x03, 0xFC, 0x7F, 0xCE, 0x0E, 0xE0,
    0x6E, 0x00, 0xF0, 0x07, 0xE0, 0x3F, 0xC0, 0x7E, 0x00, 0xEC, 0x06, 0xE0, 0x6E, 0x0E, 0x7F, 0xE3,
    0xFC, 0x0E, 0x00, 0x06, 0x07, 0x03, 0x01, 0x01, 0xC3, 0xFB, 0xFF, 0xC7, 0xE0, 0x7E, 0x1F, 0xC1,
    0xF0, 0x3E, 0x1F, 0xFE, 0xFE, 0x1C, 0x00, 0x0E, 0x01, 0xF0, 0x3B, 0x80, 0x00, 0x0E, 0x03, 0xFC,
    0x7F, 0xCE, 0x0E, 0xE0, 0x6E, 0x00, 0xF0, 0x07, 0xE0, 0x3F, 0xC0, 0x7E, 0x00, 0xEC, 0x06, 0xE0,
    0x6E, 0x0E, 0x7F, 0xE3, 0xFC, 0x0E, 0x00, 0x1C, 0x1F, 0x1D, 0xC0, 0x01, 0xC3, 0xFB, 0xFF, 0xC7,
    0xE0, 0x7E, 0x1F, 0xC1, 0xF0, 0x3E, 0x1F, 0xFE, 0xFE, 0x1C, 0x00, 0x0E, 0x03, 0xFC, 0x7F, 0xCE,
    0x0E, 0xE0, 0x6E, 0x00, 0xF0, 0x07, 0xE0, 0x3F, 0xC0, 0x7E, 0x00, 0xEC, 0x06, 0xE0, 0x6E, 0x0E,
    0x7F, 0xE3, 0xFC, 0x0E, 0x00, 0x70, 0x03, 0x00, 0xF0, 0x06, 0x00, 0x1C, 0x3F, 0xBF, 0xFC, 0x7E,
    0x07, 0xE1, 0xFC, 0x1F, 0x03, 0xE1, 0xFF, 0xEF, 0xE1, 0xC0, 0xF0, 0x18, 0x3C, 0x1C, 0x00, 0x3B,
    0x81, 0xF0, 0x0E, 0x00, 0x00, 0x0E, 0x03, 0xFC, 0x7F, 0xCE, 0x0E, 0xE0, 0x6E, 0x00, 0xF0, 0x07,
    0xE0, 0x3F, 0xC0, 0x7E, 0x00, 0xEC, 0x06, 0xE0, 0x6E, 0x0E, 0x7F, 0xE3, 0xFC, 0x0E, 0x00, 0x77,
    0x1F, 0x07, 0x00, 0x01, 0xC3, 0xFB, 0xFF, 0xC7, 0xE0, 0x7E, 0x1F, 0xC1, 0xF0, 0x3E, 0x1F, 0xFE,
    0xFE, 0x1C, 0x00, 0x7F, 0xF3, 0xFF, 0xDF, 0xFE, 0x0E, 0x00, 0x70, 0x03, 0x80, 0x1C, 0x00, 0xE0,
    0x07, 0x00, 0x38, 0x01, 0xC0, 0x0E, 0x00, 0x70, 0x03, 0x80, 0x1C, 0x00, 0xE0, 0x03, 0x00, 0x1C,
    0x00, 0x60, 0x0F, 0x00, 0x30, 0x00, 0x30, 0x63, 0xF7, 0xEF, 0xC6, 0x0C, 0x18, 0x30, 0x60, 0xC1,
    0x83, 0xC7, 0xC6, 0x0F, 0x06, 0x3C, 0x60, 0x1D, 0xC0, 0x7C, 0x01, 0xE0, 0x00, 0x07, 0xFF, 0x3F,
    0xFD, 0xFF, 0xE0, 0xE0, 0x07, 0x00, 0x38, 0x01, 0xC0, 0x0E, 0x00, 0x70, 0x03, 0x80, 0x1C, 0x00,
    0xE0, 0x07, 0x00, 0x38, 0x01, 0xC0, 0x0E, 0x00, 0x06, 0x0C, 0x19, 0xB3, 0x1F, 0xBF, 0x7E, 0x30,
    0x60, 0xC1, 0x83, 0x06, 0x0C, 0x1E, 0x3E, 0x00, 0x7F, 0xF3, 0xFF, 0xDF, 0xFE, 0x0E, 0x00, 0x70,
    0x03, 0x80, 0x1C, 0x07, 0xFC, 0x3F, 0xE0, 0xFF, 0x01, 0xC0, 0x0E, 0x00, 0x70, 0x03, 0x80, 0x1C,
    0x00, 0xE0, 0x30, 0x63, 0xF7, 0xEF, 0xC6, 0x3F, 0x7E, 0x30, 0x60, 0xC1, 0x83, 0xC7, 0xC0, 0x00,
    0x0C, 0xC0, 0x7E, 0x06, 0xE0, 0x00, 0x04, 0x01, 0x70, 0x1F, 0x80, 0xFC, 0x07, 0xE0, 0x3F, 0x01,
    0xF8, 0x0F, 0xC0, 0x7E, 0x03, 0xF0, 0x1F, 0x80, 0xFC, 0x07, 0x60, 0x3B, 0x83, 0x8F, 0xFC, 0x3F,
    0xC0, 0x70, 0x00, 0x19, 0x0F, 0xC3, 0xF0, 0x00, 0x40, 0xF8, 0x7E, 0x1F, 0x87, 0xE1, 0xF8, 0x7E,
    0x1F, 0x87, 0xE1, 0xF8, 0x77, 0xFC, 0xFF, 0x08, 0x00, 0x1F, 0xC0, 0x7E, 0x00, 0x00, 0x80, 0x2E,
    0x03, 0xF0, 0x1F, 0x80, 0xFC, 0x07, 0xE0, 0x3F, 0x01, 0xF8, 0x0F, 0xC0, 0x7E, 0x03, 0xF0, 0x1F,
    0x80, 0xEC, 0x07, 0x70, 0x71, 0xFF, 0x87, 0xF8, 0x0E, 0x00, 0x3F, 0x0F, 0xC0, 0x01, 0x03, 0xE1,
    0xF8, 0x7E, 0x1F, 0x87, 0xE1, 0xF8, 0x7E, 0x1F, 0x87, 0xE1, 0xDF, 0xF3, 0xFC, 0x20, 0x18, 0xC0,
    0x7E, 0x03, 0xE0, 0x04, 0x04, 0x01, 0x70, 0x1F, 0x80, 0xFC, 0x07, 0xE0, 0x3F, 0x01, 0xF8, 0x0F,
    0xC0, 0x7E, 0x03, 0xF0, 0x1F, 0x80, 0xFC, 0x07, 0x60, 0x3B, 0x83, 0x8F, 0xFC, 0x3F, 0xC0, 0x70,
    0x00, 0x33, 0x0F, 0xC1, 0xE0, 0x10, 0x40, 0xF8, 0x7E, 0x1F, 0x87, 0xE1, 0xF8, 0x7E, 0x1F, 0x87,
    0xE1, 0xF8, 0x77, 0xFC, 0xFF, 0x08, 0x00, 0x07, 0x00, 0x7C, 0x03, 0x70, 0x1B, 0x80, 0xF8, 0x21,
    0x0B, 0x80, 0xFC, 0x07, 0xE0, 0x3F, 0x01, 0xF8, 0x0F, 0xC0, 0x7E, 0x03, 0xF0, 0x1F, 0x80, 0xFC,
    0x07, 0xE0, 0x3B, 0x01, 0xDC, 0x1C, 0x7F, 0xE1, 0xFE, 0x03, 0x80, 0x00, 0x07, 0x83, 0xF0, 0xCC,
    0x3F, 0x07, 0x84, 0x0F, 0x87, 0xE1, 0xF8, 0x7E, 0x1F, 0x87, 0xE1, 0xF8, 0x7E, 0x1F, 0x87, 0x7F,
    0xCF, 0xF0, 0x80, 0x0E, 0xE0, 0x6E, 0x07, 0x60, 0x32, 0x04, 0x01, 0x70, 0x1F, 0x80, 0xFC, 0x07,
    0xE0, 0x3F, 0x01, 0xF8, 0x0F, 0xC0, 0x7E, 0x03, 0xF0, 0x1F, 0x80, 0xFC, 0x07, 0x60, 0x3B, 0x83,
    0x8F, 0xFC, 0x3F, 0xC0, 0x70, 0x00, 0x1B, 0x8E, 0xC3, 0x70, 0xD8, 0x40, 0xF8, 0x7E, 0x1F, 0x87,
    0xE1, 0xF8, 0x7E, 0x1F, 0x87, 0xE1, 0xF8, 0x77, 0xFC, 0xFF, 0x08, 0x00, 0x40, 0x17, 0x01, 0xF8,
    0x0F, 0xC0, 0x7E, 0x03, 0xF0, 0x1F, 0x80, 0xFC, 0x07, 0xE0, 0x3F, 0x01, 0xF8, 0x0F, 0xC0, 0x76,
    0x03, 0xB8, 0x38, 0xFF, 0xC3, 0xFC, 0x07, 0x80, 0x30, 0x01, 0xE0, 0x0F, 0x00, 0x38, 0x00, 0x40,
    0xDC, 0x3B, 0x87, 0x70, 0xEE, 0x1D, 0xC3, 0xB8, 0x77, 0x0E, 0xE1, 0xDC, 0x39, 0xFF, 0x1F, 0xE0,
    0x9C, 0x06, 0x00, 0xF0, 0x1E, 0x01, 0xC0, 0x00, 0x70, 0x00, 0x0F, 0x80, 0x01, 0xD8, 0x00, 0x00,
    0x00, 0x40, 0x60, 0x3E, 0x07, 0x07, 0x60, 0xF0, 0x76, 0x0F, 0x07, 0x70, 0xF8, 0x67, 0x1F, 0x8E,
    0x31, 0xD8, 0xE3, 0x99, 0x8C, 0x39, 0x9C, 0xC3, 0xB9, 0xDC, 0x1B, 0x8D, 0xC1, 0xF0, 0xD8, 0x1F,
    0x0F, 0x80, 0xF0, 0xF8, 0x0F, 0x07, 0x80, 0xE0, 0x70, 0x01, 0xC0, 0x01, 0xF0, 0x01, 0xDC, 0x00,
    0x00, 0x06, 0x18, 0x37, 0x0E, 0x19, 0x87, 0x1C, 0xE7, 0x8E, 0x73, 0xE6, 0x19, 0xB7, 0x0F, 0xDB,
    0x87, 0xEF, 0x81, 0xE7, 0xC0, 0xF1, 0xE0, 0x78, 0xF0, 0x18, 0x70, 0x07, 0x00, 0x1E, 0x00, 0xDC,
    0x00, 0x00, 0x40, 0x0B, 0x80, 0xF7, 0x03, 0x8E, 0x1C, 0x38, 0x70, 0x73, 0x80, 0xFC, 0x03, 0xF0,
    0x07, 0x80, 0x1E, 0x00, 0x30, 0x00, 0xC0, 0x03, 0x00, 0x0C, 0x00, 0x30, 0x00, 0xC0, 0x0E, 0x03,
    0xE0, 0xEE, 0x00, 0x04, 0x07, 0xC1, 0xD8, 0x3B, 0x86, 0x31, 0xC7, 0x38, 0xE6, 0x0D, 0xC1, 0xF0,
    0x3E, 0x03, 0xC0, 0x70, 0x0E, 0x01, 0x80, 0xF0, 0x3C, 0x07, 0x00, 0x0C, 0xC0, 0x73, 0x80, 0xCC,
    0x00, 0x00, 0x40, 0x0B, 0x80, 0xF7, 0x03, 0x8E, 0x1C, 0x38, 0x70, 0x73, 0x80, 0xFC, 0x03, 0xF0,
    0x07, 0x80, 0x1E, 0x00, 0x30, 0x00, 0xC0, 0x03, 0x00, 0x0C, 0x00, 0x30, 0x00, 0xC0, 0x03, 0x00,
    0xE0, 0x18, 0x02, 0x0F, 0xFF, 0xFF, 0xFF, 0xF8, 0x0E, 0x01, 0xC0, 0x70, 0x1C, 0x03, 0x80, 0xE0,
    0x38, 0x07, 0x01, 0xC0, 0x70, 0x1C, 0x03, 0xFF, 0xFF, 0xF0, 0x06, 0x07, 0x03, 0x01, 0x0F, 0xFF,
    0xFF, 0xFE, 0x0E, 0x0E, 0x07, 0x07, 0x07, 0x07, 0x03, 0x83, 0xFF, 0xFF, 0x0E, 0x01, 0xC0, 0x38,
    0x00, 0x0F, 0xFF, 0xFF, 0xFF, 0xF8, 0x0E, 0x01, 0xC0, 0x70, 0x1C, 0x03, 0x80, 0xE0, 0x38, 0x07,
    0x01, 0xC0, 0x70, 0x1C, 0x03, 0xFF, 0xFF, 0xF0, 0x1C, 0x0E, 0x07, 0x00, 0x0F, 0xFF, 0xFF, 0xFE,
    0x0E, 0x0E, 0x07, 0x07, 0x07, 0x07, 0x03, 0x83, 0xFF, 0xFF, 0x3B, 0x83, 0xE0, 0x38, 0x00, 0x0F,
    0xFF, 0xFF, 0xFF, 0xF8, 0x0E, 0x01, 0xC0, 0x70, 0x1C, 0x03, 0x80, 0xE0, 0x38, 0x07, 0x01, 0xC0,
    0x70, 0x1C, 0x03, 0xFF, 0xFF, 0xF0, 0x77, 0x1F, 0x07, 0x00, 0x0F, 0xFF, 0xFF, 0xFE, 0x0E, 0x0E,
    0x07, 0x07, 0x07, 0x07, 0x03, 0x83, 0xFF, 0xFF, 0x39, 0xEE, 0x38, 0xE3, 0x8E, 0x38, 0xE3, 0x8E,
    0x38, 0xE3, 0x8E, 0x38, 0x00, 0x0C, 0x00, 0x30, 0x7F, 0xC7, 0xFF, 0x3F, 0xF9, 0xE1, 0xE7, 0x03,
    0xB8, 0x07, 0xE0, 0x1F, 0x00, 0x7C, 0x01, 0xF0, 0x07, 0xE0, 0x1F, 0x80, 0x77, 0x03, 0x9E, 0x1E,
    0x3F, 0xF0, 0x7F, 0x80, 0x30, 0x00, 0x00, 0x30, 0x07, 0x0F, 0xF1, 0xFF, 0x3F, 0xE7, 0x0E, 0x70,
    0x66, 0x07, 0x60, 0x76, 0x07, 0x70, 0x67, 0x0E, 0x3F, 0xC1, 0xF8, 0x06, 0x00, 0x00, 0x06, 0x00,
    0x1D, 0x00, 0x7F, 0x01, 0xFE, 0x03, 0xDC, 0x07, 0x38, 0x0E, 0x70, 0x1C, 0xE0, 0x39, 0xC0, 0x73,
    0x80, 0xE7, 0x01, 0xCE, 0x03, 0x9C, 0x07, 0x18, 0x0E, 0x38, 0x38, 0x3F, 0xF0, 0x3F, 0xC0, 0x1C,
    0x00, 0x00, 0x70, 0x07, 0x40, 0xFE, 0x1E, 0xE1, 0xCE, 0x1C, 0xE1, 0xCE, 0x1C, 0xE1, 0xCE, 0x1C,
    0xE1, 0xCE, 0x1C, 0x7F, 0xC3, 0xFC, 0x08, 0x00, 0x7C, 0x00, 0xEE, 0xFF, 0xC0, 0x7C, 0xFF, 0xE0,
    0x78, 0xE0, 0xF0, 0x00, 0xE0, 0x71, 0xFF, 0xE0, 0x39, 0xFF, 0xE0, 0x39, 0xFF, 0xE0, 0x38, 0x0E,
    0xE0, 0x38, 0x1C, 0xE0, 0x38, 0x1C, 0xE0, 0x38, 0x38, 0xE0, 0x38, 0x70, 0xE0, 0x70, 0xE0, 0xE0,
    0xF0, 0xE0, 0xFF, 0xE1, 0xFF, 0xFF, 0x81, 0xFF, 0x00, 0x61, 0x98, 0x00, 0xC3, 0xF0, 0x01, 0x83,
    0xC0, 0x03, 0x00, 0x00, 0xE6, 0x3F, 0xC7, 0xFC, 0x7F, 0xCF, 0xF8, 0xFF, 0xB8, 0x70, 0x0E, 0x60,
    0x60, 0x38, 0xC0, 0xC0, 0xE1, 0x81, 0x81, 0xC3, 0x03, 0x07, 0x07, 0x06, 0x1C, 0x0E, 0x1C, 0x70,
    0x0F, 0xF9, 0xFF, 0x8F, 0xF3, 0xFF, 0x06, 0x00, 0x00, 0x40, 0x00, 0x17, 0x00, 0x01, 0xF8, 0x00,
    0x0F, 0xC0, 0x00, 0x7E, 0x00, 0x03, 0xF0, 0x00, 0x1F, 0x80, 0x00, 0xFC, 0x00, 0x07, 0xE0, 0x00,
    0x3F, 0x00, 0x01, 0xF8, 0x02, 0x0F, 0xC0, 0x38, 0x7E, 0x01, 0xC3, 0xF0, 0x06, 0x1F, 0xFF, 0x3F,
    0xDF, 0xF8, 0xFC, 0x00, 0x01, 0x80, 0x40, 0x0D, 0xC0, 0x3F, 0x80, 0x37, 0x00, 0x0E, 0x00, 0xDC,
    0x01, 0xB8, 0x03, 0x70, 0x06, 0xE0, 0x0D, 0xC0, 0x1B, 0x80, 0x37, 0x00, 0x6E, 0x00, 0xDC, 0x01,
    0xBF, 0xF3, 0x7F, 0xE6, 0x00, 0x0C, 0x00, 0x18, 0x00, 0xF0, 0x01, 0xE0, 0x03, 0x00, 0x46, 0xE7,
    0xE7, 0xE0, 0xE6, 0xE7, 0xE7, 0xE7, 0xE7, 0xE7, 0xE7, 0xE7, 0xE7, 0xE7, 0xE7, 0xE7, 0x07, 0x07,
    0x1E, 0x1E, 0x08, 0x60, 0x10, 0x01, 0x78, 0x1C, 0x01, 0xFC, 0x0E, 0x00, 0xFF, 0x07, 0x00, 0x7F,
    0xC3, 0x80, 0x3F, 0xE1, 0xC0, 0x1F, 0xB8, 0xE0, 0x0F, 0xCE, 0x70, 0x07, 0xE7, 0x38, 0x03, 0xF1,
    0xDC, 0x01, 0xF8, 0x7E, 0x20, 0xFC, 0x3F, 0x38, 0x7E, 0x0F, 0x9C, 0x3F, 0x07, 0xCE, 0x1F, 0x81,
    0xE3, 0xFD, 0xC0, 0x70, 0xFC, 0x00, 0x00, 0x18, 0x00, 0x60, 0x10, 0xDE, 0x07, 0x3F, 0xC0, 0xE3,
    0x7C, 0x1C, 0x0F, 0xC3, 0x8D, 0xF8, 0x71, 0xBB, 0x8E, 0x37, 0x39, 0xC6, 0xE7, 0x38, 0xDC, 0x77,
    0x1B, 0x87, 0xE3, 0x70, 0xFC, 0x6E, 0x0F, 0x8D, 0xC1, 0xF1, 0xB8, 0x1E, 0x37, 0x01, 0xC6, 0x00,
    0x00, 0xC0, 0x00, 0x18, 0x00, 0x0F, 0x00, 0x01, 0xC0, 0x00, 0x30, 0x00, 0x0E, 0x00, 0x1C, 0x00,
    0x38, 0x00, 0x04, 0xE0, 0x5F, 0xF1, 0xFF, 0xE3, 0xF0, 0xE7, 0xE1, 0xCF, 0xC3, 0x9F, 0x87, 0x3F,
    0x0E, 0x7E, 0x1C, 0xFC, 0x39, 0xF8, 0x73, 0xF0, 0xE7, 0x00, 0x0E, 0x00, 0x1C, 0x00, 0x78, 0x01,
    0xE0, 0x01, 0x00, 0x0C, 0xC0, 0x3F, 0x00, 0x78, 0x00, 0x00, 0x03, 0x00, 0x1E, 0x00, 0x78, 0x01,
    0xF0, 0x0F, 0xC0, 0x3B, 0x00, 0xCE, 0x07, 0x38, 0x18, 0x60, 0xE1, 0xC3, 0xFF, 0x0F, 0xFC, 0x70,
    0x39, 0xC0, 0xE6, 0x01, 0xF8, 0x07, 0x3B, 0x87, 0xC0, 0xE0, 0x00, 0x0E, 0x0F, 0xE7, 0xFD, 0xC3,
    0x00, 0xC7, 0xF7, 0xFD, 0xE3, 0x60, 0xD8, 0x77, 0xFC, 0xFF, 0x0C, 0x00, 0xE6, 0xF8, 0xF0, 0x01,
    0x07, 0x0E, 0x1C, 0x38, 0x70, 0xE1, 0xC3, 0x87, 0x0E, 0x1C, 0x38, 0x70, 0xE1, 0xC0, 0xEE, 0xF8,
    0xE0, 0x01, 0x07, 0x0E, 0x1C, 0x38, 0x70, 0xE1, 0xC3, 0x87, 0x0E, 0x1C, 0x0C, 0xC0, 0x3F, 0x00,
    0x78, 0x00, 0x00, 0x07, 0x80, 0x7F, 0x83, 0xFF, 0x1E, 0x1E, 0x70, 0x3B, 0x80, 0x7E, 0x01, 0xF0,
    0x07, 0xC0, 0x1F, 0x00, 0x7E, 0x01, 0xF8, 0x07, 0x70, 0x39, 0xE1, 0xE3, 0xFF, 0x07, 0xF8, 0x03,
    0x00, 0x19, 0x81, 0xF8, 0x0F, 0x00, 0x00, 0x0F, 0x01, 0xFC, 0x3F, 0xE7, 0x0E, 0x70, 0x66, 0x07,
    0x60, 0x76, 0x07, 0x70, 0x67, 0x0E, 0x3F, 0xC1, 0xF8, 0x06, 0x00, 0x1C, 0xC0, 0x7C, 0x01, 0xE0,
    0x00, 0x04, 0x01, 0x70, 0x1F, 0x80, 0xFC, 0x07, 0xE0, 0x3F, 0x01, 0xF8, 0x0F, 0xC0, 0x7E, 0x03,
    0xF0, 0x1F, 0x80, 0xFC, 0x07, 0x60, 0x3B, 0x83, 0x8F, 0xFC, 0x3F, 0xC0, 0x70, 0x00, 0x33, 0x0F,
    0xC1, 0xE0, 0x00, 0x40, 0xF8, 0x7E, 0x1F, 0x87, 0xE1, 0xF8, 0x7E, 0x1F, 0x87, 0xE1, 0xF8, 0x77,
    0xFC, 0xFF, 0x08, 0x00, 0x1F, 0xC0, 0x7E, 0x02, 0x20, 0x3B, 0x81, 0xDC, 0x04, 0x01, 0x00, 0x5C,
    0x07, 0xE0, 0x3F, 0x01, 0xF8, 0x0F, 0xC0, 0x7E, 0x03, 0xF0, 0x1F, 0x80, 0xFC, 0x07, 0xE0, 0x3F,
    0x01, 0xD8, 0x0E, 0xE0, 0xE3, 0xFF, 0x0F, 0xF0, 0x1C, 0x00, 0x3F, 0x0F, 0xC0, 0x11, 0xCE, 0x73,
    0x80, 0x44, 0x0F, 0x87, 0xE1, 0xF8, 0x7E, 0x1F, 0x87, 0xE1, 0xF8, 0x7E, 0x1F, 0x87, 0x7F, 0xCF,
    0xF0, 0x80, 0x01, 0x80, 0x1C, 0x00, 0xC0, 0x11, 0x01, 0xDC, 0x0E, 0xE0, 0x20, 0x08, 0x02, 0xE0,
    0x3F, 0x01, 0xF8, 0x0F, 0xC0, 0x7E, 0x03, 0xF0, 0x1F, 0x80, 0xFC, 0x07, 0xE0, 0x3F, 0x01, 0xF8,
    0x0E, 0xC0, 0x77, 0x07, 0x1F, 0xF8, 0x7F, 0x80, 0xE0, 0x07, 0x01, 0x80, 0xC0, 0x04, 0x73, 0x9C,
    0xE0, 0x11, 0x03, 0xE1, 0xF8, 0x7E, 0x1F, 0x87, 0xE1, 0xF8, 0x7E, 0x1F, 0x87, 0xE1, 0xDF, 0xF3,
    0xFC, 0x20, 0x1D, 0xC0, 0x7C, 0x01, 0xC0, 0x11, 0x01, 0xDC, 0x0E, 0xE0, 0x20, 0x08, 0x02, 0xE0,
    0x3F, 0x01, 0xF8, 0x0F, 0xC0, 0x7E, 0x03, 0xF0, 0x1F, 0x80, 0xFC, 0x07, 0xE0, 0x3F, 0x01, 0xF8,
    0x0E, 0xC0, 0x77, 0x07, 0x1F, 0xF8, 0x7F, 0x80, 0xE0, 0x33, 0x07, 0xC1, 0xE0, 0x04, 0x73, 0x9C,
    0xE0, 0x11, 0x03, 0xE1, 0xF8, 0x7E, 0x1F, 0x87, 0xE1, 0xF8, 0x7E, 0x1F, 0x87, 0xE1, 0xDF, 0xF3,
    0xFC, 0x20, 0x0E, 0x00, 0x30, 0x01, 0x80, 0x11, 0x01, 0xDC, 0x0E, 0xE0, 0x22, 0x08, 0x02, 0xE0,
    0x3F, 0x01, 0xF8, 0x0F, 0xC0, 0x7E, 0x03, 0xF0, 0x1F, 0x80, 0xFC, 0x07, 0xE0, 0x3F, 0x01, 0xF8,
    0x0E, 0xC0, 0x77, 0x07, 0x1F, 0xF8, 0x7F, 0x80, 0xE0, 0x38, 0x06, 0x00, 0xC0, 0x04, 0x73, 0x9C,
    0xE0, 0x11, 0x03, 0xE1, 0xF8, 0x7E, 0x1F, 0x87, 0xE1, 0xF8, 0x7E, 0x1F, 0x87, 0xE1, 0xDF, 0xF3,
    0xFC, 0x20, 0x0F, 0x07, 0xF1, 0xFF, 0x38, 0x70, 0x06, 0xFF, 0xDF, 0xFB, 0xFF, 0x60, 0xEE, 0x1C,
    0xFF, 0x0F, 0xC0, 0x40, 0x0F, 0xC0, 0x3F, 0x00, 0x04, 0x03, 0x38, 0x0C, 0xE0, 0x01, 0x00, 0x30,
    0x01, 0xE0, 0x07, 0x80, 0x1F, 0x00, 0xFC, 0x03, 0xB0, 0x0C, 0xE0, 0x73, 0x81, 0x86, 0x0E, 0x1C,
    0x3F, 0xF0, 0xFF, 0xC7, 0x03, 0x9C, 0x0E, 0x60, 0x1F, 0x80, 0x70, 0x3F, 0x87, 0xE1, 0x10, 0xEE,
    0x3B, 0x84, 0x40, 0xE0, 0xFE, 0x7F, 0xDC, 0x30, 0x0C, 0x7F, 0x7F, 0xDE, 0x36, 0x0D, 0x87, 0x7F,
    0xCF, 0xF0, 0xC0, 0x0F, 0xC0, 0x3F, 0x00, 0x10, 0x00, 0xE0, 0x03, 0x80, 0x00, 0x00, 0x30, 0x01,
    0xE0, 0x07, 0x80, 0x1F, 0x00, 0xFC, 0x03, 0xB0, 0x0C, 0xE0, 0x73, 0x81, 0x86, 0x0E, 0x1C, 0x3F,
    0xF0, 0xFF, 0xC7, 0x03, 0x9C, 0x0E, 0x60, 0x1F, 0x80, 0x70, 0x3F, 0x87, 0xE0, 0x40, 0x38, 0x0E,
    0x01, 0x00, 0xE0, 0xFE, 0x7F, 0xDC, 0x30, 0x0C, 0x7F, 0x7F, 0xDE, 0x36, 0x0D, 0x87, 0x7F, 0xCF,
    0xF0, 0xC0, 0x00, 0x3F, 0x80, 0x03, 0xF0, 0x00, 0x00, 0x00, 0x0F, 0xFE, 0x01, 0xFF, 0xF0, 0x3F,
    0xFF, 0x03, 0xB0, 0x00, 0x33, 0x00, 0x07, 0x30, 0x00, 0x63, 0x00, 0x0E, 0x3F, 0xE0, 0xC3, 0xFE,
    0x1C, 0x3F, 0xE1, 0xFF, 0x00, 0x3F, 0xF0, 0x03, 0x83, 0x00, 0x70, 0x30, 0x07, 0x03, 0xFF, 0xE0,
    0x3F, 0xF0, 0x03, 0xF8, 0x00, 0xFC, 0x00, 0x00, 0x00, 0x38, 0x78, 0x3F, 0xBF, 0x1F, 0xFF, 0xE7,
    0x0E, 0x1C, 0x03, 0x03, 0x1F, 0xFF, 0xDF, 0xFF, 0xF7, 0x0C, 0x01, 0x83, 0x00, 0x61, 0xE1, 0xDF,
    0xFF, 0xF3, 0xF3, 0xF8, 0x30, 0x30, 0x07, 0x80, 0x7F, 0x83, 0xFF, 0x1C, 0x1E, 0x60, 0x3B, 0x80,
    0x6E, 0x00, 0x30, 0x00, 0xC1, 0xFF, 0x07, 0xFE, 0x01, 0xF8, 0x7F, 0x71, 0xFD, 0xE1, 0xE3, 0xFF,
    0x07, 0xF8, 0x03, 0x00, 0x0E, 0x60, 0xFF, 0x83, 0xFE, 0x1C, 0x38, 0x60, 0x61, 0x87, 0xE6, 0x1F,
    0xD8, 0x1C, 0x70, 0xE1, 0xC3, 0x83, 0xFE, 0x07, 0xD8, 0x00, 0x60, 0xC1, 0x87, 0xFE, 0x0F, 0xF0,
    0x0F, 0x00, 0x0C, 0xC0, 0x3F, 0x00, 0x78, 0x00, 0x00, 0x07, 0x80, 0x7F, 0x83, 0xFF, 0x1C, 0x1E,
    0x60, 0x3B, 0x80, 0x6E, 0x00, 0x30, 0x00, 0xC1, 0xFF, 0x07, 0xFE, 0x01, 0xF8, 0x06, 0x70, 0x39,
    0xE1, 0xE3, 0xFF, 0x07, 0xF8, 0x03, 0x00, 0x19, 0x81, 0xF8, 0x0F, 0x00, 0x00, 0x0E, 0x63, 0xFE,
    0x3F, 0xE7, 0x0E, 0x60, 0x66, 0x06, 0x60, 0x66, 0x06, 0x70, 0xE7, 0x0E, 0x3F, 0xE1, 0xF6, 0x00,
    0x63, 0x06, 0x7F, 0xE3, 0xFC, 0x0F, 0x00, 0x19, 0x80, 0xFC, 0x03, 0xC0, 0x00, 0x04, 0x03, 0x70,
    0x3B, 0x83, 0x9C, 0x38, 0xE3, 0x87, 0x38, 0x3B, 0x81, 0xFC, 0x0F, 0xE0, 0x7F, 0x83, 0xCE, 0x1C,
    0x78, 0xE1, 0xC7, 0x07, 0x38, 0x1D, 0xC0, 0xE0, 0xEE, 0x03, 0xE0, 0x0E, 0x00, 0x00, 0x01, 0x00,
    0x1C, 0x00, 0xE0, 0x07, 0x00, 0x38, 0x71, 0xC7, 0x0E, 0x70, 0x77, 0x03, 0xF0, 0x1F, 0x80, 0xFC,
    0x07, 0x70, 0x3B, 0xC1, 0xCE, 0x0E, 0x38, 0x70, 0xE0, 0x07, 0x80, 0x7F, 0x83, 0xFF, 0x1E, 0x1E,
    0x70, 0x3B, 0x80, 0x7E, 0x01, 0xF0, 0x07, 0xC0, 0x1F, 0x00, 0x7E, 0x01, 0xF8, 0x07, 0x70, 0x39,
    0xE1, 0xE3, 0xFF, 0x07, 0xF8, 0x03, 0x80, 0x1C, 0x00, 0x78, 0x01, 0xE0, 0x03, 0x80, 0x0F, 0x01,
    0xFC, 0x3F, 0xE7, 0x0E, 0x70, 0x66, 0x07, 0x60, 0x76, 0x07, 0x70, 0x67, 0x0E, 0x3F, 0xC1, 0xFC,
    0x07, 0x00, 0xE0, 0x0F, 0x00, 0xF8, 0x07, 0x00, 0x0F, 0xC0, 0x3F, 0x00, 0x00, 0x01, 0xE0, 0x1F,
    0xE0, 0xFF, 0xC7, 0x87, 0x9C, 0x0E, 0xE0, 0x1F, 0x80, 0x7C, 0x01, 0xF0, 0x07, 0xC0, 0x1F, 0x80,
    0x7E, 0x01, 0xDC, 0x0E, 0x78, 0x78, 0xFF, 0xC1, 0xFE, 0x00, 0xE0, 0x07, 0x00, 0x1E, 0x00, 0x78,
    0x00, 0xE0, 0x1F, 0x81, 0xF8, 0x00, 0x00, 0xF0, 0x1F, 0xC3, 0xFE, 0x70, 0xE7, 0x06, 0x60, 0x76,
    0x07, 0x60, 0x77, 0x06, 0x70, 0xE3, 0xFC, 0x1F, 0xC0, 0x70, 0x0E, 0x00, 0xF0, 0x0F, 0x80, 0x70,
    0x0C, 0xC0, 0x7E, 0x01, 0xE0, 0x00, 0x03, 0xFF, 0x3F, 0xFD, 0xFF, 0xE0, 0x0E, 0x00, 0xE0, 0x0E,
    0x00, 0xE0, 0x0E, 0x00, 0x7C, 0x03, 0xF8, 0x01, 0xC0, 0x07, 0x00, 0x38, 0x00, 0xC0, 0x06, 0xC0,
    0x37, 0x03, 0xB8, 0x3C, 0xFF, 0xC3, 0xFC, 0x07, 0x80, 0x3B, 0x83, 0xE0, 0x38, 0x00, 0x07, 0xFC,
    0xFF, 0x9F, 0xF0, 0x1C, 0x07, 0x01, 0xE0, 0x38, 0x0F, 0x81, 0xFC, 0x03, 0x80, 0x38, 0x07, 0xE0,
    0xFC, 0x1D, 0xFF, 0x1F, 0xC0, 0xE0, 0xEE, 0xF8, 0xE0, 0x01, 0x07, 0x0E, 0x1C, 0x38, 0x70, 0xE1,
    0xC3, 0x87, 0x0E, 0x1C, 0x38, 0x73, 0xC7, 0x84, 0x00, 0x7C, 0x01, 0xFF, 0xBF, 0xF0, 0x7F, 0xFF,
    0xFE, 0x1F, 0xFF, 0x83, 0xC0, 0x0E, 0xE0, 0x70, 0x03, 0xB8, 0x0E, 0x01, 0xCE, 0x03, 0x80, 0xE3,
    0x80, 0xE0, 0x38, 0xE0, 0x38, 0x1C, 0x38, 0x0E, 0x0E, 0x0E, 0x03, 0x87, 0x03, 0x80, 0xE1, 0xC0,
    0xE0, 0x70, 0xE0, 0x38, 0x3C, 0x70, 0x0F, 0xFE, 0x1F, 0xFF, 0xFE, 0x07, 0xFF, 0x7C, 0x00, 0x00,
    0xFF, 0xC0, 0x00, 0xFF, 0xE0, 0x00, 0xE0, 0xF0, 0x00, 0xE0, 0x71, 0xFF, 0xE0, 0x39, 0xFF, 0xE0,
    0x39, 0xFF, 0xE0, 0x38, 0x0E, 0xE0, 0x38, 0x1C, 0xE0, 0x38, 0x1C, 0xE0, 0x38, 0x38, 0xE0, 0x38,
    0x70, 0xE0, 0x70, 0xE0, 0xE0, 0xF0, 0xE0, 0xFF, 0xE1, 0xFF, 0xFF, 0x81, 0xFF, 0x00, 0x60, 0x00,
    0x00, 0xC0, 0x00, 0x01, 0x80, 0x00, 0x03, 0x00, 0x00, 0xE6, 0x3F, 0xC7, 0xFC, 0x7F, 0xCF, 0xF8,
    0xFF, 0xB8, 0x70, 0x0E, 0x60, 0x60, 0x38, 0xC0, 0xC0, 0xE1, 0x81, 0x81, 0xC3, 0x03, 0x07, 0x07,
    0x06, 0x1C, 0x0E, 0x1C, 0x70, 0x0F, 0xF9, 0xFF, 0x8F, 0xF3, 0xFF, 0x06, 0x00, 0x00, 0x01, 0xC0,
    0x06, 0x00, 0x38, 0x00, 0xC0, 0x07, 0x80, 0x7F, 0x83, 0xFF, 0x1C, 0x1E, 0x60, 0x3B, 0x80, 0x6E,
    0x00, 0x30, 0x00, 0xC1, 0xFF, 0x07, 0xFE, 0x01, 0xF8, 0x06, 0x70, 0x39, 0xE1, 0xE3, 0xFF, 0x07,
    0xF8, 0x03, 0x00, 0x03, 0x80, 0x30, 0x07, 0x00, 0x60, 0x0E, 0x63, 0xFE, 0x3F, 0xE7, 0x0E, 0x60,
    0x66, 0x06, 0x60, 0x66, 0x06, 0x70, 0xE7, 0x0E, 0x3F, 0xE1, 0xF6, 0x00, 0x63, 0x06, 0x7F, 0xE3,
    0xFC, 0x0F, 0x00, 0x40, 0x10, 0x07, 0x01, 0xC0, 0x38, 0x0E, 0x01, 0xC0, 0x70, 0x0E, 0x03, 0x81,
    0x70, 0x1C, 0x1F, 0x80, 0xE0, 0xFF, 0xFF, 0x07, 0xFF, 0xF8, 0x3F, 0xFF, 0xC1, 0xF8, 0x0E, 0x0F,
    0xC0, 0x70, 0x7E, 0x03, 0x83, 0xF0, 0x0E, 0x3B, 0x80, 0x7F, 0xDC, 0x01, 0xFC, 0x00, 0x01, 0x80,
    0xDE, 0x1F, 0xF3, 0xFF, 0x70, 0xFE, 0x0F, 0xC1, 0xF8, 0x3F, 0x07, 0xE0, 0xFC, 0x1F, 0x83, 0xF0,
    0xFE, 0x1D, 0xC7, 0x39, 0xE7, 0xF0, 0xFC, 0x1E, 0x03, 0x80, 0x70, 0x0C, 0x00, 0x0E, 0x00, 0x70,
    0x01, 0xC0, 0x06, 0x06, 0x01, 0x78, 0x1F, 0xC0, 0xFF, 0x07, 0xFC, 0x3F, 0xE1, 0xFB, 0x8F, 0xCE,
    0x7E, 0x73, 0xF1, 0xDF, 0x87, 0xFC, 0x3F, 0xE0, 0xFF, 0x07, 0xF8, 0x1F, 0xC0, 0x70, 0x38, 0x06,
    0x01, 0xC0, 0x30, 0x4E, 0x3F, 0xEF, 0xFB, 0x87, 0xE1, 0xF8, 0x7E, 0x1F, 0x87, 0xE1, 0xF8, 0x7E,
    0x1F, 0x87, 0x00, 0x00, 0x07, 0x00, 0x38, 0x01, 0xE0, 0x0F, 0xC0, 0x33, 0x00, 0xFC, 0x01, 0xE0,
    0x03, 0x00, 0x1E, 0x00, 0x78, 0x01, 0xF0, 0x0F, 0xC0, 0x3B, 0x00, 0xCE, 0x07, 0x38, 0x18, 0x60,
    0xE1, 0xC3, 0xFF, 0x0F, 0xFC, 0x70, 0x39, 0xC0, 0xE6, 0x01, 0xF8, 0x07, 0x03, 0x01, 0xC0, 0x60,
    0x7C, 0x1F, 0x06, 0xE1, 0xF0, 0x7C, 0x0E, 0x0F, 0xE7, 0xFD, 0xC3, 0x00, 0xC7, 0xF7, 0xFD, 0xE3,
    0x60, 0xD8, 0x77, 0xFC, 0xFF, 0x0C, 0x00, 0x00, 0x03, 0x00, 0x00, 0x70, 0x00, 0x06, 0x00, 0x00,
    0x40, 0x00, 0xFF, 0xE0, 0x1F, 0xFF, 0x03, 0xFF, 0xF0, 0x3B, 0x00, 0x03, 0x30, 0x00, 0x73, 0x00,
    0x06, 0x30, 0x00, 0xE3, 0xFE, 0x0C, 0x3F, 0xE1, 0xC3, 0xFE, 0x1F, 0xF0, 0x03, 0xFF, 0x00, 0x38,
    0x30, 0x07, 0x03, 0x00, 0x70, 0x3F, 0xFE, 0x03, 0xFF, 0x00, 0x70, 0x00, 0x1C, 0x00, 0x06, 0x00,
    0x03, 0x00, 0x0E, 0x1E, 0x0F, 0xEF, 0xC7, 0xFF, 0xF9, 0xC3, 0x87, 0x00, 0xC0, 0xC7, 0xFF, 0xF7,
    0xFF, 0xFD, 0xC3, 0x00, 0x60, 0xC0, 0x18, 0x78, 0x77, 0xFF, 0xFC, 0xFC, 0xFE, 0x0C, 0x0C, 0x00,
    0x01, 0xC0, 0x06, 0x00, 0x38, 0x00, 0xC0, 0x07, 0x98, 0x7F, 0xE3, 0xFF, 0x9E, 0x1E, 0x70, 0xFB,
    0x83, 0xFE, 0x1D, 0xF0, 0xE7, 0xC7, 0x1F, 0x1C, 0x7E, 0xE1, 0xFF, 0x07, 0x78, 0x39, 0xE1, 0xE7,
    0xFF, 0x1F, 0xF8, 0x43, 0x00, 0x03, 0x80, 0x30, 0x07, 0x00, 0x60, 0x0F, 0x21, 0xFF, 0x3F, 0xE7,
    0x1E, 0x73, 0xE6, 0x77, 0x66, 0x76, 0xE7, 0x7C, 0x67, 0x8E, 0x7F, 0xC7, 0xF8, 0x46, 0x00, 0x3B,
    0x80, 0x76, 0x00, 0xDC, 0x01, 0x30, 0x03, 0x00, 0x1E, 0x00, 0x78, 0x01, 0xF0, 0x0F, 0xC0, 0x3B,
    0x00, 0xCE, 0x07, 0x38, 0x18, 0x60, 0xE1, 0xC3, 0xFF, 0x0F, 0xFC, 0x70, 0x39, 0xC0, 0xE6, 0x01,
    0xF8, 0x07, 0x76, 0x1D, 0xC3, 0xB0, 0x6C, 0x0E, 0x0F, 0xE7, 0xFD, 0xC3, 0x00, 0xC7, 0xF7, 0xFD,
    0xE3, 0x60, 0xD8, 0x77, 0xFC, 0xFF, 0x0C, 0x00, 0x07, 0x80, 0x3F, 0x00, 0xCC, 0x00, 0x00, 0x03,
    0x00, 0x1E, 0x00, 0x78, 0x01, 0xF0, 0x0F, 0xC0, 0x3B, 0x00, 0xCE, 0x07, 0x38, 0x18, 0x60, 0xE1,
    0xC3, 0xFF, 0x0F, 0xFC, 0x70, 0x39, 0xC0, 0xE6, 0x01, 0xF8, 0x07, 0x1F, 0x07, 0xE3, 0x18, 0x00,
    0x0E, 0x0F, 0xE7, 0xFD, 0xC3, 0x00, 0xC7, 0xF7, 0xFD, 0xE3, 0x60, 0xD8, 0x77, 0xFC, 0xFF, 0x0C,
    0x00, 0x66, 0x0E, 0xE0, 0xFC, 0x0D, 0x87, 0xFD, 0xFF, 0xFF, 0xF7, 0x00, 0xE0, 0x1C, 0x03, 0x80,
    0x7F, 0xEF, 0xFD, 0xFF, 0x38, 0x07, 0x00, 0xE0, 0x1C, 0x03, 0xFF, 0xFF, 0xF0, 0x77, 0x07, 0xE0,
    0x6C, 0x0C, 0x80, 0xF0, 0x3F, 0x8F, 0xF3, 0x87, 0x60, 0x6F, 0xFD, 0xFF, 0xB0, 0x06, 0x00, 0xE1,
    0xCF, 0xF8, 0xFE, 0x06, 0x00, 0x1F, 0x07, 0xE0, 0xC6, 0x00, 0x07, 0xFD, 0xFF, 0xFF, 0xF7, 0x00,
    0xE0, 0x1C, 0x03, 0x80, 0x7F, 0xEF, 0xFD, 0xFF, 0x38, 0x07, 0x00, 0xE0, 0x1C, 0x03, 0xFF, 0xFF,
    0xF0, 0x0F, 0x03, 0xF0, 0x66, 0x00, 0x00, 0xF0, 0x3F, 0x8F, 0xF3, 0x87, 0x60, 0x6F, 0xFD, 0xFF,
    0xB0, 0x06, 0x00, 0xE1, 0xCF, 0xF8, 0xFE, 0x06, 0x00, 0xEC, 0x6E, 0x76, 0x36, 0x08, 0x1C, 0x1C,
    0x1C, 0x1C, 0x1C, 0x1C, 0x1C, 0x1C, 0x1C, 0x1C, 0x1C, 0x1C, 0x1C, 0x1C, 0x1C, 0x6E, 0x76, 0x3F,
    0x1B, 0x04, 0x0E, 0x0E, 0x0E, 0x0E, 0x0E, 0x0E, 0x0E, 0x0E, 0x0E, 0x0E, 0x0E, 0x3C, 0xFF, 0x98,
    0x01, 0x07, 0x0E, 0x1C, 0x38, 0x70, 0xE1, 0xC3, 0x87, 0x0E, 0x1C, 0x38, 0x70, 0xE1, 0xC0, 0x7D,
    0xFB, 0x18, 0x01, 0x07, 0x0E, 0x1C, 0x38, 0x70, 0xE1, 0xC3, 0x87, 0x0E, 0x1C, 0x3B, 0x80, 0x6E,
    0x00, 0xD8, 0x03, 0x20, 0x07, 0x80, 0x7F, 0x83, 0xFF, 0x1E, 0x1E, 0x70, 0x3B, 0x80, 0x7E, 0x01,
    0xF0, 0x07, 0xC0, 0x1F, 0x00, 0x7E, 0x01, 0xF8, 0x07, 0x70, 0x39, 0xE1, 0xE3, 0xFF, 0x07, 0xF8,
    0x03, 0x00, 0x77, 0x03, 0xB0, 0x1B, 0x80, 0x98, 0x0F, 0x01, 0xFC, 0x3F, 0xE7, 0x0E, 0x70, 0x66,
    0x07, 0x60, 0x76, 0x07, 0x70, 0x67, 0x0E, 0x3F, 0xC1, 0xF8, 0x06, 0x00, 0x07, 0x80, 0x3F, 0x00,
    0xCC, 0x00, 0x00, 0x07, 0x80, 0x7F, 0x83, 0xFF, 0x1E, 0x1E, 0x70, 0x3B, 0x80, 0x7E, 0x01, 0xF0,
    0x07, 0xC0, 0x1F, 0x00, 0x7E, 0x01, 0xF8, 0x07, 0x70, 0x39, 0xE1, 0xE3, 0xFF, 0x07, 0xF8, 0x03,
    0x00, 0x0F, 0x01, 0xF8, 0x19, 0x80, 0x00, 0x0F, 0x01, 0xFC, 0x3F, 0xE7, 0x0E, 0x70, 0x66, 0x07,
    0x60, 0x76, 0x07, 0x70, 0x67, 0x0E, 0x3F, 0xC1, 0xF8, 0x06, 0x00, 0x76, 0x07, 0x70, 0x3B, 0x01,
    0xB0, 0x7E, 0x0F, 0xFC, 0xFF, 0xEE, 0x0E, 0xE0, 0x6E, 0x07, 0xE0, 0x6E, 0x0E, 0xFF, 0xEF, 0xFC,
    0xE3, 0x8E, 0x1C, 0xE1, 0xCE, 0x0E, 0xE0, 0xEE, 0x07, 0x6E, 0x3B, 0x0D, 0xC2, 0x61, 0x31, 0xFC,
    0xFC, 0x70, 0x38, 0x1C, 0x0E, 0x07, 0x03, 0x81, 0xC0, 0xE0, 0x70, 0x1F, 0x01, 0xF8, 0x31, 0x80,
    0x00, 0x7E, 0x0F, 0xFC, 0xFF, 0xEE, 0x0E, 0xE0, 0x6E, 0x07, 0xE0, 0x6E, 0x0E, 0xFF, 0xEF, 0xFC,
    0xE3, 0x8E, 0x1C, 0xE1, 0xCE, 0x0E, 0xE0, 0xEE, 0x07, 0x79, 0xFB, 0x38, 0x04, 0xDF, 0xFF, 0x70,
    0xE1, 0xC3, 0x87, 0x0E, 0x1C, 0x38, 0x70, 0x3B, 0x00, 0xDC, 0x07, 0x60, 0x1B, 0x04, 0x01, 0x70,
    0x1F, 0x80, 0xFC, 0x07, 0xE0, 0x3F, 0x01, 0xF8, 0x0F, 0xC0, 0x7E, 0x03, 0xF0, 0x1F, 0x80, 0xFC,
    0x07, 0x60, 0x3B, 0x83, 0x8F, 0xFC, 0x3F, 0xC0, 0x70, 0x00, 0xEE, 0x1F, 0x83, 0x60, 0xC8, 0x40,
    0xF8, 0x7E, 0x1F, 0x87, 0xE1, 0xF8, 0x7E, 0x1F, 0x87, 0xE1, 0xF8, 0x77, 0xFC, 0xFF, 0x08, 0x00,
    0x07, 0x80, 0x7E, 0x06, 0x30, 0x00, 0x04, 0x01, 0x70, 0x1F, 0x80, 0xFC, 0x07, 0xE0, 0x3F, 0x01,
    0xF8, 0x0F, 0xC0, 0x7E, 0x03, 0xF0, 0x1F, 0x80, 0xFC, 0x07, 0x60, 0x3B, 0x83, 0x8F, 0xFC, 0x3F,
    0xC0, 0x70, 0x00, 0x1E, 0x0F, 0xC3, 0x30, 0x00, 0x40, 0xF8, 0x7E, 0x1F, 0x87, 0xE1, 0xF8, 0x7E,
    0x1F, 0x87, 0xE1, 0xF8, 0x77, 0xFC, 0xFF, 0x08, 0x00, 0x0E, 0x03, 0xFC, 0x7F, 0xCE, 0x0E, 0xE0,
    0x6E, 0x00, 0xF0, 0x07, 0xE0, 0x3F, 0xC0, 0x7E, 0x00, 0xEC, 0x06, 0xE0, 0x6E, 0x0E, 0x7F, 0xE3,
    0xFC, 0x0E, 0x00, 0xE0, 0x0C, 0x00, 0xC0, 0x0C, 0x00, 0x00, 0x1C, 0x3F, 0xBF, 0xFC, 0x7E, 0x07,
    0xE1, 0xFC, 0x1F, 0x03, 0xE1, 0xFF, 0xEF, 0xE1, 0xC0, 0xE0, 0x60, 0x30, 0x38, 0x00, 0x00, 0x7F,
    0xF3, 0xFF, 0xDF, 0xFE, 0x0E, 0x00, 0x70, 0x03, 0x80, 0x1C, 0x00, 0xE0, 0x07, 0x00, 0x38, 0x01,
    0xC0, 0x0E, 0x00, 0x70, 0x03, 0x80, 0x1C, 0x00, 0xE0, 0x00, 0x00, 0x38, 0x01, 0x80, 0x0C, 0x00,
    0x60, 0x00, 0x00, 0x30, 0x63, 0xF7, 0xEF, 0xC6, 0x0C, 0x18, 0x30, 0x60, 0xC1, 0x83, 0xC7, 0xC0,
    0x1C, 0x38, 0x60, 0xC0, 0x00, 0x0E, 0x07, 0xF1, 0xFF, 0x70, 0xFE, 0x0E, 0x01, 0xC0, 0x38, 0x0E,
    0x03, 0xC1, 0xF8, 0xFB, 0xBE, 0x76, 0x0E, 0x01, 0xC0, 0x38, 0x0F, 0x03, 0xC1, 0xF1, 0xFC, 0x3E,
    0x06, 0x00, 0x3E, 0x3F, 0xBF, 0xFC, 0x70, 0x38, 0x1C, 0x1C, 0x3F, 0x7F, 0xB9, 0xC0, 0xE0, 0x70,
    0x38, 0x79, 0xF8, 0xF8, 0x60, 0x00, 0x1D, 0xC0, 0x7C, 0x01, 0xE0, 0x00, 0x04, 0x01, 0x70, 0x1F,
    0x80, 0xFC, 0x07, 0xE0, 0x3F, 0x01, 0xF8, 0x0F, 0xFF, 0xFF, 0xFF, 0xF0, 0x1F, 0x80, 0xFC, 0x07,
    0xE0, 0x3F, 0x01, 0xF8, 0x0F, 0xC0, 0x70, 0xEE, 0x07, 0xC0, 0x38, 0x00, 0x00, 0x10, 0x03, 0x80,
    0x38, 0x03, 0x80, 0x3B, 0x83, 0xFE, 0x3F, 0xE3, 0x87, 0x38, 0x73, 0x87, 0x38, 0x73, 0x87, 0x38,
    0x73, 0x87, 0x38, 0x73, 0x87, 0xE6, 0x73, 0x77, 0x64, 0x38, 0xFB, 0xB8, 0x00, 0x65, 0xFB, 0x70,
    0xFF, 0xF0, 0xCF, 0xF7, 0x80, 0xDF, 0x80, 0x66, 0xE7, 0x66, 0xEF, 0x66, 0x01, 0xEF, 0xF3, 0xFD,
    0xE0, 0x00, 0x00, 0x36, 0x7E, 0x6C, 0xCC, 0xCE, 0xF9, 0xE0, 0x00, 0xEE, 0x6E, 0x36, 0x32, 0x37,
    0x6E, 0xEC, 0x66, 0x66, 0xEE, 0xC0, 0x66, 0x66, 0xEE, 0xC0, 0x37, 0x76, 0x60, 0xDF, 0x80, 0x33,
    0x76, 0x60, 0x43, 0x1C, 0x6F, 0x30, 0x13, 0x98, 0xF7, 0x9C, 0xCE, 0xF9, 0xE0, 0x00, 0x01, 0x80,
    0xC0, 0xC0, 0x60, 0x60, 0x30, 0x30, 0x18, 0x18, 0x0C, 0x0C, 0x06, 0x06, 0x03, 0x01, 0x00, 0x00,
    0x30, 0x06, 0x00, 0x60, 0x0C, 0x01, 0xC0, 0x18, 0x03, 0x00, 0x30, 0x06, 0x00, 0xC0, 0x0C, 0x01,
    0x80, 0x38, 0x03, 0x00, 0x60, 0x06, 0x00, 0xC0, 0x00, 0x65, 0xFB, 0x70, 0x66, 0xEC, 0x00, 0xFF,
    0xFF, 0xC3, 0xC3, 0xC3, 0xFF, 0xFD, 0xFF, 0xF7, 0xC0, 0xDE, 0xF7, 0xBD, 0x80, 0xFF, 0xCE, 0x71,
    0x00, 0x00, 0x6F, 0xFF, 0xFE, 0xB0, 0x1C, 0x0E, 0x0E, 0xCF, 0xE6, 0xF2, 0xE0, 0x70, 0x10, 0x7F,
    0xFF, 0x7B, 0xFF, 0xC4, 0x33, 0x1F, 0xE7, 0xF9, 0xCE, 0x33, 0x00, 0x00, 0xC7, 0xBF, 0x30, 0xC0,
    0xC0, 0x78, 0x3F, 0x83, 0xE0, 0xF3, 0xFB, 0xE1, 0xC0, 0x3F, 0x76, 0x18, 0x7E, 0x7E, 0x66, 0x18,
    0x18, 0x00, 0x4B, 0xE7, 0x9E, 0xF8, 0x00, 0x00, 0xFF, 0xBC, 0x3C, 0x30, 0x03, 0xC7, 0xCF, 0xF3,
    0x00, 0x00, 0x8F, 0x1C, 0x7D, 0xC3, 0xF6, 0xFB, 0x6C, 0x32, 0x0E, 0x63, 0x6E, 0x00, 0xDF, 0x80,
    0x20, 0xCF, 0x8C, 0x78, 0x00, 0x66, 0x7F, 0xB6, 0x5B, 0xE7, 0xF0, 0x67, 0x3C, 0xE3, 0x00, 0x40,
    0x02, 0x70, 0x0E, 0x3F, 0xFC, 0x0F, 0xF0, 0x40, 0x02, 0x70, 0x0E, 0x3F, 0xFC, 0x0F, 0xF0, 0x7F,
    0xF9, 0xFF, 0xE7, 0xFF, 0x80, 0x7F, 0xF9, 0xFF, 0xE7, 0xFF, 0x80, 0x3E, 0x00, 0x37, 0xFF, 0xFF,
    0xEF, 0xFF, 0xE4, 0x00, 0x08, 0x00, 0x00, 0x1F, 0xF8, 0x3F, 0xFC, 0x70, 0x0E, 0x00, 0x0E, 0x00,
    0x03, 0x9F, 0xFF, 0xE0, 0x00, 0xE0, 0x00, 0xC0, 0x79, 0xF7, 0xFF, 0xFD, 0xF0, 0x79, 0xFF, 0xFF,
    0x7D, 0xE0, 0xFF, 0xFF, 0x7B, 0xFC, 0xF3, 0xFD, 0xE0, 0xCF, 0x3C, 0xF3, 0x7D, 0xF0, 0x79, 0xFC,
    0x30, 0xFD, 0xE0, 0x0C, 0x30, 0xDF, 0xFF, 0x3C, 0xFF, 0x7C, 0x43, 0x0C, 0x3E, 0xFF, 0x3C, 0xF3,
    0xCC, 0xFF, 0x7F, 0xF6, 0x7B, 0x3D, 0x9E, 0xCC, 0xFF, 0xEE, 0xEC, 0x66, 0xF7, 0x66, 0x77, 0xED,
    0xB7, 0x9E, 0x38, 0xC0, 0xD9, 0xE7, 0x1C, 0xFB, 0x60, 0xDF, 0xED, 0xB0, 0x26, 0x6E, 0xC0, 0x40,
    0x17, 0x01, 0xF8, 0x1F, 0xC1, 0xFE, 0x0F, 0xF0, 0xFF, 0x8E, 0xFC, 0x77, 0xE7, 0x3F, 0x39, 0xFB,
    0x8F, 0xF8, 0x7F, 0xC3, 0xFC, 0x1F, 0xC0, 0xFE, 0x07, 0xCE, 0xEE, 0x00, 0x0E, 0x07, 0xF1, 0xFF,
    0x38, 0x62, 0x0E, 0x01, 0xC0, 0x38, 0x07, 0x60, 0xEE, 0x39, 0xFF, 0x1F, 0xC0, 0xE0, 0x0F, 0x03,
    0xF8, 0xFF, 0x38, 0x77, 0x04, 0xCC, 0x1B, 0xC3, 0x30, 0x70, 0x6E, 0x1C, 0xFF, 0x0F, 0xC0, 0x60,
    0x0E, 0x07, 0xF1, 0xFF, 0x38, 0x62, 0x0E, 0x1D, 0xC3, 0xB8, 0x77, 0x60, 0xEE, 0x39, 0xFF, 0x1F,
    0xC0, 0xE0, 0x6F, 0x70, 0x00, 0x00, 0x66, 0xEE, 0xCC, 0xC0, 0x00, 0xC0, 0x30, 0x0C, 0x03, 0x00,
    0xC0, 0x30, 0x0C, 0x03, 0x00, 0xC0, 0x36, 0x0D, 0x83, 0x60, 0xDC, 0x77, 0xFC, 0xFE, 0x04, 0x00,
    0x7F, 0x60, 0x0E, 0x03, 0x06, 0xDB, 0xAE, 0x61, 0x80, 0x03, 0x01, 0xDE, 0x07, 0x78, 0x19, 0xF0,
    0x6F, 0xC0, 0x3B, 0x00, 0xCE, 0x07, 0x38, 0x18, 0x60, 0xE1, 0xC3, 0xFF, 0x0F, 0xFC, 0x70, 0x39,
    0xC0, 0xE6, 0x01, 0xF8, 0x07, 0x6E, 0xE0, 0x07, 0xFD, 0xBF, 0xF6, 0xFF, 0xDB, 0x80, 0x4E, 0x00,
    0x38, 0x00, 0xE0, 0x03, 0xFF, 0x0F, 0xFC, 0x3F, 0xE0, 0xE0, 0x03, 0x80, 0x0E, 0x00, 0x38, 0x00,
    0xFF, 0xC3, 0xFF, 0x04, 0x01, 0x37, 0x01, 0xDB, 0x80, 0xED, 0xC0, 0x74, 0xE0, 0x38, 0x70, 0x1C,
    0x38, 0x0E, 0x1F, 0xFF, 0x0F, 0xFF, 0x87, 0x01, 0xC3, 0x80, 0xE1, 0xC0, 0x70, 0xE0, 0x38, 0x70,
    0x1C, 0x38, 0x0E, 0x1C, 0x07, 0x04, 0xDD, 0xBB, 0x74, 0xE1, 0xC3, 0x87, 0x0E, 0x1C, 0x38, 0x70,
    0xE1, 0xC3, 0x87, 0x00, 0xF0, 0x31, 0xFE, 0x19, 0xFF, 0x8D, 0xC1, 0xE5, 0xC0, 0x70, 0xE0, 0x18,
    0x60, 0x0E, 0x30, 0x07, 0x18, 0x03, 0x8C, 0x01, 0xC6, 0x00, 0xE3, 0x80, 0x61, 0xC0, 0x70, 0x78,
    0x70, 0x1F, 0xF8, 0x07, 0xF8, 0x00, 0x60, 0x00, 0x04, 0x00, 0x9B, 0xC0, 0x76, 0x70, 0x39, 0x8E,
    0x1C, 0x43, 0x87, 0x00, 0x73, 0x80, 0x0F, 0xC0, 0x03, 0xF0, 0x00, 0x78, 0x00, 0x1E, 0x00, 0x03,
    0x00, 0x00, 0xC0, 0x00, 0x30, 0x00, 0x0C, 0x00, 0x03, 0x00, 0x00, 0xC0, 0x00, 0xF0, 0x31, 0xFE,
    0x19, 0xFF, 0x8D, 0xC1, 0xE5, 0xC0, 0x70, 0xE0, 0x1C, 0x60, 0x0E, 0x30, 0x07, 0x18, 0x03, 0x8E,
    0x01, 0xC7, 0x00, 0xE1, 0xC0, 0xE0, 0xF1, 0xE0, 0x1C, 0xE0, 0x7E, 0x7E, 0x3F, 0x3F, 0x18, 0x30,
    0xE2, 0x2E, 0xFD, 0xD1, 0x08, 0x38, 0x70, 0xE1, 0xC3, 0x87, 0x0E, 0x1C, 0x38, 0x78, 0x78, 0x00,
    0x03, 0x00, 0x1E, 0x00, 0x78, 0x01, 0xF0, 0x0F, 0xC0, 0x3B, 0x00, 0xCE, 0x07, 0x38, 0x18, 0x60,
    0xE1, 0xC3, 0xFF, 0x0F, 0xFC, 0x70, 0x39, 0xC0, 0xE6, 0x01, 0xF8, 0x07, 0x7E, 0x0F, 0xFC, 0xFF,
    0xEE, 0x0E, 0xE0, 0x6E, 0x06, 0xE0, 0xEF, 0xFC, 0xFF, 0xCF, 0xFE, 0xE0, 0x7E, 0x07, 0xE0, 0x7E,
    0x0F, 0xFF, 0xEF, 0xFC, 0x7F, 0xFF, 0xFF, 0xFF, 0x80, 0xE0, 0x38, 0x0E, 0x03, 0x80, 0xE0, 0x38,
    0x0E, 0x03, 0x80, 0xE0, 0x38, 0x0E, 0x03, 0x80, 0x03, 0x00, 0x1E, 0x00, 0x78, 0x01, 0xE0, 0x0F,
    0xC0, 0x3F, 0x00, 0xCC, 0x07, 0x38, 0x1C, 0x60, 0xE1, 0xC3, 0x87, 0x0C, 0x0C, 0x70, 0x39, 0xC0,
    0xE7, 0xFF, 0xBF, 0xFF, 0x7F, 0xDF, 0xFF, 0xFF, 0x70, 0x0E, 0x01, 0xC0, 0x38, 0x07, 0xFE, 0xFF,
    0xDF, 0xF3, 0x80, 0x70, 0x0E, 0x01, 0xC0, 0x3F, 0xFF, 0xFF, 0xFF, 0xFF, 0xFF, 0xFF, 0x80, 0xE0,
    0x1C, 0x07, 0x01, 0xC0, 0x38, 0x0E, 0x03, 0x80, 0x70, 0x1C, 0x07, 0x01, 0xC0, 0x3F, 0xFF, 0xFF,
    0x40, 0x17, 0x01, 0xF8, 0x0F, 0xC0, 0x7E, 0x03, 0xF0, 0x1F, 0x80, 0xFF, 0xFF, 0xFF, 0xFF, 0x01,
    0xF8, 0x0F, 0xC0, 0x7E, 0x03, 0xF0, 0x1F, 0x80, 0xFC, 0x07, 0x07, 0x80, 0x7F, 0x83, 0xFF, 0x1E,
    0x1E, 0x70, 0x3B, 0x80, 0x7E, 0x01, 0xF3, 0xF7, 0xDF, 0xDF, 0x3F, 0x7E, 0x01, 0xF8, 0x07, 0x70,
    0x39, 0xE1, 0xE3, 0xFF, 0x07, 0xF8, 0x03, 0x00, 0x5F, 0xFF, 0xFF, 0xFF, 0xFF, 0xFF, 0x40, 0x37,
    0x03, 0xB8, 0x39, 0xC3, 0x8E, 0x38, 0x73, 0x83, 0xB8, 0x1F, 0xC0, 0xFE, 0x07, 0xF8, 0x3C, 0xE1,
    0xC7, 0x8E, 0x1C, 0x70, 0x73, 0x81, 0xDC, 0x0E, 0x03, 0x00, 0x1E, 0x00, 0x78, 0x01, 0xF0, 0x0F,
    0xC0, 0x3B, 0x00, 0xCE, 0x07, 0x38, 0x18, 0x60, 0xE1, 0xC3, 0x87, 0x0C, 0x0C, 0x70, 0x39, 0xC0,
    0xE6, 0x01, 0xF8, 0x07, 0x60, 0x07, 0xF0, 0x07, 0xF0, 0x0F, 0xF8, 0x0F, 0xF8, 0x1F, 0xFC, 0x1F,
    0xFC, 0x1B, 0xEC, 0x3B, 0xEE, 0x33, 0xE6, 0x73, 0xE7, 0x73, 0xE7, 0x63, 0xE3, 0xE3, 0xE3, 0xC3,
    0xE3, 0xC3, 0xE1, 0xC3, 0x60, 0x17, 0x81, 0xFC, 0x0F, 0xF0, 0x7F, 0xC3, 0xFE, 0x1F, 0xB8, 0xFC,
    0xE7, 0xE7, 0x3F, 0x1D, 0xF8, 0x7F, 0xC3, 0xFE, 0x0F, 0xF0, 0x7F, 0x81, 0xFC, 0x07, 0x7F, 0xEF,
    0xFE, 0xFF, 0xE0, 0x00, 0x00, 0x00, 0x00, 0x00, 0x07, 0xFE, 0x7F, 0xE7, 0xFC, 0x00, 0x00, 0x00,
    0x00, 0x00, 0x00, 0xFF, 0xEF, 0xFE, 0x07, 0x80, 0x7F, 0x83, 0xFF, 0x1E, 0x1E, 0x70, 0x3B, 0x80,
    0x7E, 0x01, 0xF0, 0x07, 0xC0, 0x1F, 0x00, 0x7E, 0x01, 0xF8, 0x07, 0x70, 0x39, 0xE1, 0xE3, 0xFF,
    0x07, 0xF8, 0x03, 0x00, 0x7F, 0xF7, 0xFF, 0xFF, 0xFF, 0xC0, 0x7E, 0x03, 0xF0, 0x1F, 0x80, 0xFC,
    0x07, 0xE0, 0x3F, 0x01, 0xF8, 0x0F, 0xC0, 0x7E, 0x03, 0xF0, 0x1F, 0x80, 0xFC, 0x07, 0x7E, 0x0F,
    0xFC, 0xFF, 0xEE, 0x0E, 0xE0, 0x6E, 0x07, 0xE0, 0x6E, 0x0E, 0xFF, 0xEF, 0xFC, 0xFF, 0x0E, 0x00,
    0xE0, 0x0E, 0x00, 0xE0, 0x0E, 0x00, 0x7F, 0xEF, 0xFF, 0xFF, 0xF7, 0x80, 0x3C, 0x01, 0xE0, 0x0E,
    0x00, 0x70, 0x03, 0x80, 0x70, 0x0E, 0x01, 0xC0, 0x38, 0x07, 0x00, 0xFF, 0xFF, 0xFF, 0x7F, 0xF3,
    0xFF, 0xDF, 0xFE, 0x0E, 0x00, 0x70, 0x03, 0x80, 0x1C, 0x00, 0xE0, 0x07, 0x00, 0x38, 0x01, 0xC0,
    0x0E, 0x00, 0x70, 0x03, 0x80, 0x1C, 0x00, 0xE0, 0x40, 0x0B, 0x80, 0xF7, 0x03, 0x8E, 0x1C, 0x38,
    0x70, 0x73, 0x80, 0xFC, 0x03, 0xF0, 0x07, 0x80, 0x1E, 0x00, 0x30, 0x00, 0xC0, 0x03, 0x00, 0x0C,
    0x00, 0x30, 0x00, 0xC0, 0x01, 0x80, 0x07, 0xE0, 0x1F, 0xF8, 0x3F, 0xFE, 0x71, 0x8E, 0xE1, 0x87,
    0xE1, 0x87, 0xE1, 0x83, 0xC1, 0x83, 0xE1, 0x83, 0xE1, 0x87, 0xE1, 0x87, 0x71, 0x8E, 0x3F, 0xFC,
    0x1F, 0xF8, 0x07, 0xE0, 0x01, 0x80, 0x60, 0x19, 0xC0, 0xE3, 0x87, 0x8E, 0x1C, 0x1C, 0xE0, 0x3F,
    0x00, 0xFC, 0x01, 0xE0, 0x07, 0x80, 0x1F, 0x00, 0xFC, 0x07, 0x38, 0x1C, 0xF0, 0xE1, 0xC7, 0x03,
    0xB8, 0x07, 0x41, 0x82, 0xE1, 0x87, 0xE1, 0x87, 0xE1, 0x87, 0xE1, 0x87, 0xE1, 0x87, 0x61, 0x87,
    0x61, 0x86, 0x71, 0x8E, 0x3D, 0xBC, 0x1F, 0xFC, 0x07, 0xF0, 0x01, 0x80, 0x01, 0x80, 0x01, 0x80,
    0x01, 0x80, 0x07, 0x80, 0x7F, 0x83, 0xFF, 0x1C, 0x0E, 0xE0, 0x1B, 0x80, 0x7E, 0x01, 0xF0, 0x07,
    0xE0, 0x1F, 0x80, 0x7E, 0x01, 0xDC, 0x0E, 0x78, 0xF0, 0x73, 0x8F, 0xCF, 0xFF, 0x3F, 0x66, 0xEE,
    0xE6, 0x00, 0x10, 0x38, 0x38, 0x38, 0x38, 0x38, 0x38, 0x38, 0x38, 0x38, 0x38, 0x38, 0x38, 0x38,
    0x38, 0x38, 0x0C, 0xC0, 0x73, 0x80, 0xCC, 0x00, 0x00, 0x40, 0x0B, 0x80, 0xF7, 0x03, 0x8E, 0x1C,
    0x38, 0x70, 0x73, 0x80, 0xFC, 0x03, 0xF0, 0x07, 0x80, 0x1E, 0x00, 0x30, 0x00, 0xC0, 0x03, 0x00,
    0x0C, 0x00, 0x30, 0x00, 0xC0, 0x03, 0x00, 0x38, 0x01, 0x80, 0x0C, 0x00, 0xF1, 0x8F, 0xDC, 0xFF,
    0xEE, 0x1E, 0x60, 0x73, 0x03, 0x98, 0x1C, 0xC0, 0xE7, 0x07, 0x38, 0x7C, 0xFF, 0xE3, 0xF3, 0x06,
    0x00, 0x0C, 0x06, 0x03, 0x01, 0x01, 0xC3, 0xFB, 0xFF, 0xC7, 0xE0, 0x7E, 0x1F, 0x1E, 0x0C, 0x17,
    0x1F, 0xFE, 0xFE, 0x1C, 0x00, 0x06, 0x03, 0x80, 0xC0, 0x30, 0x4E, 0x3F, 0xEF, 0xFB, 0x87, 0xE1,
    0xF8, 0x7E, 0x1F, 0x87, 0xE1, 0xF8, 0x7E, 0x1F, 0x87, 0x01, 0xC0, 0x70, 0x1C, 0x07, 0x00, 0xC0,
    0x63, 0x18, 0x84, 0x73, 0x9C, 0xE7, 0x39, 0xCE, 0x73, 0xCF, 0x00, 0x0E, 0x03, 0x86, 0xD9, 0xF7,
    0x61, 0x80, 0x04, 0x0F, 0x87, 0xE1, 0xF8, 0x7E, 0x1F, 0x87, 0xE1, 0xF8, 0x7E, 0x1F, 0x87, 0x7F,
    0x8F, 0xC0, 0xC0, 0x0F, 0x18, 0xFD, 0xCF, 0xFE, 0xE1, 0xE6, 0x07, 0x30, 0x39, 0x81, 0xCC, 0x0E,
    0x70, 0x73, 0x87, 0xCF, 0xFE, 0x3F, 0x30, 0x60, 0x00, 0x1E, 0x07, 0xE1, 0xFE, 0x70, 0xEE, 0x1D,
    0xC3, 0xB8, 0xE7, 0x78, 0xEF, 0x9C, 0x3B, 0x83, 0x70, 0x7E, 0x0D, 0xC3, 0xBF, 0xF7, 0xFC, 0xE4,
    0x1C, 0x03, 0x80, 0x70, 0x04, 0x00, 0x40, 0x7C, 0x1D, 0x83, 0xB8, 0x63, 0x1C, 0x73, 0x8E, 0x60,
    0xDC, 0x1F, 0x03, 0xE0, 0x3C, 0x07, 0x00, 0xE0, 0x1C, 0x03, 0x80, 0x70, 0x06, 0x00, 0x01, 0x81,
    0xFC, 0x3F, 0xC3, 0x80, 0x38, 0x01, 0xF0, 0x1F, 0xC3, 0xFC, 0x70, 0xE6, 0x06, 0x60, 0x66, 0x06,
    0x60, 0x67, 0x0E, 0x3F, 0xC1, 0xF8, 0x06, 0x00, 0x1C, 0x3F, 0xBF, 0xFC, 0x7E, 0x07, 0xE1, 0xF1,
    0xE0, 0xC1, 0x71, 0xFF, 0xEF, 0xE1, 0xC0, 0x3F, 0x9F, 0xF7, 0xFC, 0x0E, 0x07, 0x03, 0x80, 0xE0,
    0x70, 0x38, 0x1C, 0x07, 0x01, 0x80, 0x60, 0x1C, 0x07, 0xF8, 0x7F, 0x01, 0xC0, 0x70, 0x1C, 0x4E,
    0x3F, 0xEF, 0xFB, 0x87, 0xE1, 0xF8, 0x7E, 0x1F, 0x87, 0xE1, 0xF8, 0x7E, 0x1F, 0x87, 0x01, 0xC0,
    0x70, 0x1C, 0x07, 0x00, 0xC0, 0x0E, 0x07, 0xF1, 0xFF, 0x30, 0xEE, 0x0D, 0xC1, 0xF0, 0x3F, 0xFF,
    0xFF, 0xFF, 0xFF, 0x03, 0xF0, 0x7E, 0x0C, 0xE3, 0x9F, 0xE1, 0xFC, 0x0C, 0x00, 0x47, 0x39, 0xCE,
    0x73, 0x9C, 0xE7, 0x3C, 0xF0, 0x00, 0x41, 0xB8, 0xEE, 0x7B, 0x9C, 0xEE, 0x3F, 0x0F, 0x83, 0xF0,
    0xEE, 0x39, 0xCE, 0x3B, 0x8F, 0x30, 0x03, 0xC0, 0x0F, 0x00, 0x1C, 0x00, 0xE0, 0x07, 0x00, 0x3C,
    0x03, 0xE0, 0x1F, 0x00, 0xDC, 0x0E, 0x60, 0x63, 0x87, 0x1C, 0x38, 0x61, 0x83, 0xFC, 0x0F, 0x00,
    0x10, 0x40, 0xDC, 0x3B, 0x87, 0x70, 0xEE, 0x1D, 0xC3, 0xB8, 0x77, 0x0E, 0xE1, 0xDC, 0x3B, 0xFF,
    0xFF, 0xFE, 0x01, 0xC0, 0x38, 0x07, 0x00, 0x40, 0x00, 0xC0, 0x2E, 0x07, 0xF0, 0x63, 0x0E, 0x38,
    0xC3, 0x9C, 0x19, 0xC1, 0xD8, 0x0F, 0x80, 0xF8, 0x0F, 0x00, 0x70, 0x7F, 0xBF, 0xE7, 0xF9, 0xC0,
    0x60, 0x38, 0x07, 0x01, 0xFC, 0x3F, 0x9E, 0x0E, 0x03, 0x00, 0xC0, 0x38, 0x07, 0xF0, 0xFE, 0x01,
    0x80, 0x70, 0x1C, 0x0F, 0x01, 0xFC, 0x3F, 0xE7, 0x0E, 0x70, 0x66, 0x07, 0x60, 0x76, 0x07, 0x70,
    0x67, 0x0E, 0x3F, 0xC1, 0xF8, 0x06, 0x00, 0xFF, 0xF7, 0xFF, 0xFF, 0xFC, 0x61, 0xC3, 0x0E, 0x18,
    0x70, 0xC3, 0x86, 0x1C, 0x30, 0xE1, 0x87, 0x0C, 0x3C, 0x60, 0xE0, 0x00, 0x00, 0x0E, 0x07, 0xF1,
    0xFF, 0x38, 0x6E, 0x0F, 0xC1, 0xF8, 0x3F, 0x07, 0xE0, 0xFE, 0x3B, 0xFF, 0x7F, 0xCE, 0x61, 0xC0,
    0x38, 0x07, 0x00, 0x40, 0x00, 0x0F, 0x03, 0xF8, 0xFF, 0x38, 0x77, 0x04, 0xC0, 0x18, 0x03, 0x00,
    0x70, 0x0E, 0x00, 0xFE, 0x0F, 0xE0, 0x0E, 0x01, 0xC0, 0x38, 0x07, 0xF0, 0xFF, 0xCF, 0xFC, 0xE1,
    0xC7, 0x06, 0x30, 0x39, 0x81, 0xCC, 0x0E, 0x70, 0x63, 0x87, 0x0F, 0xF0, 0x3F, 0x00, 0x60, 0x00,
    0xFF, 0xBF, 0xFF, 0xFC, 0x30, 0x0C, 0x03, 0x00, 0xC0, 0x30, 0x0C, 0x03, 0x00, 0xF0, 0x3E, 0x00,
    0x00, 0x40, 0xF8, 0x7E, 0x1F, 0x87, 0xE1, 0xF8, 0x7E, 0x1F, 0x87, 0xE1, 0xF8, 0x77, 0xF8, 0xFC,
    0x0C, 0x00, 0x08, 0xE0, 0xE7, 0xE3, 0xBF, 0x9C, 0xE7, 0x63, 0x9D, 0x8E, 0x36, 0x38, 0xD8, 0xE3,
    0x73, 0x9D, 0xCE, 0xE3, 0xFF, 0x87, 0xFC, 0x03, 0x80, 0x0E, 0x00, 0x38, 0x00, 0xE0, 0x03, 0x00,
    0xC0, 0x6E, 0x0E, 0xF0, 0xC3, 0x9C, 0x39, 0x81, 0xF8, 0x1F, 0x00, 0xF0, 0x0E, 0x00, 0xF0, 0x1F,
    0x01, 0xB8, 0x39, 0x83, 0x1C, 0x70, 0xF6, 0x0F, 0x60, 0x20, 0x03, 0x00, 0x0C, 0x04, 0x30, 0xB8,
    0xC7, 0xE3, 0x1F, 0x8C, 0x7E, 0x31, 0xF8, 0xC7, 0xE3, 0x1F, 0x8C, 0x7E, 0x31, 0xDC, 0xCE, 0x7F,
    0xF8, 0xFF, 0xC0, 0x78, 0x00, 0xC0, 0x03, 0x00, 0x0C, 0x00, 0x30, 0x00, 0x18, 0x18, 0x38, 0x1C,
    0x38, 0x0E, 0x70, 0x06, 0x71, 0x87, 0x61, 0xC7, 0x61, 0xC7, 0x61, 0xC7, 0x61, 0xC7, 0x71, 0xC7,
    0x7F, 0xFE, 0x3F, 0x7C, 0x04, 0x10, 0xC7, 0xDF, 0xB8, 0x01, 0x07, 0x0E, 0x1C, 0x38, 0x70, 0xE1,
    0xC3, 0x87, 0x0F, 0x0F, 0x00, 0x33, 0x1C, 0xE3, 0x30, 0x00, 0x40, 0xF8, 0x7E, 0x1F, 0x87, 0xE1,
    0xF8, 0x7E, 0x1F, 0x87, 0xE1, 0xF8, 0x77, 0xF8, 0xFC, 0x0C, 0x00, 0x03, 0x00, 0x70, 0x06, 0x00,
    0x60, 0x0F, 0x01, 0xFC, 0x3F, 0xE7, 0x0E, 0x70, 0x66, 0x07, 0x60, 0x76, 0x07, 0x70, 0x67, 0x0E,
    0x3F, 0xC1, 0xF8, 0x06, 0x00, 0x0E, 0x03, 0x80, 0xC0, 0x30, 0x40, 0xF8, 0x7E, 0x1F, 0x87, 0xE1,
    0xF8, 0x7E, 0x1F, 0x87, 0xE1, 0xF8, 0x77, 0xF8, 0xFC, 0x0C, 0x00, 0x00, 0xC0, 0x00, 0xC0, 0x01,
    0xC0, 0x00, 0x80, 0x18, 0x18, 0x38, 0x1C, 0x38, 0x0E, 0x70, 0x06, 0x71, 0x87, 0x61, 0xC7, 0x61,
    0xC7, 0x61, 0xC7, 0x61, 0xC7, 0x71, 0xC7, 0x7F, 0xFE, 0x3F, 0x7C, 0x04, 0x10, 0x40, 0x37, 0x03,
    0xB8, 0x39, 0xC3, 0x8E, 0x38, 0x73, 0x83, 0xB8, 0x1F, 0xC0, 0xFE, 0x07, 0xF8, 0x3C, 0xE1, 0xC7,
    0x8E, 0x1C, 0x70, 0x73, 0x81, 0xDC, 0x0E, 0x00, 0x70, 0x03, 0x80, 0x38, 0x01, 0x80, 0x00, 0x00,
    0x1F, 0x07, 0xF1, 0xE7, 0x39, 0xE7, 0xF9, 0xFE, 0x3B, 0xC7, 0xFE, 0xFF, 0xDE, 0x1F, 0x83, 0xF0,
    0x76, 0x0E, 0xE3, 0x8F, 0xF1, 0xFC, 0x04, 0x00, 0x06, 0x03, 0xF0, 0xFE, 0x1C, 0xE3, 0x9C, 0x73,
    0x8E, 0x70, 0xFE, 0xEF, 0xFC, 0xFF, 0x87, 0x70, 0xEE, 0x1D, 0xC7, 0x1F, 0xE1, 0xF8, 0x0C, 0x00,
    0x60, 0x3B, 0x83, 0xDE, 0x1E, 0x71, 0xC1, 0xCE, 0x0E, 0x60, 0x3F, 0x01, 0xF0, 0x07, 0x80, 0x3C,
    0x00, 0xC0, 0x06, 0x00, 0x30, 0x01, 0x80, 0x0C, 0x00, 0x60, 0x06, 0x03, 0x37, 0x83, 0xDB, 0xE3,
    0xCC, 0x71, 0xC4, 0x18, 0xC0, 0x0E, 0xE0, 0x07, 0x60, 0x01, 0xF0, 0x00, 0xF8, 0x00, 0x38, 0x00,
    0x1C, 0x00, 0x0E, 0x00, 0x07, 0x00, 0x03, 0x80, 0x01, 0xC0, 0x00, 0xE0, 0x0C, 0xC0, 0xEF, 0x07,
    0x30, 0x00, 0x06, 0x03, 0xB8, 0x3D, 0xE1, 0xE7, 0x1C, 0x1C, 0xE0, 0xE6, 0x03, 0xF0, 0x1F, 0x00,
    0x78, 0x03, 0xC0, 0x0C, 0x00, 0x60, 0x03, 0x00, 0x18, 0x00, 0xC0, 0x06, 0x00, 0x03, 0x00, 0x0C,
    0x00, 0x30, 0x00, 0xC0, 0x0F, 0xC0, 0x7F, 0x83, 0xFF, 0x1C, 0xCE, 0x73, 0x19, 0x8C, 0x66, 0x31,
    0x98, 0xC6, 0x73, 0x39, 0xCC, 0xE3, 0xFF, 0x07, 0xF8, 0x07, 0x80, 0x0C, 0x00, 0x30, 0x00, 0xC0,
    0x03, 0x00, 0x7F, 0xFF, 0x7F, 0xFF, 0x9F, 0xFF, 0xCE, 0x00, 0xE7, 0x1C, 0x73, 0x0E, 0x19, 0x87,
    0x0C, 0xC3, 0x8E, 0x71, 0xC7, 0x39, 0xE3, 0x8F, 0xFF, 0x87, 0xEF, 0x80, 0xC1, 0x00, 0x41, 0xB8,
    0xEE, 0x7B, 0x9C, 0xEE, 0x3F, 0x0F, 0x83, 0xF0, 0xEE, 0x39, 0xCE, 0x3B, 0x8F, 0x01, 0xC0, 0xE0,
    0x70, 0x38, 0x04, 0x00, 0x7F, 0xFF, 0xFF, 0xFF, 0x80, 0xE0, 0x38, 0x0E, 0x03, 0xFF, 0xFF, 0xFF,
    0xFE, 0x03, 0x80, 0xE0, 0x38, 0x0E, 0x03, 0x80, 0x7F, 0xFF, 0xFF, 0xFC, 0x0E, 0x07, 0x03, 0xFF,
    0xFF, 0xFF, 0xF0, 0x38, 0x1C, 0x0E, 0x07, 0x03, 0x81, 0xC0, 0x40, 0x00, 0xE0, 0x77, 0x83, 0xBE,
    0x38, 0x73, 0xC3, 0xBE, 0x1D, 0xF0, 0xFF, 0x87, 0xDC, 0x3E, 0xE1, 0xE7, 0x0E, 0x3E, 0xE0, 0xF0,
    0x01, 0x00, 0x1F, 0x07, 0xF1, 0xFF, 0x38, 0xEE, 0x0F, 0xC1, 0xF8, 0x3F, 0x07, 0xF1, 0xDF, 0xF9,
    0xFE, 0x37, 0x87, 0x00, 0x7E, 0x07, 0xE0, 0x3E, 0x00, 0xC0, 0x0F, 0x03, 0xF8, 0xFF, 0x38, 0x77,
    0x04, 0xC0, 0x18, 0x03, 0x00, 0x70, 0x6E, 0x1C, 0xFF, 0x0F, 0xC0, 0x60, 0x31, 0xCE, 0x01, 0x1C,
    0xE7, 0x39, 0xCE, 0x73, 0x9C, 0xE7, 0x39, 0xFD, 0xE4, 0x00, 0x07, 0x80, 0x7F, 0x83, 0xFF, 0x1E,
    0x1E, 0x70, 0x3B, 0x80, 0x7E, 0x01, 0xFF, 0xFF, 0xFF, 0xFF, 0xFF, 0xFE, 0x01, 0xF8, 0x07, 0x70,
    0x39, 0xE1, 0xE3, 0xFF, 0x07, 0xF8, 0x03, 0x00, 0x0F, 0x9F, 0xDF, 0xEE, 0x0E, 0x07, 0xF3, 0xF9,
    0xF8, 0xE0, 0x38, 0x1F, 0xE7, 0xF0, 0x00, 0x00, 0x7F, 0x3F, 0xC0, 0xE0, 0x39, 0xFC, 0xFE, 0x7F,
    0x03, 0x83, 0xBF, 0xDF, 0xC0, 0x00, 0x07, 0x80, 0x7F, 0x83, 0xFF, 0x1E, 0x1E, 0x60, 0x3B, 0x80,
    0x6E, 0x00, 0x30, 0x00, 0xC0, 0x03, 0x00, 0x0E, 0x00, 0x38, 0x06, 0x70, 0x39, 0xE1, 0xE3, 0xFF,
    0x07, 0xF8, 0x03, 0x00, 0x60, 0x07, 0xF0, 0x07, 0xF0, 0x0F, 0xF8, 0x0F, 0xF8, 0x1F, 0xFC, 0x1F,
    0xFC, 0x1B, 0xEC, 0x3B, 0xEE, 0x33, 0xE6, 0x73, 0xE7, 0x73, 0xE7, 0x63, 0xE3, 0xE3, 0xE3, 0xC3,
    0xE3, 0xC3, 0xE1, 0xC3, 0x03, 0x80, 0x7F, 0x07, 0xFC, 0x38, 0x63, 0x83, 0x9C, 0x1C, 0xE0, 0xE7,
    0x07, 0x38, 0x39, 0xE3, 0x8F, 0xFC, 0x7F, 0xC7, 0xF8, 0x7F, 0x81, 0xF8, 0x07, 0x00, 0x10, 0x00,
    0x0F, 0x01, 0xFE, 0x1F, 0xF9, 0xE0, 0xEE, 0x03, 0xE0, 0x1C, 0x00, 0x60, 0x03, 0x00, 0x18, 0x00,
    0xC0, 0x07, 0x80, 0x7E, 0x03, 0xB8, 0x79, 0xFF, 0x87, 0xF8, 0x06, 0x00, 0x07, 0x80, 0x7F, 0x83,
    0xFF, 0x1E, 0x1E, 0x60, 0x3B, 0x80, 0x6E, 0x00, 0x30, 0xC0, 0xC7, 0x83, 0x1C, 0x0E, 0x00, 0x38,
    0x06, 0x70, 0x39, 0xE1, 0xE3, 0xFF, 0x07, 0xF8, 0x03, 0x00, 0x0F, 0x01, 0xFE, 0x1F, 0xF9, 0xE0,
    0xEE, 0x03, 0xE0, 0x1C, 0x00, 0x60, 0xC3, 0x07, 0x18, 0x38, 0xC0, 0x07, 0x80, 0x7E, 0x03, 0xB8,
    0x79, 0xFF, 0x87, 0xF8, 0x06, 0x00, 0x18, 0x03, 0x80, 0x30, 0x02, 0x07, 0xFD, 0xFF, 0xFF, 0xF7,
    0x00, 0xE0, 0x1C, 0x03, 0x80, 0x7F, 0xEF, 0xFD, 0xFF, 0x38, 0x07, 0x00, 0xE0, 0x1C, 0x03, 0xFF,
    0xFF, 0xF0, 0x31, 0x87, 0x70, 0xEE, 0x00, 0x07, 0xFD, 0xFF, 0xFF, 0xF7, 0x00, 0xE0, 0x1C, 0x03,
    0x80, 0x7F, 0xEF, 0xFD, 0xFF, 0x38, 0x07, 0x00, 0xE0, 0x1C, 0x03, 0xFF, 0xFF, 0xF0, 0x7F, 0xF0,
    0x3F, 0xFC, 0x1F, 0xFE, 0x00, 0xE0, 0x00, 0x70, 0x00, 0x38, 0x00, 0x1D, 0xE0, 0x0F, 0xFC, 0x07,
    0xFF, 0x03, 0xC3, 0x81, 0xC0, 0xE0, 0xE0, 0x70, 0x70, 0x38, 0x38, 0x1C, 0x1C, 0x3C, 0x0E, 0x7C,
    0x00, 0x3C, 0x00, 0x03, 0x01, 0xC0, 0x60, 0x10, 0x7F, 0xFF, 0xFF, 0xFF, 0x80, 0xE0, 0x38, 0x0E,
    0x03, 0x80, 0xE0, 0x38, 0x0E, 0x03, 0x80, 0xE0, 0x38, 0x0E, 0x03, 0x80, 0x07, 0x80, 0x7F, 0x83,
    0xFF, 0x1E, 0x1E, 0x60, 0x3B, 0x80, 0x6E, 0x00, 0x3F, 0xE0, 0xFF, 0x83, 0x80, 0x0E, 0x00, 0x38,
    0x06, 0x70, 0x39, 0xE1, 0xE3, 0xFF, 0x07, 0xF8, 0x03, 0x00, 0x0E, 0x03, 0xFC, 0x7F, 0xCE, 0x0E,
    0xE0, 0x6E, 0x00, 0xF0, 0x07, 0xE0, 0x3F, 0xC0, 0x7E, 0x00, 0xEC, 0x06, 0xE0, 0x6E, 0x0E, 0x7F,
    0xE3, 0xFC, 0x0E, 0x00, 0x5F, 0xFF, 0xFF, 0xFF, 0xFF, 0xFF, 0x66, 0xEE, 0xE6, 0x00, 0x10, 0x38,
    0x38, 0x38, 0x38, 0x38, 0x38, 0x38, 0x38, 0x38, 0x38, 0x38, 0x38, 0x38, 0x38, 0x38, 0x00, 0xC0,
    0x30, 0x0C, 0x03, 0x00, 0xC0, 0x30, 0x0C, 0x03, 0x00, 0xC0, 0x36, 0x0D, 0x83, 0x60, 0xDC, 0x77,
    0xFC, 0xFE, 0x04, 0x00, 0x07, 0xF8, 0x00, 0x1F, 0xF8, 0x00, 0x3F, 0xF0, 0x00, 0x60, 0xE0, 0x00,
    0xC1, 0xC0, 0x01, 0x83, 0x80, 0x07, 0x07, 0xF0, 0x0E, 0x0F, 0xFC, 0x1C, 0x1F, 0xFC, 0x38, 0x38,
    0x38, 0x70, 0x70, 0x30, 0xE0, 0xE0, 0x61, 0x81, 0xC0, 0xC7, 0x03, 0x83, 0x9E, 0x07, 0xFE, 0x38,
    0x0F, 0xF8, 0x40, 0x10, 0x03, 0x80, 0xE0, 0x0E, 0x03, 0x80, 0x38, 0x0E, 0x00, 0xE0, 0x38, 0x03,
    0x80, 0xE0, 0x0E, 0x03, 0xF8, 0x3F, 0xFF, 0xFC, 0xFF, 0xFF, 0xFB, 0x80, 0xE0, 0xEE, 0x03, 0x81,
    0xF8, 0x0E, 0x07, 0xE0, 0x38, 0x1F, 0x80, 0xE0, 0xEE, 0x03, 0xFF, 0xB8, 0x0F, 0xFC, 0x7F, 0xF8,
    0x3F, 0xFC, 0x1F, 0xFE, 0x00, 0xE0, 0x00, 0x70, 0x00, 0x38, 0x00, 0x1C, 0xE0, 0x0F, 0xFC, 0x07,
    0xFF, 0x03, 0xC1, 0xC1, 0xC0, 0xE0, 0xE0, 0x70, 0x70, 0x38, 0x38, 0x1C, 0x1C, 0x0E, 0x0E, 0x07,
    0x03, 0x80, 0x18, 0x01, 0xC0, 0x0C, 0x04, 0x03, 0x70, 0x3B, 0x83, 0x9C, 0x38, 0xE1, 0xC7, 0x1C,
    0x39, 0xC1, 0xFC, 0x0F, 0xE0, 0x7F, 0x83, 0x9E, 0x1C, 0x70, 0xE1, 0xC7, 0x07, 0x38, 0x3D, 0xC0,
    0xE0, 0x0E, 0x00, 0x70, 0x01, 0xC0, 0x06, 0x04, 0x01, 0x70, 0x1F, 0x81, 0xFC, 0x1F, 0xE0, 0xFF,
    0x0F, 0xF8, 0xEF, 0xC7, 0x7E, 0x73, 0xF3, 0x9F, 0xB8, 0xFF, 0x87, 0xFC, 0x3F, 0xC1, 0xFC, 0x0F,
    0xE0, 0x70, 0x18, 0xC0, 0xFE, 0x03, 0xE0, 0x04, 0x04, 0x01, 0x70, 0x1D, 0xC1, 0xCE, 0x0E, 0x38,
    0x61, 0xC7, 0x06, 0x38, 0x3B, 0x80, 0xDC, 0x07, 0xC0, 0x3E, 0x00, 0xE0, 0x07, 0x00, 0x38, 0x0F,
    0x80, 0x78, 0x00, 0x40, 0x37, 0x01, 0xF8, 0x0F, 0xC0, 0x7E, 0x03, 0xF0, 0x1F, 0x80, 0xFC, 0x07,
    0xE0, 0x3F, 0x01, 0xF8, 0x0F, 0xC0, 0x7E, 0x03, 0xF0, 0x1F, 0xFF, 0xFF, 0xFF, 0x07, 0x00, 0x38,
    0x01, 0xC0, 0x04, 0x00, 0x03, 0x00, 0x1E, 0x00, 0x78, 0x01, 0xF0, 0x0F, 0xC0, 0x3B, 0x00, 0xCE,
    0x07, 0x38, 0x18, 0x60, 0xE1, 0xC3, 0xFF, 0x0F, 0xFC, 0x70, 0x39, 0xC0, 0xE6, 0x01, 0xF8, 0x07,
    0x7F, 0xCF, 0xFC, 0xFF, 0xCE, 0x00, 0xE0, 0x0E, 0x00, 0xE0, 0x0F, 0xF8, 0xFF, 0xCE, 0x0E, 0xE0,
    0x6E, 0x07, 0xE0, 0x6E, 0x0E, 0xFF, 0xEF, 0xF8, 0x7E, 0x0F, 0xFC, 0xFF, 0xEE, 0x0E, 0xE0, 0x6E,
    0x06, 0xE0, 0xEF, 0xFC, 0xFF, 0xCF, 0xFE, 0xE0, 0x7E, 0x07, 0xE0, 0x7E, 0x0F, 0xFF, 0xEF, 0xFC,
    0x7F, 0xFF, 0xFF, 0xFF, 0x80, 0xE0, 0x38, 0x0E, 0x03, 0x80, 0xE0, 0x38, 0x0E, 0x03, 0x80, 0xE0,
    0x38, 0x0E, 0x03, 0x80, 0x07, 0xFC, 0x0F, 0xFE, 0x0F, 0xFE, 0x0E, 0x0E, 0x0E, 0x0E, 0x0E, 0x0E,
    0x0E, 0x0E, 0x0C, 0x0E, 0x0C, 0x0E, 0x0C, 0x0E, 0x1C, 0x0E, 0x1C, 0x0E, 0x1C, 0x0E, 0x38, 0x0E,
    0x7F, 0xFF, 0x7F, 0xFF, 0x60, 0x03, 0x60, 0x03, 0x60, 0x03, 0x60, 0x03, 0x7F, 0xDF, 0xFF, 0xFF,
    0x70, 0x0E, 0x01, 0xC0, 0x38, 0x07, 0xFE, 0xFF, 0xDF, 0xF3, 0x80, 0x70, 0x0E, 0x01, 0xC0, 0x3F,
    0xFF, 0xFF, 0x60, 0x60, 0x67, 0x06, 0x0E, 0x38, 0x61, 0xC3, 0x86, 0x1C, 0x1C, 0x63, 0x81, 0xC6,
    0x30, 0x0E, 0x67, 0x00, 0x7F, 0xE0, 0x07, 0xFE, 0x00, 0xFF, 0xF0, 0x0C, 0x67, 0x01, 0xC6, 0x38,
    0x38, 0x61, 0xC3, 0x86, 0x1C, 0x70, 0x60, 0xEE, 0x06, 0x0E, 0x0E, 0x07, 0xF1, 0xFF, 0x70, 0xEE,
    0x0C, 0x01, 0x80, 0x70, 0x7C, 0x0F, 0x80, 0x78, 0x03, 0x80, 0x7E, 0x0F, 0xC1, 0xDF, 0xF1, 0xFC,
    0x0E, 0x00, 0x40, 0x17, 0x01, 0xF8, 0x1F, 0xC1, 0xFE, 0x0F, 0xF0, 0xFF, 0x8E, 0xFC, 0x77, 0xE7,
    0x3F, 0x39, 0xFB, 0x8F, 0xF8, 0x7F, 0xC3, 0xFC, 0x1F, 0xC0, 0xFE, 0x07, 0x0C, 0xC0, 0x7E, 0x03,
    0xE0, 0x04, 0x04, 0x01, 0x70, 0x1F, 0x81, 0xFC, 0x1F, 0xE0, 0xFF, 0x0F, 0xF8, 0xEF, 0xC7, 0x7E,
    0x73, 0xF3, 0x9F, 0xB8, 0xFF, 0x87, 0xFC, 0x3F, 0xC1, 0xFC, 0x0F, 0xE0, 0x70, 0x40, 0x37, 0x03,
    0xB8, 0x39, 0xC3, 0x8E, 0x1C, 0x71, 0xC3, 0x9C, 0x1F, 0xC0, 0xFE, 0x07, 0xF8, 0x39, 0xE1, 0xC7,
    0x0E, 0x1C, 0x70, 0x73, 0x83, 0xDC, 0x0E, 0x07, 0xF8, 0x3F, 0xF0, 0xFF, 0xC3, 0x07, 0x0C, 0x1C,
    0x30, 0x71, 0xC1, 0xC7, 0x07, 0x1C, 0x1C, 0x70, 0x71, 0xC1, 0xC7, 0x07, 0x1C, 0x1C, 0xE0, 0x77,
    0x81, 0xDC, 0x07, 0x60, 0x07, 0xF0, 0x07, 0xF0, 0x0F, 0xF8, 0x0F, 0xF8, 0x1F, 0xFC, 0x1F, 0xFC,
    0x1B, 0xEC, 0x3B, 0xEE, 0x33, 0xE6, 0x73, 0xE7, 0x73, 0xE7, 0x63, 0xE3, 0xE3, 0xE3, 0xC3, 0xE3,
    0xC3, 0xE1, 0xC3, 0x40, 0x17, 0x01, 0xF8, 0x0F, 0xC0, 0x7E, 0x03, 0xF0, 0x1F, 0x80, 0xFF, 0xFF,
    0xFF, 0xFF, 0x01, 0xF8, 0x0F, 0xC0, 0x7E, 0x03, 0xF0, 0x1F, 0x80, 0xFC, 0x07, 0x07, 0x80, 0x7F,
    0x83, 0xFF, 0x1E, 0x1E, 0x70, 0x3B, 0x80, 0x7E, 0x01, 0xF0, 0x07, 0xC0, 0x1F, 0x00, 0x7E, 0x01,
    0xF8, 0x07, 0x70, 0x39, 0xE1, 0xE3, 0xFF, 0x07, 0xF8, 0x03, 0x00, 0x7F, 0xF7, 0xFF, 0xFF, 0xFF,
    0xC0, 0x7E, 0x03, 0xF0, 0x1F, 0x80, 0xFC, 0x07, 0xE0, 0x3F, 0x01, 0xF8, 0x0F, 0xC0, 0x7E, 0x03,
    0xF0, 0x1F, 0x80, 0xFC, 0x07, 0x7E, 0x0F, 0xFC, 0xFF, 0xEE, 0x0E, 0xE0, 0x6E, 0x07, 0xE0, 0x6E,
    0x0E, 0xFF, 0xEF, 0xFC, 0xFF, 0x0E, 0x00, 0xE0, 0x0E, 0x00, 0xE0, 0x0E, 0x00, 0x07, 0x80, 0x7F,
    0x83, 0xFF, 0x1E, 0x1E, 0x60, 0x3B, 0x80, 0x6E, 0x00, 0x30, 0x00, 0xC0, 0x03, 0x00, 0x0E, 0x00,
    0x38, 0x06, 0x70, 0x39, 0xE1, 0xE3, 0xFF, 0x07, 0xF8, 0x03, 0x00, 0x7F, 0xF3, 0xFF, 0xDF, 0xFE,
    0x0E, 0x00, 0x70, 0x03, 0x80, 0x1C, 0x00, 0xE0, 0x07, 0x00, 0x38, 0x01, 0xC0, 0x0E, 0x00, 0x70,
    0x03, 0x80, 0x1C, 0x00, 0xE0, 0x40, 0x17, 0x01, 0xDC, 0x1C, 0xE0, 0xE3, 0x86, 0x1C, 0x70, 0x63,
    0x83, 0xB8, 0x0D, 0xC0, 0x7C, 0x03, 0xE0, 0x0E, 0x00, 0x70, 0x03, 0x80, 0xF8, 0x07, 0x80, 0x03,
    0x80, 0x07, 0x00, 0x7F, 0xC1, 0xFF, 0xC7, 0xB9, 0xDC, 0x71, 0xF8, 0xE3, 0xE1, 0xC3, 0xC3, 0x87,
    0x87, 0x0F, 0x8E, 0x3F, 0x1C, 0x77, 0xBB, 0xC7, 0xFF, 0x07, 0xFC, 0x01, 0xC0, 0x03, 0x80, 0x60,
    0x19, 0xC0, 0xE3, 0x87, 0x8E, 0x1C, 0x1C, 0xE0, 0x3F, 0x00, 0xFC, 0x01, 0xE0, 0x07, 0x80, 0x1F,
    0x00, 0xFC, 0x07, 0x38, 0x1C, 0xF0, 0xE1, 0xC7, 0x03, 0xB8, 0x07, 0x40, 0x33, 0x80, 0xEE, 0x03,
    0xB8, 0x0E, 0xE0, 0x3B, 0x80, 0xEE, 0x03, 0xB8, 0x0E, 0xE0, 0x3B, 0x80, 0xEE, 0x03, 0xB8, 0x0E,
    0xE0, 0x3B, 0x80, 0xEF, 0xFF, 0xFF, 0xFF, 0x00, 0x1C, 0x00, 0x70, 0x01, 0xC0, 0x03, 0x40, 0x2E,
    0x07, 0xE0, 0x7E, 0x07, 0xE0, 0x7E, 0x07, 0xE0, 0x7F, 0x07, 0x7F, 0xF3, 0xFF, 0x0F, 0x70, 0x07,
    0x00, 0x70, 0x07, 0x00, 0x70, 0x07, 0x40, 0xC1, 0xB8, 0x30, 0x6E, 0x0C, 0x1B, 0x83, 0x06, 0xE0,
    0xC1, 0xB8, 0x30, 0x6E, 0x0C, 0x1B, 0x83, 0x06, 0xE0, 0xC1, 0xB8, 0x30, 0x6E, 0x0C, 0x1B, 0x83,
    0x06, 0xE0, 0xC1, 0xB8, 0x30, 0x6F, 0xFF, 0xFB, 0xFF, 0xFE, 0x40, 0xC1, 0x9C, 0x18, 0x33, 0x83,
    0x06, 0x70, 0x60, 0xCE, 0x0C, 0x19, 0xC1, 0x83, 0x38, 0x30, 0x67, 0x06, 0x0C, 0xE0, 0xC1, 0x9C,
    0x18, 0x33, 0x83, 0x06, 0x70, 0x60, 0xCE, 0x0C, 0x19, 0xC1, 0x83, 0x3F, 0xFF, 0xFF, 0xFF, 0xFF,
    0x00, 0x00, 0xE0, 0x00, 0x1C, 0x00, 0x03, 0x80, 0x00, 0x20, 0x7E, 0x00, 0x7F, 0x00, 0x7F, 0x00,
    0x07, 0x00, 0x07, 0x00, 0x07, 0x00, 0x07, 0xE0, 0x07, 0xFC, 0x07, 0xFE, 0x07, 0x07, 0x07, 0x07,
    0x07, 0x03, 0x07, 0x07, 0x07, 0x07, 0x07, 0xFE, 0x07, 0xFC, 0x40, 0x02, 0xE0, 0x07, 0xE0, 0x07,
    0xE0, 0x07, 0xE0, 0x07, 0xE0, 0x07, 0xFE, 0x07, 0xFF, 0xC7, 0xFF, 0xE7, 0xE0, 0xE7, 0xE0, 0x77,
    0xE0, 0x77, 0xE0, 0x77, 0xE0, 0xE7, 0xFF, 0xE7, 0xFF, 0xC7, 0x40, 0x0E, 0x00, 0xE0, 0x0E, 0x00,
    0xE0, 0x0E, 0x00, 0xFE, 0x0F, 0xFC, 0xFF, 0xEE, 0x0E, 0xE0, 0x7E, 0x07, 0xE0, 0x7E, 0x0E, 0xFF,
    0xEF, 0xFC, 0x0F, 0x01, 0xFE, 0x1F, 0xF9, 0xE0, 0xEE, 0x03, 0xE0, 0x1C, 0x00, 0x61, 0xFF, 0x0F,
    0xF8, 0x00, 0xC0, 0x07, 0x80, 0x7E, 0x03, 0xB8, 0x79, 0xFF, 0x87, 0xF8, 0x06, 0x00, 0x40, 0x3C,
    0x1C, 0x1F, 0xE3, 0x87, 0xFE, 0x71, 0xE0, 0xEE, 0x38, 0x0D, 0xCE, 0x01, 0xF9, 0xC0, 0x3F, 0xF8,
    0x03, 0xFF, 0x00, 0x7F, 0xE0, 0x0F, 0x9C, 0x03, 0xF3, 0x80, 0x7E, 0x38, 0x1D, 0xC7, 0x87, 0xB8,
    0x7F, 0xE7, 0x07, 0xF8, 0x00, 0x18, 0x00, 0x03, 0xE1, 0xFF, 0x3F, 0xF7, 0x07, 0x70, 0x76, 0x07,
    0x70, 0x77, 0x07, 0x3F, 0xF1, 0xFF, 0x1C, 0x71, 0xC7, 0x38, 0x73, 0x87, 0x70, 0x77, 0x07, 0x0E,
    0x0F, 0xE7, 0xFD, 0xC3, 0x00, 0xC7, 0xF7, 0xFD, 0xE3, 0x60, 0xD8, 0x77, 0xFC, 0xFF, 0x0C, 0x00,
    0x00, 0x40, 0x0E, 0x0F, 0xC3, 0xF8, 0x38, 0x07, 0xF8, 0x7F, 0xC7, 0x8E, 0x70, 0x66, 0x06, 0x60,
    0x76, 0x06, 0x60, 0x67, 0x0E, 0x3F, 0xC1, 0xF8, 0x06, 0x00, 0x7C, 0x3F, 0xEF, 0xFB, 0x87, 0xE1,
    0xBF, 0xEF, 0xFB, 0x87, 0xE1, 0xF8, 0x7F, 0xFF, 0xFE, 0x7F, 0xFF, 0xFF, 0xE0, 0xE0, 0xE0, 0xE0,
    0xE0, 0xE0, 0xE0, 0xE0, 0xE0, 0x1F, 0xE0, 0xFF, 0x07, 0xF8, 0x31, 0xC1, 0x8E, 0x1C, 0x70, 0xE3,
    0x87, 0x1C, 0x38, 0xE3, 0x87, 0x3F, 0xFF, 0xFF, 0xFE, 0x03, 0xF0, 0x1F, 0x80, 0xF8, 0x06, 0x0F,
    0x03, 0xF8, 0xFF, 0x38, 0x76, 0x06, 0xFF, 0xDF, 0xFB, 0x00, 0x60, 0x0E, 0x1C, 0xFF, 0x8F, 0xE0,
    0x60, 0x61, 0x83, 0x38, 0xE3, 0x8E, 0x73, 0x87, 0x3B, 0x81, 0xDD, 0x80, 0x7F, 0xC0, 0x1F, 0xC0,
    0x1F, 0xF0, 0x1D, 0xDC, 0x1C, 0xEF, 0x1C, 0x73, 0x8E, 0x38, 0xE0, 0x0E, 0x0F, 0xC7, 0xF9, 0x86,
    0x03, 0x83, 0xE0, 0xF0, 0x0E, 0x01, 0xD8, 0x77, 0xF8, 0xFC, 0x00, 0x00, 0x40, 0xF8, 0x7E, 0x3F,
    0x8F, 0xE7, 0xFB, 0xFE, 0xDF, 0xF7, 0xF9, 0xFC, 0x7F, 0x1F, 0x87, 0x33, 0x0F, 0xC1, 0xE0, 0x10,
    0x40, 0xF8, 0x7E, 0x3F, 0x8F, 0xE7, 0xFB, 0xFE, 0xDF, 0xF7, 0xF9, 0xFC, 0x7F, 0x1F, 0x87, 0x41,
    0xF8, 0xFE, 0x3B, 0x9C, 0xEE, 0x3F, 0x0F, 0xC3, 0xF8, 0xEF, 0x39, 0xCE, 0x3B, 0x87, 0x1F, 0xC7,
    0xFC, 0xFF, 0x9C, 0x73, 0x8E, 0x71, 0xCE, 0x39, 0xC7, 0x30, 0xE6, 0x1F, 0xC3, 0xF0, 0x70, 0x60,
    0x1B, 0xC0, 0xFF, 0x07, 0xFE, 0x1F, 0xF8, 0x7F, 0xF3, 0xFF, 0xCD, 0xFB, 0x77, 0xEF, 0xDF, 0x9E,
    0x7E, 0x79, 0xF8, 0xC7, 0x40, 0xF8, 0x7E, 0x1F, 0x87, 0xE1, 0xFF, 0xFF, 0xFF, 0x87, 0xE1, 0xF8,
    0x7E, 0x1F, 0x87, 0x0F, 0x01, 0xFC, 0x3F, 0xE7, 0x0E, 0x70, 0x66, 0x07, 0x60, 0x76, 0x07, 0x70,
    0x67, 0x0E, 0x3F, 0xC1, 0xF8, 0x06, 0x00, 0x7F, 0xFF, 0xFF, 0xFF, 0x87, 0xE1, 0xF8, 0x7E, 0x1F,
    0x87, 0xE1, 0xF8, 0x7E, 0x1F, 0x87, 0x4E, 0x1F, 0xF3, 0xFF, 0x70, 0x6E, 0x0F, 0xC1, 0xF8, 0x3F,
    0x07, 0xE0, 0xFE, 0x3B, 0xFF, 0x7F, 0xCE, 0x61, 0xC0, 0x38, 0x07, 0x00, 0x40, 0x00, 0x0F, 0x03,
    0xF8, 0xFF, 0x38, 0x77, 0x04, 0xC0, 0x18, 0x03, 0x00, 0x70, 0x6E, 0x1C, 0xFF, 0x0F, 0xC0, 0x60,
    0xFF, 0xBF, 0xFF, 0xFC, 0x30, 0x0C, 0x03, 0x00, 0xC0, 0x30, 0x0C, 0x03, 0x00, 0xC0, 0x30, 0x40,
    0x7C, 0x1D, 0x83, 0xB8, 0x63, 0x1C, 0x73, 0x8E, 0x60, 0xDC, 0x1F, 0x03, 0xE0, 0x3C, 0x07, 0x00,
    0xE0, 0x18, 0x0F, 0x03, 0xC0, 0x70, 0x00, 0x03, 0x00, 0x0C, 0x00, 0x30, 0x00, 0xC0, 0x0F, 0xC0,
    0x7F, 0x83, 0xFF, 0x1C, 0xCE, 0x63, 0x19, 0x8C, 0x66, 0x31, 0xD8, 0xC6, 0x73, 0x19, 0xCC, 0xE3,
    0xFF, 0x07, 0xF8, 0x07, 0x80, 0x0C, 0x00, 0x30, 0x00, 0xC0, 0x03, 0x00, 0x60, 0xCE, 0x38, 0xC7,
    0x1D, 0xC1, 0xF0, 0x1E, 0x03, 0x80, 0xF8, 0x1B, 0x87, 0x71, 0xC7, 0x70, 0x70, 0x40, 0xDC, 0x3B,
    0x87, 0x70, 0xEE, 0x1D, 0xC3, 0xB8, 0x77, 0x0E, 0xE1, 0xDC, 0x3B, 0xFF, 0xFF, 0xF0, 0x06, 0x00,
    0xC0, 0x18, 0x03, 0x40, 0xB8, 0x7E, 0x1F, 0x87, 0xE1, 0xF8, 0x77, 0xFD, 0xFF, 0x1F, 0xC0, 0x70,
    0x1C, 0x07, 0x41, 0x05, 0xC7, 0x1F, 0x8E, 0x3F, 0x1C, 0x7E, 0x38, 0xFC, 0x71, 0xF8, 0xE3, 0xF1,
    0xC7, 0xE3, 0x8F, 0xC7, 0x1F, 0xFF, 0xFF, 0xFF, 0xF0, 0x41, 0x04, 0xE3, 0x8E, 0xE3, 0x8E, 0xE3,
    0x8E, 0xE3, 0x8E, 0xE3, 0x8E, 0xE3, 0x8E, 0xE3, 0x8E, 0xE3, 0x8E, 0xE3, 0x8E, 0xFF, 0xFF, 0xFF,
    0xFF, 0x00, 0x03, 0x00, 0x03, 0x00, 0x03, 0x00, 0x03, 0xF8, 0x07, 0xE0, 0x3F, 0x00, 0x38, 0x01,
    0xF8, 0x0F, 0xF0, 0x7F, 0xC3, 0x87, 0x1C, 0x38, 0xE1, 0xC7, 0xFC, 0x3F, 0xC0, 0x40, 0x1F, 0x01,
    0xF8, 0x0F, 0xC0, 0x7F, 0xC3, 0xFF, 0xDF, 0xFE, 0xFC, 0x3F, 0xE1, 0xFF, 0x0F, 0xFF, 0xEF, 0xFE,
    0x70, 0x40, 0x38, 0x0E, 0x03, 0x80, 0xFC, 0x3F, 0xEF, 0xFB, 0x87, 0xE1, 0xF8, 0x7F, 0xFB, 0xFC,
    0x0E, 0x07, 0xF1, 0xFF, 0x38, 0x62, 0x0E, 0x1F, 0xC3, 0xF8, 0x7F, 0x60, 0xEE, 0x39, 0xFF, 0x1F,
    0xC0, 0xE0, 0x40, 0xF0, 0xE1, 0xFC, 0xE3, 0xFE, 0xE7, 0x0E, 0xE7, 0x06, 0xFE, 0x07, 0xFE, 0x07,
    0xFE, 0x07, 0xE7, 0x06, 0xE7, 0x0E, 0xE3, 0xFC, 0xE1, 0xF8, 0x00, 0x60, 0x0F, 0xCF, 0xF7, 0xFD,
    0x83, 0x60, 0xDC, 0x37, 0xFC, 0xFF, 0x38, 0xCC, 0x37, 0x0F, 0x83, 0x1C, 0x01, 0x80, 0x38, 0x03,
    0x00, 0xF0, 0x3F, 0x8F, 0xF3, 0x87, 0x60, 0x6F, 0xFD, 0xFF, 0xB0, 0x06, 0x00, 0xE1, 0xCF, 0xF8,
    0xFE, 0x06, 0x00, 0x19, 0x87, 0x38, 0x66, 0x00, 0x00, 0xF0, 0x3F, 0x8F, 0xF3, 0x87, 0x60, 0x6F,
    0xFD, 0xFF, 0xB0, 0x06, 0x00, 0xE1, 0xCF, 0xF8, 0xFE, 0x06, 0x00, 0x20, 0x0E, 0x03, 0xF8, 0x7F,
    0x07, 0x70, 0xFF, 0x9F, 0xF3, 0x87, 0x70, 0xEE, 0x1D, 0xC3, 0xB8, 0x77, 0x0E, 0xE1, 0xDC, 0x3B,
    0x87, 0x00, 0xE0, 0x1C, 0x07, 0x81, 0xE0, 0x18, 0x0E, 0x0C, 0x1C, 0x18, 0x7F, 0xFF, 0xFF, 0xE0,
    0xE0, 0xE0, 0xE0, 0xE0, 0xE0, 0xE0, 0xE0, 0xE0, 0x0F, 0x03, 0xF8, 0xFF, 0x38, 0x77, 0x04, 0xFE,
    0x1F, 0xC3, 0xF8, 0x70, 0x6E, 0x1C, 0xFF, 0x0F, 0xC0, 0x60, 0x1C, 0x3F, 0xBF, 0xFC, 0x7E, 0x07,
    0xE1, 0xFC, 0x1F, 0x03, 0xE1, 0xFF, 0xEF, 0xE1, 0xC0, 0xDF, 0x85, 0xFF, 0xFF, 0xFF, 0xFF, 0xC7,
    0xDF, 0xB8, 0x01, 0x07, 0x0E, 0x1C, 0x38, 0x70, 0xE1, 0xC3, 0x87, 0x0E, 0x1C, 0x31, 0xCE, 0x01,
    0x1C, 0xE7, 0x39, 0xCE, 0x73, 0x9C, 0xE7, 0x39, 0xFD, 0xE4, 0x00, 0x1F, 0xE0, 0x03, 0xFC, 0x00,
    0xFF, 0x80, 0x1C, 0x70, 0x03, 0x8F, 0xE0, 0x71, 0xFF, 0x0E, 0x3F, 0xF1, 0xC7, 0x06, 0x38, 0xE0,
    0xC6, 0x1C, 0x3B, 0xC3, 0xFF, 0x70, 0x7F, 0xC0, 0x40, 0xC0, 0x70, 0xE0, 0x38, 0x70, 0x1C, 0x38,
    0x0E, 0x1C, 0x07, 0xFF, 0xF3, 0xFF, 0xFD, 0xC3, 0x8F, 0xE1, 0xC3, 0xF0, 0xE1, 0xF8, 0x7F, 0xDC,
    0x3F, 0xE0, 0x20, 0x1F, 0xC3, 0xF8, 0x7E, 0x07, 0x70, 0xFF, 0x9F, 0xF3, 0x87, 0x70, 0xEE, 0x1D,
    0xC3, 0xB8, 0x77, 0x0E, 0xE1, 0xDC, 0x3B, 0x87, 0x06, 0x03, 0x80, 0xC0, 0x20, 0x41, 0xF8, 0xFE,
    0x3B, 0x9C, 0xEE, 0x3F, 0x0F, 0xC3, 0xF8, 0xEF, 0x39, 0xCE, 0x3B, 0x87, 0x38, 0x06, 0x01, 0xC0,
    0x30, 0x40, 0xF8, 0x7E, 0x3F, 0x8F, 0xE7, 0xFB, 0xFE, 0xDF, 0xF7, 0xF9, 0xFC, 0x7F, 0x1F, 0x87,
    0x19, 0x83, 0xF0, 0x7C, 0x02, 0x04, 0x07, 0xC1, 0xD8, 0x3B, 0x86, 0x31, 0xC7, 0x38, 0xE6, 0x0D,
    0xC1, 0xF0, 0x3E, 0x03, 0xC0, 0x70, 0x0E, 0x01, 0x80, 0xF0, 0x3C, 0x07, 0x00, 0x40, 0xF8, 0x7E,
    0x1F, 0x87, 0xE1, 0xF8, 0x7E, 0x1F, 0x87, 0xE1, 0xF8, 0x7F, 0xFF, 0xFF, 0x0C, 0x03, 0x00, 0xC0,
    0x30, 0x40, 0x82, 0xE1, 0xC7, 0xE1, 0xC7, 0xE1, 0xC7, 0xE1, 0xC7, 0xE1, 0xC7, 0xE1, 0xC7, 0xE1,
    0xC7, 0xE1, 0xC7, 0xE1, 0xC7, 0xE1, 0xC7, 0xE1, 0xC7, 0xE1, 0xC7, 0x73, 0xC7, 0x7F, 0xFE, 0x3F,
    0xFE, 0x0C, 0x10, 0x43, 0x0D, 0xC7, 0x1B, 0x8E, 0x37, 0x1C, 0x6E, 0x38, 0xDC, 0x71, 0xB8, 0xE3,
    0x71, 0xC6, 0xE3, 0x8D, 0xC7, 0x19, 0xFF, 0xF3, 0xF7, 0xC1, 0x82, 0x00, 0x10, 0x00, 0xE0, 0x03,
    0x80, 0x3F, 0xE0, 0xFF, 0x83, 0xFC, 0x03, 0xF8, 0x0F, 0xFC, 0x3F, 0xF8, 0xE0, 0xE3, 0x81, 0xCE,
    0x07, 0x38, 0x1C, 0xE0, 0xE3, 0xFF, 0x8F, 0xF8, 0x10, 0x03, 0x80, 0x38, 0x03, 0x80, 0xFF, 0x0F,
    0xF0, 0xFF, 0x03, 0x80, 0x3F, 0x83, 0xFE, 0x3F, 0xF3, 0x87, 0x38, 0x73, 0x87, 0x3F, 0xE3, 0xFC,
    0x40, 0x38, 0x38, 0x3F, 0xCE, 0x3F, 0xFB, 0x8E, 0x0E, 0xE7, 0x01, 0xF9, 0xC0, 0x7E, 0x60, 0x03,
    0xFF, 0xE0, 0xFF, 0xF8, 0x3F, 0xFC, 0x0E, 0x60, 0x03, 0x9C, 0x07, 0xE7, 0x01, 0xF8, 0xE0, 0xEE,
    0x1F, 0xF3, 0x83, 0xF8, 0x00, 0x18, 0x00, 0x40, 0xE1, 0xC7, 0xF3, 0x9F, 0xF7, 0x38, 0x6E, 0xE0,
    0xDF, 0xFC, 0x3F, 0xF8, 0x7F, 0xF0, 0xEE, 0x0D, 0xCE, 0x3B, 0x9F, 0xF7, 0x1F, 0xC0, 0x0E, 0x00,
    0x03, 0x00, 0x1E, 0x00, 0x78, 0x01, 0xF0, 0x0F, 0xC0, 0x3B, 0x00, 0xCE, 0x07, 0x38, 0x18, 0x60,
    0xFF, 0xC3, 0xFF, 0x0F, 0xFC, 0x73, 0x39, 0xCC, 0xE6, 0x31, 0xF8, 0xC7, 0x06, 0x00, 0xE0, 0x0F,
    0x01, 0xF0, 0x1F, 0x81, 0xB8, 0x39, 0x83, 0xFC, 0x3F, 0xC7, 0x6E, 0x66, 0xEE, 0x66, 0x40, 0x30,
    0x38, 0x0E, 0x0E, 0x07, 0x83, 0x81, 0xF0, 0xE0, 0xEC, 0x38, 0x3B, 0x0E, 0x0C, 0xE3, 0x87, 0x18,
    0xE1, 0xC7, 0x3F, 0xFF, 0xCF, 0xFF, 0xF3, 0xFF, 0xFE, 0xE3, 0x3B, 0xB9, 0xCE, 0x6E, 0x73, 0x9F,
    0xB8, 0xE7, 0x40, 0xC1, 0xC1, 0xC3, 0x87, 0x87, 0x0F, 0x8E, 0x3F, 0x1C, 0x76, 0x3F, 0xCE, 0x7F,
    0xFC, 0xFF, 0xFD, 0xDD, 0xBB, 0xBB, 0x37, 0x66, 0x70, 0x3F, 0xFC, 0x3F, 0xFC, 0x3F, 0xF8, 0x1C,
    0x38, 0x1C, 0x70, 0x0E, 0x70, 0x07, 0xE0, 0x0F, 0xF0, 0x3F, 0xFC, 0x7F, 0xFE, 0xE3, 0x8E, 0xE3,
    0x86, 0xE3, 0x86, 0xE3, 0x86, 0xE3, 0x86, 0xE3, 0x86, 0x3F, 0xF0, 0xFF, 0xC1, 0xFF, 0x07, 0x38,
    0x0E, 0xE0, 0x3F, 0x03, 0xFF, 0x1F, 0xFE, 0x73, 0x9D, 0x8E, 0x76, 0x39, 0xD8, 0xE7, 0x40, 0xFF,
    0xF3, 0x83, 0xFF, 0xCE, 0x0F, 0xFE, 0x38, 0x1C, 0x38, 0xE0, 0x31, 0xC3, 0x80, 0xE7, 0x0E, 0x01,
    0xF8, 0x3F, 0xFF, 0xF0, 0xFF, 0xFF, 0xF3, 0xFF, 0xFF, 0xEE, 0x18, 0x63, 0xB8, 0xE1, 0x86, 0xE3,
    0x86, 0x1F, 0x8E, 0x18, 0x7E, 0x38, 0x61, 0xF8, 0xE1, 0x87, 0x41, 0xFF, 0xB8, 0x7F, 0xEE, 0x1F,
    0xF3, 0x83, 0x9C, 0xE0, 0xEE, 0x3F, 0xFF, 0x0F, 0xFF, 0xFB, 0xFF, 0xFF, 0xE7, 0x39, 0xF9, 0xCE,
    0x3E, 0x73, 0x8F, 0x9C, 0xE3, 0x33, 0x1F, 0x87, 0x81, 0x87, 0x07, 0xF1, 0xFC, 0x07, 0x03, 0x81,
    0xC0, 0xE7, 0xE3, 0xF0, 0x7C, 0x0E, 0x07, 0x03, 0x81, 0xCF, 0xFF, 0xEF, 0x87, 0x03, 0x80, 0xE0,
    0x20, 0x00, 0x33, 0x0F, 0xC1, 0xE0, 0x00, 0x7C, 0x1F, 0xC7, 0xF8, 0x06, 0x01, 0x8F, 0xE3, 0xF0,
    0x7E, 0x01, 0x80, 0x63, 0xF9, 0xFC, 0x70, 0x38, 0x07, 0x81, 0xE0, 0x18, 0x00, 0x41, 0x82, 0xE1,
    0x87, 0xE1, 0x87, 0xE1, 0x87, 0xE1, 0x87, 0xE1, 0x87, 0x61, 0x87, 0x61, 0x86, 0x71, 0x8E, 0x3D,
    0xBC, 0x1F, 0xFC, 0x07, 0xF0, 0x01, 0x80, 0x01, 0x80, 0x01, 0x80, 0x01, 0x80, 0x03, 0x00, 0x0C,
    0x04, 0x30, 0xB8, 0xC7, 0xE3, 0x1F, 0x8C, 0x7E, 0x31, 0xF8, 0xC7, 0xE3, 0x1F, 0x8C, 0x7E, 0x31,
    0xDC, 0xCE, 0x7F, 0xF8, 0xFF, 0xC0, 0x78, 0x00, 0xC0, 0x03, 0x00, 0x0C, 0x00, 0x30, 0x00, 0x07,
    0x80, 0x7F, 0x83, 0xFF, 0x1E, 0x1E, 0x70, 0x3B, 0x80, 0x7E, 0x01, 0xFF, 0xFF, 0xFF, 0xFF, 0xFF,
    0xFE, 0x01, 0xF8, 0x07, 0x70, 0x39, 0xE1, 0xE3, 0xFF, 0x07, 0xF8, 0x03, 0x00, 0x0F, 0x01, 0xFC,
    0x3F, 0xE7, 0x0E, 0x70, 0x67, 0xE7, 0x7F, 0xF6, 0x3F, 0x70, 0x67, 0x0E, 0x3F, 0xC1, 0xF8, 0x06,
    0x00, 0x40, 0x05, 0xC0, 0x39, 0x80, 0x73, 0x81, 0xC7, 0x03, 0x87, 0x06, 0x0E, 0x1C, 0x0C, 0x38,
    0x1C, 0x60, 0x39, 0xC0, 0x33, 0x00, 0x7E, 0x00, 0xFC, 0x00, 0xF0, 0x01, 0xE0, 0x03, 0xC0, 0x40,
    0x3E, 0x0F, 0x60, 0xF7, 0x1C, 0x71, 0xC3, 0x18, 0x3B, 0x81, 0xB8, 0x1F, 0x01, 0xF0, 0x0E, 0x00,
    0xE0, 0x1B, 0x80, 0x3B, 0x00, 0x37, 0x00, 0x26, 0x04, 0x00, 0x5C, 0x03, 0x98, 0x07, 0x38, 0x1C,
    0x70, 0x38, 0x70, 0x60, 0xE1, 0xC0, 0xC3, 0x81, 0xC6, 0x03, 0x9C, 0x03, 0x30, 0x07, 0xE0, 0x0F,
    0xC0, 0x0F, 0x00, 0x1E, 0x00, 0x3C, 0x00, 0x76, 0x07, 0x70, 0x3B, 0x01, 0xB0, 0x40, 0x3E, 0x0F,
    0x60, 0xF7, 0x1C, 0x71, 0xC3, 0x18, 0x3B, 0x81, 0xB8, 0x1F, 0x01, 0xF0, 0x0E, 0x00, 0xE0, 0x07,
    0x80, 0x00, 0x07, 0xF8, 0x00, 0x03, 0xFF, 0x00, 0x01, 0xE1, 0xE0, 0x00, 0x70, 0x39, 0x80, 0xF8,
    0x07, 0x70, 0x7E, 0x01, 0xCC, 0x1F, 0x00, 0x73, 0x86, 0xC0, 0x1C, 0xE3, 0xB0, 0x07, 0x18, 0xCE,
    0x01, 0xC7, 0x73, 0x80, 0x70, 0xDC, 0x70, 0x38, 0x36, 0x1E, 0x1E, 0x0F, 0x83, 0xFF, 0x01, 0xC0,
    0x7F, 0x80, 0x70, 0x03, 0x00, 0x1C, 0x00, 0x00, 0x06, 0x00, 0x00, 0x0F, 0x80, 0x00, 0x03, 0xC0,
    0x00, 0x00, 0xE0, 0x00, 0x0F, 0x0C, 0x06, 0x3F, 0x9C, 0x1C, 0xFF, 0x98, 0x3B, 0x87, 0x38, 0xE7,
    0x06, 0x71, 0xCC, 0x0E, 0x63, 0x18, 0x1C, 0xEE, 0x30, 0x38, 0xDC, 0x70, 0x61, 0xB0, 0xE1, 0xC3,
    0xE0, 0xFF, 0x03, 0x80, 0xFC, 0x07, 0x00, 0x60, 0x0E, 0x00, 0x00, 0x18, 0x00, 0x01, 0xF0, 0x00,
    0x03, 0xC0, 0x00, 0x07, 0x00, 0x07, 0x80, 0xFF, 0x0F, 0xFC, 0xE0, 0xEE, 0x03, 0xF0, 0x0B, 0x80,
    0x18, 0x00, 0xC0, 0x07, 0x00, 0x38, 0x0E, 0xE0, 0xF7, 0xFF, 0x9F, 0xFC, 0x3E, 0xE0, 0x07, 0x0F,
    0x03, 0xF8, 0xFF, 0x38, 0x76, 0x06, 0xC0, 0x18, 0x03, 0x00, 0x70, 0x0E, 0x00, 0xF8, 0x0F, 0x80,
    0x70, 0x0E, 0x01, 0xC0, 0x38, 0x00, 0xC0, 0x38, 0x66, 0x0F, 0xC0, 0xF8, 0x0F, 0x81, 0xBF, 0x73,
    0xFC, 0x07, 0x80, 0xFC, 0x1B, 0x87, 0x10, 0xC0, 0x00, 0x03, 0xFF, 0xFF, 0xE0, 0x1F, 0x7F, 0xFC,
    0x60, 0xDB, 0xB0, 0x77, 0x64, 0x78, 0x7F, 0xF1, 0xE0, 0x00, 0x70, 0x00, 0x07, 0xC0, 0x00, 0x00,
    0x00, 0x78, 0x07, 0x83, 0x60, 0x36, 0x00, 0x00, 0x00, 0x00, 0x00, 0x00, 0x00, 0x00, 0x78, 0x00,
    0xF6, 0xC0, 0x06, 0xC0, 0x00, 0x00, 0x00, 0x00, 0x00, 0x00, 0x00, 0x0E, 0x00, 0xE0, 0xF8, 0x0F,
    0x86, 0xC0, 0x48, 0x00, 0x70, 0x00, 0x07, 0xC0, 0x00, 0x24, 0x00, 0x00, 0x00, 0x00, 0x03, 0x00,
    0x00, 0x60, 0x00, 0x86, 0x00, 0x0C, 0x61, 0xC0, 0xC0, 0x38, 0x0C, 0x03, 0x00, 0x00, 0x00, 0x00,
    0x00, 0x0E, 0x00, 0x08, 0xF8, 0x00, 0xF1, 0x80, 0x07, 0x00, 0x00, 0x00, 0x00, 0x00, 0x00, 0x03,
    0x00, 0xE0, 0x30, 0x1C, 0x23, 0x81, 0x06, 0x18, 0x00, 0x60, 0x00, 0x06, 0x00, 0x00, 0x40, 0x00,
    0x0C, 0xC0, 0x1F, 0x80, 0x3E, 0x00, 0x10, 0x04, 0x01, 0x1C, 0x07, 0x38, 0x1E, 0x70, 0x7C, 0xE0,
    0xF9, 0xC3, 0xF3, 0x8E, 0xE7, 0x1D, 0xCE, 0x73, 0x9C, 0xE7, 0x3B, 0x8E, 0x7E, 0x1C, 0xFC, 0x39,
    0xF0, 0x73, 0xC0, 0xFF, 0x81, 0xF0, 0x00, 0xC0, 0x01, 0x80, 0x07, 0x00, 0x04, 0x33, 0x03, 0xF0,
    0x1E, 0x00, 0x40, 0x40, 0xCE, 0x1C, 0xE3, 0xCE, 0x3C, 0xE7, 0xCE, 0xFC, 0xED, 0xCF, 0xDC, 0xF9,
    0xCF, 0x1C, 0xF1, 0xFE, 0x1F, 0x00, 0x60, 0x0E, 0x00, 0xE0, 0x0C, 0x10, 0x00, 0xE0, 0x03, 0x80,
    0x3F, 0xE0, 0xFF, 0x83, 0xFC, 0x03, 0xF8, 0x0F, 0xFC, 0x3F, 0xF8, 0xE0, 0xE3, 0x81, 0xCE, 0x07,
    0x38, 0x1C, 0xE0, 0xE3, 0xFF, 0x8F, 0xF8, 0x38, 0x03, 0x80, 0xFF, 0x0F, 0xF0, 0xFF, 0x03, 0x80,
    0x3F, 0x83, 0xFE, 0x3F, 0xF3, 0x87, 0x38, 0x73, 0x87, 0x3F, 0xE3, 0xFC, 0x7E, 0x0F, 0xFC, 0xFF,
    0xEE, 0x0E, 0xE0, 0x6E, 0x07, 0xE3, 0x6E, 0x3E, 0xFF, 0xEF, 0xFC, 0xFF, 0xEE, 0x0C, 0xE0, 0x0E,
    0x00, 0xE0, 0x0E, 0x00, 0x4E, 0x1F, 0xF3, 0xFF, 0x70, 0x6E, 0x0F, 0xC1, 0xF8, 0x3F, 0x07, 0xE3,
    0xFE, 0x7B, 0xFF, 0x7F, 0xFE, 0x6D, 0xC0, 0x38, 0x07, 0x00, 0x40, 0x00, 0x00, 0xC0, 0x30, 0x0D,
    0xFF, 0xFF, 0xFF, 0xFE, 0x03, 0x80, 0xE0, 0x38, 0x0E, 0x03, 0x80, 0xE0, 0x38, 0x0E, 0x03, 0x80,
    0xE0, 0x38, 0x0E, 0x00, 0x00, 0x07, 0x07, 0x7F, 0xFF, 0xFF, 0xE0, 0xE0, 0xE0, 0xE0, 0xE0, 0xE0,
    0xE0, 0xE0, 0xE0, 0x1F, 0xF3, 0xFF, 0x3F, 0xF3, 0x80, 0x38, 0x03, 0x80, 0x38, 0x07, 0xF8, 0xFF,
    0x87, 0xF8, 0x38, 0x03, 0x80, 0x38, 0x03, 0x80, 0x38, 0x03, 0x80, 0x3F, 0xBF, 0xDF, 0xEE, 0x07,
    0x07, 0xF3, 0xF9, 0xF8, 0x70, 0x38, 0x1C, 0x0E, 0x00, 0x7F, 0xCF, 0xFC, 0xFF, 0xCE, 0x00, 0xE0,
    0x0E, 0x00, 0xE7, 0x0F, 0xFC, 0xFF, 0xEF, 0x0E, 0xE0, 0x7E, 0x07, 0xE0, 0x7E, 0x07, 0xE1, 0xEE,
    0x7C, 0x07, 0x80, 0x7F, 0x3F, 0xCF, 0xF3, 0x80, 0xE0, 0x3B, 0x0F, 0xF3, 0xFE, 0xE1, 0xB8, 0x6E,
    0x1F, 0x86, 0x03, 0x87, 0xE1, 0xF0, 0x30, 0x60, 0x60, 0x63, 0x83, 0x07, 0x0E, 0x18, 0x70, 0x70,
    0xC3, 0x81, 0xC6, 0x38, 0x0E, 0x31, 0x80, 0x39, 0x9C, 0x00, 0xFF, 0xC0, 0x07, 0xFE, 0x00, 0x7F,
    0xF8, 0x03, 0x19, 0xC0, 0x38, 0xC7, 0x03, 0x86, 0x1C, 0x1C, 0x30, 0xE1, 0xC1, 0x83, 0xDC, 0x0C,
    0x1E, 0x00, 0x00, 0x30, 0x00, 0x01, 0x80, 0x00, 0x0C, 0x00, 0x00, 0x60, 0x61, 0x83, 0x38, 0xE3,
    0x8E, 0x73, 0x87, 0x3B, 0x81, 0xDD, 0x80, 0x7F, 0xC0, 0x1F, 0xC0, 0x1F, 0xF0, 0x1D, 0xDC, 0x1C,
    0xEF, 0x1C, 0x73, 0xEE, 0x38, 0xF0, 0x00, 0x18, 0x00, 0x0C, 0x00, 0x06, 0x00, 0x03, 0x0E, 0x07,
    0xF1, 0xFF, 0x70, 0xEE, 0x0C, 0x01, 0x80, 0x70, 0x7C, 0x0F, 0x80, 0x78, 0x03, 0x80, 0x7E, 0x0F,
    0xC1, 0xDF, 0xF1, 0xFC, 0x0E, 0x00, 0xE0, 0x0C, 0x07, 0x80, 0xE0, 0x0E, 0x0F, 0xC7, 0xF9, 0x86,
    0x03, 0x83, 0xE0, 0xF0, 0x0E, 0x01, 0xD8, 0x77, 0xF8, 0xFC, 0x0C, 0x03, 0xC0, 0x30, 0x3C, 0x0C,
    0x00, 0x40, 0x33, 0x81, 0xCE, 0x0E, 0x38, 0x70, 0xE1, 0xC3, 0x8E, 0x0E, 0x70, 0x3F, 0x80, 0xFE,
    0x03, 0xFC, 0x0E, 0x78, 0x38, 0xE0, 0xE1, 0xC3, 0x83, 0x8E, 0x0F, 0xB8, 0x1F, 0x00, 0x1C, 0x00,
    0x70, 0x01, 0xC0, 0x06, 0x41, 0xDC, 0x7B, 0x8E, 0x73, 0x8E, 0xE1, 0xF8, 0x3F, 0x07, 0xF0, 0xEF,
    0x1C, 0xE3, 0x8F, 0xF0, 0xF0, 0x0E, 0x01, 0xC0, 0x38, 0x03, 0x40, 0x37, 0x03, 0xB8, 0x39, 0xC1,
    0xCE, 0x1C, 0x76, 0xE3, 0xFE, 0x1F, 0xF0, 0xFF, 0x07, 0xFC, 0x3F, 0x71, 0xDB, 0x8E, 0x0E, 0x70,
    0x73, 0x81, 0xDC, 0x0E, 0x40, 0x7C, 0x1F, 0x87, 0x7D, 0xCF, 0xB9, 0xFE, 0x3F, 0xC7, 0xF8, 0xFB,
    0x9F, 0x3B, 0x87, 0x70, 0x70, 0x7E, 0x03, 0x3F, 0x83, 0x9F, 0xC1, 0xC0, 0xE1, 0xC0, 0x71, 0xC0,
    0x39, 0xC0, 0x1C, 0xE0, 0x0F, 0xE0, 0x07, 0xF0, 0x03, 0xF8, 0x01, 0xCE, 0x00, 0xE3, 0x80, 0x71,
    0xE0, 0x38, 0x70, 0x1C, 0x1C, 0x0E, 0x07, 0xF8, 0x3F, 0xE3, 0xFF, 0x3C, 0x39, 0xC1, 0xDC, 0x0F,
    0xC0, 0x7E, 0x03, 0xF8, 0x1D, 0xC0, 0xE7, 0x07, 0x1C, 0x38, 0x70, 0x40, 0x11, 0xC0, 0x73, 0x80,
    0xE7, 0x01, 0xCE, 0x03, 0x9C, 0x07, 0x38, 0x0E, 0x7F, 0xFC, 0xFF, 0xF9, 0xC0, 0x73, 0x80, 0xE7,
    0x01, 0xCE, 0x03, 0x9C, 0x07, 0x38, 0x0F, 0x70, 0x1E, 0x00, 0x0C, 0x00, 0x18, 0x00, 0x30, 0x00,
    0x60, 0x40, 0xDC, 0x3B, 0x87, 0x70, 0xEE, 0x1D, 0xFF, 0xBF, 0xF7, 0x0E, 0xE1, 0xDC, 0x3B, 0x87,
    0xF0, 0xF0, 0x06, 0x00, 0xC0, 0x18, 0x03, 0x40, 0x1F, 0xDC, 0x07, 0xFF, 0x80, 0xFF, 0xF0, 0x1C,
    0x0E, 0x03, 0x81, 0xC0, 0x70, 0x38, 0x0E, 0x07, 0xFF, 0xC0, 0xFF, 0xF8, 0x1C, 0x07, 0x03, 0x80,
    0xE0, 0x70, 0x1C, 0x0E, 0x03, 0x81, 0xC0, 0x70, 0x38, 0x0E, 0x07, 0x01, 0xC0, 0x40, 0xFF, 0x0F,
    0xF8, 0x7F, 0xC3, 0x8E, 0x1C, 0x7F, 0xE3, 0xFF, 0x1C, 0x38, 0xE1, 0xC7, 0x0E, 0x38, 0x71, 0xC3,
    0x80, 0x7F, 0xF0, 0x07, 0xFF, 0xC0, 0x3F, 0xFE, 0x01, 0xC0, 0x70, 0x0E, 0x03, 0x80, 0x70, 0x1C,
    0x03, 0x80, 0xEE, 0x1C, 0x07, 0xFC, 0xE0, 0x3F, 0xF7, 0x01, 0xC1, 0xF8, 0x0E, 0x0F, 0xC0, 0x70,
    0x3E, 0x03, 0x81, 0xF0, 0x1C, 0x1F, 0x80, 0xE1, 0xFC, 0x07, 0x7E, 0x00, 0x03, 0xE0, 0x7F, 0xC0,
    0x3F, 0xF0, 0x0F, 0xFC, 0x03, 0x87, 0x00, 0xE1, 0xC0, 0x38, 0x7F, 0x0E, 0x1F, 0xF3, 0x87, 0xFE,
    0xE1, 0xC3, 0xB8, 0x70, 0x6E, 0x1C, 0x1B, 0x87, 0x06, 0x00, 0x03, 0x80, 0x03, 0xC0, 0x00, 0xE0,
    0x06, 0x00, 0x03, 0xC0, 0x00, 0xF8, 0x70, 0x3C, 0x3F, 0x87, 0x0F, 0xF9, 0xC3, 0x87, 0x38, 0x70,
    0x76, 0x0E, 0x0E, 0xC1, 0xC1, 0xD8, 0x38, 0x3B, 0x87, 0x0E, 0x70, 0x71, 0xC7, 0x0F, 0x70, 0xF0,
    0xFC, 0x0F, 0xFF, 0xF0, 0xFF, 0xFF, 0x03, 0x83, 0x80, 0x0C, 0x00, 0x1E, 0x00, 0x3C, 0xF8, 0x71,
    0xFC, 0x73, 0x8E, 0x63, 0x8E, 0x63, 0x0E, 0x63, 0x8E, 0x73, 0x8C, 0x71, 0xFC, 0x3F, 0xFF, 0x1F,
    0xFF, 0x03, 0x8C, 0x07, 0x80, 0x7F, 0x83, 0xFF, 0x1E, 0x1E, 0x60, 0x3B, 0x80, 0x6E, 0x00, 0x30,
    0x00, 0xC0, 0x03, 0x00, 0x0E, 0x00, 0x38, 0x06, 0x70, 0x39, 0xE1, 0xE3, 0xFF, 0x07, 0xF8, 0x03,
    0x00, 0x0E, 0x00, 0x0C, 0x01, 0xE0, 0x03, 0x00, 0x0F, 0x03, 0xF8, 0xFF, 0x38, 0x77, 0x04, 0xC0,
    0x18, 0x03, 0x00, 0x70, 0x6E, 0x1C, 0xFF, 0x0F, 0xC0, 0x60, 0x0F, 0x00, 0x60, 0x3C, 0x06, 0x00,
    0x7F, 0xF3, 0xFF, 0xDF, 0xFE, 0x0E, 0x00, 0x70, 0x03, 0x80, 0x1C, 0x00, 0xE0, 0x07, 0x00, 0x38,
    0x01, 0xC0, 0x0E, 0x00, 0x70, 0x03, 0x80, 0x1E, 0x00, 0xF0, 0x01, 0x80, 0x0C, 0x00, 0x60, 0x03,
    0x00, 0xFF, 0xBF, 0xFF, 0xFC, 0x30, 0x0C, 0x03, 0x00, 0xC0, 0x30, 0x0C, 0x03, 0x00, 0xF0, 0x3C,
    0x07, 0x01, 0xC0, 0x70, 0x18, 0x40, 0x0B, 0x80, 0xF7, 0x03, 0x8E, 0x1C, 0x38, 0x70, 0x73, 0x80,
    0xFC, 0x03, 0xF0, 0x07, 0x80, 0x1E, 0x00, 0x30, 0x00, 0xC0, 0x03, 0x00, 0x0C, 0x00, 0x30, 0x00,
    0xC0, 0x40, 0x7C, 0x1D, 0x83, 0xB8, 0x63, 0x1C, 0x73, 0x8E, 0x60, 0xDC, 0x1F, 0x03, 0xE0, 0x3C,
    0x07, 0x00, 0xE0, 0x1C, 0x03, 0x80, 0x70, 0x06, 0x00, 0x40, 0x0B, 0x80, 0xF7, 0x03, 0x8E, 0x1C,
    0x38, 0x70, 0x73, 0x80, 0xFC, 0x03, 0xF0, 0x07, 0x80, 0x1E, 0x00, 0x30, 0x07, 0xF8, 0x1F, 0xE0,
    0x7F, 0x80, 0x30, 0x00, 0xC0, 0x40, 0x7C, 0x1D, 0x83, 0xB8, 0x63, 0x1C, 0x73, 0x8E, 0x60, 0xDC,
    0x1F, 0x03, 0xE0, 0x3C, 0x1F, 0xC3, 0xF8, 0x3F, 0x03, 0x80, 0x70, 0x06, 0x00, 0x60, 0x18, 0xE0,
    0x70, 0xE1, 0xE1, 0xC3, 0x81, 0xCE, 0x01, 0xF8, 0x03, 0xF0, 0x03, 0xC0, 0x07, 0x80, 0x0F, 0x80,
    0x3F, 0x00, 0xE7, 0x01, 0xCF, 0x07, 0x0E, 0x1C, 0x0F, 0xF0, 0x0F, 0x00, 0x0E, 0x00, 0x1C, 0x00,
    0x38, 0x00, 0x60, 0x60, 0xC7, 0x1C, 0x31, 0xC3, 0xB8, 0x1F, 0x00, 0xF0, 0x0E, 0x01, 0xF0, 0x1B,
    0x83, 0xB8, 0x71, 0xFE, 0x0F, 0x00, 0x70, 0x07, 0x00, 0x70, 0x03, 0x7F, 0xF1, 0x8F, 0xFF, 0x31,
    0xFF, 0xC6, 0x03, 0x80, 0xC0, 0x70, 0x18, 0x0E, 0x03, 0x01, 0xC0, 0x60, 0x38, 0x0C, 0x07, 0x01,
    0x80, 0xE0, 0x30, 0x1C, 0x06, 0x03, 0x80, 0xC0, 0x70, 0x18, 0x0E, 0x03, 0x01, 0xFF, 0xF8, 0x3F,
    0xFF, 0x00, 0x00, 0xE0, 0x00, 0x1C, 0x00, 0x03, 0x80, 0x00, 0x20, 0xFE, 0x33, 0xFC, 0xCF, 0xF3,
    0x06, 0x0C, 0x18, 0x30, 0x60, 0xC1, 0x83, 0x06, 0x0C, 0x18, 0x30, 0x60, 0xC1, 0xFF, 0xC7, 0xFF,
    0x00, 0x1C, 0x00, 0x70, 0x01, 0xC0, 0x02, 0x40, 0x23, 0x81, 0xCE, 0x07, 0x38, 0x1C, 0xE0, 0x73,
    0x81, 0xCE, 0x07, 0x3C, 0x1C, 0x7F, 0xF0, 0xFF, 0xC0, 0xF7, 0x00, 0x1C, 0x00, 0x70, 0x01, 0xC0,
    0x07, 0x80, 0x1F, 0x00, 0x1C, 0x00, 0x70, 0x01, 0xC0, 0x06, 0x40, 0x9C, 0x3B, 0x87, 0x70, 0xEE,
    0x1D, 0xC3, 0x9F, 0xF3, 0xFE, 0x1F, 0xC0, 0x38, 0x07, 0x80, 0xF0, 0x06, 0x00, 0xC0, 0x18, 0x03,
    0x40, 0x2E, 0x07, 0xE0, 0x7E, 0x07, 0xE0, 0x7E, 0x07, 0xE6, 0x7F, 0x67, 0x7F, 0xF3, 0xFF, 0x0F,
    0x70, 0x67, 0x06, 0x70, 0x07, 0x00, 0x70, 0x07, 0x40, 0xB8, 0x7E, 0x1F, 0x87, 0xED, 0xFB, 0x77,
    0xFD, 0xFF, 0x1F, 0xC3, 0x70, 0xDC, 0x07, 0x40, 0x0E, 0x00, 0xE0, 0x0E, 0x00, 0xE0, 0x0E, 0x00,
    0xEF, 0x8F, 0xFE, 0xFF, 0xFE, 0x07, 0xE0, 0x7E, 0x03, 0xE0, 0x3E, 0x03, 0xE0, 0x3E, 0x03, 0x40,
    0x38, 0x0E, 0x03, 0x80, 0xEE, 0x3F, 0xEF, 0xFB, 0x87, 0xE1, 0xF8, 0x7E, 0x1F, 0x87, 0xE1, 0xF8,
    0x7E, 0x1F, 0x87, 0x00, 0xF0, 0x01, 0xFE, 0x01, 0xFF, 0x81, 0xE1, 0xE0, 0xC0, 0x76, 0xE0, 0x1B,
    0x70, 0x0D, 0xFF, 0xFF, 0x7F, 0xFF, 0x9F, 0xFF, 0x87, 0x00, 0x03, 0x80, 0x60, 0xE0, 0x70, 0x78,
    0x78, 0x1F, 0xF8, 0x07, 0xF8, 0x00, 0x60, 0x00, 0x01, 0xC0, 0x1F, 0xC0, 0x7F, 0xB3, 0x87, 0xCC,
    0x1F, 0xFF, 0xF7, 0xFF, 0xC7, 0x00, 0x0C, 0x00, 0x38, 0x70, 0x7F, 0x80, 0xFC, 0x00, 0xC0, 0x00,
    0xF0, 0x01, 0xFE, 0x01, 0xFF, 0x81, 0xE1, 0xE0, 0xC0, 0x76, 0xE0, 0x1B, 0x70, 0x0D, 0xFF, 0xFF,
    0x7F, 0xFF, 0x9F, 0xFF, 0x87, 0x00, 0x03, 0x80, 0x60, 0xE0, 0x70, 0x78, 0x78, 0x1F, 0xF8, 0x07,
    0xF8, 0x00, 0xE0, 0x00, 0x30, 0x00, 0x18, 0x00, 0x0C, 0x00, 0x01, 0xC0, 0x1F, 0xC0, 0x7F, 0xB3,
    0x87, 0xCC, 0x1F, 0xFF, 0xF7, 0xFF, 0xC7, 0x00, 0x0C, 0x00, 0x38, 0x70, 0x7F, 0x80, 0xFC, 0x00,
    0xC0, 0x03, 0x80, 0x07, 0x00, 0x78, 0x00, 0xC0, 0x5F, 0xFF, 0xFF, 0xFF, 0xFF, 0xFF, 0x01, 0x98,
    0x00, 0x1F, 0x80, 0x01, 0xF0, 0x00, 0x04, 0x00, 0x60, 0x60, 0x67, 0x06, 0x0E, 0x38, 0x61, 0xC3,
    0x86, 0x1C, 0x1C, 0x63, 0x81, 0xC6, 0x30, 0x0E, 0x67, 0x00, 0x7F, 0xE0, 0x07, 0xFE, 0x00, 0xFF,
    0xF0, 0x0C, 0x67, 0x01, 0xC6, 0x38, 0x38, 0x61, 0xC3, 0x86, 0x1C, 0x70, 0x60, 0xEE, 0x06, 0x0E,
    0x06, 0x30, 0x03, 0xF0, 0x00, 0xF8, 0x00, 0x10, 0x06, 0x18, 0x33, 0x8E, 0x38, 0xE7, 0x38, 0x73,
    0xB8, 0x1D, 0xD8, 0x07, 0xFC, 0x01, 0xFC, 0x01, 0xFF, 0x01, 0xDD, 0xC1, 0xCE, 0xF1, 0xC7, 0x38,
    0xE3, 0x8E, 0x40, 0x3E, 0x07, 0xE0, 0xEE, 0x1C, 0xE3, 0x8E, 0x78, 0xE7, 0x0F, 0xF0, 0xFF, 0xCF,
    0xFE, 0xE0, 0xFE, 0x07, 0xE0, 0x7E, 0x07, 0xE0, 0x7E, 0x07, 0x00, 0xF0, 0x3E, 0x03, 0xC0, 0x00,
    0x41, 0xDC, 0x7B, 0x8E, 0x73, 0x8E, 0xE1, 0xF8, 0x3F, 0xE7, 0xFE, 0xE1, 0xDC, 0x1B, 0x83, 0x70,
    0x60, 0x3C, 0x0F, 0x00, 0xC0, 0x07, 0xF8, 0x0F, 0xFC, 0x0F, 0xFC, 0x0C, 0x1C, 0x0C, 0x1C, 0x0C,
    0x1C, 0x1C, 0x1C, 0x1C, 0x1C, 0x1C, 0x1C, 0x1C, 0x1C, 0x1C, 0x1C, 0x1C, 0x1C, 0x1C, 0x1C, 0x38,
    0x1C, 0x78, 0x1F, 0x70, 0x1F, 0x00, 0x06, 0x00, 0x0E, 0x00, 0x0E, 0x00, 0x0C, 0x1F, 0xC1, 0xFF,
    0x0F, 0xF8, 0x71, 0xC3, 0x8E, 0x1C, 0x70, 0xE3, 0x87, 0x1C, 0x30, 0xE1, 0x87, 0x3C, 0x3F, 0xC1,
    0xE0, 0x07, 0x00, 0x38, 0x01, 0x80, 0x0C, 0x40, 0x17, 0x01, 0xF8, 0x0F, 0xC0, 0x7E, 0x03, 0xF0,
    0x1F, 0x80, 0xFF, 0xFF, 0xFF, 0xFF, 0x01, 0xF8, 0x0F, 0xC0, 0x7E, 0x03, 0xF0, 0x1F, 0x80, 0xFC,
    0x07, 0x00, 0x38, 0x01, 0xC0, 0x3E, 0x01, 0xE0, 0x0E, 0x00, 0x40, 0xF8, 0x7E, 0x1F, 0x87, 0xE1,
    0xFF, 0xFF, 0xFF, 0x87, 0xE1, 0xF8, 0x7E, 0x1F, 0x87, 0x01, 0xC0, 0x70, 0x3C, 0x1E, 0x07, 0x00,
    0x40, 0x11, 0xC0, 0x73, 0x80, 0xE7, 0x01, 0xCE, 0x03, 0x9C, 0x07, 0x38, 0x0E, 0x7F, 0xFC, 0xFF,
    0xF9, 0xC0, 0x73, 0x80, 0xE7, 0x01, 0xCE, 0x03, 0x9C, 0x07, 0x38, 0x0F, 0xF0, 0x1F, 0x00, 0x0C,
    0x00, 0x38, 0x00, 0x70, 0x00, 0xC0, 0x40, 0xCE, 0x1C, 0xE1, 0xCE, 0x1C, 0xE1, 0xCF, 0xFC, 0xFF,
    0xCE, 0x1C, 0xE1, 0xCE, 0x1C, 0xE1, 0xFE, 0x1F, 0x00, 0x60, 0x0E, 0x00, 0xE0, 0x0C, 0x40, 0x23,
    0x81, 0xCE, 0x07, 0x38, 0x1C, 0xE0, 0x73, 0x81, 0xCE, 0x07, 0x3C, 0x1C, 0x7F, 0xF0, 0xFF, 0xC0,
    0xF7, 0x00, 0x1C, 0x00, 0x70, 0x01, 0xC0, 0x07, 0x80, 0x1F, 0x00, 0x1C, 0x00, 0x70, 0x01, 0xC0,
    0x06, 0x40, 0x9C, 0x3B, 0x87, 0x70, 0xEE, 0x1D, 0xC3, 0x9F, 0xF3, 0xFE, 0x1F, 0xC0, 0x38, 0x07,
    0x80, 0xF0, 0x06, 0x00, 0xC0, 0x18, 0x03, 0x60, 0x07, 0x3C, 0x01, 0xCF, 0x00, 0xF3, 0xE0, 0x3C,
    0xF8, 0x1F, 0x3F, 0x07, 0xCF, 0xC1, 0xB3, 0xB0, 0xEC, 0xEE, 0x33, 0x39, 0x9C, 0xCE, 0x77, 0x33,
    0x9D, 0x8C, 0xE3, 0xE3, 0x38, 0xF0, 0xCE, 0x3C, 0x3F, 0x87, 0x0F, 0x00, 0x01, 0xC0, 0x00, 0x60,
    0x00, 0x38, 0x00, 0x04, 0x60, 0x18, 0xF0, 0x3C, 0xF0, 0x7C, 0xF8, 0x7C, 0xF8, 0x7C, 0xFC, 0xFC,
    0xFC, 0xDC, 0xED, 0xDC, 0xEF, 0xDC, 0xE7, 0x9C, 0xE7, 0x9E, 0xE3, 0x1E, 0x00, 0x0E, 0x00, 0x0E,
    0x00, 0x0C, 0x00, 0x0C, 0x5F, 0xFF, 0xFF, 0xFF, 0xFF, 0xFF, 0x0C, 0xC0, 0x3F, 0x00, 0x7C, 0x00,
    0x40, 0x03, 0x00, 0x1E, 0x00, 0x78, 0x01, 0xF0, 0x0F, 0xC0, 0x3B, 0x00, 0xCE, 0x07, 0x38, 0x18,
    0x60, 0xE1, 0xC3, 0xFF, 0x0F, 0xFC, 0x70, 0x39, 0xC0, 0xE6, 0x01, 0xF8, 0x07, 0x31, 0x87, 0xE1,
    0xF0, 0x10, 0x0E, 0x0F, 0xE7, 0xFD, 0xC3, 0x00, 0xC7, 0xF7, 0xFD, 0xE3, 0x60, 0xD8, 0x77, 0xFC,
    0xFF, 0x0C, 0x00, 0x0C, 0xC0, 0x73, 0x80, 0xCE, 0x00, 0x00, 0x03, 0x00, 0x1E, 0x00, 0x78, 0x01,
    0xF0, 0x0F, 0xC0, 0x3B, 0x00, 0xCE, 0x07, 0x38, 0x18, 0x60, 0xE1, 0xC3, 0xFF, 0x0F, 0xFC, 0x70,
    0x39, 0xC0, 0xE6, 0x01, 0xF8, 0x07, 0x31, 0x8E, 0xE3, 0xB8, 0x00, 0x0E, 0x0F, 0xE7, 0xFD, 0xC3,
    0x00, 0xC7, 0xF7, 0xFD, 0xE3, 0x60, 0xD8, 0x77, 0xFC, 0xFF, 0x0C, 0x00, 0x00, 0xFF, 0xE0, 0x1F,
    0xFF, 0x03, 0xFF, 0xF0, 0x3B, 0x00, 0x03, 0x30, 0x00, 0x73, 0x00, 0x06, 0x30, 0x00, 0xE3, 0xFE,
    0x0C, 0x3F, 0xE1, 0xC3, 0xFE, 0x1F, 0xF0, 0x03, 0xFF, 0x00, 0x38, 0x30, 0x07, 0x03, 0x00, 0x70,
    0x3F, 0xFE, 0x03, 0xFF, 0x0E, 0x1E, 0x0F, 0xEF, 0xC7, 0xFF, 0xF9, 0xC3, 0x87, 0x00, 0xC0, 0xC7,
    0xFF, 0xF7, 0xFF, 0xFD, 0xC3, 0x00, 0x60, 0xC0, 0x18, 0x78, 0x77, 0xFF, 0xFC, 0xFC, 0xFE, 0x0C,
    0x0C, 0x00, 0x31, 0x87, 0xF0, 0x7C, 0x02, 0x07, 0xFD, 0xFF, 0xFF, 0xF7, 0x00, 0xE0, 0x1C, 0x03,
    0x80, 0x7F, 0xEF, 0xFD, 0xFF, 0x38, 0x07, 0x00, 0xE0, 0x1C, 0x03, 0xFF, 0xFF, 0xF0, 0x19, 0x83,
    0xF0, 0x3C, 0x00, 0x00, 0xF0, 0x3F, 0x8F, 0xF3, 0x87, 0x60, 0x6F, 0xFD, 0xFF, 0xB0, 0x06, 0x00,
    0xE1, 0xCF, 0xF8, 0xFE, 0x06, 0x00, 0x07, 0x00, 0x7F, 0x87, 0xFF, 0x1C, 0x1C, 0xE0, 0x3B, 0x80,
    0x60, 0x01, 0xBF, 0xFF, 0xFF, 0xFF, 0xFF, 0xFE, 0x01, 0xB8, 0x0E, 0xE0, 0x39, 0xC1, 0xC3, 0xFE,
    0x07, 0xF0, 0x07, 0x00, 0x0F, 0x07, 0xF1, 0xFF, 0x38, 0x70, 0x06, 0xFF, 0xDF, 0xFB, 0xFF, 0x60,
    0xEE, 0x1C, 0xFF, 0x0F, 0xC0, 0x40, 0x18, 0xC0, 0x77, 0x01, 0xDC, 0x00, 0x00, 0x07, 0x00, 0x7F,
    0x87, 0xFF, 0x1C, 0x1C, 0xE0, 0x3B, 0x80, 0x60, 0x01, 0xBF, 0xFF, 0xFF, 0xFF, 0xFF, 0xFE, 0x01,
    0xB8, 0x0E, 0xE0, 0x39, 0xC1, 0xC3, 0xFE, 0x07, 0xF0, 0x07, 0x00, 0x19, 0x87, 0x38, 0x67, 0x00,
    0x00, 0xF0, 0x7F, 0x1F, 0xF3, 0x87, 0x00, 0x6F, 0xFD, 0xFF, 0xBF, 0xF6, 0x0E, 0xE1, 0xCF, 0xF0,
    0xFC, 0x04, 0x00, 0x01, 0x98, 0x00, 0x39, 0xC0, 0x03, 0x98, 0x00, 0x00, 0x00, 0x60, 0x60, 0x67,
    0x06, 0x0E, 0x38, 0x61, 0xC3, 0x86, 0x1C, 0x1C, 0x63, 0x81, 0xC6, 0x30, 0x0E, 0x67, 0x00, 0x7F,
    0xE0, 0x07, 0xFE, 0x00, 0xFF, 0xF0, 0x0C, 0x67, 0x01, 0xC6, 0x38, 0x38, 0x61, 0xC3, 0x86, 0x1C,
    0x70, 0x60, 0xEE, 0x06, 0x0E, 0x06, 0x70, 0x03, 0xB8, 0x01, 0x9C, 0x00, 0x00, 0x06, 0x18, 0x33,
    0x8E, 0x38, 0xE7, 0x38, 0x73, 0xB8, 0x1D, 0xD8, 0x07, 0xFC, 0x01, 0xFC, 0x01, 0xFF, 0x01, 0xDD,
    0xC1, 0xCE, 0xF1, 0xC7, 0x38, 0xE3, 0x8E, 0x31, 0x87, 0x70, 0xEE, 0x00, 0x00, 0xE0, 0x7F, 0x1F,
    0xF7, 0x0E, 0xE0, 0xC0, 0x18, 0x07, 0x07, 0xC0, 0xF8, 0x07, 0x80, 0x38, 0x07, 0xE0, 0xFC, 0x1D,
    0xFF, 0x1F, 0xC0, 0xE0, 0x33, 0x1C, 0xE3, 0x38, 0x00, 0x0E, 0x0F, 0xC7, 0xF9, 0x86, 0x03, 0x83,
    0xE0, 0xF0, 0x0E, 0x01, 0xD8, 0x77, 0xF8, 0xFC, 0x00, 0x00, 0x7F, 0xCF, 0xF9, 0xFF, 0x01, 0xC0,
    0x70, 0x1E, 0x03, 0x80, 0xF8, 0x1F, 0xC0, 0x38, 0x03, 0x80, 0x7E, 0x0F, 0xC1, 0xDF, 0xF1, 0xFC,
    0x0E, 0x00, 0x7F, 0xCF, 0xF9, 0xFF, 0x01, 0xC0, 0x70, 0x1E, 0x03, 0x80, 0xF8, 0x1F, 0xC0, 0x38,
    0x03, 0x80, 0x7E, 0x0F, 0xC1, 0xDF, 0xF1, 0xFC, 0x0E, 0x00, 0x0F, 0xC0, 0x7E, 0x00, 0x00, 0x80,
    0x2E, 0x03, 0xF0, 0x3F, 0x83, 0xFC, 0x1F, 0xE1, 0xFF, 0x1D, 0xF8, 0xEF, 0xCE, 0x7E, 0x73, 0xF7,
    0x1F, 0xF0, 0xFF, 0x87, 0xF8, 0x3F, 0x81, 0xFC, 0x0E, 0x3F, 0x0F, 0xC0, 0x01, 0x03, 0xE1, 0xF8,
    0xFE, 0x3F, 0x9F, 0xEF, 0xFB, 0x7F, 0xDF, 0xE7, 0xF1, 0xFC, 0x7E, 0x1C, 0x0C, 0xC0, 0xEE, 0x07,
    0x30, 0x00, 0x04, 0x01, 0x70, 0x1F, 0x81, 0xFC, 0x1F, 0xE0, 0xFF, 0x0F, 0xF8, 0xEF, 0xC7, 0x7E,
    0x73, 0xF3, 0x9F, 0xB8, 0xFF, 0x87, 0xFC, 0x3F, 0xC1, 0xFC, 0x0F, 0xE0, 0x70, 0x33, 0x1C, 0xE3,
    0x30, 0x00, 0x40, 0xF8, 0x7E, 0x3F, 0x8F, 0xE7, 0xFB, 0xFE, 0xDF, 0xF7, 0xF9, 0xFC, 0x7F, 0x1F,
    0x87, 0x0C, 0xC0, 0x73, 0x80, 0xCC, 0x00, 0x00, 0x07, 0x80, 0x7F, 0x83, 0xFF, 0x1E, 0x1E, 0x70,
    0x3B, 0x80, 0x7E, 0x01, 0xF0, 0x07, 0xC0, 0x1F, 0x00, 0x7E, 0x01, 0xF8, 0x07, 0x70, 0x39, 0xE1,
    0xE3, 0xFF, 0x07, 0xF8, 0x03, 0x00, 0x19, 0x83, 0xDC, 0x19, 0xC0, 0x00, 0x0F, 0x01, 0xFC, 0x3F,
    0xE7, 0x0E, 0x70, 0x66, 0x07, 0x60, 0x76, 0x07, 0x70, 0x67, 0x0E, 0x3F, 0xC1, 0xF8, 0x06, 0x00,
    0x07, 0x80, 0x7F, 0x83, 0xFF, 0x1E, 0x1E, 0x70, 0x3B, 0x80, 0x7E, 0x01, 0xFF, 0xFF, 0xFF, 0xFF,
    0xFF, 0xFE, 0x01, 0xF8, 0x07, 0x70, 0x39, 0xE1, 0xE3, 0xFF, 0x07, 0xF8, 0x03, 0x00, 0x0F, 0x01,
    0xFC, 0x3F, 0xE7, 0x0E, 0x70, 0x67, 0xE7, 0x7F, 0xF6, 0x3F, 0x70, 0x67, 0x0E, 0x3F, 0xC1, 0xF8,
    0x06, 0x00, 0x0C, 0xC0, 0x73, 0x80, 0xCC, 0x00, 0x00, 0x07, 0x80, 0x7F, 0x83, 0xFF, 0x1E, 0x1E,
    0x70, 0x3B, 0x80, 0x7E, 0x01, 0xFF, 0xFF, 0xFF, 0xFF, 0xFF, 0xFE, 0x01, 0xF8, 0x07, 0x70, 0x39,
    0xE1, 0xE3, 0xFF, 0x07, 0xF8, 0x03, 0x00, 0x19, 0x83, 0xDC, 0x19, 0xC0, 0x00, 0x0F, 0x01, 0xFC,
    0x3F, 0xE7, 0x0E, 0x70, 0x67, 0xE7, 0x7F, 0xF6, 0x3F, 0x70, 0x67, 0x0E, 0x3F, 0xC1, 0xF8, 0x06,
    0x00, 0x19, 0x80, 0xEE, 0x06, 0x70, 0x00, 0x00, 0xF0, 0x1F, 0xE1, 0xFF, 0x9E, 0x0E, 0xE0, 0x3E,
    0x01, 0xC0, 0x06, 0x1F, 0xF0, 0xFF, 0x80, 0x0C, 0x00, 0x78, 0x07, 0xE0, 0x3B, 0x87, 0x9F, 0xF8,
    0x7F, 0x80, 0x60, 0x00, 0x31, 0x87, 0x70, 0xEE, 0x00, 0x00, 0xE0, 0x7F, 0x1F, 0xF3, 0x86, 0x20,
    0xE1, 0xFC, 0x3F, 0x87, 0xF6, 0x0E, 0xE3, 0x9F, 0xF1, 0xFC, 0x0E, 0x00, 0x1F, 0xC0, 0xFC, 0x00,
    0x00, 0x80, 0x2E, 0x03, 0xB8, 0x39, 0xC1, 0xC7, 0x0C, 0x38, 0xE0, 0xC7, 0x07, 0x70, 0x1B, 0x80,
    0xF8, 0x07, 0xC0, 0x1C, 0x00, 0xE0, 0x07, 0x01, 0xF0, 0x0F, 0x00, 0x1F, 0x83, 0xF0, 0x00, 0x20,
    0x3E, 0x0E, 0xC1, 0xDC, 0x31, 0x8E, 0x39, 0xC7, 0x30, 0x6E, 0x0F, 0x81, 0xF0, 0x1E, 0x03, 0x80,
    0x70, 0x0C, 0x07, 0x81, 0xE0, 0x38, 0x00, 0x18, 0xC0, 0xEE, 0x07, 0x70, 0x00, 0x04, 0x01, 0x70,
    0x1D, 0xC1, 0xCE, 0x0E, 0x38, 0x61, 0xC7, 0x06, 0x38, 0x3B, 0x80, 0xDC, 0x07, 0xC0, 0x3E, 0x00,
    0xE0, 0x07, 0x00, 0x38, 0x0F, 0x80, 0x78, 0x00, 0x19, 0x87, 0x70, 0xE6, 0x00, 0x04, 0x07, 0xC1,
    0xD8, 0x3B, 0x86, 0x31, 0xC7, 0x38, 0xE6, 0x0D, 0xC1, 0xF0, 0x3E, 0x03, 0xC0, 0x70, 0x0E, 0x01,
    0x80, 0xF0, 0x3C, 0x07, 0x00, 0x0E, 0xC0, 0x6E, 0x07, 0x60, 0x32, 0x04, 0x01, 0x70, 0x1D, 0xC1,
    0xCE, 0x0E, 0x38, 0x61, 0xC7, 0x06, 0x38, 0x3B, 0x80, 0xDC, 0x07, 0xC0, 0x3E, 0x00, 0xE0, 0x07,
    0x00, 0x38, 0x0F, 0x80, 0x78, 0x00, 0x1D, 0xC3, 0xF0, 0x6C, 0x09, 0x84, 0x07, 0xC1, 0xD8, 0x3B,
    0x86, 0x31, 0xC7, 0x38, 0xE6, 0x0D, 0xC1, 0xF0, 0x3E, 0x03, 0xC0, 0x70, 0x0E, 0x01, 0x80, 0xF0,
    0x3C, 0x07, 0x00, 0x19, 0x83, 0x9C, 0x19, 0xC0, 0x00, 0x40, 0x2E, 0x07, 0xE0, 0x7E, 0x07, 0xE0,
    0x7E, 0x07, 0xE0, 0x7F, 0x07, 0x7F, 0xF3, 0xFF, 0x0F, 0x70, 0x07, 0x00, 0x70, 0x07, 0x00, 0x70,
    0x07, 0x33, 0x1C, 0xE3, 0x30, 0x00, 0x40, 0xB8, 0x7E, 0x1F, 0x87, 0xE1, 0xF8, 0x77, 0xFD, 0xFF,
    0x1F, 0xC0, 0x70, 0x1C, 0x07, 0x7F, 0xFF, 0xFF, 0xFF, 0x80, 0xE0, 0x38, 0x0E, 0x03, 0x80, 0xE0,
    0x38, 0x0E, 0x03, 0x80, 0xE0, 0x38, 0x0F, 0x03, 0xE0, 0x38, 0x0E, 0x03, 0x80, 0xC0, 0x7F, 0xFF,
    0xFF, 0xE0, 0xE0, 0xE0, 0xE0, 0xE0, 0xE0, 0xE0, 0xF0, 0xF0, 0x30, 0x30, 0x30, 0x30, 0x06, 0x60,
    0x0E, 0xE0, 0x0E, 0x60, 0x00, 0x00, 0x40, 0x02, 0xE0, 0x07, 0xE0, 0x07, 0xE0, 0x07, 0xE0, 0x07,
    0xE0, 0x07, 0xFE, 0x07, 0xFF, 0xC7, 0xFF, 0xE7, 0xE0, 0xE7, 0xE0, 0x77, 0xE0, 0x77, 0xE0, 0x77,
    0xE0, 0xE7, 0xFF, 0xE7, 0xFF, 0xC7, 0x18, 0xC0, 0xEE, 0x07, 0x70, 0x00, 0x04, 0x01, 0xF0, 0x1F,
    0x80, 0xFC, 0x07, 0xFC, 0x3F, 0xFD, 0xFF, 0xEF, 0xC3, 0xFE, 0x1F, 0xF0, 0xFF, 0xFE, 0xFF, 0xE7,
    0x3F, 0xE3, 0xFF, 0x3F, 0xF3, 0x00, 0x30, 0x03, 0x00, 0x30, 0x0F, 0xF8, 0xFF, 0x8F, 0xF0, 0x30,
    0x03, 0x00, 0x30, 0x03, 0x00, 0x3C, 0x03, 0xC0, 0x0C, 0x00, 0xC0, 0x7C, 0x07, 0x80, 0x70, 0x00,
    0x3F, 0xBF, 0xDF, 0xEE, 0x07, 0x07, 0xF3, 0xF9, 0xF8, 0x70, 0x38, 0x1E, 0x0F, 0x01, 0x80, 0xC1,
    0xE1, 0xF0, 0x60, 0x00, 0x60, 0x18, 0xE0, 0x70, 0xE1, 0xE1, 0xC3, 0x81, 0xCE, 0x01, 0xF8, 0x03,
    0xF0, 0x03, 0xC0, 0x07, 0x80, 0x0F, 0x80, 0x3F, 0x00, 0xE7, 0x01, 0xCF, 0x07, 0x0E, 0x1C, 0x0F,
    0xF0, 0x0F, 0x00, 0x0E, 0x00, 0x1C, 0x00, 0xF8, 0x01, 0xE0, 0x03, 0x80, 0x60, 0xCE, 0x39, 0xC6,
    0x1D, 0xC1, 0xF0, 0x3C, 0x03, 0x80, 0xF8, 0x3F, 0x07, 0x71, 0xC6, 0x70, 0xE0, 0x0C, 0x01, 0x81,
    0xF0, 0x3E, 0x07, 0x00, 0x60, 0x19, 0xC0, 0xE3, 0x87, 0x8E, 0x1C, 0x1C, 0xE0, 0x3F, 0x00, 0xFC,
    0x1F, 0xFC, 0x7F, 0xF8, 0x1F, 0x00, 0xFC, 0x07, 0x38, 0x1C, 0xF0, 0xE1, 0xC7, 0x03, 0xB8, 0x07,
    0x60, 0xCE, 0x38, 0xC7, 0x1D, 0xC1, 0xF0, 0xFF, 0x9F, 0xF0, 0xF8, 0x1B, 0x87, 0x71, 0xC7, 0x70,
    0x70, 0xE0, 0xEE, 0x1C, 0xC3, 0x9C, 0x71, 0xCE, 0x79, 0xDF, 0xF3, 0x3C, 0x63, 0x1C, 0x73, 0x87,
    0x70, 0xEE, 0x0E, 0x7F, 0x80, 0x30, 0x06, 0x00, 0xC0, 0x18, 0x03, 0x00, 0x60, 0x0C, 0x01, 0x80,
    0x30, 0x06, 0x00, 0xCF, 0xFE, 0x7C, 0x0C, 0x0E, 0x0E, 0x0E, 0x06, 0x06, 0x06, 0x06, 0x06, 0x0E,
    0x3F, 0xE7, 0xFF, 0xE0, 0x30, 0x06, 0x00, 0xC0, 0x18, 0x03, 0x00, 0x60, 0x0C, 0x01, 0x80, 0x30,
    0x06, 0x00, 0xC0, 0x18, 0xFF, 0x80, 0x38, 0x03, 0x80, 0x70, 0x06, 0x00, 0xC0, 0x1F, 0x03, 0xE0,
    0x7C, 0x0F, 0x81, 0xF0, 0x3E, 0x06, 0xFF, 0xFF, 0xFF, 0xFF, 0xFE, 0xFF, 0x18, 0x18, 0x38, 0x38,
    0x38, 0x38, 0x38, 0x38, 0x18, 0x18, 0x18, 0x1C, 0xFF, 0xDC, 0x3F, 0x83, 0xF0, 0x3E, 0x07, 0xC0,
    0xF8, 0x1F, 0x03, 0xE0, 0x7C, 0x0F, 0x81, 0xF0, 0x3E, 0x06, 0xE7, 0xCE, 0x0E, 0xE0, 0x6E, 0x06,
    0xE0, 0x6E, 0x06, 0xE0, 0x6E, 0x06, 0xE0, 0x6E, 0x06, 0x60, 0xE7, 0x9C, 0x3F, 0x80, 0xFF, 0xFF,
    0xF8, 0xFE, 0x03, 0xC0, 0x38, 0x06, 0x01, 0x80, 0x70, 0x1C, 0x07, 0x01, 0xC0, 0x70, 0x1C, 0x07,
    0x01, 0xC0, 0x70, 0x1C, 0x07, 0x01, 0xC0, 0xFF, 0x00, 0x70, 0x07, 0x00, 0x60, 0x0C, 0x01, 0x80,
    0x30, 0x06, 0x00, 0xC0, 0x18, 0x07, 0x01, 0xCF, 0xF0, 0xE0, 0x38, 0x0E, 0x03, 0xFF, 0x01, 0xC0,
    0x60, 0x38, 0x0E, 0x03, 0x01, 0xC0, 0x70, 0x18, 0x0E, 0x03, 0x80, 0xC0, 0x70, 0xFF, 0xDC, 0x3F,
    0x83, 0xF0, 0x3E, 0x07, 0xC0, 0xF8, 0x1F, 0x03, 0xE0, 0x7C, 0x0F, 0x81, 0xF0, 0x3F, 0xFE, 0x6F,
    0xCF, 0xBD, 0xC3, 0xB8, 0x37, 0x06, 0xE0, 0xD8, 0x1B, 0x03, 0x60, 0x7C, 0x0F, 0x81, 0xF0, 0x3C,
    0x7E, 0xFF, 0xFF, 0xFF, 0xFF, 0xFF, 0xFF, 0xE0, 0x78, 0x71, 0xC7, 0x1C, 0x71, 0xC7, 0x1C, 0x71,
    0xC7, 0xFC, 0xFF, 0x83, 0x1C, 0x60, 0xEE, 0x06, 0xC0, 0x7C, 0x07, 0xC0, 0x7C, 0x07, 0xE0, 0x7E,
    0x06, 0x60, 0xE3, 0x9C, 0x1F, 0x80, 0x60, 0x6E, 0x0D, 0xC1, 0x98, 0x33, 0x06, 0x70, 0xC6, 0x18,
    0xC3, 0x1C, 0x61, 0x9C, 0x33, 0x07, 0xC3, 0xF1, 0xF8, 0x00, 0xFF, 0x1C, 0xFB, 0x83, 0x70, 0x7E,
    0x0F, 0xC1, 0xF8, 0x3B, 0xC7, 0x00, 0xE0, 0x1C, 0x03, 0x80, 0x70, 0x0E, 0x01, 0xC0, 0x38, 0x07,
    0x00, 0xE0, 0xFF, 0x9C, 0x7B, 0x83, 0xF0, 0x7E, 0x06, 0xC0, 0xDF, 0x18, 0x03, 0x00, 0x60, 0x1C,
    0x03, 0x81, 0xEF, 0xF8, 0xE1, 0xF8, 0x76, 0x1D, 0xC7, 0x71, 0xCC, 0x73, 0x9C, 0xFE, 0x1F, 0x07,
    0x01, 0xC0, 0x30, 0x0C, 0x03, 0x80, 0x60, 0x18, 0x07, 0x00, 0x60, 0xDC, 0x33, 0x8C, 0xE3, 0x1C,
    0xC7, 0xF0, 0xF8, 0x1C, 0x07, 0x00, 0xE0, 0x38, 0x07, 0x7F, 0xC0, 0xFF, 0xF0, 0x07, 0x00, 0x60,
    0x0E, 0x00, 0xE0, 0x0C, 0x01, 0xCE, 0x18, 0xE3, 0x8E, 0x38, 0xE3, 0x0E, 0x70, 0xE7, 0x0E, 0x00,
    0xE0, 0x0E, 0x00, 0xE0, 0x00, 0xFF, 0x00, 0xE0, 0x18, 0x07, 0x01, 0xC0, 0x70, 0x1C, 0x07, 0x01,
    0xC0, 0x70, 0x1C, 0x07, 0x01, 0xC0, 0xE3, 0x1F, 0x8C, 0x7E, 0x31, 0xF8, 0xC7, 0xE3, 0x1F, 0x8C,
    0x7F, 0xF1, 0xF8, 0x06, 0xE0, 0x19, 0x80, 0x67, 0x03, 0x8F, 0x3C, 0x1F, 0xE0, 0xFF, 0xC1, 0x8E,
    0x30, 0x63, 0x07, 0x30, 0x77, 0x07, 0x70, 0x77, 0x07, 0x30, 0x73, 0x07, 0x30, 0x73, 0x07, 0xF0,
    0x70, 0x27, 0x67, 0x70, 0x33, 0x77, 0x6E, 0x00, 0x6E, 0xE4, 0x00, 0x3F, 0xBF, 0xFC, 0x2C, 0x07,
    0x03, 0x80, 0xE0, 0x38, 0x0E, 0x03, 0x01, 0x80, 0x00, 0x60, 0x78, 0x3C, 0x0C, 0x00, 0x1C, 0x3E,
    0x7C, 0x60, 0x60, 0x73, 0x3F, 0xFE, 0xF8, 0x00, 0xFF, 0xFC, 0x00, 0x6F, 0xF2, 0x0C, 0xEE, 0x66,
    0x67, 0x77, 0x77, 0x73, 0x30, 0x00, 0x18, 0x76, 0x19, 0xFE, 0x7F, 0x1F, 0x07, 0x00, 0xC0, 0x30,
    0x0C, 0x03, 0x00, 0xC0, 0x38, 0x0E, 0x03, 0x80, 0x00, 0x00, 0x06, 0x36, 0x67, 0x67, 0x77, 0x7F,
    0xE7, 0xFE, 0x70, 0x03, 0x00, 0x30, 0x03, 0x00, 0x30, 0x03, 0x00, 0x38, 0x03, 0x80, 0x38, 0x00,
    0x00, 0x00, 0x07, 0x03, 0xE1, 0xE0, 0x60, 0x38, 0x0F, 0xC1, 0xF0, 0x3C, 0x1C, 0x06, 0x03, 0x80,
    0xE0, 0x1F, 0xE3, 0xF8, 0x00, 0x1E, 0x0F, 0xC7, 0x39, 0x86, 0x61, 0xB8, 0x7E, 0x1D, 0x86, 0x61,
    0x9F, 0xE3, 0xF0, 0x00, 0x00, 0x3F, 0xCF, 0xF0, 0x2C, 0x03, 0x00, 0xE0, 0x38, 0x0E, 0x03, 0x80,
    0xE0, 0x18, 0x06, 0x01, 0x80, 0x70, 0x1C, 0x00, 0x40, 0x0E, 0x07, 0xE0, 0x67, 0x0E, 0x70, 0xE3,
    0x0C, 0x39, 0xC3, 0x98, 0x19, 0x81, 0xF8, 0x1F, 0x00, 0xF0, 0x0F, 0x00, 0xE0, 0x06, 0x00, 0x00,
    0x02, 0x00, 0x60, 0x07, 0x00, 0xF0, 0x0F, 0x00, 0xF8, 0x1F, 0x81, 0x98, 0x39, 0xC3, 0x9C, 0x30,
    0xC7, 0x0E, 0x70, 0xEE, 0x06, 0xE0, 0x70, 0x00, 0x08, 0x0F, 0x87, 0xF1, 0x9C, 0xE3, 0x38, 0xC7,
    0xF1, 0xFC, 0x1F, 0x80, 0xE0, 0x38, 0x06, 0x01, 0x80, 0x60, 0x18, 0x00, 0x00, 0x10, 0x00, 0xE0,
    0x03, 0x98, 0x06, 0x60, 0x1B, 0x80, 0x7E, 0x01, 0xF8, 0x06, 0xE0, 0x39, 0xE3, 0xC3, 0xFF, 0x07,
    0xF0, 0x7D, 0xF0, 0x6F, 0xF2, 0x0C, 0xEE, 0x66, 0x67, 0x77, 0x77, 0x73, 0x30, 0x00, 0x18, 0x76,
    0x19, 0xFE, 0x7F, 0x1F, 0x07, 0x00, 0xC0, 0x30, 0x0C, 0x03, 0x00, 0xC0, 0x38, 0x0E, 0x03, 0x80,
    0x00, 0x00, 0x06, 0x36, 0x67, 0x67, 0x77, 0x7F, 0xE7, 0xFE, 0x70, 0x03, 0x00, 0x30, 0x03, 0x00,
    0x30, 0x03, 0x00, 0x38, 0x03, 0x80, 0x38, 0x00, 0x00, 0x00, 0x39, 0xE6, 0xF1, 0xB0, 0x7F, 0x9F,
    0xE7, 0xE1, 0xC0, 0x30, 0x0C, 0x03, 0x00, 0xC0, 0x30, 0x0C, 0x03, 0x00, 0x00, 0x07, 0x01, 0xE0,
    0x78, 0x1F, 0x0E, 0xC3, 0x39, 0xC6, 0x61, 0xB8, 0x6E, 0x1F, 0x87, 0xED, 0xDF, 0xE7, 0xF8, 0x00,
    0x3E, 0x7E, 0x60, 0x60, 0x60, 0x73, 0x3F, 0x1E, 0x1C, 0x38, 0x70, 0x60, 0xE0, 0xC0, 0x00, 0x40,
    0x0E, 0x07, 0xE0, 0x67, 0x0E, 0x70, 0xE3, 0x0C, 0x39, 0xC3, 0x98, 0x19, 0x81, 0xF8, 0x1F, 0x00,
    0xF0, 0x0F, 0x00, 0xE0, 0x06, 0x00, 0x00, 0x02, 0x00, 0x60, 0x07, 0x00, 0xF0, 0x0F, 0x00, 0xF8,
    0x1F, 0x81, 0x98, 0x39, 0xC3, 0x9C, 0x30, 0xC7, 0x0E, 0x70, 0xEE, 0x06, 0xE0, 0x70, 0x00, 0x08,
    0x0F, 0x87, 0xF1, 0x9C, 0xE3, 0x38, 0xC7, 0xF1, 0xFC, 0x1F, 0x80, 0xE0, 0x38, 0x06, 0x01, 0x80,
    0x60, 0x18, 0x00, 0x03, 0x00, 0x1E, 0x00, 0x78, 0x01, 0xF0, 0x0F, 0xC0, 0x3B, 0x00, 0xCE, 0x07,
    0x38, 0x18, 0x60, 0xE1, 0xC3, 0xFF, 0x0F, 0xFC, 0x70, 0x39, 0xC0, 0xE6, 0x01, 0xF8, 0x07, 0x00,
    0x00, 0x0C, 0x00, 0x38, 0x00, 0xC0, 0x0E, 0x0F, 0xE7, 0xFD, 0xC3, 0x00, 0xC7, 0xF7, 0xFD, 0xE3,
    0x60, 0xD8, 0x77, 0xFC, 0xFF, 0x0C, 0x01, 0x80, 0xE0, 0x38, 0x07, 0x80, 0x1E, 0x00, 0x38, 0x00,
    0xC0, 0x03, 0x00, 0x1E, 0x00, 0x78, 0x01, 0xF0, 0x0F, 0xC0, 0x3B, 0x00, 0xCE, 0x07, 0x38, 0x18,
    0x60, 0xE1, 0xC3, 0xFF, 0x0F, 0xFC, 0x70, 0x39, 0xC0, 0xE6, 0x01, 0xF8, 0x07, 0x0E, 0x03, 0x80,
    0x60, 0x10, 0x0E, 0x0F, 0xE7, 0xFD, 0xC3, 0x00, 0xC7, 0xF7, 0xFD, 0xE3, 0x60, 0xD8, 0x77, 0xFC,
    0xFF, 0x0C, 0x00, 0x00, 0x70, 0x01, 0x80, 0x0E, 0x00, 0xC0, 0x07, 0x80, 0x3F, 0x00, 0xCC, 0x00,
    0xC0, 0x07, 0x80, 0x1E, 0x00, 0x7C, 0x03, 0xF0, 0x0E, 0xC0, 0x33, 0x81, 0xCE, 0x06, 0x18, 0x38,
    0x70, 0xFF, 0xC3, 0xFF, 0x1C, 0x0E, 0x70, 0x39, 0x80, 0x7E, 0x01, 0xC0, 0x00, 0xE0, 0x38, 0x06,
    0x07, 0x00, 0xF0, 0x37, 0x0E, 0x60, 0x70, 0x3F, 0x8F, 0xF9, 0xC3, 0x00, 0x61, 0xFC, 0xFF, 0x9E,
    0x33, 0x06, 0x61, 0xCF, 0xF8, 0xFF, 0x06, 0x00, 0x01, 0xC0, 0x03, 0x00, 0x0E, 0x00, 0xC0, 0x07,
    0x80, 0x3F, 0x00, 0xCC, 0x00, 0xC0, 0x07, 0x80, 0x1E, 0x00, 0x7C, 0x03, 0xF0, 0x0E, 0xC0, 0x33,
    0x81, 0xCE, 0x06, 0x18, 0x38, 0x70, 0xFF, 0xC3, 0xFF, 0x1C, 0x0E, 0x70, 0x39, 0x80, 0x7E, 0x01,
    0xC0, 0x07, 0x00, 0xE0, 0x18, 0x38, 0x0F, 0x06, 0xE3, 0x98, 0x38, 0x3F, 0x9F, 0xF7, 0x0C, 0x03,
    0x1F, 0xDF, 0xF7, 0x8D, 0x83, 0x61, 0xDF, 0xF3, 0xFC, 0x30, 0x01, 0xE0, 0x07, 0x80, 0x0E, 0x00,
    0xC0, 0x07, 0x80, 0x3F, 0x00, 0xCC, 0x00, 0xC0, 0x07, 0x80, 0x1E, 0x00, 0x7C, 0x03, 0xF0, 0x0E,
    0xC0, 0x33, 0x81, 0xCE, 0x06, 0x18, 0x38, 0x70, 0xFF, 0xC3, 0xFF, 0x1C, 0x0E, 0x70, 0x39, 0x80,
    0x7E, 0x01, 0xC0, 0x03, 0x80, 0xE0, 0x18, 0x38, 0x0F, 0x06, 0xE3, 0x98, 0x38, 0x3F, 0x9F, 0xF7,
    0x0C, 0x03, 0x1F, 0xDF, 0xF7, 0x8D, 0x83, 0x61, 0xDF, 0xF3, 0xFC, 0x30, 0x06, 0x40, 0x3F, 0x00,
    0xDC, 0x00, 0xC0, 0x07, 0x80, 0x3F, 0x00, 0xCC, 0x00, 0xC0, 0x07, 0x80, 0x1E, 0x00, 0x7C, 0x03,
    0xF0, 0x0E, 0xC0, 0x33, 0x81, 0xCE, 0x06, 0x18, 0x38, 0x70, 0xFF, 0xC3, 0xFF, 0x1C, 0x0E, 0x70,
    0x39, 0x80, 0x7E, 0x01, 0xC0, 0x1D, 0x87, 0xE3, 0x30, 0x38, 0x0F, 0x06, 0xE3, 0x98, 0x38, 0x3F,
    0x9F, 0xF7, 0x0C, 0x03, 0x1F, 0xDF, 0xF7, 0x8D, 0x83, 0x61, 0xDF, 0xF3, 0xFC, 0x30, 0x03, 0x80,
    0x1E, 0x00, 0xEC, 0x00, 0x00, 0x03, 0x00, 0x1E, 0x00, 0x78, 0x01, 0xF0, 0x0F, 0xC0, 0x3B, 0x00,
    0xCE, 0x07, 0x38, 0x18, 0x60, 0xE1, 0xC3, 0xFF, 0x0F, 0xFC, 0x70, 0x39, 0xC0, 0xE6, 0x01, 0xF8,
    0x07, 0x00, 0x00, 0x0C, 0x00, 0x38, 0x00, 0xC0, 0x0E, 0x07, 0xC3, 0xB8, 0x00, 0x0E, 0x0F, 0xE7,
    0xFD, 0xC3, 0x00, 0xC7, 0xF7, 0xFD, 0xE3, 0x60, 0xD8, 0x77, 0xFC, 0xFF, 0x0C, 0x01, 0x80, 0xE0,
    0x38, 0x01, 0xC0, 0x06, 0x00, 0x38, 0x03, 0x10, 0x0C, 0xC0, 0x3F, 0x00, 0x38, 0x00, 0xC0, 0x07,
    0x80, 0x1E, 0x00, 0x7C, 0x03, 0xF0, 0x0E, 0xC0, 0x33, 0x81, 0xCE, 0x06, 0x18, 0x38, 0x70, 0xFF,
    0xC3, 0xFF, 0x1C, 0x0E, 0x70, 0x39, 0x80, 0x7E, 0x01, 0xC0, 0x03, 0x01, 0xC0, 0x60, 0x46, 0x3B,
    0x87, 0xC0, 0xE0, 0x38, 0x3F, 0x9F, 0xF7, 0x0C, 0x03, 0x1F, 0xDF, 0xF7, 0x8D, 0x83, 0x61, 0xDF,
    0xF3, 0xFC, 0x30, 0x0E, 0x00, 0x1C, 0x00, 0x30, 0x03, 0x30, 0x0C, 0xC0, 0x3F, 0x00, 0x30, 0x00,
    0xC0, 0x07, 0x80, 0x1E, 0x00, 0x7C, 0x03, 0xF0, 0x0E, 0xC0, 0x33, 0x81, 0xCE, 0x06, 0x18, 0x38,
    0x70, 0xFF, 0xC3, 0xFF, 0x1C, 0x0E, 0x70, 0x39, 0x80, 0x7E, 0x01, 0xC0, 0x1C, 0x07, 0x00, 0xC0,
    0xC6, 0x3B, 0x87, 0xC0, 0xE0, 0x38, 0x3F, 0x9F, 0xF7, 0x0C, 0x03, 0x1F, 0xDF, 0xF7, 0x8D, 0x83,
    0x61, 0xDF, 0xF3, 0xFC, 0x30, 0x07, 0x80, 0x1E, 0x00, 0x38, 0x03, 0x10, 0x0C, 0xC0, 0x3F, 0x00,
    0x38, 0x00, 0xC0, 0x07, 0x80, 0x1E, 0x00, 0x7C, 0x03, 0xF0, 0x0E, 0xC0, 0x33, 0x81, 0xCE, 0x06,
    0x18, 0x38, 0x70, 0xFF, 0xC3, 0xFF, 0x1C, 0x0E, 0x70, 0x39, 0x80, 0x7E, 0x01, 0xC0, 0x0E, 0x03,
    0x80, 0x60, 0x46, 0x3B, 0x87, 0xC0, 0xE0, 0x38, 0x3F, 0x9F, 0xF7, 0x0C, 0x03, 0x1F, 0xDF, 0xF7,
    0x8D, 0x83, 0x61, 0xDF, 0xF3, 0xFC, 0x30, 0x06, 0x40, 0x3F, 0x00, 0xDC, 0x03, 0x30, 0x0C, 0xC0,
    0x3F, 0x00, 0x30, 0x00, 0xC0, 0x07, 0x80, 0x1E, 0x00, 0x7C, 0x03, 0xF0, 0x0E, 0xC0, 0x33, 0x81,
    0xCE, 0x06, 0x18, 0x38, 0x70, 0xFF, 0xC3, 0xFF, 0x1C, 0x0E, 0x70, 0x39, 0x80, 0x7E, 0x01, 0xC0,
    0x1D, 0x87, 0xE3, 0x30, 0x46, 0x3B, 0x87, 0xC0, 0xE0, 0x38, 0x3F, 0x9F, 0xF7, 0x0C, 0x03, 0x1F,
    0xDF, 0xF7, 0x8D, 0x83, 0x61, 0xDF, 0xF3, 0xFC, 0x30, 0x0C, 0xC0, 0x3F, 0x00, 0x7C, 0x00, 0x40,
    0x03, 0x00, 0x1E, 0x00, 0x78, 0x01, 0xF0, 0x0F, 0xC0, 0x3B, 0x00, 0xCE, 0x07, 0x38, 0x18, 0x60,
    0xE1, 0xC3, 0xFF, 0x0F, 0xFC, 0x70, 0x39, 0xC0, 0xE6, 0x01, 0xF8, 0x07, 0x00, 0x00, 0x0C, 0x00,
    0x38, 0x00, 0xC0, 0x31, 0x87, 0xE1, 0xF0, 0x10, 0x0E, 0x0F, 0xE7, 0xFD, 0xC3, 0x00, 0xC7, 0xF7,
    0xFD, 0xE3, 0x60, 0xD8, 0x77, 0xFC, 0xFF, 0x0C, 0x01, 0x80, 0xE0, 0x38, 0x7F, 0xDF, 0xFF, 0xFF,
    0x70, 0x0E, 0x01, 0xC0, 0x38, 0x07, 0xFE, 0xFF, 0xDF, 0xF3, 0x80, 0x70, 0x0E, 0x01, 0xC0, 0x3F,
    0xFF, 0xFF, 0x00, 0x01, 0xC0, 0x38, 0x07, 0x00, 0x0F, 0x03, 0xF8, 0xFF, 0x38, 0x76, 0x06, 0xFF,
    0xDF, 0xFB, 0x00, 0x60, 0x0E, 0x1C, 0xFF, 0x8F, 0xE0, 0x60, 0x0C, 0x03, 0xC0, 0x30, 0x1E, 0x01,
    0xC0, 0x18, 0x02, 0x07, 0xFD, 0xFF, 0xFF, 0xF7, 0x00, 0xE0, 0x1C, 0x03, 0x80, 0x7F, 0xEF, 0xFD,
    0xFF, 0x38, 0x07, 0x00, 0xE0, 0x1C, 0x03, 0xFF, 0xFF, 0xF0, 0x0E, 0x01, 0xE0, 0x1C, 0x03, 0x00,
    0xF0, 0x3F, 0x8F, 0xF3, 0x87, 0x60, 0x6F, 0xFD, 0xFF, 0xB0, 0x06, 0x00, 0xE1, 0xCF, 0xF8, 0xFE,
    0x06, 0x00, 0x19, 0x87, 0xF0, 0xDC, 0x00, 0x07, 0xFD, 0xFF, 0xFF, 0xF7, 0x00, 0xE0, 0x1C, 0x03,
    0x80, 0x7F, 0xEF, 0xFD, 0xFF, 0x38, 0x07, 0x00, 0xE0, 0x1C, 0x03, 0xFF, 0xFF, 0xF0, 0x0C, 0x83,
    0xF0, 0x7E, 0x00, 0x00, 0xF0, 0x3F, 0x8F, 0xF3, 0x87, 0x60, 0x6F, 0xFD, 0xFF, 0xB0, 0x06, 0x00,
    0xE1, 0xCF, 0xF8, 0xFE, 0x06, 0x00, 0x00, 0xC0, 0x38, 0x06, 0x07, 0x01, 0xF0, 0x37, 0x0C, 0x63,
    0xFE, 0xFF, 0xFF, 0xFB, 0x80, 0x70, 0x0E, 0x01, 0xC0, 0x3F, 0xF7, 0xFE, 0xFF, 0x9C, 0x03, 0x80,
    0x70, 0x0E, 0x01, 0xFF, 0xFF, 0xF8, 0x00, 0xE0, 0x18, 0x07, 0x03, 0x00, 0xF0, 0x3F, 0x06, 0x60,
    0x78, 0x1F, 0xC7, 0xF9, 0xC3, 0xB0, 0x37, 0xFE, 0xFF, 0xD8, 0x03, 0x00, 0x70, 0xE7, 0xFC, 0x7F,
    0x03, 0x00, 0x07, 0x00, 0x70, 0x06, 0x07, 0x01, 0xF0, 0x37, 0x0C, 0x63, 0xFE, 0xFF, 0xFF, 0xFB,
    0x80, 0x70, 0x0E, 0x01, 0xC0, 0x3F, 0xF7, 0xFE, 0xFF, 0x9C, 0x03, 0x80, 0x70, 0x0E, 0x01, 0xFF,
    0xFF, 0xF8, 0x03, 0x80, 0x30, 0x07, 0x03, 0x00, 0xF0, 0x3F, 0x06, 0x60, 0x78, 0x1F, 0xC7, 0xF9,
    0xC3, 0xB0, 0x37, 0xFE, 0xFF, 0xD8, 0x03, 0x00, 0x70, 0xE7, 0xFC, 0x7F, 0x03, 0x00, 0x07, 0x80,
    0x70, 0x06, 0x07, 0x01, 0xF0, 0x37, 0x0C, 0x63, 0xFE, 0xFF, 0xFF, 0xFB, 0x80, 0x70, 0x0E, 0x01,
    0xC0, 0x3F, 0xF7, 0xFE, 0xFF, 0x9C, 0x03, 0x80, 0x70, 0x0E, 0x01, 0xFF, 0xFF, 0xF8, 0x03, 0xC0,
    0x78, 0x06, 0x03, 0x00, 0xF0, 0x3F, 0x06, 0x60, 0x78, 0x1F, 0xC7, 0xF9, 0xC3, 0xB0, 0x37, 0xFE,
    0xFF, 0xD8, 0x03, 0x00, 0x70, 0xE7, 0xFC, 0x7F, 0x03, 0x00, 0x1D, 0x87, 0xF0, 0xDC, 0x07, 0x01,
    0xF0, 0x37, 0x0C, 0x63, 0xFE, 0xFF, 0xFF, 0xFB, 0x80, 0x70, 0x0E, 0x01, 0xC0, 0x3F, 0xF7, 0xFE,
    0xFF, 0x9C, 0x03, 0x80, 0x70, 0x0E, 0x01, 0xFF, 0xFF, 0xF8, 0x0D, 0x83, 0xF0, 0x6E, 0x03, 0x00,
    0xF0, 0x3F, 0x06, 0x60, 0x78, 0x1F, 0xC7, 0xF9, 0xC3, 0xB0, 0x37, 0xFE, 0xFF, 0xD8, 0x03, 0x00,
    0x70, 0xE7, 0xFC, 0x7F, 0x03, 0x00, 0x0E, 0x03, 0xE0, 0xEE, 0x00, 0x07, 0xFD, 0xFF, 0xFF, 0xF7,
    0x00, 0xE0, 0x1C, 0x03, 0x80, 0x7F, 0xEF, 0xFD, 0xFF, 0x38, 0x07, 0x00, 0xE0, 0x1C, 0x03, 0xFF,
    0xFF, 0xF0, 0x00, 0x1C, 0x03, 0x80, 0x70, 0x07, 0x01, 0xE0, 0x76, 0x00, 0x00, 0xF0, 0x3F, 0x8F,
    0xF3, 0x87, 0x60, 0x6F, 0xFD, 0xFF, 0xB0, 0x06, 0x00, 0xE1, 0xCF, 0xF8, 0xFE, 0x06, 0x00, 0xC0,
    0x3C, 0x03, 0x00, 0xEF, 0x66, 0x4E, 0xEE, 0xEE, 0xEE, 0xEE, 0xEE, 0xEE, 0xEE, 0xF7, 0x32, 0x27,
    0x77, 0x77, 0x77, 0x77, 0x77, 0x5F, 0xFF, 0xFF, 0xFF, 0xFF, 0xFF, 0x0F, 0xF0, 0xDF, 0x85, 0xFF,
    0xFF, 0xFF, 0xFF, 0x1F, 0xF0, 0x07, 0x80, 0x7F, 0x83, 0xFF, 0x1E, 0x1E, 0x70, 0x3B, 0x80, 0x7E,
    0x01, 0xF0, 0x07, 0xC0, 0x1F, 0x00, 0x7E, 0x01, 0xF8, 0x07, 0x70, 0x39, 0xE1, 0xE3, 0xFF, 0x07,
    0xF8, 0x03, 0x00, 0x0C, 0x00, 0x78, 0x00, 0xC0, 0x0F, 0x01, 0xFC, 0x3F, 0xE7, 0x0E, 0x70, 0x66,
    0x07, 0x60, 0x76, 0x07, 0x70, 0x67, 0x0E, 0x3F, 0xC1, 0xF8, 0x06, 0x00, 0x60, 0x07, 0x00, 0x60,
    0x07, 0x00, 0x1E, 0x00, 0x30, 0x00, 0xC0, 0x07, 0x80, 0x7F, 0x83, 0xFF, 0x1E, 0x1E, 0x70, 0x3B,
    0x80, 0x7E, 0x01, 0xF0, 0x07, 0xC0, 0x1F, 0x00, 0x7E, 0x01, 0xF8, 0x07, 0x70, 0x39, 0xE1, 0xE3,
    0xFF, 0x07, 0xF8, 0x03, 0x00, 0x0F, 0x00, 0xF0, 0x07, 0x00, 0x60, 0x0F, 0x01, 0xFC, 0x3F, 0xE7,
    0x0E, 0x70, 0x66, 0x07, 0x60, 0x76, 0x07, 0x70, 0x67, 0x0E, 0x3F, 0xC1, 0xF8, 0x06, 0x00, 0x00,
    0x70, 0x01, 0x80, 0x0E, 0x00, 0xC0, 0x07, 0x80, 0x3F, 0x00, 0xCC, 0x01, 0xE0, 0x1F, 0xE0, 0xFF,
    0xC7, 0x87, 0x9C, 0x0E, 0xE0, 0x1F, 0x80, 0x7C, 0x01, 0xF0, 0x07, 0xC0, 0x1F, 0x80, 0x7E, 0x01,
    0xDC, 0x0E, 0x78, 0x78, 0xFF, 0xC1, 0xFE, 0x00, 0xC0, 0x00, 0xE0, 0x0C, 0x01, 0xC0, 0x60, 0x0F,
    0x01, 0xF8, 0x19, 0x80, 0xF0, 0x1F, 0xC3, 0xFE, 0x70, 0xE7, 0x06, 0x60, 0x76, 0x07, 0x60, 0x77,
    0x06, 0x70, 0xE3, 0xFC, 0x1F, 0x80, 0x60, 0x01, 0xC0, 0x07, 0x00, 0x0E, 0x00, 0xC0, 0x07, 0x80,
    0x3F, 0x00, 0xCC, 0x01, 0xE0, 0x1F, 0xE0, 0xFF, 0xC7, 0x87, 0x9C, 0x0E, 0xE0, 0x1F, 0x80, 0x7C,
    0x01, 0xF0, 0x07, 0xC0, 0x1F, 0x80, 0x7E, 0x01, 0xDC, 0x0E, 0x78, 0x78, 0xFF, 0xC1, 0xFE, 0x00,
    0xC0, 0x03, 0x80, 0x18, 0x01, 0xC0, 0x60, 0x0F, 0x01, 0xF8, 0x19, 0x80, 0xF0, 0x1F, 0xC3, 0xFE,
    0x70, 0xE7, 0x06, 0x60, 0x76, 0x07, 0x60, 0x77, 0x06, 0x70, 0xE3, 0xFC, 0x1F, 0x80, 0x60, 0x01,
    0xE0, 0x07, 0x80, 0x0C, 0x00, 0xC0, 0x07, 0x80, 0x3F, 0x00, 0xCC, 0x01, 0xE0, 0x1F, 0xE0, 0xFF,
    0xC7, 0x87, 0x9C, 0x0E, 0xE0, 0x1F, 0x80, 0x7C, 0x01, 0xF0, 0x07, 0xC0, 0x1F, 0x80, 0x7E, 0x01,
    0xDC, 0x0E, 0x78, 0x78, 0xFF, 0xC1, 0xFE, 0x00, 0xC0, 0x03, 0xC0, 0x3C, 0x01, 0xC0, 0x60, 0x0F,
    0x01, 0xF8, 0x19, 0x80, 0xF0, 0x1F, 0xC3, 0xFE, 0x70, 0xE7, 0x06, 0x60, 0x76, 0x07, 0x60, 0x77,
    0x06, 0x70, 0xE3, 0xFC, 0x1F, 0x80, 0x60, 0x0E, 0xC0, 0x3F, 0x00, 0xD8, 0x00, 0xC0, 0x07, 0x80,
    0x3F, 0x00, 0xCC, 0x01, 0xE0, 0x1F, 0xE0, 0xFF, 0xC7, 0x87, 0x9C, 0x0E, 0xE0, 0x1F, 0x80, 0x7C,
    0x01, 0xF0, 0x07, 0xC0, 0x1F, 0x80, 0x7E, 0x01, 0xDC, 0x0E, 0x78, 0x78, 0xFF, 0xC1, 0xFE, 0x00,
    0xC0, 0x0C, 0x81, 0xF8, 0x1B, 0x80, 0x60, 0x0F, 0x01, 0xF8, 0x19, 0x80, 0xF0, 0x1F, 0xC3, 0xFE,
    0x70, 0xE7, 0x06, 0x60, 0x76, 0x07, 0x60, 0x77, 0x06, 0x70, 0xE3, 0xFC, 0x1F, 0x80, 0x60, 0x07,
    0x00, 0x1E, 0x00, 0xDC, 0x00, 0x00, 0x07, 0x80, 0x7F, 0x83, 0xFF, 0x1E, 0x1E, 0x70, 0x3B, 0x80,
    0x7E, 0x01, 0xF0, 0x07, 0xC0, 0x1F, 0x00, 0x7E, 0x01, 0xF8, 0x07, 0x70, 0x39, 0xE1, 0xE3, 0xFF,
    0x07, 0xF8, 0x03, 0x00, 0x0C, 0x00, 0x78, 0x00, 0xC0, 0x07, 0x00, 0xF8, 0x1D, 0x80, 0x00, 0x0F,
    0x01, 0xFC, 0x3F, 0xE7, 0x0E, 0x70, 0x66, 0x07, 0x60, 0x76, 0x07, 0x70, 0x67, 0x0E, 0x3F, 0xC1,
    0xF8, 0x06, 0x00, 0x60, 0x07, 0x00, 0x60, 0x01, 0xC0, 0x06, 0x00, 0x38, 0xC0, 0xC3, 0x07, 0xFC,
    0x7F, 0xF3, 0xFF, 0x9E, 0x1E, 0x70, 0x3B, 0x80, 0x7E, 0x01, 0xF0, 0x07, 0xC0, 0x1F, 0x00, 0x7E,
    0x01, 0xF8, 0x07, 0x70, 0x39, 0xE1, 0xE3, 0xFF, 0x07, 0xF8, 0x03, 0x00, 0x03, 0x80, 0x30, 0x07,
    0x30, 0x67, 0x0F, 0xF1, 0xFF, 0x3F, 0xE7, 0x0E, 0x70, 0x66, 0x07, 0x60, 0x76, 0x07, 0x70, 0x67,
    0x0E, 0x3F, 0xC1, 0xF8, 0x06, 0x00, 0x0E, 0x00, 0x18, 0x00, 0x70, 0xC0, 0xC3, 0x07, 0xFC, 0x7F,
    0xF3, 0xFF, 0x9E, 0x1E, 0x70, 0x3B, 0x80, 0x7E, 0x01, 0xF0, 0x07, 0xC0, 0x1F, 0x00, 0x7E, 0x01,
    0xF8, 0x07, 0x70, 0x39, 0xE1, 0xE3, 0xFF, 0x07, 0xF8, 0x03, 0x00, 0x1C, 0x00, 0xC0, 0x0E, 0x30,
    0x67, 0x0F, 0xF1, 0xFF, 0x3F, 0xE7, 0x0E, 0x70, 0x66, 0x07, 0x60, 0x76, 0x07, 0x70, 0x67, 0x0E,
    0x3F, 0xC1, 0xF8, 0x06, 0x00, 0x07, 0x00, 0x1E, 0x00, 0x30, 0xC0, 0xC3, 0x07, 0xFC, 0x7F, 0xF3,
    0xFF, 0x9E, 0x1E, 0x70, 0x3B, 0x80, 0x7E, 0x01, 0xF0, 0x07, 0xC0, 0x1F, 0x00, 0x7E, 0x01, 0xF8,
    0x07, 0x70, 0x39, 0xE1, 0xE3, 0xFF, 0x07, 0xF8, 0x03, 0x00, 0x0F, 0x00, 0xF0, 0x07, 0x30, 0x67,
    0x0F, 0xF1, 0xFF, 0x3F, 0xE7, 0x0E, 0x70, 0x66, 0x07, 0x60, 0x76, 0x07, 0x70, 0x67, 0x0E, 0x3F,
    0xC1, 0xF8, 0x06, 0x00, 0x06, 0xC0, 0x3F, 0x00, 0xFC, 0xC0, 0x03, 0x07, 0xFC, 0x7F, 0xF3, 0xFF,
    0x9E, 0x1E, 0x70, 0x3B, 0x80, 0x7E, 0x01, 0xF0, 0x07, 0xC0, 0x1F, 0x00, 0x7E, 0x01, 0xF8, 0x07,
    0x70, 0x39, 0xE1, 0xE3, 0xFF, 0x07, 0xF8, 0x03, 0x00, 0x0C, 0x81, 0xF8, 0x1B, 0xB0, 0x07, 0x0F,
    0xF1, 0xFF, 0x3F, 0xE7, 0x0E, 0x70, 0x66, 0x07, 0x60, 0x76, 0x07, 0x70, 0x67, 0x0E, 0x3F, 0xC1,
    0xF8, 0x06, 0x00, 0x00, 0x0C, 0x00, 0x30, 0x7F, 0xC7, 0xFF, 0x3F, 0xF9, 0xE1, 0xE7, 0x03, 0xB8,
    0x07, 0xE0, 0x1F, 0x00, 0x7C, 0x01, 0xF0, 0x07, 0xE0, 0x1F, 0x80, 0x77, 0x03, 0x9E, 0x1E, 0x3F,
    0xF0, 0x7F, 0x80, 0x30, 0x00, 0xC0, 0x07, 0x80, 0x0C, 0x00, 0x00, 0x30, 0x07, 0x0F, 0xF1, 0xFF,
    0x3F, 0xE7, 0x0E, 0x70, 0x66, 0x07, 0x60, 0x76, 0x07, 0x70, 0x67, 0x0E, 0x3F, 0xC1, 0xF8, 0x06,
    0x00, 0x60, 0x07, 0x00, 0x60, 0x40, 0x17, 0x01, 0xF8, 0x0F, 0xC0, 0x7E, 0x03, 0xF0, 0x1F, 0x80,
    0xFC, 0x07, 0xE0, 0x3F, 0x01, 0xF8, 0x0F, 0xC0, 0x76, 0x03, 0xB8, 0x38, 0xFF, 0xC3, 0xFC, 0x07,
    0x00, 0x18, 0x01, 0xC0, 0x0E, 0x00, 0x40, 0xF8, 0x7E, 0x1F, 0x87, 0xE1, 0xF8, 0x7E, 0x1F, 0x87,
    0xE1, 0xF8, 0x77, 0xFC, 0xFF, 0x08, 0x03, 0x00, 0xE0, 0x30, 0x07, 0x00, 0x38, 0x00, 0xC0, 0x04,
    0x04, 0x01, 0x70, 0x1F, 0x80, 0xFC, 0x07, 0xE0, 0x3F, 0x01, 0xF8, 0x0F, 0xC0, 0x7E, 0x03, 0xF0,
    0x1F, 0x80, 0xFC, 0x07, 0x60, 0x3B, 0x83, 0x8F, 0xFC, 0x3F, 0xC0, 0x70, 0x00, 0x1C, 0x07, 0x80,
    0xE0, 0x30, 0x40, 0xF8, 0x7E, 0x1F, 0x87, 0xE1, 0xF8, 0x7E, 0x1F, 0x87, 0xE1, 0xF8, 0x77, 0xFC,
    0xFF, 0x08, 0x00, 0x01, 0x80, 0x07, 0x00, 0x0C, 0x18, 0x18, 0x74, 0x01, 0xFC, 0x07, 0xF8, 0x0F,
    0x70, 0x1C, 0xE0, 0x39, 0xC0, 0x73, 0x80, 0xE7, 0x01, 0xCE, 0x03, 0x9C, 0x07, 0x38, 0x0E, 0x70,
    0x1C, 0x60, 0x38, 0xE0, 0xE0, 0xFF, 0xC0, 0xFF, 0x00, 0x70, 0x00, 0x07, 0x00, 0x60, 0x0E, 0x70,
    0xC7, 0x40, 0xFE, 0x1E, 0xE1, 0xCE, 0x1C, 0xE1, 0xCE, 0x1C, 0xE1, 0xCE, 0x1C, 0xE1, 0xCE, 0x1C,
    0x7F, 0xC3, 0xFC, 0x08, 0x00, 0x0C, 0x00, 0x1C, 0x00, 0x18, 0x18, 0x10, 0x74, 0x01, 0xFC, 0x07,
    0xF8, 0x0F, 0x70, 0x1C, 0xE0, 0x39, 0xC0, 0x73, 0x80, 0xE7, 0x01, 0xCE, 0x03, 0x9C, 0x07, 0x38,
    0x0E, 0x70, 0x1C, 0x60, 0x38, 0xE0, 0xE0, 0xFF, 0xC0, 0xFF, 0x00, 0x70, 0x00, 0x38, 0x01, 0x80,
    0x1C, 0x70, 0xC7, 0x40, 0xFE, 0x1E, 0xE1, 0xCE, 0x1C, 0xE1, 0xCE, 0x1C, 0xE1, 0xCE, 0x1C, 0xE1,
    0xCE, 0x1C, 0x7F, 0xC3, 0xFC, 0x08, 0x00, 0x07, 0x00, 0x0E, 0x00, 0x0C, 0x18, 0x10, 0x74, 0x01,
    0xFC, 0x07, 0xF8, 0x0F, 0x70, 0x1C, 0xE0, 0x39, 0xC0, 0x73, 0x80, 0xE7, 0x01, 0xCE, 0x03, 0x9C,
    0x07, 0x38, 0x0E, 0x70, 0x1C, 0x60, 0x38, 0xE0, 0xE0, 0xFF, 0xC0, 0xFF, 0x00, 0x70, 0x00, 0x1C,
    0x01, 0xE0, 0x0E, 0x70, 0xC7, 0x40, 0xFE, 0x1E, 0xE1, 0xCE, 0x1C, 0xE1, 0xCE, 0x1C, 0xE1, 0xCE,
    0x1C, 0xE1, 0xCE, 0x1C, 0x7F, 0xC3, 0xFC, 0x08, 0x00, 0x0C, 0xC0, 0x1F, 0x80, 0x6E, 0x18, 0x00,
    0x74, 0x01, 0xFC, 0x07, 0xF8, 0x0F, 0x70, 0x1C, 0xE0, 0x39, 0xC0, 0x73, 0x80, 0xE7, 0x01, 0xCE,
    0x03, 0x9C, 0x07, 0x38, 0x0E, 0x70, 0x1C, 0x60, 0x38, 0xE0, 0xE0, 0xFF, 0xC0, 0xFF, 0x00, 0x70,
    0x00, 0x19, 0x03, 0xF0, 0x3F, 0x70, 0x07, 0x40, 0xFE, 0x1E, 0xE1, 0xCE, 0x1C, 0xE1, 0xCE, 0x1C,
    0xE1, 0xCE, 0x1C, 0xE1, 0xCE, 0x1C, 0x7F, 0xC3, 0xFC, 0x08, 0x00, 0x00, 0x06, 0x00, 0x1D, 0x00,
    0x7F, 0x01, 0xFE, 0x03, 0xDC, 0x07, 0x38, 0x0E, 0x70, 0x1C, 0xE0, 0x39, 0xC0, 0x73, 0x80, 0xE7,
    0x01, 0xCE, 0x03, 0x9C, 0x07, 0x18, 0x0E, 0x38, 0x38, 0x3F, 0xF0, 0x3F, 0xC0, 0x1C, 0x00, 0x18,
    0x00, 0x70, 0x00, 0xE0, 0x00, 0x00, 0x70, 0x07, 0x40, 0xFE, 0x1E, 0xE1, 0xCE, 0x1C, 0xE1, 0xCE,
    0x1C, 0xE1, 0xCE, 0x1C, 0xE1, 0xCE, 0x1C, 0x7F, 0xC3, 0xFC, 0x08, 0x00, 0xC0, 0x0E, 0x00, 0xC0,
    0x0E, 0x00, 0x18, 0x00, 0x70, 0x00, 0xC0, 0x40, 0x0B, 0x80, 0xF7, 0x03, 0x8E, 0x1C, 0x38, 0x70,
    0x73, 0x80, 0xFC, 0x03, 0xF0, 0x07, 0x80, 0x1E, 0x00, 0x30, 0x00, 0xC0, 0x03, 0x00, 0x0C, 0x00,
    0x30, 0x00, 0xC0, 0x1C, 0x03, 0x80, 0x38, 0x03, 0x04, 0x07, 0xC1, 0xD8, 0x3B, 0x86, 0x31, 0xC7,
    0x38, 0xE6, 0x0D, 0xC1, 0xF0, 0x3E, 0x03, 0xC0, 0x70, 0x0E, 0x01, 0x80, 0xF0, 0x3C, 0x07, 0x00,
    0x40, 0x0B, 0x80, 0xF7, 0x03, 0x8E, 0x1C, 0x38, 0x70, 0x73, 0x80, 0xFC, 0x03, 0xF0, 0x07, 0x80,
    0x1E, 0x00, 0x30, 0x00, 0xC0, 0x03, 0x00, 0x0C, 0x00, 0x30, 0x00, 0xC0, 0x00, 0x00, 0x0C, 0x00,
    0x78, 0x00, 0xC0, 0x40, 0x7C, 0x1D, 0x83, 0xB8, 0x63, 0x1C, 0x73, 0x8E, 0x60, 0xDC, 0x1F, 0x03,
    0xE0, 0x3C, 0x07, 0x00, 0xE0, 0x19, 0x8F, 0x73, 0xCE, 0x70, 0x00, 0x07, 0x00, 0x1E, 0x00, 0x30,
    0x00, 0xC0, 0x40, 0x0B, 0x80, 0xF7, 0x03, 0x8E, 0x1C, 0x38, 0x70, 0x73, 0x80, 0xFC, 0x03, 0xF0,
    0x07, 0x80, 0x1E, 0x00, 0x30, 0x00, 0xC0, 0x03, 0x00, 0x0C, 0x00, 0x30, 0x00, 0xC0, 0x0E, 0x01,
    0xE0, 0x18, 0x03, 0x04, 0x07, 0xC1, 0xD8, 0x3B, 0x86, 0x31, 0xC7, 0x38, 0xE6, 0x0D, 0xC1, 0xF0,
    0x3E, 0x03, 0xC0, 0x70, 0x0E, 0x01, 0x80, 0xF0, 0x3C, 0x07, 0x00, 0x06, 0x40, 0x3F, 0x00, 0xFC,
    0x00, 0x00, 0x40, 0x0B, 0x80, 0xF7, 0x03, 0x8E, 0x1C, 0x38, 0x70, 0x73, 0x80, 0xFC, 0x03, 0xF0,
    0x07, 0x80, 0x1E, 0x00, 0x30, 0x00, 0xC0, 0x03, 0x00, 0x0C, 0x00, 0x30, 0x00, 0xC0, 0x09, 0x83,
    0xF0, 0xDC, 0x00, 0x04, 0x07, 0xC1, 0xD8, 0x3B, 0x86, 0x31, 0xC7, 0x38, 0xE6, 0x0D, 0xC1, 0xF0,
    0x3E, 0x03, 0xC0, 0x70, 0x0E, 0x01, 0x80, 0xF0, 0x3C, 0x07, 0x00, 0x07, 0x00, 0x38, 0x01, 0xC0,
    0x0C, 0x00, 0xF1, 0x8F, 0xDC, 0xFF, 0xEE, 0x1E, 0x60, 0x73, 0x03, 0x98, 0x1C, 0xC0, 0xE7, 0x07,
    0x38, 0x7C, 0xFF, 0xE3, 0xF3, 0x06, 0x00, 0x07, 0x00, 0x78, 0x01, 0x80, 0x04, 0x00, 0xF1, 0x8F,
    0xDC, 0xFF, 0xEE, 0x1E, 0x60, 0x73, 0x03, 0x98, 0x1C, 0xC0, 0xE7, 0x07, 0x38, 0x7C, 0xFF, 0xE3,
    0xF3, 0x06, 0x00, 0x1F, 0x80, 0xFC, 0x07, 0x60, 0x33, 0x00, 0xF1, 0x8F, 0xDC, 0xFF, 0xEE, 0x1E,
    0x60, 0x73, 0x03, 0x98, 0x1C, 0xC0, 0xE7, 0x07, 0x38, 0x7C, 0xFF, 0xE3, 0xF3, 0x06, 0x00, 0x1F,
    0x81, 0xFC, 0x06, 0x60, 0x1B, 0x00, 0xF1, 0x8F, 0xDC, 0xFF, 0xEE, 0x1E, 0x60, 0x73, 0x03, 0x98,
    0x1C, 0xC0, 0xE7, 0x07, 0x38, 0x7C, 0xFF, 0xE3, 0xF3, 0x06, 0x00, 0x1D, 0xC0, 0xEC, 0x07, 0x60,
    0x32, 0x00, 0xF1, 0x8F, 0xDC, 0xFF, 0xEE, 0x1E, 0x60, 0x73, 0x03, 0x98, 0x1C, 0xC0, 0xE7, 0x07,
    0x38, 0x7C, 0xFF, 0xE3, 0xF3, 0x06, 0x00, 0x1D, 0x80, 0xEC, 0x07, 0x60, 0x1A, 0x00, 0xF1, 0x8F,
    0xDC, 0xFF, 0xEE, 0x1E, 0x60, 0x73, 0x03, 0x98, 0x1C, 0xC0, 0xE7, 0x07, 0x38, 0x7C, 0xFF, 0xE3,
    0xF3, 0x06, 0x00, 0x1F, 0x80, 0xFC, 0x04, 0x40, 0x1C, 0x00, 0x70, 0x03, 0x80, 0x18, 0x01, 0xE3,
    0x1F, 0xB9, 0xFF, 0xDC, 0x3C, 0xC0, 0xE6, 0x07, 0x30, 0x39, 0x81, 0xCE, 0x0E, 0x70, 0xF9, 0xFF,
    0xC7, 0xE6, 0x0C, 0x00, 0x1F, 0x80, 0xFC, 0x04, 0x40, 0x0E, 0x00, 0xF0, 0x03, 0x00, 0x08, 0x01,
    0xE3, 0x1F, 0xB9, 0xFF, 0xDC, 0x3C, 0xC0, 0xE6, 0x07, 0x30, 0x39, 0x81, 0xCE, 0x0E, 0x70, 0xF9,
    0xFF, 0xC7, 0xE6, 0x0C, 0x00, 0x71, 0x00, 0xE7, 0x01, 0xDF, 0x03, 0x3E, 0x00, 0x6C, 0x01, 0xDC,
    0x03, 0xB8, 0x06, 0x30, 0x1C, 0x70, 0x38, 0xE0, 0xFF, 0xE1, 0xFF, 0xC3, 0x81, 0x8E, 0x03, 0x9C,
    0x07, 0x30, 0x06, 0x01, 0x00, 0xE7, 0x01, 0xDF, 0x03, 0xBE, 0x03, 0x6C, 0x01, 0xDC, 0x03, 0xB8,
    0x06, 0x30, 0x1C, 0x70, 0x38, 0xE0, 0xFF, 0xE1, 0xFF, 0xC3, 0x81, 0x8E, 0x03, 0x9C, 0x07, 0x30,
    0x06, 0x00, 0x60, 0x36, 0x38, 0x1F, 0xBC, 0x0F, 0xDF, 0x06, 0x5D, 0x80, 0x0E, 0xC0, 0x06, 0x70,
    0x07, 0x18, 0x03, 0x8E, 0x01, 0x87, 0x01, 0xFF, 0x80, 0xFF, 0xE0, 0x60, 0x70, 0x70, 0x18, 0x38,
    0x0E, 0x38, 0x07, 0x00, 0x20, 0x1F, 0x9C, 0x07, 0xEF, 0x81, 0xDB, 0xE0, 0x36, 0xD8, 0x00, 0x77,
    0x00, 0x1D, 0xC0, 0x06, 0x30, 0x03, 0x8E, 0x00, 0xE3, 0x80, 0x3F, 0xF0, 0x1F, 0xFC, 0x07, 0x03,
    0x03, 0x80, 0xE0, 0xE0, 0x38, 0x30, 0x06, 0x00, 0x20, 0x19, 0x9C, 0x07, 0x6F, 0x01, 0xDB, 0xE0,
    0x64, 0xD8, 0x00, 0x77, 0x00, 0x19, 0xC0, 0x0E, 0x30, 0x03, 0x8E, 0x00, 0xC3, 0x80, 0x7F, 0xE0,
    0x1F, 0xFC, 0x06, 0x07, 0x03, 0x80, 0xC0, 0xE0, 0x38, 0x30, 0x0E, 0x00, 0x20, 0x1D, 0x9C, 0x07,
    0x6F, 0x81, 0xDB, 0xE0, 0x34, 0xD8, 0x00, 0x77, 0x00, 0x1D, 0xC0, 0x06, 0x30, 0x03, 0x8E, 0x00,
    0xE3, 0x80, 0x7F, 0xE0, 0x1F, 0xFC, 0x06, 0x07, 0x03, 0x80, 0xE0, 0xE0, 0x38, 0x30, 0x06, 0x7E,
    0x00, 0x7E, 0x00, 0x4C, 0x00, 0x38, 0xC0, 0x3D, 0xE0, 0x19, 0xE0, 0x33, 0xE0, 0x03, 0xF0, 0x03,
    0x70, 0x07, 0x30, 0x07, 0x38, 0x06, 0x38, 0x0E, 0x18, 0x0F, 0xFC, 0x1F, 0xFC, 0x1C, 0x0E, 0x18,
    0x0E, 0x38, 0x06, 0x38, 0x07, 0x7E, 0x00, 0x7E, 0x00, 0x4C, 0xC0, 0x1D, 0xE0, 0x39, 0xE0, 0x3B,
    0xE0, 0x1B, 0xF0, 0x03, 0x70, 0x07, 0x30, 0x07, 0x38, 0x06, 0x38, 0x0E, 0x1C, 0x0F, 0xFC, 0x1F,
    0xFC, 0x1C, 0x0E, 0x1C, 0x0E, 0x38, 0x06, 0x38, 0x07, 0x1C, 0x0E, 0x07, 0x03, 0x01, 0xC3, 0xFB,
    0xFF, 0xC7, 0xE0, 0x7E, 0x1F, 0x1E, 0x0C, 0x17, 0x1F, 0xFE, 0xFE, 0x1C, 0x00, 0x1C, 0x0E, 0x07,
    0x01, 0x81, 0xC3, 0xFB, 0xFF, 0xC7, 0xE0, 0x7E, 0x1F, 0x1E, 0x0C, 0x17, 0x1F, 0xFE, 0xFE, 0x1C,
    0x00, 0x76, 0x3F, 0x0F, 0x84, 0x41, 0xC3, 0xFB, 0xFF, 0xC7, 0xE0, 0x7E, 0x1F, 0x1E, 0x0C, 0x17,
    0x1F, 0xFE, 0xFE, 0x1C, 0x00, 0x76, 0x3B, 0x1D, 0x86, 0x41, 0xC3, 0xFB, 0xFF, 0xC7, 0xE0, 0x7E,
    0x1F, 0x1E, 0x0C, 0x17, 0x1F, 0xFE, 0xFE, 0x1C, 0x00, 0x77, 0x3F, 0x8F, 0x84, 0xC1, 0xC3, 0xFB,
    0xFF, 0xC7, 0xE0, 0x7E, 0x1F, 0x1E, 0x0C, 0x17, 0x1F, 0xFE, 0xFE, 0x1C, 0x00, 0x77, 0x3B, 0x1D,
    0x86, 0xC1, 0xC3, 0xFB, 0xFF, 0xC7, 0xE0, 0x7E, 0x1F, 0x1E, 0x0C, 0x17, 0x1F, 0xFE, 0xFE, 0x1C,
    0x00, 0x67, 0xFC, 0xEF, 0xFD, 0xDF, 0xFB, 0x30, 0x00, 0x60, 0x00, 0xC0, 0x01, 0x80, 0x03, 0xFE,
    0x07, 0xFC, 0x0F, 0xF8, 0x18, 0x00, 0x30, 0x00, 0x60, 0x00, 0xC0, 0x01, 0xFF, 0x83, 0xFF, 0x03,
    0xFC, 0xEF, 0xFD, 0xDF, 0xFB, 0xB8, 0x03, 0x70, 0x00, 0xE0, 0x01, 0xC0, 0x03, 0xFE, 0x07, 0xFC,
    0x0F, 0xF8, 0x1C, 0x00, 0x38, 0x00, 0x70, 0x00, 0xE0, 0x01, 0xFF, 0x83, 0xFF, 0x00, 0x7F, 0x9B,
    0x3F, 0xF7, 0xEF, 0xFD, 0xFB, 0x80, 0x64, 0xE0, 0x00, 0x38, 0x00, 0x0E, 0x00, 0x03, 0xFE, 0x00,
    0xFF, 0x80, 0x3F, 0xE0, 0x0E, 0x00, 0x03, 0x80, 0x00, 0xE0, 0x00, 0x38, 0x00, 0x0F, 0xFC, 0x03,
    0xFF, 0x00, 0x7F, 0xDF, 0xBF, 0xF7, 0xEF, 0xFD, 0xDB, 0x80, 0x36, 0xE0, 0x00, 0x38, 0x00, 0x0E,
    0x00, 0x03, 0xFF, 0x00, 0xFF, 0xC0, 0x3F, 0xE0, 0x0E, 0x00, 0x03, 0x80, 0x00, 0xE0, 0x00, 0x38,
    0x00, 0x0F, 0xFC, 0x03, 0xFF, 0x00, 0x7F, 0x99, 0xBF, 0xF7, 0x6F, 0xFD, 0xDB, 0x80, 0x64, 0xE0,
    0x00, 0x38, 0x00, 0x0E, 0x00, 0x03, 0xFE, 0x00, 0xFF, 0xC0, 0x3F, 0xE0, 0x0E, 0x00, 0x03, 0x80,
    0x00, 0xE0, 0x00, 0x38, 0x00, 0x0F, 0xFC, 0x03, 0xFF, 0x00, 0x7F, 0x9D, 0xBF, 0xF7, 0x6F, 0xFD,
    0xDB, 0x80, 0x34, 0xE0, 0x00, 0x38, 0x00, 0x0E, 0x00, 0x03, 0xFF, 0x00, 0xFF, 0xC0, 0x3F, 0xE0,
    0x0E, 0x00, 0x03, 0x80, 0x00, 0xE0, 0x00, 0x38, 0x00, 0x0F, 0xFC, 0x03, 0xFF, 0x0E, 0x03, 0x80,
    0xE0, 0x30, 0x4E, 0x3F, 0xEF, 0xFB, 0x87, 0xE1, 0xF8, 0x7E, 0x1F, 0x87, 0xE1, 0xF8, 0x7E, 0x1F,
    0x87, 0x01, 0xC0, 0x70, 0x1C, 0x07, 0x00, 0xC0, 0x0E, 0x07, 0x80, 0xC0, 0x18, 0x4E, 0x3F, 0xEF,
    0xFB, 0x87, 0xE1, 0xF8, 0x7E, 0x1F, 0x87, 0xE1, 0xF8, 0x7E, 0x1F, 0x87, 0x01, 0xC0, 0x70, 0x1C,
    0x07, 0x00, 0xC0, 0x3F, 0x0F, 0xC3, 0xB0, 0xCC, 0x4E, 0x3F, 0xEF, 0xFB, 0x87, 0xE1, 0xF8, 0x7E,
    0x1F, 0x87, 0xE1, 0xF8, 0x7E, 0x1F, 0x87, 0x01, 0xC0, 0x70, 0x1C, 0x07, 0x00, 0xC0, 0x3F, 0x0F,
    0xC3, 0xB0, 0x6C, 0x4E, 0x3F, 0xEF, 0xFB, 0x87, 0xE1, 0xF8, 0x7E, 0x1F, 0x87, 0xE1, 0xF8, 0x7E,
    0x1F, 0x87, 0x01, 0xC0, 0x70, 0x1C, 0x07, 0x00, 0xC0, 0x3B, 0x8E, 0xC3, 0xB0, 0xCC, 0x4E, 0x3F,
    0xEF, 0xFB, 0x87, 0xE1, 0xF8, 0x7E, 0x1F, 0x87, 0xE1, 0xF8, 0x7E, 0x1F, 0x87, 0x01, 0xC0, 0x70,
    0x1C, 0x07, 0x00, 0xC0, 0x3B, 0x0E, 0xC3, 0xB0, 0x68, 0x4E, 0x3F, 0xEF, 0xFB, 0x87, 0xE1, 0xF8,
    0x7E, 0x1F, 0x87, 0xE1, 0xF8, 0x7E, 0x1F, 0x87, 0x01, 0xC0, 0x70, 0x1C, 0x07, 0x00, 0xC0, 0x3F,
    0x0F, 0xC3, 0x20, 0x30, 0x0E, 0x03, 0x80, 0xC1, 0x38, 0xFF, 0xBF, 0xEE, 0x1F, 0x87, 0xE1, 0xF8,
    0x7E, 0x1F, 0x87, 0xE1, 0xF8, 0x7E, 0x1C, 0x07, 0x01, 0xC0, 0x70, 0x1C, 0x03, 0x3F, 0x0F, 0xC2,
    0x20, 0x38, 0x1E, 0x03, 0x00, 0x61, 0x38, 0xFF, 0xBF, 0xEE, 0x1F, 0x87, 0xE1, 0xF8, 0x7E, 0x1F,
    0x87, 0xE1, 0xF8, 0x7E, 0x1C, 0x07, 0x01, 0xC0, 0x70, 0x1C, 0x03, 0x66, 0x01, 0xBB, 0x00, 0xDD,
    0x80, 0x6C, 0xC0, 0x30, 0x60, 0x18, 0x30, 0x0C, 0x18, 0x06, 0x0F, 0xFF, 0x07, 0xFF, 0x83, 0x00,
    0xC1, 0x80, 0x60, 0xC0, 0x30, 0x60, 0x18, 0x30, 0x0C, 0x18, 0x06, 0x0C, 0x03, 0x02, 0x01, 0x9D,
    0xC0, 0x67, 0x70, 0x19, 0xDC, 0x06, 0x37, 0x01, 0x81, 0xC0, 0x60, 0x70, 0x18, 0x1F, 0xFE, 0x07,
    0xFF, 0x81, 0xC0, 0x60, 0x70, 0x18, 0x1C, 0x06, 0x07, 0x01, 0x81, 0xC0, 0x60, 0x70, 0x18, 0x1C,
    0x06, 0x00, 0x40, 0x33, 0x67, 0x01, 0x9F, 0xB8, 0x0C, 0xFD, 0xC0, 0x66, 0x4E, 0x03, 0x00, 0x70,
    0x18, 0x03, 0x80, 0xC0, 0x1F, 0xFE, 0x00, 0xFF, 0xF0, 0x07, 0x01, 0x80, 0x38, 0x0C, 0x01, 0xC0,
    0x60, 0x0E, 0x03, 0x00, 0x70, 0x18, 0x03, 0x80, 0xC0, 0x1C, 0x06, 0x00, 0x40, 0x13, 0xF7, 0x01,
    0xDF, 0xB8, 0x0E, 0xED, 0xC0, 0x73, 0x6E, 0x03, 0x80, 0x70, 0x1C, 0x03, 0x80, 0xE0, 0x1F, 0xFF,
    0x00, 0xFF, 0xF8, 0x07, 0x01, 0xC0, 0x38, 0x0E, 0x01, 0xC0, 0x70, 0x0E, 0x03, 0x80, 0x70, 0x1C,
    0x03, 0x80, 0xE0, 0x1C, 0x07, 0x00, 0x40, 0x33, 0x37, 0x01, 0xDD, 0xB8, 0x0E, 0xED, 0xC0, 0x76,
    0x4E, 0x03, 0x80, 0x70, 0x1C, 0x03, 0x80, 0xE0, 0x1F, 0xFF, 0x00, 0xFF, 0xF8, 0x07, 0x01, 0xC0,
    0x38, 0x0E, 0x01, 0xC0, 0x70, 0x0E, 0x03, 0x80, 0x70, 0x1C, 0x03, 0x80, 0xE0, 0x1C, 0x07, 0x00,
    0x40, 0x13, 0xB7, 0x01, 0xDD, 0xB8, 0x0E, 0xED, 0xC0, 0x73, 0x4E, 0x03, 0x80, 0x70, 0x1C, 0x03,
    0x80, 0xE0, 0x1F, 0xFF, 0x00, 0xFF, 0xF8, 0x07, 0x01, 0xC0, 0x38, 0x0E, 0x01, 0xC0, 0x70, 0x0E,
    0x03, 0x80, 0x70, 0x1C, 0x03, 0x80, 0xE0, 0x1C, 0x07, 0x7E, 0x00, 0x0F, 0xC0, 0x01, 0x30, 0x00,
    0x1C, 0x80, 0x23, 0xF8, 0x0E, 0x37, 0x01, 0xCC, 0xE0, 0x38, 0x1C, 0x07, 0x03, 0x80, 0xE0, 0x70,
    0x1C, 0x0F, 0xFF, 0x81, 0xFF, 0xF0, 0x38, 0x0E, 0x07, 0x01, 0xC0, 0xE0, 0x38, 0x1C, 0x07, 0x03,
    0x80, 0xE0, 0x70, 0x1C, 0x0E, 0x03, 0x80, 0x7E, 0x00, 0x0F, 0xC0, 0x01, 0x34, 0x01, 0x0F, 0xC0,
    0x73, 0xB8, 0x0E, 0x77, 0x01, 0xC6, 0xE0, 0x38, 0x1C, 0x07, 0x03, 0x80, 0xE0, 0x7F, 0xFC, 0x0F,
    0xFF, 0x81, 0xC0, 0x70, 0x38, 0x0E, 0x07, 0x01, 0xC0, 0xE0, 0x38, 0x1C, 0x07, 0x03, 0x80, 0xE0,
    0x70, 0x1C, 0xE7, 0x39, 0x84, 0x73, 0x9C, 0xE7, 0x39, 0xCE, 0x73, 0xCF, 0x00, 0xE7, 0x38, 0xC4,
    0x73, 0x9C, 0xE7, 0x39, 0xCE, 0x73, 0xCF, 0x00, 0xFD, 0xF9, 0xB6, 0x61, 0x07, 0x0E, 0x1C, 0x38,
    0x70, 0xE1, 0xC3, 0x87, 0x0F, 0x0F, 0x00, 0xFD, 0xDB, 0xB3, 0x61, 0x07, 0x0E, 0x1C, 0x38, 0x70,
    0xE1, 0xC3, 0x87, 0x0F, 0x0F, 0x00, 0xEF, 0xFD, 0xB6, 0x61, 0x07, 0x0E, 0x1C, 0x38, 0x70, 0xE1,
    0xC3, 0x87, 0x0F, 0x0F, 0x00, 0xEF, 0xDB, 0xB3, 0x61, 0x07, 0x0E, 0x1C, 0x38, 0x70, 0xE1, 0xC3,
    0x87, 0x0F, 0x0F, 0x00, 0x77, 0xF9, 0x21, 0xC3, 0x87, 0x0C, 0x08, 0x38, 0x70, 0xE1, 0xC3, 0x87,
    0x0E, 0x1C, 0x38, 0x78, 0x78, 0x00, 0x77, 0xF9, 0x21, 0xC3, 0x87, 0x06, 0x08, 0x38, 0x70, 0xE1,
    0xC3, 0x87, 0x0E, 0x1C, 0x38, 0x78, 0x78, 0x00, 0x66, 0x76, 0x76, 0x66, 0x06, 0x06, 0x06, 0x06,
    0x06, 0x06, 0x06, 0x06, 0x06, 0x06, 0x06, 0x06, 0x02, 0x77, 0x77, 0x77, 0x37, 0x07, 0x07, 0x07,
    0x07, 0x07, 0x07, 0x07, 0x07, 0x07, 0x07, 0x07, 0x00, 0x4D, 0x9D, 0xFB, 0xBF, 0x76, 0x4E, 0x01,
    0xC0, 0x38, 0x07, 0x00, 0xE0, 0x1C, 0x03, 0x80, 0x70, 0x0E, 0x01, 0xC0, 0x38, 0x07, 0x00, 0x4F,
    0xDD, 0xFB, 0xBB, 0x73, 0x6E, 0x01, 0xC0, 0x38, 0x07, 0x00, 0xE0, 0x1C, 0x03, 0x80, 0x70, 0x0E,
    0x01, 0xC0, 0x38, 0x07, 0x00, 0x4C, 0xDD, 0xDB, 0xBB, 0x76, 0x4E, 0x01, 0xC0, 0x38, 0x07, 0x00,
    0xE0, 0x1C, 0x03, 0x80, 0x70, 0x0E, 0x01, 0xC0, 0x38, 0x07, 0x00, 0x4E, 0xDD, 0xDB, 0xBB, 0x73,
    0x4E, 0x01, 0xC0, 0x38, 0x07, 0x00, 0xE0, 0x1C, 0x03, 0x80, 0x70, 0x0E, 0x01, 0xC0, 0x38, 0x07,
    0x7E, 0x3F, 0x13, 0x07, 0x23, 0xF8, 0xDC, 0xCE, 0x07, 0x03, 0x81, 0xC0, 0xE0, 0x70, 0x38, 0x1C,
    0x0E, 0x07, 0x03, 0x81, 0xC0, 0xE0, 0x7E, 0x3F, 0x13, 0x43, 0xF3, 0xB9, 0xDC, 0x6E, 0x07, 0x03,
    0x81, 0xC0, 0xE0, 0x70, 0x38, 0x1C, 0x0E, 0x07, 0x03, 0x81, 0xC0, 0x07, 0x00, 0x70, 0x07, 0x00,
    0x60, 0x0F, 0x01, 0xFC, 0x3F, 0xE7, 0x0E, 0x70, 0x66, 0x07, 0x60, 0x76, 0x07, 0x70, 0x67, 0x0E,
    0x3F, 0xC1, 0xF8, 0x06, 0x00, 0x07, 0x00, 0xF0, 0x06, 0x00, 0x20, 0x0F, 0x01, 0xFC, 0x3F, 0xE7,
    0x0E, 0x70, 0x66, 0x07, 0x60, 0x76, 0x07, 0x70, 0x67, 0x0E, 0x3F, 0xC1, 0xF8, 0x06, 0x00, 0x1F,
    0x81, 0xF8, 0x1D, 0x81, 0x98, 0x0F, 0x01, 0xFC, 0x3F, 0xE7, 0x0E, 0x70, 0x66, 0x07, 0x60, 0x76,
    0x07, 0x70, 0x67, 0x0E, 0x3F, 0xC1, 0xF8, 0x06, 0x00, 0x1F, 0x83, 0xF8, 0x19, 0x80, 0xD8, 0x0F,
    0x01, 0xFC, 0x3F, 0xE7, 0x0E, 0x70, 0x66, 0x07, 0x60, 0x76, 0x07, 0x70, 0x67, 0x0E, 0x3F, 0xC1,
    0xF8, 0x06, 0x00, 0x1D, 0xC1, 0xD8, 0x1D, 0x81, 0x90, 0x0F, 0x01, 0xFC, 0x3F, 0xE7, 0x0E, 0x70,
    0x66, 0x07, 0x60, 0x76, 0x07, 0x70, 0x67, 0x0E, 0x3F, 0xC1, 0xF8, 0x06, 0x00, 0x1D, 0x83, 0xD8,
    0x1D, 0x80, 0xD0, 0x0F, 0x01, 0xFC, 0x3F, 0xE7, 0x0E, 0x70, 0x66, 0x07, 0x60, 0x76, 0x07, 0x70,
    0x67, 0x0E, 0x3F, 0xC1, 0xF8, 0x06, 0x00, 0x60, 0x70, 0x1C, 0xFF, 0x07, 0x7F, 0xE1, 0x9C, 0x1C,
    0x0E, 0x03, 0x83, 0x00, 0xE1, 0xC0, 0x18, 0x70, 0x06, 0x1C, 0x01, 0xC7, 0x00, 0x61, 0xC0, 0x18,
    0x30, 0x0E, 0x0E, 0x03, 0x81, 0xC1, 0xC0, 0x7F, 0xE0, 0x07, 0xF0, 0x00, 0x70, 0x00, 0x00, 0x70,
    0x1C, 0x7F, 0x07, 0x7F, 0xF1, 0xDC, 0x1C, 0x3E, 0x03, 0x83, 0x80, 0xE0, 0xC0, 0x18, 0x70, 0x07,
    0x1C, 0x01, 0xC7, 0x00, 0x70, 0xC0, 0x18, 0x38, 0x0E, 0x0E, 0x03, 0x81, 0xC1, 0xC0, 0x3F, 0xE0,
    0x07, 0xF0, 0x00, 0x70, 0x00, 0x00, 0x0E, 0x03, 0x61, 0xFC, 0x1F, 0xBF, 0xF8, 0xFD, 0xC1, 0xC6,
    0x5C, 0x07, 0x00, 0xE0, 0x18, 0x06, 0x00, 0xC0, 0x70, 0x07, 0x03, 0x80, 0x38, 0x1C, 0x01, 0xC0,
    0x60, 0x0C, 0x03, 0x80, 0xE0, 0x1C, 0x07, 0x00, 0x70, 0x70, 0x01, 0xFF, 0x00, 0x07, 0xF0, 0x00,
    0x0E, 0x00, 0x00, 0x0F, 0x03, 0xF1, 0xFE, 0x1F, 0x9F, 0xF8, 0xED, 0xC1, 0xE3, 0x7C, 0x07, 0x00,
    0xE0, 0x18, 0x06, 0x00, 0xE0, 0x30, 0x07, 0x01, 0x80, 0x38, 0x0C, 0x01, 0xC0, 0x60, 0x0E, 0x03,
    0x80, 0x60, 0x1C, 0x07, 0x00, 0x78, 0x70, 0x01, 0xFF, 0x80, 0x07, 0xF0, 0x00, 0x06, 0x00, 0x00,
    0x0E, 0x03, 0x31, 0xFE, 0x1D, 0x9F, 0xF8, 0xED, 0xC1, 0xC6, 0x5C, 0x07, 0x00, 0xE0, 0x18, 0x06,
    0x00, 0xE0, 0x30, 0x07, 0x03, 0x80, 0x38, 0x0C, 0x01, 0xC0, 0x60, 0x0E, 0x03, 0x80, 0x60, 0x1C,
    0x07, 0x00, 0x70, 0x70, 0x01, 0xFF, 0x80, 0x07, 0xF0, 0x00, 0x06, 0x00, 0x00, 0x0E, 0x03, 0xB1,
    0xFE, 0x1D, 0x9F, 0xF8, 0xED, 0xC1, 0xE3, 0x5C, 0x07, 0x00, 0xE0, 0x18, 0x06, 0x00, 0xE0, 0x30,
    0x07, 0x01, 0x80, 0x38, 0x0C, 0x01, 0xC0, 0x60, 0x0E, 0x03, 0x80, 0x60, 0x1C, 0x07, 0x00, 0x78,
    0x70, 0x01, 0xFF, 0x80, 0x07, 0xF0, 0x00, 0x06, 0x00, 0x0C, 0x03, 0x80, 0xE0, 0x30, 0x40, 0xF8,
    0x7E, 0x1F, 0x87, 0xE1, 0xF8, 0x7E, 0x1F, 0x87, 0xE1, 0xF8, 0x77, 0xF8, 0xFC, 0x0C, 0x00, 0x0E,
    0x07, 0x81, 0xC0, 0x10, 0x40, 0xF8, 0x7E, 0x1F, 0x87, 0xE1, 0xF8, 0x7E, 0x1F, 0x87, 0xE1, 0xF8,
    0x77, 0xF8, 0xFC, 0x0C, 0x00, 0x3F, 0x0F, 0xC3, 0xB0, 0xCC, 0x40, 0xF8, 0x7E, 0x1F, 0x87, 0xE1,
    0xF8, 0x7E, 0x1F, 0x87, 0xE1, 0xF8, 0x77, 0xF8, 0xFC, 0x0C, 0x00, 0x3F, 0x1F, 0xC3, 0x30, 0x4C,
    0x40, 0xF8, 0x7E, 0x1F, 0x87, 0xE1, 0xF8, 0x7E, 0x1F, 0x87, 0xE1, 0xF8, 0x77, 0xF8, 0xFC, 0x0C,
    0x00, 0x3B, 0x0E, 0xC3, 0xB0, 0xC8, 0x40, 0xF8, 0x7E, 0x1F, 0x87, 0xE1, 0xF8, 0x7E, 0x1F, 0x87,
    0xE1, 0xF8, 0x77, 0xF8, 0xFC, 0x0C, 0x00, 0x3B, 0x1E, 0xC3, 0x70, 0x48, 0x40, 0xF8, 0x7E, 0x1F,
    0x87, 0xE1, 0xF8, 0x7E, 0x1F, 0x87, 0xE1, 0xF8, 0x77, 0xF8, 0xFC, 0x0C, 0x00, 0x3F, 0x0F, 0xC2,
    0x20, 0x70, 0x0E, 0x03, 0x80, 0xC1, 0x03, 0xE1, 0xF8, 0x7E, 0x1F, 0x87, 0xE1, 0xF8, 0x7E, 0x1F,
    0x87, 0xE1, 0xDF, 0xE3, 0xF0, 0x30, 0x3F, 0x0F, 0xC2, 0x20, 0x38, 0x1E, 0x07, 0x00, 0x41, 0x03,
    0xE1, 0xF8, 0x7E, 0x1F, 0x87, 0xE1, 0xF8, 0x7E, 0x1F, 0x87, 0xE1, 0xDF, 0xE3, 0xF0, 0x30, 0x02,
    0x00, 0xCE, 0xE0, 0x39, 0xCE, 0x07, 0x39, 0xC1, 0xC3, 0x1C, 0x70, 0x01, 0xCE, 0x00, 0x3B, 0x80,
    0x03, 0xF0, 0x00, 0x3C, 0x00, 0x07, 0x00, 0x00, 0xE0, 0x00, 0x1C, 0x00, 0x03, 0x80, 0x00, 0x70,
    0x00, 0x0E, 0x00, 0x01, 0xC0, 0x00, 0x40, 0x09, 0xFB, 0x80, 0xF7, 0xE7, 0x03, 0x9D, 0x8E, 0x1C,
    0x36, 0x38, 0x70, 0x00, 0x73, 0x80, 0x00, 0xFC, 0x00, 0x03, 0xF0, 0x00, 0x07, 0x80, 0x00, 0x1E,
    0x00, 0x00, 0x30, 0x00, 0x00, 0xC0, 0x00, 0x03, 0x00, 0x00, 0x0C, 0x00, 0x00, 0x30, 0x00, 0x00,
    0xC0, 0x00, 0x40, 0x19, 0xDB, 0x80, 0xE7, 0x67, 0x03, 0x9D, 0x8E, 0x1C, 0x34, 0x38, 0x70, 0x00,
    0x73, 0x80, 0x00, 0xDC, 0x00, 0x03, 0xF0, 0x00, 0x07, 0x80, 0x00, 0x1C, 0x00, 0x00, 0x30, 0x00,
    0x00, 0xC0, 0x00, 0x03, 0x00, 0x00, 0x0C, 0x00, 0x00, 0x30, 0x00, 0x00, 0xC0, 0x7E, 0x00, 0x07,
    0xE0, 0x00, 0x4D, 0x80, 0x31, 0xDC, 0x07, 0x39, 0xC0, 0xE3, 0x8E, 0x0E, 0x18, 0x71, 0xC0, 0x07,
    0x38, 0x00, 0x3B, 0x80, 0x01, 0xF0, 0x00, 0x1E, 0x00, 0x00, 0xE0, 0x00, 0x0E, 0x00, 0x00, 0xE0,
    0x00, 0x0E, 0x00, 0x00, 0xE0, 0x00, 0x0E, 0x00, 0x00, 0xE0, 0x01, 0xC0, 0x01, 0xC0, 0x01, 0xC0,
    0x01, 0x80, 0x18, 0x18, 0x38, 0x1C, 0x38, 0x0E, 0x70, 0x06, 0x71, 0x87, 0x61, 0xC7, 0x61, 0xC7,
    0x61, 0xC7, 0x61, 0xC7, 0x71, 0xC7, 0x7F, 0xFE, 0x3F, 0x7C, 0x04, 0x10, 0x01, 0xC0, 0x01, 0xC0,
    0x01, 0xC0, 0x00, 0xC0, 0x18, 0x18, 0x38, 0x1C, 0x38, 0x0E, 0x70, 0x06, 0x71, 0x87, 0x61, 0xC7,
    0x61, 0xC7, 0x61, 0xC7, 0x61, 0xC7, 0x71, 0xC7, 0x7F, 0xFE, 0x3F, 0x7C, 0x04, 0x10, 0x07, 0xE0,
    0x07, 0xE0, 0x07, 0x60, 0x06, 0x60, 0x18, 0x18, 0x38, 0x1C, 0x38, 0x0E, 0x70, 0x06, 0x71, 0x87,
    0x61, 0xC7, 0x61, 0xC7, 0x61, 0xC7, 0x61, 0xC7, 0x71, 0xC7, 0x7F, 0xFE, 0x3F, 0x7C, 0x04, 0x10,
    0x07, 0xE0, 0x07, 0x60, 0x07, 0x60, 0x03, 0x60, 0x18, 0x18, 0x38, 0x1C, 0x38, 0x0E, 0x70, 0x06,
    0x71, 0x87, 0x61, 0xC7, 0x61, 0xC7, 0x61, 0xC7, 0x61, 0xC7, 0x71, 0xC7, 0x7F, 0xFE, 0x3F, 0x7C,
    0x04, 0x10, 0x07, 0x70, 0x07, 0x60, 0x07, 0x60, 0x06, 0x60, 0x18, 0x18, 0x38, 0x1C, 0x38, 0x0E,
    0x70, 0x06, 0x71, 0x87, 0x61, 0xC7, 0x61, 0xC7, 0x61, 0xC7, 0x61, 0xC7, 0x71, 0xC7, 0x7F, 0xFE,
    0x3F, 0x7C, 0x04, 0x10, 0x07, 0x60, 0x07, 0x60, 0x07, 0x60, 0x03, 0x40, 0x18, 0x18, 0x38, 0x1C,
    0x38, 0x0E, 0x70, 0x06, 0x71, 0x87, 0x61, 0xC7, 0x61, 0xC7, 0x61, 0xC7, 0x61, 0xC7, 0x71, 0xC7,
    0x7F, 0xFE, 0x3F, 0x7C, 0x04, 0x10, 0x03, 0xB0, 0x07, 0xE0, 0x06, 0x40, 0x01, 0xC0, 0x01, 0xC0,
    0x01, 0xC0, 0x01, 0x80, 0x18, 0x18, 0x38, 0x1C, 0x38, 0x0E, 0x70, 0x06, 0x71, 0x87, 0x61, 0xC7,
    0x61, 0xC7, 0x61, 0xC7, 0x61, 0xC7, 0x71, 0xC7, 0x7F, 0xFE, 0x3F, 0x7C, 0x04, 0x10, 0x03, 0xF0,
    0x07, 0xE0, 0x06, 0x40, 0x01, 0xC0, 0x01, 0xC0, 0x01, 0xC0, 0x00, 0xC0, 0x18, 0x18, 0x38, 0x1C,
    0x38, 0x0E, 0x70, 0x06, 0x71, 0x87, 0x61, 0xC7, 0x61, 0xC7, 0x61, 0xC7, 0x61, 0xC7, 0x71, 0xC7,
    0x7F, 0xFE, 0x3F, 0x7C, 0x04, 0x10, 0x60, 0x70, 0x1C, 0xFF, 0x87, 0x7F, 0xF1, 0x9C, 0x1C, 0x0E,
    0x03, 0x83, 0x00, 0x61, 0xC0, 0x1C, 0x70, 0x07, 0x1C, 0x01, 0xC3, 0x00, 0x60, 0xE0, 0x38, 0x38,
    0x0E, 0x07, 0x8F, 0x00, 0xF7, 0x81, 0xFD, 0xFC, 0x7F, 0x7F, 0x00, 0x70, 0x1C, 0x7F, 0x87, 0x7F,
    0xF1, 0xDC, 0x1E, 0x3E, 0x03, 0x83, 0x00, 0x60, 0xC0, 0x1C, 0x70, 0x07, 0x0C, 0x01, 0xC3, 0x00,
    0x70, 0xE0, 0x38, 0x38, 0x0E, 0x07, 0x8F, 0x00, 0xF3, 0x80, 0xFC, 0xFC, 0x7F, 0x3F, 0x00, 0x0E,
    0x03, 0x61, 0xFE, 0x1F, 0xBF, 0xF8, 0xFD, 0xC1, 0xE6, 0x5C, 0x07, 0x00, 0xE0, 0x18, 0x06, 0x00,
    0xE0, 0x70, 0x07, 0x01, 0x80, 0x38, 0x0C, 0x01, 0xC0, 0x70, 0x0C, 0x03, 0x80, 0xE0, 0x0F, 0x1E,
    0x00, 0x3C, 0xE0, 0x07, 0xE7, 0xE0, 0x3F, 0x3F, 0x00, 0x0F, 0x03, 0xF1, 0xFE, 0x1F, 0x9F, 0xF8,
    0xED, 0xC1, 0xE3, 0x7C, 0x07, 0x00, 0xE0, 0x1C, 0x06, 0x00, 0xE0, 0x30, 0x07, 0x01, 0x80, 0x38,
    0x0E, 0x01, 0xC0, 0x70, 0x0E, 0x01, 0xC0, 0xE0, 0x0F, 0x1E, 0x00, 0x1C, 0xE0, 0x07, 0xE7, 0xE0,
    0x3F, 0x3F, 0x00, 0x0F, 0x03, 0x31, 0xFE, 0x1D, 0xBF, 0xF8, 0xED, 0xC1, 0xE6, 0x5C, 0x07, 0x00,
    0xE0, 0x1C, 0x06, 0x00, 0xE0, 0x30, 0x07, 0x01, 0x80, 0x38, 0x0C, 0x01, 0xC0, 0x70, 0x0C, 0x03,
    0xC0, 0xE0, 0x0F, 0x1E, 0x00, 0x3C, 0xE0, 0x07, 0xE7, 0xE0, 0x3F, 0x3F, 0x00, 0x0F, 0x03, 0xB1,
    0xFE, 0x1D, 0x9F, 0xF8, 0xED, 0xC1, 0xE3, 0x5C, 0x07, 0x00, 0xE0, 0x1C, 0x06, 0x00, 0xE0, 0x30,
    0x07, 0x01, 0x80, 0x38, 0x0E, 0x01, 0xC0, 0x70, 0x0C, 0x01, 0xC0, 0xE0, 0x0F, 0x1E, 0x00, 0x1C,
    0xE0, 0x07, 0xE7, 0xE0, 0x3F, 0x3F, 0x7E, 0x00, 0x0F, 0xC0, 0x01, 0x30, 0x00, 0x1C, 0x1E, 0x03,
    0xCF, 0xF0, 0x33, 0xFF, 0x0C, 0xF0, 0x70, 0x1C, 0x07, 0x07, 0x00, 0xE0, 0xE0, 0x0C, 0x1C, 0x01,
    0x83, 0x80, 0x30, 0x70, 0x0E, 0x0E, 0x01, 0xC0, 0xE0, 0x70, 0x0F, 0x1E, 0x00, 0xE7, 0x00, 0xFC,
    0xFC, 0x1F, 0x9F, 0x80, 0x7E, 0x00, 0x0F, 0xC0, 0x01, 0x30, 0xF0, 0x0E, 0x7F, 0x83, 0x9F, 0xF8,
    0x77, 0x83, 0x86, 0xE0, 0x38, 0x38, 0x07, 0x07, 0x00, 0x60, 0xE0, 0x0C, 0x1C, 0x01, 0x83, 0x80,
    0x70, 0x30, 0x0E, 0x07, 0x03, 0x80, 0x78, 0xF0, 0x07, 0x38, 0x07, 0xE7, 0xE0, 0xFC, 0xFC, 0x0E,
    0x00, 0x70, 0x01, 0x80, 0x0C, 0x00, 0xF1, 0x8F, 0xDC, 0xFF, 0xEE, 0x1E, 0x60, 0x73, 0x03, 0x98,
    0x1C, 0xC0, 0xE7, 0x07, 0x38, 0x7C, 0xFF, 0xE3, 0xF3, 0x06, 0x00, 0x03, 0x00, 0x38, 0x01, 0x80,
    0x0C, 0x00, 0xF1, 0x8F, 0xDC, 0xFF, 0xEE, 0x1E, 0x60, 0x73, 0x03, 0x98, 0x1C, 0xC0, 0xE7, 0x07,
    0x38, 0x7C, 0xFF, 0xE3, 0xF3, 0x06, 0x00, 0x18, 0x0C, 0x06, 0x01, 0x01, 0xC3, 0xFB, 0xFF, 0xC7,
    0xE0, 0x7E, 0x1F, 0x1E, 0x0C, 0x17, 0x1F, 0xFE, 0xFE, 0x1C, 0x00, 0x0C, 0x06, 0x03, 0x01, 0x01,
    0xC3, 0xFB, 0xFF, 0xC7, 0xE0, 0x7E, 0x1F, 0x1E, 0x0C, 0x17, 0x1F, 0xFE, 0xFE, 0x1C, 0x00, 0x1C,
    0x03, 0x00, 0xC0, 0x30, 0x4E, 0x3F, 0xEF, 0xFB, 0x87, 0xE1, 0xF8, 0x7E, 0x1F, 0x87, 0xE1, 0xF8,
    0x7E, 0x1F, 0x87, 0x01, 0xC0, 0x70, 0x1C, 0x07, 0x00, 0xC0, 0x06, 0x03, 0x80, 0xC0, 0x30, 0x4E,
    0x3F, 0xEF, 0xFB, 0x87, 0xE1, 0xF8, 0x7E, 0x1F, 0x87, 0xE1, 0xF8, 0x7E, 0x1F, 0x87, 0x01, 0xC0,
    0x70, 0x1C, 0x07, 0x00, 0xC0, 0x61, 0x86, 0x08, 0x21, 0xC7, 0x1C, 0x71, 0xC7, 0x1C, 0x71, 0xC7,
    0x8F, 0x00, 0x63, 0x18, 0x84, 0x73, 0x9C, 0xE7, 0x39, 0xCE, 0x73, 0xCF, 0x00, 0x0E, 0x00, 0xE0,
    0x06, 0x00, 0x60, 0x0F, 0x01, 0xFC, 0x3F, 0xE7, 0x0E, 0x70, 0x66, 0x07, 0x60, 0x76, 0x07, 0x70,
    0x67, 0x0E, 0x3F, 0xC1, 0xF8, 0x06, 0x00, 0x03, 0x00, 0x70, 0x06, 0x00, 0x60, 0x0F, 0x01, 0xFC,
    0x3F, 0xE7, 0x0E, 0x70, 0x66, 0x07, 0x60, 0x76, 0x07, 0x70, 0x67, 0x0E, 0x3F, 0xC1, 0xF8, 0x06,
    0x00, 0x1C, 0x07, 0x00, 0xC0, 0x30, 0x40, 0xF8, 0x7E, 0x1F, 0x87, 0xE1, 0xF8, 0x7E, 0x1F, 0x87,
    0xE1, 0xF8, 0x77, 0xF8, 0xFC, 0x0C, 0x00, 0x0E, 0x03, 0x80, 0xC0, 0x30, 0x40, 0xF8, 0x7E, 0x1F,
    0x87, 0xE1, 0xF8, 0x7E, 0x1F, 0x87, 0xE1, 0xF8, 0x77, 0xF8, 0xFC, 0x0C, 0x00, 0x03, 0x80, 0x01,
    0x80, 0x01, 0x80, 0x01, 0x80, 0x18, 0x18, 0x38, 0x1C, 0x38, 0x0E, 0x70, 0x06, 0x71, 0x87, 0x61,
    0xC7, 0x61, 0xC7, 0x61, 0xC7, 0x61, 0xC7, 0x71, 0xC7, 0x7F, 0xFE, 0x3F, 0x7C, 0x04, 0x10, 0x00,
    0xC0, 0x00, 0xC0, 0x01, 0xC0, 0x00, 0x80, 0x18, 0x18, 0x38, 0x1C, 0x38, 0x0E, 0x70, 0x06, 0x71,
    0x87, 0x61, 0xC7, 0x61, 0xC7, 0x61, 0xC7, 0x61, 0xC7, 0x71, 0xC7, 0x7F, 0xFE, 0x3F, 0x7C, 0x04,
    0x10, 0x07, 0x00, 0x38, 0x01, 0xC0, 0x0C, 0x00, 0xF1, 0x8F, 0xDC, 0xFF, 0xEE, 0x1E, 0x60, 0x73,
    0x03, 0x98, 0x1C, 0xC0, 0xE7, 0x07, 0x38, 0x7C, 0xFF, 0xE3, 0xF3, 0x06, 0x00, 0x30, 0x01, 0x80,
    0x0E, 0x00, 0x70, 0x00, 0x00, 0x07, 0x00, 0x78, 0x01, 0x80, 0x04, 0x00, 0xF1, 0x8F, 0xDC, 0xFF,
    0xEE, 0x1E, 0x60, 0x73, 0x03, 0x98, 0x1C, 0xC0, 0xE7, 0x07, 0x38, 0x7C, 0xFF, 0xE3, 0xF3, 0x06,
    0x00, 0x30, 0x01, 0x80, 0x0E, 0x00, 0x70, 0x00, 0x00, 0x1F, 0x80, 0xFC, 0x07, 0x60, 0x33, 0x00,
    0xF1, 0x8F, 0xDC, 0xFF, 0xEE, 0x1E, 0x60, 0x73, 0x03, 0x98, 0x1C, 0xC0, 0xE7, 0x07, 0x38, 0x7C,
    0xFF, 0xE3, 0xF3, 0x06, 0x00, 0x30, 0x01, 0x80, 0x0E, 0x00, 0x70, 0x00, 0x00, 0x1F, 0x81, 0xFC,
    0x06, 0x60, 0x1B, 0x00, 0xF1, 0x8F, 0xDC, 0xFF, 0xEE, 0x1E, 0x60, 0x73, 0x03, 0x98, 0x1C, 0xC0,
    0xE7, 0x07, 0x38, 0x7C, 0xFF, 0xE3, 0xF3, 0x06, 0x00, 0x30, 0x01, 0x80, 0x0E, 0x00, 0x70, 0x00,
    0x00, 0x1D, 0xC0, 0xEC, 0x07, 0x60, 0x32, 0x00, 0xF1, 0x8F, 0xDC, 0xFF, 0xEE, 0x1E, 0x60, 0x73,
    0x03, 0x98, 0x1C, 0xC0, 0xE7, 0x07, 0x38, 0x7C, 0xFF, 0xE3, 0xF3, 0x06, 0x00, 0x30, 0x01, 0x80,
    0x0E, 0x00, 0x70, 0x00, 0x00, 0x1D, 0x80, 0xEC, 0x07, 0x60, 0x1A, 0x00, 0xF1, 0x8F, 0xDC, 0xFF,
    0xEE, 0x1E, 0x60, 0x73, 0x03, 0x98, 0x1C, 0xC0, 0xE7, 0x07, 0x38, 0x7C, 0xFF, 0xE3, 0xF3, 0x06,
    0x00, 0x30, 0x01, 0x80, 0x0E, 0x00, 0x70, 0x00, 0x00, 0x1F, 0x80, 0xFC, 0x04, 0x40, 0x1C, 0x00,
    0x70, 0x03, 0x80, 0x18, 0x01, 0xE3, 0x1F, 0xB9, 0xFF, 0xDC, 0x3C, 0xC0, 0xE6, 0x07, 0x30, 0x39,
    0x81, 0xCE, 0x0E, 0x70, 0xF9, 0xFF, 0xC7, 0xE6, 0x0C, 0x00, 0x60, 0x03, 0x00, 0x1C, 0x00, 0xE0,
    0x00, 0x00, 0x1F, 0x80, 0xFC, 0x04, 0x40, 0x0E, 0x00, 0xF0, 0x03, 0x00, 0x08, 0x01, 0xE3, 0x1F,
    0xB9, 0xFF, 0xDC, 0x3C, 0xC0, 0xE6, 0x07, 0x30, 0x39, 0x81, 0xCE, 0x0E, 0x70, 0xF9, 0xFF, 0xC7,
    0xE6, 0x0C, 0x00, 0x60, 0x03, 0x00, 0x1C, 0x00, 0xE0, 0x00, 0x00, 0x71, 0x00, 0xE7, 0x01, 0xDF,
    0x03, 0x3E, 0x00, 0x6C, 0x01, 0xDC, 0x03, 0xB8, 0x06, 0x30, 0x1C, 0x70, 0x38, 0xE0, 0xFF, 0xE1,
    0xFF, 0xC3, 0x81, 0x8E, 0x03, 0x9C, 0x07, 0x30, 0x06, 0x00, 0x00, 0x07, 0x00, 0x0E, 0x00, 0x1C,
    0x00, 0x1C, 0x00, 0x00, 0x00, 0x01, 0x00, 0xE7, 0x01, 0xDF, 0x03, 0xBE, 0x03, 0x6C, 0x01, 0xDC,
    0x03, 0xB8, 0x06, 0x30, 0x1C, 0x70, 0x38, 0xE0, 0xFF, 0xE1, 0xFF, 0xC3, 0x81, 0x8E, 0x03, 0x9C,
    0x07, 0x30, 0x06, 0x00, 0x00, 0x07, 0x00, 0x0E, 0x00, 0x1C, 0x00, 0x1C, 0x00, 0x00, 0x00, 0x00,
    0x60, 0x36, 0x38, 0x1F, 0xBC, 0x0F, 0xDF, 0x06, 0x5D, 0x80, 0x0E, 0xC0, 0x06, 0x70, 0x07, 0x18,
    0x03, 0x8E, 0x01, 0x87, 0x01, 0xFF, 0x80, 0xFF, 0xE0, 0x60, 0x70, 0x70, 0x18, 0x38, 0x0E, 0x38,
    0x07, 0x00, 0x00, 0x00, 0x38, 0x00, 0x1C, 0x00, 0x0E, 0x00, 0x03, 0x80, 0x00, 0x00, 0x00, 0x20,
    0x1F, 0x9C, 0x07, 0xEF, 0x81, 0xDB, 0xE0, 0x36, 0xD8, 0x00, 0x77, 0x00, 0x1D, 0xC0, 0x06, 0x30,
    0x03, 0x8E, 0x00, 0xE3, 0x80, 0x3F, 0xF0, 0x1F, 0xFC, 0x07, 0x03, 0x03, 0x80, 0xE0, 0xE0, 0x38,
    0x30, 0x06, 0x00, 0x00, 0x00, 0x1C, 0x00, 0x07, 0x00, 0x01, 0xC0, 0x00, 0x38, 0x00, 0x00, 0x00,
    0x00, 0x20, 0x19, 0x9C, 0x07, 0x6F, 0x01, 0xDB, 0xE0, 0x64, 0xD8, 0x00, 0x77, 0x00, 0x19, 0xC0,
    0x0E, 0x30, 0x03, 0x8E, 0x00, 0xC3, 0x80, 0x7F, 0xE0, 0x1F, 0xFC, 0x06, 0x07, 0x03, 0x80, 0xC0,
    0xE0, 0x38, 0x30, 0x0E, 0x00, 0x00, 0x00, 0x1C, 0x00, 0x07, 0x00, 0x01, 0xC0, 0x00, 0x38, 0x00,
    0x00, 0x00, 0x00, 0x20, 0x1D, 0x9C, 0x07, 0x6F, 0x81, 0xDB, 0xE0, 0x34, 0xD8, 0x00, 0x77, 0x00,
    0x1D, 0xC0, 0x06, 0x30, 0x03, 0x8E, 0x00, 0xE3, 0x80, 0x7F, 0xE0, 0x1F, 0xFC, 0x06, 0x07, 0x03,
    0x80, 0xE0, 0xE0, 0x38, 0x30, 0x06, 0x00, 0x00, 0x00, 0x1C, 0x00, 0x07, 0x00, 0x01, 0xC0, 0x00,
    0x38, 0x00, 0x00, 0x00, 0x7E, 0x00, 0x7E, 0x00, 0x4C, 0x00, 0x38, 0xC0, 0x3D, 0xE0, 0x19, 0xE0,
    0x33, 0xE0, 0x03, 0xF0, 0x03, 0x70, 0x07, 0x30, 0x07, 0x38, 0x06, 0x38, 0x0E, 0x18, 0x0F, 0xFC,
    0x1F, 0xFC, 0x1C, 0x0E, 0x18, 0x0E, 0x38, 0x06, 0x38, 0x07, 0x00, 0x00, 0x00, 0xC0, 0x00, 0xC0,
    0x00, 0xC0, 0x00, 0xE0, 0x00, 0x00, 0x7E, 0x00, 0x7E, 0x00, 0x4C, 0xC0, 0x1D, 0xE0, 0x39, 0xE0,
    0x3B, 0xE0, 0x1B, 0xF0, 0x03, 0x70, 0x07, 0x30, 0x07, 0x38, 0x06, 0x38, 0x0E, 0x1C, 0x0F, 0xFC,
    0x1F, 0xFC, 0x1C, 0x0E, 0x1C, 0x0E, 0x38, 0x06, 0x38, 0x07, 0x00, 0x00, 0x00, 0xC0, 0x00, 0xC0,
    0x00, 0xC0, 0x00, 0xE0, 0x00, 0x00, 0x0E, 0x03, 0x80, 0xE0, 0x30, 0x4E, 0x3F, 0xEF, 0xFB, 0x87,
    0xE1, 0xF8, 0x7E, 0x1F, 0x87, 0xE1, 0xF8, 0x7E, 0x1F, 0x87, 0x01, 0xF8, 0x7E, 0x1F, 0x87, 0x70,
    0xC0, 0x00, 0x0E, 0x07, 0x80, 0xC0, 0x18, 0x4E, 0x3F, 0xEF, 0xFB, 0x87, 0xE1, 0xF8, 0x7E, 0x1F,
    0x87, 0xE1, 0xF8, 0x7E, 0x1F, 0x87, 0x01, 0xF8, 0x7E, 0x1F, 0x87, 0x70, 0xC0, 0x00, 0x3F, 0x0F,
    0xC3, 0xB0, 0xCC, 0x4E, 0x3F, 0xEF, 0xFB, 0x87, 0xE1, 0xF8, 0x7E, 0x1F, 0x87, 0xE1, 0xF8, 0x7E,
    0x1F, 0x87, 0x01, 0xF8, 0x7E, 0x1F, 0x87, 0x70, 0xC0, 0x00, 0x3F, 0x0F, 0xC3, 0xB0, 0x6C, 0x4E,
    0x3F, 0xEF, 0xFB, 0x87, 0xE1, 0xF8, 0x7E, 0x1F, 0x87, 0xE1, 0xF8, 0x7E, 0x1F, 0x87, 0x01, 0xF8,
    0x7E, 0x1F, 0x87, 0x70, 0xC0, 0x00, 0x3B, 0x8E, 0xC3, 0xB0, 0xCC, 0x4E, 0x3F, 0xEF, 0xFB, 0x87,
    0xE1, 0xF8, 0x7E, 0x1F, 0x87, 0xE1, 0xF8, 0x7E, 0x1F, 0x87, 0x01, 0xF8, 0x7E, 0x1F, 0x87, 0x70,
    0xC0, 0x00, 0x3B, 0x0E, 0xC3, 0xB0, 0x68, 0x4E, 0x3F, 0xEF, 0xFB, 0x87, 0xE1, 0xF8, 0x7E, 0x1F,
    0x87, 0xE1, 0xF8, 0x7E, 0x1F, 0x87, 0x01, 0xF8, 0x7E, 0x1F, 0x87, 0x70, 0xC0, 0x00, 0x3F, 0x0F,
    0xC3, 0x20, 0x30, 0x0E, 0x03, 0x80, 0xC1, 0x38, 0xFF, 0xBF, 0xEE, 0x1F, 0x87, 0xE1, 0xF8, 0x7E,
    0x1F, 0x87, 0xE1, 0xF8, 0x7E, 0x1C, 0x07, 0xE1, 0xF8, 0x7E, 0x1D, 0xC3, 0x00, 0x00, 0x3F, 0x0F,
    0xC2, 0x20, 0x38, 0x1E, 0x03, 0x00, 0x61, 0x38, 0xFF, 0xBF, 0xEE, 0x1F, 0x87, 0xE1, 0xF8, 0x7E,
    0x1F, 0x87, 0xE1, 0xF8, 0x7E, 0x1C, 0x07, 0xE1, 0xF8, 0x7E, 0x1D, 0xC3, 0x00, 0x00, 0x66, 0x01,
    0xBB, 0x00, 0xDD, 0x80, 0x6C, 0xC0, 0x30, 0x60, 0x18, 0x30, 0x0C, 0x18, 0x06, 0x0F, 0xFF, 0x07,
    0xFF, 0x83, 0x00, 0xC1, 0x80, 0x60, 0xC0, 0x30, 0x60, 0x18, 0x30, 0x0C, 0x18, 0x06, 0x0C, 0x03,
    0x00, 0x00, 0x00, 0x18, 0x00, 0x0C, 0x00, 0x07, 0x00, 0x03, 0x80, 0x00, 0x00, 0x02, 0x01, 0x9D,
    0xC0, 0x67, 0x70, 0x19, 0xDC, 0x06, 0x37, 0x01, 0x81, 0xC0, 0x60, 0x70, 0x18, 0x1F, 0xFE, 0x07,
    0xFF, 0x81, 0xC0, 0x60, 0x70, 0x18, 0x1C, 0x06, 0x07, 0x01, 0x81, 0xC0, 0x60, 0x70, 0x18, 0x1C,
    0x06, 0x00, 0x00, 0x00, 0x0C, 0x00, 0x03, 0x00, 0x00, 0xE0, 0x00, 0x38, 0x00, 0x00, 0x00, 0x00,
    0x40, 0x33, 0x67, 0x01, 0x9F, 0xB8, 0x0C, 0xFD, 0xC0, 0x66, 0x4E, 0x03, 0x00, 0x70, 0x18, 0x03,
    0x80, 0xC0, 0x1F, 0xFE, 0x00, 0xFF, 0xF0, 0x07, 0x01, 0x80, 0x38, 0x0C, 0x01, 0xC0, 0x60, 0x0E,
    0x03, 0x00, 0x70, 0x18, 0x03, 0x80, 0xC0, 0x1C, 0x06, 0x00, 0x00, 0x00, 0x00, 0x30, 0x00, 0x01,
    0x80, 0x00, 0x0E, 0x00, 0x00, 0x70, 0x00, 0x00, 0x00, 0x00, 0x40, 0x13, 0xF7, 0x01, 0xDF, 0xB8,
    0x0E, 0xED, 0xC0, 0x73, 0x6E, 0x03, 0x80, 0x70, 0x1C, 0x03, 0x80, 0xE0, 0x1F, 0xFF, 0x00, 0xFF,
    0xF8, 0x07, 0x01, 0xC0, 0x38, 0x0E, 0x01, 0xC0, 0x70, 0x0E, 0x03, 0x80, 0x70, 0x1C, 0x03, 0x80,
    0xE0, 0x1C, 0x07, 0x00, 0x00, 0x00, 0x00, 0x38, 0x00, 0x01, 0xC0, 0x00, 0x0E, 0x00, 0x00, 0x38,
    0x00, 0x00, 0x00, 0x00, 0x40, 0x33, 0x37, 0x01, 0xDD, 0xB8, 0x0E, 0xED, 0xC0, 0x76, 0x4E, 0x03,
    0x80, 0x70, 0x1C, 0x03, 0x80, 0xE0, 0x1F, 0xFF, 0x00, 0xFF, 0xF8, 0x07, 0x01, 0xC0, 0x38, 0x0E,
    0x01, 0xC0, 0x70, 0x0E, 0x03, 0x80, 0x70, 0x1C, 0x03, 0x80, 0xE0, 0x1C, 0x07, 0x00, 0x00, 0x00,
    0x00, 0x30, 0x00, 0x01, 0x80, 0x00, 0x0E, 0x00, 0x00, 0x70, 0x00, 0x00, 0x00, 0x00, 0x40, 0x13,
    0xB7, 0x01, 0xDD, 0xB8, 0x0E, 0xED, 0xC0, 0x73, 0x4E, 0x03, 0x80, 0x70, 0x1C, 0x03, 0x80, 0xE0,
    0x1F, 0xFF, 0x00, 0xFF, 0xF8, 0x07, 0x01, 0xC0, 0x38, 0x0E, 0x01, 0xC0, 0x70, 0x0E, 0x03, 0x80,
    0x70, 0x1C, 0x03, 0x80, 0xE0, 0x1C, 0x07, 0x00, 0x00, 0x00, 0x00, 0x30, 0x00, 0x01, 0x80, 0x00,
    0x0E, 0x00, 0x00, 0x70, 0x00, 0x00, 0x00, 0x7E, 0x00, 0x0F, 0xC0, 0x01, 0x30, 0x00, 0x1C, 0x80,
    0x23, 0xF8, 0x0E, 0x37, 0x01, 0xCC, 0xE0, 0x38, 0x1C, 0x07, 0x03, 0x80, 0xE0, 0x70, 0x1C, 0x0F,
    0xFF, 0x81, 0xFF, 0xF0, 0x38, 0x0E, 0x07, 0x01, 0xC0, 0xE0, 0x38, 0x1C, 0x07, 0x03, 0x80, 0xE0,
    0x70, 0x1C, 0x0E, 0x03, 0x80, 0x00, 0x00, 0x01, 0xC0, 0x00, 0x38, 0x00, 0x03, 0x00, 0x00, 0x70,
    0x00, 0x00, 0x00, 0x7E, 0x00, 0x0F, 0xC0, 0x01, 0x34, 0x01, 0x0F, 0xC0, 0x73, 0xB8, 0x0E, 0x77,
    0x01, 0xC6, 0xE0, 0x38, 0x1C, 0x07, 0x03, 0x80, 0xE0, 0x7F, 0xFC, 0x0F, 0xFF, 0x81, 0xC0, 0x70,
    0x38, 0x0E, 0x07, 0x01, 0xC0, 0xE0, 0x38, 0x1C, 0x07, 0x03, 0x80, 0xE0, 0x70, 0x1C, 0x00, 0x00,
    0x00, 0x06, 0x00, 0x01, 0xC0, 0x00, 0x18, 0x00, 0x03, 0x80, 0x00, 0x00, 0x01, 0xC0, 0x01, 0xC0,
    0x01, 0xC0, 0x01, 0x80, 0x18, 0x18, 0x38, 0x1C, 0x38, 0x0E, 0x70, 0x06, 0x71, 0x87, 0x61, 0xC7,
    0x61, 0xC7, 0x61, 0xC7, 0x61, 0xC7, 0x71, 0xC7, 0x7F, 0xFE, 0x3F, 0x7C, 0x04, 0x10, 0x01, 0x80,
    0x01, 0xC0, 0x01, 0xC0, 0x01, 0xC0, 0x00, 0x00, 0x01, 0xC0, 0x01, 0xC0, 0x01, 0xC0, 0x00, 0xC0,
    0x18, 0x18, 0x38, 0x1C, 0x38, 0x0E, 0x70, 0x06, 0x71, 0x87, 0x61, 0xC7, 0x61, 0xC7, 0x61, 0xC7,
    0x61, 0xC7, 0x71, 0xC7, 0x7F, 0xFE, 0x3F, 0x7C, 0x04, 0x10, 0x01, 0x80, 0x01, 0xC0, 0x01, 0xC0,
    0x01, 0xC0, 0x00, 0x00, 0x07, 0xE0, 0x07, 0xE0, 0x07, 0x60, 0x06, 0x60, 0x18, 0x18, 0x38, 0x1C,
    0x38, 0x0E, 0x70, 0x06, 0x71, 0x87, 0x61, 0xC7, 0x61, 0xC7, 0x61, 0xC7, 0x61, 0xC7, 0x71, 0xC7,
    0x7F, 0xFE, 0x3F, 0x7C, 0x04, 0x10, 0x01, 0x80, 0x01, 0xC0, 0x01, 0xC0, 0x01, 0xC0, 0x00, 0x00,
    0x07, 0xE0, 0x07, 0x60, 0x07, 0x60, 0x03, 0x60, 0x18, 0x18, 0x38, 0x1C, 0x38, 0x0E, 0x70, 0x06,
    0x71, 0x87, 0x61, 0xC7, 0x61, 0xC7, 0x61, 0xC7, 0x61, 0xC7, 0x71, 0xC7, 0x7F, 0xFE, 0x3F, 0x7C,
    0x04, 0x10, 0x01, 0x80, 0x01, 0xC0, 0x01, 0xC0, 0x01, 0xC0, 0x00, 0x00, 0x07, 0x70, 0x07, 0x60,
    0x07, 0x60, 0x06, 0x60, 0x18, 0x18, 0x38, 0x1C, 0x38, 0x0E, 0x70, 0x06, 0x71, 0x87, 0x61, 0xC7,
    0x61, 0xC7, 0x61, 0xC7, 0x61, 0xC7, 0x71, 0xC7, 0x7F, 0xFE, 0x3F, 0x7C, 0x04, 0x10, 0x01, 0x80,
    0x01, 0xC0, 0x01, 0xC0, 0x01, 0xC0, 0x00, 0x00, 0x07, 0x60, 0x07, 0x60, 0x07, 0x60, 0x03, 0x40,
    0x18, 0x18, 0x38, 0x1C, 0x38, 0x0E, 0x70, 0x06, 0x71, 0x87, 0x61, 0xC7, 0x61, 0xC7, 0x61, 0xC7,
    0x61, 0xC7, 0x71, 0xC7, 0x7F, 0xFE, 0x3F, 0x7C, 0x04, 0x10, 0x01, 0x80, 0x01, 0xC0, 0x01, 0xC0,
    0x01, 0xC0, 0x00, 0x00, 0x03, 0xB0, 0x07, 0xE0, 0x06, 0x40, 0x01, 0xC0, 0x01, 0xC0, 0x01, 0xC0,
    0x01, 0x80, 0x18, 0x18, 0x38, 0x1C, 0x38, 0x0E, 0x70, 0x06, 0x71, 0x87, 0x61, 0xC7, 0x61, 0xC7,
    0x61, 0xC7, 0x61, 0xC7, 0x71, 0xC7, 0x7F, 0xFE, 0x3F, 0x7C, 0x04, 0x10, 0x01, 0x80, 0x01, 0xC0,
    0x01, 0xC0, 0x01, 0xC0, 0x00, 0x00, 0x03, 0xF0, 0x07, 0xE0, 0x06, 0x40, 0x01, 0xC0, 0x01, 0xC0,
    0x01, 0xC0, 0x00, 0xC0, 0x18, 0x18, 0x38, 0x1C, 0x38, 0x0E, 0x70, 0x06, 0x71, 0x87, 0x61, 0xC7,
    0x61, 0xC7, 0x61, 0xC7, 0x61, 0xC7, 0x71, 0xC7, 0x7F, 0xFE, 0x3F, 0x7C, 0x04, 0x10, 0x01, 0x80,
    0x01, 0xC0, 0x01, 0xC0, 0x01, 0xC0, 0x00, 0x00, 0x60, 0x70, 0x1C, 0xFF, 0x87, 0x7F, 0xF1, 0x9C,
    0x1C, 0x0E, 0x03, 0x83, 0x00, 0x61, 0xC0, 0x1C, 0x70, 0x07, 0x1C, 0x01, 0xC3, 0x00, 0x60, 0xE0,
    0x38, 0x38, 0x0E, 0x07, 0x8F, 0x00, 0xF7, 0x81, 0xFD, 0xFC, 0x7F, 0x7F, 0x00, 0x00, 0x00, 0x1C,
    0x00, 0x07, 0x00, 0x01, 0xC0, 0x00, 0x38, 0x00, 0x00, 0x00, 0x00, 0x70, 0x1C, 0x7F, 0x87, 0x7F,
    0xF1, 0xDC, 0x1E, 0x3E, 0x03, 0x83, 0x00, 0x60, 0xC0, 0x1C, 0x70, 0x07, 0x0C, 0x01, 0xC3, 0x00,
    0x70, 0xE0, 0x38, 0x38, 0x0E, 0x07, 0x8F, 0x00, 0xF3, 0x80, 0xFC, 0xFC, 0x7F, 0x3F, 0x00, 0x00,
    0x00, 0x1C, 0x00, 0x07, 0x00, 0x01, 0xC0, 0x00, 0x38, 0x00, 0x00, 0x00, 0x00, 0x0E, 0x03, 0x61,
    0xFE, 0x1F, 0xBF, 0xF8, 0xFD, 0xC1, 0xE6, 0x5C, 0x07, 0x00, 0xE0, 0x18, 0x06, 0x00, 0xE0, 0x70,
    0x07, 0x01, 0x80, 0x38, 0x0C, 0x01, 0xC0, 0x70, 0x0C, 0x03, 0x80, 0xE0, 0x0F, 0x1E, 0x00, 0x3C,
    0xE0, 0x07, 0xE7, 0xE0, 0x3F, 0x3F, 0x00, 0x00, 0x00, 0x00, 0x70, 0x00, 0x03, 0x80, 0x00, 0x1C,
    0x00, 0x00, 0x70, 0x00, 0x00, 0x00, 0x00, 0x0F, 0x03, 0xF1, 0xFE, 0x1F, 0x9F, 0xF8, 0xED, 0xC1,
    0xE3, 0x7C, 0x07, 0x00, 0xE0, 0x1C, 0x06, 0x00, 0xE0, 0x30, 0x07, 0x01, 0x80, 0x38, 0x0E, 0x01,
    0xC0, 0x70, 0x0E, 0x01, 0xC0, 0xE0, 0x0F, 0x1E, 0x00, 0x1C, 0xE0, 0x07, 0xE7, 0xE0, 0x3F, 0x3F,
    0x00, 0x00, 0x00, 0x00, 0x30, 0x00, 0x01, 0x80, 0x00, 0x0C, 0x00, 0x00, 0x70, 0x00, 0x00, 0x00,
    0x00, 0x0F, 0x03, 0x31, 0xFE, 0x1D, 0xBF, 0xF8, 0xED, 0xC1, 0xE6, 0x5C, 0x07, 0x00, 0xE0, 0x1C,
    0x06, 0x00, 0xE0, 0x30, 0x07, 0x01, 0x80, 0x38, 0x0C, 0x01, 0xC0, 0x70, 0x0C, 0x03, 0xC0, 0xE0,
    0x0F, 0x1E, 0x00, 0x3C, 0xE0, 0x07, 0xE7, 0xE0, 0x3F, 0x3F, 0x00, 0x00, 0x00, 0x00, 0x30, 0x00,
    0x03, 0x80, 0x00, 0x0C, 0x00, 0x00, 0x70, 0x00, 0x00, 0x00, 0x00, 0x0F, 0x03, 0xB1, 0xFE, 0x1D,
    0x9F, 0xF8, 0xED, 0xC1, 0xE3, 0x5C, 0x07, 0x00, 0xE0, 0x1C, 0x06, 0x00, 0xE0, 0x30, 0x07, 0x01,
    0x80, 0x38, 0x0E, 0x01, 0xC0, 0x70, 0x0C, 0x01, 0xC0, 0xE0, 0x0F, 0x1E, 0x00, 0x1C, 0xE0, 0x07,
    0xE7, 0xE0, 0x3F, 0x3F, 0x00, 0x00, 0x00, 0x00, 0x30, 0x00, 0x01, 0x80, 0x00, 0x0C, 0x00, 0x00,
    0x70, 0x00, 0x00, 0x00, 0x7E, 0x00, 0x0F, 0xC0, 0x01, 0x30, 0x00, 0x1C, 0x1E, 0x03, 0xCF, 0xF0,
    0x33, 0xFF, 0x0C, 0xF0, 0x70, 0x1C, 0x07, 0x07, 0x00, 0xE0, 0xE0, 0x0C, 0x1C, 0x01, 0x83, 0x80,
    0x30, 0x70, 0x0E, 0x0E, 0x01, 0xC0, 0xE0, 0x70, 0x0F, 0x1E, 0x00, 0xE7, 0x00, 0xFC, 0xFC, 0x1F,
    0x9F, 0x80, 0x00, 0x00, 0x01, 0x80, 0x00, 0x30, 0x00, 0x07, 0x00, 0x00, 0xE0, 0x00, 0x00, 0x00,
    0x7E, 0x00, 0x0F, 0xC0, 0x01, 0x30, 0xF0, 0x0E, 0x7F, 0x83, 0x9F, 0xF8, 0x77, 0x83, 0x86, 0xE0,
    0x38, 0x38, 0x07, 0x07, 0x00, 0x60, 0xE0, 0x0C, 0x1C, 0x01, 0x83, 0x80, 0x70, 0x30, 0x0E, 0x07,
    0x03, 0x80, 0x78, 0xF0, 0x07, 0x38, 0x07, 0xE7, 0xE0, 0xFC, 0xFC, 0x00, 0x00, 0x00, 0x0C, 0x00,
    0x01, 0x80, 0x00, 0x38, 0x00, 0x07, 0x00, 0x00, 0x00, 0x19, 0x80, 0xFC, 0x03, 0xE0, 0x04, 0x00,
    0xF1, 0x8F, 0xDC, 0xFF, 0xEE, 0x1E, 0x60, 0x73, 0x03, 0x98, 0x1C, 0xC0, 0xE7, 0x07, 0x38, 0x7C,
    0xFF, 0xE3, 0xF3, 0x06, 0x00, 0x1F, 0x80, 0xFC, 0x00, 0x00, 0x1E, 0x31, 0xFB, 0x9F, 0xFD, 0xC3,
    0xCC, 0x0E, 0x60, 0x73, 0x03, 0x98, 0x1C, 0xE0, 0xE7, 0x0F, 0x9F, 0xFC, 0x7E, 0x60, 0xC0, 0x0E,
    0x00, 0x70, 0x01, 0x80, 0x0C, 0x00, 0xF1, 0x8F, 0xDC, 0xFF, 0xEE, 0x1E, 0x60, 0x73, 0x03, 0x98,
    0x1C, 0xC0, 0xE7, 0x07, 0x38, 0x7C, 0xFF, 0xE3, 0xF3, 0x06, 0x00, 0x30, 0x01, 0x80, 0x0E, 0x00,
    0x70, 0x00, 0x00, 0x0F, 0x18, 0xFD, 0xCF, 0xFE, 0xE1, 0xE6, 0x07, 0x30, 0x39, 0x81, 0xCC, 0x0E,
    0x70, 0x73, 0x87, 0xCF, 0xFE, 0x3F, 0x30, 0x60, 0x03, 0x00, 0x18, 0x00, 0xE0, 0x07, 0x00, 0x00,
    0x00, 0x03, 0x00, 0x38, 0x01, 0x80, 0x0C, 0x00, 0xF1, 0x8F, 0xDC, 0xFF, 0xEE, 0x1E, 0x60, 0x73,
    0x03, 0x98, 0x1C, 0xC0, 0xE7, 0x07, 0x38, 0x7C, 0xFF, 0xE3, 0xF3, 0x06, 0x00, 0x30, 0x01, 0x80,
    0x0E, 0x00, 0x70, 0x00, 0x00, 0x0C, 0x80, 0xFC, 0x06, 0xE0, 0x00, 0x00, 0xF1, 0x8F, 0xDC, 0xFF,
    0xEE, 0x1E, 0x60, 0x73, 0x03, 0x98, 0x1C, 0xC0, 0xE7, 0x07, 0x38, 0x7C, 0xFF, 0xE3, 0xF3, 0x06,
    0x00, 0x0C, 0x80, 0xFC, 0x06, 0xE0, 0x00, 0x00, 0xF1, 0x8F, 0xDC, 0xFF, 0xEE, 0x1E, 0x60, 0x73,
    0x03, 0x98, 0x1C, 0xC0, 0xE7, 0x07, 0x38, 0x7C, 0xFF, 0xE3, 0xF3, 0x06, 0x00, 0x30, 0x01, 0x80,
    0x0E, 0x00, 0x70, 0x00, 0x00, 0x0C, 0xC0, 0x3F, 0x00, 0x7C, 0x00, 0x40, 0x03, 0x00, 0x1E, 0x00,
    0x78, 0x01, 0xF0, 0x0F, 0xC0, 0x3B, 0x00, 0xCE, 0x07, 0x38, 0x18, 0x60, 0xE1, 0xC3, 0xFF, 0x0F,
    0xFC, 0x70, 0x39, 0xC0, 0xE6, 0x01, 0xF8, 0x07, 0x0F, 0xC0, 0x3F, 0x00, 0x00, 0x00, 0xC0, 0x07,
    0x80, 0x1E, 0x00, 0x7C, 0x03, 0xF0, 0x0E, 0xC0, 0x33, 0x81, 0xCE, 0x06, 0x18, 0x38, 0x70, 0xFF,
    0xC3, 0xFF, 0x1C, 0x0E, 0x70, 0x39, 0x80, 0x7E, 0x01, 0xC0, 0xC3, 0x03, 0x9E, 0x0E, 0x78, 0x11,
    0xF0, 0x0F, 0xC0, 0x3B, 0x00, 0xCE, 0x07, 0x38, 0x18, 0x60, 0xE1, 0xC3, 0xFF, 0x0F, 0xFC, 0x70,
    0x39, 0xC0, 0xE6, 0x01, 0xF8, 0x07, 0x01, 0x00, 0x67, 0x00, 0xDF, 0x01, 0xBE, 0x02, 0x6C, 0x01,
    0xDC, 0x03, 0xB8, 0x06, 0x30, 0x1C, 0x70, 0x38, 0xE0, 0xFF, 0xE1, 0xFF, 0xC3, 0x81, 0x8E, 0x03,
    0x9C, 0x07, 0x30, 0x06, 0x03, 0x00, 0x1E, 0x00, 0x78, 0x01, 0xF0, 0x0F, 0xC0, 0x3B, 0x00, 0xCE,
    0x07, 0x38, 0x18, 0x60, 0xE1, 0xC3, 0xFF, 0x0F, 0xFC, 0x70, 0x39, 0xC0, 0xE6, 0x01, 0xF8, 0x07,
    0x00, 0x00, 0x0C, 0x00, 0x30, 0x00, 0xE0, 0x03, 0x80, 0x00, 0x00, 0xE7, 0x76, 0xCE, 0xEE, 0x00,
    0xE7, 0x76, 0x65, 0xFB, 0x70, 0x26, 0xFF, 0xF2, 0x2E, 0xFD, 0xD1, 0x00, 0x1C, 0x03, 0x00, 0xC0,
    0x30, 0x4E, 0x3F, 0xEF, 0xFB, 0x87, 0xE1, 0xF8, 0x7E, 0x1F, 0x87, 0xE1, 0xF8, 0x7E, 0x1F, 0x87,
    0x01, 0xF8, 0x7E, 0x1F, 0x87, 0x70, 0xC0, 0x00, 0x4E, 0x3F, 0xEF, 0xFB, 0x87, 0xE1, 0xF8, 0x7E,
    0x1F, 0x87, 0xE1, 0xF8, 0x7E, 0x1F, 0x87, 0x01, 0xF8, 0x7E, 0x1F, 0x87, 0x70, 0xC0, 0x00, 0x06,
    0x03, 0x80, 0xC0, 0x30, 0x4E, 0x3F, 0xEF, 0xFB, 0x87, 0xE1, 0xF8, 0x7E, 0x1F, 0x87, 0xE1, 0xF8,
    0x7E, 0x1F, 0x87, 0x01, 0xF8, 0x7E, 0x1F, 0x87, 0x70, 0xC0, 0x00, 0x19, 0x0F, 0xC3, 0x70, 0x00,
    0x4E, 0x3F, 0xEF, 0xFB, 0x87, 0xE1, 0xF8, 0x7E, 0x1F, 0x87, 0xE1, 0xF8, 0x7E, 0x1F, 0x87, 0x01,
    0xC0, 0x70, 0x1C, 0x07, 0x00, 0xC0, 0x19, 0x0F, 0xC3, 0x70, 0x00, 0x4E, 0x3F, 0xEF, 0xFB, 0x87,
    0xE1, 0xF8, 0x7E, 0x1F, 0x87, 0xE1, 0xF8, 0x7E, 0x1F, 0x87, 0x01, 0xF8, 0x7E, 0x1F, 0x87, 0x70,
    0xC0, 0x00, 0x63, 0xFE, 0x63, 0xFF, 0x73, 0xFF, 0x23, 0x00, 0x03, 0x00, 0x03, 0x00, 0x03, 0x00,
    0x03, 0xFE, 0x03, 0xFE, 0x03, 0xFE, 0x03, 0x00, 0x03, 0x00, 0x03, 0x00, 0x03, 0x00, 0x03, 0xFF,
    0x03, 0xFF, 0x07, 0xFD, 0xBF, 0xF6, 0xFF, 0xDB, 0x80, 0x4E, 0x00, 0x38, 0x00, 0xE0, 0x03, 0xFF,
    0x0F, 0xFC, 0x3F, 0xE0, 0xE0, 0x03, 0x80, 0x0E, 0x00, 0x38, 0x00, 0xFF, 0xC3, 0xFF, 0x63, 0x00,
    0x98, 0xC0, 0x77, 0x30, 0x1C, 0x8C, 0x07, 0x03, 0x01, 0xC0, 0xC0, 0x70, 0x30, 0x1C, 0x0F, 0xFF,
    0x03, 0xFF, 0xC0, 0xC0, 0x70, 0x30, 0x1C, 0x0C, 0x07, 0x03, 0x01, 0xC0, 0xC0, 0x70, 0x30, 0x1C,
    0x0C, 0x07, 0x04, 0x01, 0x37, 0x01, 0xDB, 0x80, 0xED, 0xC0, 0x74, 0xE0, 0x38, 0x70, 0x1C, 0x38,
    0x0E, 0x1F, 0xFF, 0x0F, 0xFF, 0x87, 0x01, 0xC3, 0x80, 0xE1, 0xC0, 0x70, 0xE0, 0x38, 0x70, 0x1C,
    0x38, 0x0E, 0x1C, 0x07, 0x40, 0x17, 0x01, 0xF8, 0x0F, 0xC0, 0x7E, 0x03, 0xF0, 0x1F, 0x80, 0xFF,
    0xFF, 0xFF, 0xFF, 0x01, 0xF8, 0x0F, 0xC0, 0x7E, 0x03, 0xF0, 0x1F, 0x80, 0xFC, 0x07, 0x00, 0x00,
    0x38, 0x01, 0xC0, 0x0E, 0x00, 0x38, 0x00, 0x00, 0xEC, 0xF9, 0xFB, 0x20, 0xE6, 0xED, 0xFB, 0x20,
    0xFF, 0xF8, 0x9C, 0x78, 0xE2, 0x00, 0xC7, 0xF9, 0xF0, 0x81, 0x07, 0x0E, 0x1C, 0x38, 0x70, 0xE1,
    0xC3, 0x87, 0x0F, 0x0F, 0x00, 0xFF, 0xF8, 0x00, 0x83, 0x87, 0x0E, 0x1C, 0x38, 0x70, 0xE1, 0xC3,
    0x87, 0x87, 0x80, 0x18, 0x0C, 0x36, 0xDD, 0x7E, 0x38, 0x00, 0x20, 0x38, 0x1C, 0x0E, 0x07, 0x03,
    0x81, 0xC0, 0xE0, 0x70, 0x38, 0x1E, 0x07, 0x80, 0x00, 0x18, 0x30, 0xE2, 0x2E, 0xFD, 0xD1, 0x08,
    0x38, 0x70, 0xE1, 0xC3, 0x87, 0x0E, 0x1C, 0x38, 0x78, 0x78, 0x00, 0x67, 0xFF, 0x70, 0x01, 0x07,
    0x0E, 0x1C, 0x38, 0x70, 0xE1, 0xC3, 0x87, 0x0F, 0x0F, 0x00, 0x66, 0xFF, 0x72, 0x2E, 0xFD, 0xD1,
    0x08, 0x38, 0x70, 0xE1, 0xC3, 0x87, 0x0E, 0x1C, 0x38, 0x78, 0x78, 0x00, 0xC6, 0xFD, 0xF0, 0x81,
    0x07, 0x0E, 0x1C, 0x38, 0x70, 0xE1, 0xC3, 0x87, 0x0E, 0x1C, 0x38, 0x70, 0xE1, 0xC0, 0x7E, 0xFC,
    0x00, 0x83, 0x87, 0x0E, 0x1C, 0x38, 0x70, 0xE1, 0xC3, 0x87, 0x0E, 0x1C, 0x38, 0x70, 0xE0, 0x63,
    0x63, 0x73, 0x23, 0x03, 0x03, 0x03, 0x03, 0x03, 0x03, 0x03, 0x03, 0x03, 0x03, 0x03, 0x03, 0x04,
    0xDD, 0xBB, 0x74, 0xE1, 0xC3, 0x87, 0x0E, 0x1C, 0x38, 0x70, 0xE1, 0xC3, 0x87, 0x7F, 0xFD, 0xD9,
    0xB0, 0x76, 0xF6, 0x76, 0x34, 0xFF, 0xF8, 0x8E, 0x71, 0xC3, 0x00, 0x33, 0x0F, 0xC1, 0xE0, 0x10,
    0x40, 0xF8, 0x7E, 0x1F, 0x87, 0xE1, 0xF8, 0x7E, 0x1F, 0x87, 0xE1, 0xF8, 0x77, 0xF8, 0xFC, 0x0C,
    0x00, 0x3F, 0x0F, 0xC0, 0x01, 0x03, 0xE1, 0xF8, 0x7E, 0x1F, 0x87, 0xE1, 0xF8, 0x7E, 0x1F, 0x87,
    0xE1, 0xDF, 0xE3, 0xF0, 0x30, 0x1C, 0x03, 0x06, 0xD9, 0xD7, 0x61, 0x80, 0x04, 0x0F, 0x87, 0xE1,
    0xF8, 0x7E, 0x1F, 0x87, 0xE1, 0xF8, 0x7E, 0x1F, 0x87, 0x7F, 0x8F, 0xC0, 0xC0, 0x0E, 0x03, 0x86,
    0xD9, 0xF7, 0x61, 0x80, 0x04, 0x0F, 0x87, 0xE1, 0xF8, 0x7E, 0x1F, 0x87, 0xE1, 0xF8, 0x7E, 0x1F,
    0x87, 0x7F, 0x8F, 0xC0, 0xC0, 0x0E, 0x01, 0xC0, 0x38, 0x06, 0x00, 0xE0, 0x7F, 0x1F, 0xF3, 0x86,
    0xE0, 0xFC, 0x1F, 0x83, 0xF0, 0x7E, 0x0F, 0xE3, 0xBF, 0xF7, 0xFC, 0xE6, 0x1C, 0x03, 0x80, 0x70,
    0x04, 0x00, 0x0E, 0x01, 0xC0, 0x38, 0x03, 0x00, 0xE0, 0x7F, 0x1F, 0xF3, 0x86, 0xE0, 0xFC, 0x1F,
    0x83, 0xF0, 0x7E, 0x0F, 0xE3, 0xBF, 0xF7, 0xFC, 0xE6, 0x1C, 0x03, 0x80, 0x70, 0x04, 0x00, 0x19,
    0x0F, 0xC3, 0xF0, 0x00, 0x40, 0xF8, 0x7E, 0x1F, 0x87, 0xE1, 0xF8, 0x7E, 0x1F, 0x87, 0xE1, 0xF8,
    0x77, 0xF8, 0xFC, 0x0C, 0x00, 0x19, 0x0F, 0xC3, 0x70, 0x04, 0x73, 0x9C, 0xE0, 0x11, 0x03, 0xE1,
    0xF8, 0x7E, 0x1F, 0x87, 0xE1, 0xF8, 0x7E, 0x1F, 0x87, 0xE1, 0xDF, 0xE3, 0xF0, 0x30, 0x0C, 0xC0,
    0x3F, 0x00, 0x78, 0x00, 0x00, 0x40, 0x0B, 0x80, 0xF7, 0x03, 0x8E, 0x1C, 0x38, 0x70, 0x73, 0x80,
    0xFC, 0x03, 0xF0, 0x07, 0x80, 0x1E, 0x00, 0x30, 0x00, 0xC0, 0x03, 0x00, 0x0C, 0x00, 0x30, 0x00,
    0xC0, 0x0F, 0xC0, 0x3F, 0x00, 0x00, 0x10, 0x02, 0xE0, 0x3D, 0xC0, 0xE3, 0x87, 0x0E, 0x1C, 0x1C,
    0xE0, 0x3F, 0x00, 0xFC, 0x01, 0xE0, 0x07, 0x80, 0x0C, 0x00, 0x30, 0x00, 0xC0, 0x03, 0x00, 0x0C,
    0x00, 0x30, 0x00, 0xC6, 0x00, 0xD8, 0xE0, 0x3B, 0x8E, 0x0E, 0x21, 0xC1, 0xC0, 0x1C, 0x70, 0x03,
    0x8E, 0x00, 0x3B, 0x80, 0x03, 0xE0, 0x00, 0x7C, 0x00, 0x07, 0x00, 0x00, 0xE0, 0x00, 0x1C, 0x00,
    0x03, 0x80, 0x00, 0x70, 0x00, 0x0E, 0x00, 0x01, 0xC0, 0x04, 0x00, 0x9B, 0xC0, 0x76, 0x70, 0x39,
    0x8E, 0x1C, 0x43, 0x87, 0x00, 0x73, 0x80, 0x0F, 0xC0, 0x03, 0xF0, 0x00, 0x78, 0x00, 0x1E, 0x00,
    0x03, 0x00, 0x00, 0xC0, 0x00, 0x30, 0x00, 0x0C, 0x00, 0x03, 0x00, 0x00, 0xC0, 0x03, 0xE0, 0x77,
    0xFC, 0x77, 0xFE, 0x77, 0x07, 0x37, 0x03, 0x07, 0x03, 0x07, 0x03, 0x07, 0x07, 0x07, 0xFF, 0x07,
    0xFE, 0x07, 0xF8, 0x07, 0x00, 0x07, 0x00, 0x07, 0x00, 0x07, 0x00, 0x07, 0x00, 0x1C, 0x07, 0x06,
    0xDB, 0xBE, 0x61, 0x80, 0x0E, 0x03, 0x06, 0xDB, 0xAE, 0x61, 0x80, 0xFD, 0xB0, 0x03, 0x80, 0x01,
    0x80, 0x01, 0x80, 0x01, 0x80, 0x18, 0x18, 0x38, 0x1C, 0x38, 0x0E, 0x70, 0x06, 0x71, 0x87, 0x61,
    0xC7, 0x61, 0xC7, 0x61, 0xC7, 0x61, 0xC7, 0x71, 0xC7, 0x7F, 0xFE, 0x3F, 0x7C, 0x04, 0x10, 0x01,
    0x80, 0x01, 0xC0, 0x01, 0xC0, 0x01, 0xC0, 0x00, 0x00, 0x18, 0x18, 0x38, 0x1C, 0x38, 0x0E, 0x70,
    0x06, 0x71, 0x87, 0x61, 0xC7, 0x61, 0xC7, 0x61, 0xC7, 0x61, 0xC7, 0x71, 0xC7, 0x7F, 0xFE, 0x3F,
    0x7C, 0x04, 0x10, 0x01, 0x80, 0x01, 0xC0, 0x01, 0xC0, 0x01, 0xC0, 0x00, 0x00, 0x00, 0xC0, 0x00,
    0xC0, 0x01, 0xC0, 0x00, 0x80, 0x18, 0x18, 0x38, 0x1C, 0x38, 0x0E, 0x70, 0x06, 0x71, 0x87, 0x61,
    0xC7, 0x61, 0xC7, 0x61, 0xC7, 0x61, 0xC7, 0x71, 0xC7, 0x7F, 0xFE, 0x3F, 0x7C, 0x04, 0x10, 0x01,
    0x80, 0x01, 0xC0, 0x01, 0xC0, 0x01, 0xC0, 0x00, 0x00, 0x03, 0x20, 0x07, 0xE0, 0x06, 0xE0, 0x00,
    0x00, 0x18, 0x18, 0x38, 0x1C, 0x38, 0x0E, 0x70, 0x06, 0x71, 0x87, 0x61, 0xC7, 0x61, 0xC7, 0x61,
    0xC7, 0x61, 0xC7, 0x71, 0xC7, 0x7F, 0xFE, 0x3F, 0x7C, 0x04, 0x10, 0x03, 0x20, 0x07, 0xE0, 0x06,
    0xE0, 0x00, 0x00, 0x18, 0x18, 0x38, 0x1C, 0x38, 0x0E, 0x70, 0x06, 0x71, 0x87, 0x61, 0xC7, 0x61,
    0xC7, 0x61, 0xC7, 0x61, 0xC7, 0x71, 0xC7, 0x7F, 0xFE, 0x3F, 0x7C, 0x04, 0x10, 0x01, 0x80, 0x01,
    0xC0, 0x01, 0xC0, 0x01, 0xC0, 0x00, 0x00, 0x60, 0x78, 0x18, 0x7F, 0x86, 0x3F, 0xF0, 0x9E, 0x1E,
    0x07, 0x03, 0x83, 0x80, 0x70, 0xE0, 0x1C, 0x30, 0x07, 0x0C, 0x01, 0xC3, 0x00, 0x70, 0xE0, 0x1C,
    0x38, 0x07, 0x07, 0x03, 0x81, 0xE1, 0xE0, 0x3F, 0xF0, 0x07, 0xF8, 0x00, 0x30, 0x00, 0x00, 0xF0,
    0x31, 0xFE, 0x19, 0xFF, 0x8D, 0xC1, 0xE5, 0xC0, 0x70, 0xE0, 0x18, 0x60, 0x0E, 0x30, 0x07, 0x18,
    0x03, 0x8C, 0x01, 0xC6, 0x00, 0xE3, 0x80, 0x61, 0xC0, 0x70, 0x78, 0x70, 0x1F, 0xF8, 0x07, 0xF8,
    0x00, 0x60, 0x00, 0xC0, 0xF0, 0x30, 0xFF, 0x0E, 0x7F, 0xF1, 0x3C, 0x1C, 0x0E, 0x03, 0x87, 0x00,
    0xE1, 0xC0, 0x18, 0x70, 0x06, 0x1C, 0x01, 0x87, 0x00, 0x60, 0xC0, 0x38, 0x38, 0x0E, 0x07, 0x8F,
    0x00, 0xE7, 0x81, 0xF9, 0xF8, 0x7E, 0x7E, 0x00, 0xF0, 0x31, 0xFE, 0x19, 0xFF, 0x8D, 0xC1, 0xE5,
    0xC0, 0x70, 0xE0, 0x1C, 0x60, 0x0E, 0x30, 0x07, 0x18, 0x03, 0x8E, 0x01, 0xC7, 0x00, 0xE1, 0xC0,
    0xE0, 0xF1, 0xE0, 0x1C, 0xE0, 0x7E, 0x7E, 0x3F, 0x3F, 0x07, 0x80, 0x7F, 0x83, 0xFF, 0x1C, 0x0E,
    0xE0, 0x1B, 0x80, 0x7E, 0x01, 0xF0, 0x07, 0xE0, 0x1F, 0x80, 0x7E, 0x01, 0xDC, 0x0E, 0x78, 0xF0,
    0x73, 0x8F, 0xCF, 0xFF, 0x3F, 0x00, 0x00, 0x0C, 0x00, 0x30, 0x00, 0xE0, 0x03, 0x80, 0x00, 0x00,
    0x7F, 0x60, 0x7F, 0x73, 0xFF, 0xFF, 0xF8, 0xFF, 0xFF, 0xF8, 0x7F, 0xFB, 0xFF, 0xC0, 0x00, 0xFF,
    0xDF, 0xFF, 0xFF, 0x80, 0xFF, 0xFF, 0xFF, 0xFF, 0xFF, 0xFF, 0xFF, 0xFE, 0xFF, 0xFF, 0xFF, 0xFF,
    0xFF, 0xFF, 0xFF, 0xFE, 0x03, 0xFF, 0xFF, 0xFF, 0xFF, 0xFF, 0xFF, 0xFF, 0xFF, 0xFF, 0xFF, 0xFF,
    0xFF, 0xFF, 0xFF, 0xFF, 0xFF, 0xFF, 0xFF, 0xF0, 0x7F, 0xEF, 0xFD, 0xFF, 0xBF, 0xF7, 0xFC, 0x27,
    0x76, 0x6E, 0xE0, 0x27, 0x66, 0xEC, 0xC0, 0x7F, 0xFD, 0xB0, 0x46, 0x67, 0x73, 0x30, 0x22, 0xED,
    0xDB, 0x76, 0xFD, 0xFB, 0x00, 0x26, 0xFD, 0xBB, 0x7E, 0xD9, 0xB3, 0x00, 0x65, 0xDF, 0xBF, 0x6C,
    0xDB, 0xB6, 0x00, 0x44, 0x6E, 0x6E, 0x76, 0x76, 0x36, 0x32, 0x18, 0x18, 0x18, 0x18, 0xFF, 0xFF,
    0x18, 0x18, 0x18, 0x18, 0x18, 0x18, 0x00, 0x18, 0x18, 0x18, 0x18, 0xFF, 0xFF, 0x18, 0x18, 0xFF,
    0xFF, 0x18, 0x18, 0x18, 0x18, 0x18, 0x18, 0x18, 0xFB, 0xFF, 0xFF, 0xFF, 0xDF, 0x0C, 0x03, 0x8F,
    0x3F, 0xFF, 0xCC, 0x00, 0x6E, 0xE0, 0x63, 0xF1, 0xF8, 0xE0, 0x00, 0x63, 0x8D, 0xC7, 0x1F, 0x8E,
    0x38, 0x00, 0x00, 0x6E, 0xE0, 0x30, 0x0C, 0x01, 0xF8, 0x38, 0x03, 0xB0, 0x60, 0x06, 0x61, 0xC0,
    0x0C, 0xE7, 0x00, 0x19, 0x8C, 0x00, 0x3F, 0x30, 0x00, 0x3C, 0xE0, 0x00, 0x03, 0x80, 0x00, 0x06,
    0x3C, 0x78, 0x1C, 0xFD, 0xF8, 0x73, 0x9B, 0x30, 0xC7, 0x36, 0x63, 0x8E, 0x6C, 0xCE, 0x0D, 0xDF,
    0x98, 0x1F, 0x3F, 0x00, 0x0C, 0x18, 0x30, 0x0C, 0x00, 0x01, 0xF8, 0x38, 0x00, 0x03, 0xB0, 0x60,
    0x00, 0x06, 0x61, 0xC0, 0x00, 0x0C, 0xE7, 0x00, 0x00, 0x19, 0x8C, 0x00, 0x00, 0x3F, 0x30, 0x00,
    0x00, 0x3C, 0xE0, 0x00, 0x00, 0x03, 0x80, 0x00, 0x00, 0x06, 0x3C, 0x78, 0xF0, 0x1C, 0xFD, 0xFB,
    0xF0, 0x73, 0x9B, 0x36, 0x60, 0xC7, 0x36, 0x6C, 0xE3, 0x8E, 0x6C, 0xD9, 0xCE, 0x0D, 0xDF, 0xBB,
    0x18, 0x1F, 0x3F, 0x3E, 0x00, 0x0C, 0x18, 0x30, 0x27, 0x76, 0x66, 0x40, 0x23, 0x77, 0x77, 0x67,
    0x67, 0x66, 0x46, 0x23, 0x13, 0xB9, 0xDD, 0xCC, 0xCE, 0x66, 0x73, 0x33, 0x19, 0x18, 0x80, 0x66,
    0x77, 0x73, 0x30, 0x62, 0x67, 0x77, 0x73, 0x73, 0x33, 0x33, 0x62, 0x33, 0x39, 0x9D, 0xCC, 0xE6,
    0x77, 0x33, 0x99, 0x8C, 0xCC, 0x60, 0x00, 0x0E, 0x0F, 0x86, 0xC7, 0x33, 0x1C, 0x0E, 0x38, 0xE1,
    0xC7, 0x0E, 0x0E, 0x0E, 0x0E, 0x1C, 0x70, 0xE0, 0xE0, 0xE0, 0xE1, 0xC7, 0x1C, 0x70, 0xC0, 0x07,
    0x00, 0xBB, 0x0F, 0xF8, 0x7B, 0xC3, 0xFC, 0x3F, 0xF9, 0xFE, 0xC3, 0xF8, 0x3D, 0xE1, 0xFF, 0x05,
    0xD8, 0x0E, 0x00, 0x61, 0x71, 0xF8, 0xFC, 0x7E, 0x3F, 0x1D, 0x8E, 0xC7, 0x63, 0xB1, 0xD8, 0xEC,
    0x20, 0x03, 0x1F, 0x8F, 0xC7, 0x00, 0x00, 0x0E, 0x0F, 0xC7, 0xF9, 0x87, 0x61, 0xC3, 0x70, 0xD8,
    0x3E, 0x0F, 0x03, 0x80, 0xC0, 0x30, 0x00, 0x03, 0x01, 0xC0, 0x70, 0x00, 0x00, 0xFF, 0xEF, 0xFC,
    0x60, 0x03, 0x3F, 0xFF, 0x8F, 0xFF, 0x81, 0xFF, 0x00, 0x0F, 0xF8, 0x1F, 0xFF, 0x1F, 0x0F, 0xCC,
    0x00, 0x60, 0x01, 0x81, 0x81, 0xC0, 0xC0, 0xE0, 0xE0, 0x70, 0x78, 0x3E, 0x33, 0x98, 0xC0, 0x00,
    0x02, 0x00, 0x7C, 0x03, 0xE0, 0x3F, 0x80, 0xF8, 0x07, 0xC0, 0x08, 0x0F, 0x3E, 0x7D, 0xF7, 0xFF,
    0xFF, 0x7E, 0xFB, 0xE3, 0x06, 0x00, 0x7E, 0xFC, 0x00, 0x18, 0x01, 0xC0, 0x0C, 0x00, 0xE0, 0x0E,
    0x00, 0x60, 0x06, 0x00, 0x70, 0x07, 0x00, 0x30, 0x03, 0x80, 0x38, 0x01, 0x80, 0x1C, 0x01, 0xC0,
    0x0C, 0x00, 0x07, 0xFD, 0x8C, 0x63, 0x18, 0xC7, 0xBF, 0xEC, 0x63, 0x18, 0xC6, 0x3D, 0xF0, 0x07,
    0xFE, 0x73, 0x9C, 0xE7, 0x3F, 0xFF, 0xF3, 0x9C, 0xE7, 0x39, 0xFF, 0xF0, 0x0E, 0x03, 0xC1, 0xFC,
    0x3F, 0x1F, 0xF3, 0xFC, 0xC3, 0xB8, 0x7E, 0x1D, 0xC3, 0x80, 0xE0, 0x1C, 0x07, 0x01, 0xC0, 0xF0,
    0x1E, 0x0F, 0x01, 0xE0, 0x70, 0x1C, 0x03, 0x00, 0xE0, 0x18, 0x07, 0x00, 0x00, 0x00, 0x06, 0x00,
    0xC0, 0x78, 0x0E, 0x03, 0x80, 0x70, 0x00, 0x00, 0x00, 0x0E, 0x04, 0x7F, 0x1D, 0xFF, 0x3B, 0x0E,
    0x7E, 0x1C, 0xE0, 0x39, 0xC0, 0x73, 0x83, 0xC7, 0x0F, 0x0E, 0x1C, 0x1C, 0x30, 0x38, 0x60, 0x30,
    0x00, 0x01, 0x81, 0xC7, 0x83, 0x8E, 0x07, 0x00, 0x00, 0x60, 0xF1, 0xC3, 0xF3, 0x8F, 0xF7, 0x38,
    0x7E, 0x70, 0xFC, 0x01, 0xD8, 0x07, 0x30, 0x1E, 0x60, 0x78, 0xC1, 0xC1, 0x83, 0x83, 0x07, 0x00,
    0x00, 0x0C, 0x0C, 0x38, 0x38, 0x70, 0x70, 0x00, 0x00, 0x7F, 0x3F, 0x9F, 0xC0, 0x60, 0x30, 0x18,
    0x0C, 0x0E, 0x07, 0x03, 0x81, 0xC0, 0xC0, 0x60, 0x30, 0x18, 0x0C, 0x06, 0x00, 0x7C, 0x1F, 0xF3,
    0xFF, 0x77, 0xEE, 0xFF, 0xDF, 0xFB, 0xFF, 0x7E, 0xEF, 0xDD, 0xF3, 0xB8, 0x70, 0x0E, 0x01, 0xC0,
    0x38, 0x07, 0x00, 0x1F, 0xDF, 0xF7, 0xFF, 0xF7, 0xFD, 0xFF, 0x7F, 0xDD, 0xFF, 0x3F, 0xC3, 0xF0,
    0xFE, 0x3F, 0xEF, 0xFF, 0xBF, 0xEF, 0xFB, 0xFE, 0xFF, 0xFE, 0xFF, 0xBF, 0x80, 0x08, 0x0C, 0x36,
    0x5F, 0xE7, 0xE3, 0xF3, 0xFD, 0xB6, 0x18, 0x0C, 0x00, 0x6F, 0xE0, 0x00, 0x00, 0x06, 0x77, 0x73,
    0x30, 0x0F, 0xF8, 0x1F, 0xFF, 0x1F, 0xFF, 0xCC, 0x00, 0xE0, 0x00, 0x00, 0x00, 0x00, 0x00, 0x00,
    0x00, 0x00, 0x00, 0x00, 0x00, 0x00, 0x00, 0x00, 0x00, 0x00, 0x00, 0x00, 0x00, 0x00, 0x00, 0x00,
    0x00, 0x00, 0x00, 0x00, 0x00, 0x30, 0x01, 0x9F, 0xFF, 0xC7, 0xFF, 0xC0, 0xFF, 0x80, 0x08, 0x0C,
    0x36, 0x5F, 0xE7, 0xE1, 0xF3, 0xFD, 0xB6, 0x18, 0x0C, 0x02, 0x03, 0x0D, 0x97, 0xF9, 0xF8, 0x7C,
    0xFF, 0x6D, 0x86, 0x03, 0x00, 0x00, 0x10, 0x01, 0x90, 0x1D, 0xE0, 0xCF, 0x0C, 0x70, 0xE0, 0x0E,
    0x00, 0x60, 0x07, 0x00, 0x70, 0x03, 0x0C, 0x38, 0xF3, 0x87, 0x98, 0x1D, 0xC0, 0x1C, 0x00, 0x10,
    0x03, 0xF0, 0x3F, 0xFE, 0x87, 0xF0, 0x0E, 0x00, 0x0F, 0xF8, 0x1F, 0xFF, 0x1F, 0xFF, 0xCC, 0x00,
    0x60, 0x0C, 0x37, 0x9F, 0xDF, 0xFF, 0xFF, 0xFD, 0xFC, 0xFE, 0x0C, 0x00, 0x23, 0x11, 0xBB, 0x9D,
    0xDD, 0xCC, 0xEC, 0xE6, 0x76, 0x73, 0x33, 0x31, 0x99, 0x18, 0x8C, 0x1C, 0x1F, 0x9D, 0xCC, 0x76,
    0x3B, 0x1D, 0x8E, 0xFE, 0x3E, 0x00, 0x00, 0xFF, 0xFF, 0xC0, 0x06, 0x07, 0x87, 0xC7, 0xE3, 0x73,
    0xB9, 0xFE, 0xFF, 0x07, 0x00, 0x7E, 0xFE, 0xE0, 0xFC, 0xFE, 0x46, 0xC6, 0xFE, 0x7C, 0x00, 0x1C,
    0x1F, 0x9D, 0xCD, 0xC7, 0xF3, 0x99, 0x8C, 0xFE, 0x3E, 0x00, 0x00, 0x7F, 0xFF, 0x07, 0x0E, 0x0C,
    0x1C, 0x18, 0x38, 0x70, 0x1C, 0x3F, 0x9C, 0xCE, 0xE3, 0xE3, 0xF9, 0x8E, 0xFE, 0x3F, 0x00, 0x00,
    0x1C, 0x3F, 0x9D, 0xCC, 0x67, 0xFB, 0xF9, 0x8C, 0xFE, 0x3E, 0x00, 0x00, 0x30, 0x73, 0xFF, 0xF3,
    0x87, 0x00, 0xFF, 0xFC, 0xFF, 0xFD, 0xF7, 0xF7, 0xC0, 0x76, 0x6E, 0xEE, 0xEE, 0x67, 0x30, 0x67,
    0x73, 0x33, 0x33, 0x76, 0x60, 0xD9, 0xFF, 0xBE, 0x3C, 0x78, 0xF1, 0x80, 0x1C, 0x1F, 0x9D, 0xCC,
    0x76, 0x3B, 0x1D, 0x8E, 0xFE, 0x3E, 0x00, 0x00, 0x1B, 0xDE, 0xB1, 0x8C, 0x63, 0x18, 0x39, 0xFF,
    0xBE, 0x30, 0xE7, 0x9C, 0x7F, 0xFE, 0x38, 0xFE, 0xEE, 0x0E, 0x3C, 0x3E, 0xC7, 0xFE, 0x7E, 0x00,
    0x06, 0x07, 0x87, 0xC7, 0xE3, 0x73, 0xB9, 0xFE, 0xFF, 0x07, 0x00, 0x7E, 0xFE, 0xE0, 0xFC, 0xFE,
    0x46, 0xC6, 0xFE, 0x7C, 0x00, 0x1C, 0x1F, 0x9D, 0xCD, 0xC7, 0xF3, 0x99, 0x8C, 0xFE, 0x3E, 0x00,
    0x00, 0x7F, 0xFF, 0x07, 0x0E, 0x0C, 0x1C, 0x18, 0x38, 0x70, 0x1C, 0x3F, 0x9C, 0xCE, 0xE3, 0xE3,
    0xF9, 0x8E, 0xFE, 0x3F, 0x00, 0x00, 0x1C, 0x3F, 0x9D, 0xCC, 0x67, 0xFB, 0xF9, 0x8C, 0xFE, 0x3E,
    0x00, 0x00, 0x30, 0x73, 0xFF, 0xF3, 0x87, 0x00, 0xFF, 0xFC, 0xFF, 0xFD, 0xF7, 0xF7, 0xC0, 0x76,
    0x6E, 0xEE, 0xEE, 0x67, 0x30, 0x67, 0x73, 0x33, 0x33, 0x76, 0x60, 0x18, 0x7E, 0x66, 0x7E, 0xFE,
    0xFE, 0x7E, 0x00, 0x1C, 0x7E, 0x67, 0xFF, 0x7F, 0x7F, 0x3E, 0x00, 0x1C, 0x7E, 0x77, 0xE3, 0x63,
    0x7F, 0x3E, 0x00, 0x66, 0x76, 0x3E, 0x3C, 0x3C, 0x7E, 0xE7, 0x7C, 0xFE, 0x47, 0xFF, 0xFF, 0xC7,
    0xFE, 0x7E, 0x38, 0xC1, 0x83, 0x67, 0xFE, 0xF8, 0xF1, 0xE3, 0xC6, 0xC1, 0x83, 0x3E, 0xEF, 0x9E,
    0x3E, 0x6E, 0xCE, 0xFF, 0xFF, 0xC0, 0xD9, 0x9F, 0xFF, 0xBB, 0xE7, 0x7C, 0xEF, 0x9D, 0xF3, 0xB8,
    0xD9, 0xFF, 0xBE, 0x3C, 0x78, 0xF1, 0x80, 0xD8, 0xFE, 0xEE, 0xC6, 0xC6, 0xFE, 0xFC, 0xC0, 0xC0,
    0xC0, 0x38, 0x7E, 0x66, 0x7E, 0x3E, 0x7E, 0x7E, 0x00, 0x67, 0xFE, 0xC6, 0x31, 0xEF, 0x00, 0x1E,
    0x01, 0xFC, 0x1C, 0xE1, 0xC3, 0x8E, 0x08, 0x73, 0xFF, 0x9F, 0xFC, 0xC0, 0x66, 0x03, 0xFF, 0x8F,
    0xFC, 0x1F, 0xE0, 0x60, 0x03, 0x00, 0x1F, 0xE0, 0xFF, 0x00, 0x00, 0x00, 0x00, 0x06, 0xC0, 0x7A,
    0x07, 0xF8, 0x3F, 0xF1, 0xED, 0xE6, 0x2F, 0xB9, 0xB6, 0xE6, 0xC3, 0x1E, 0x0C, 0x58, 0x33, 0x60,
    0xED, 0x03, 0xAC, 0x67, 0xB3, 0x9E, 0x9E, 0x3F, 0xF0, 0xFF, 0x83, 0x70, 0x0B, 0x00, 0x07, 0x80,
    0xFF, 0x0F, 0xFC, 0xE0, 0xF6, 0x03, 0xF0, 0x0F, 0x80, 0x18, 0xEE, 0xC7, 0xF6, 0x3F, 0xB9, 0xE1,
    0xCE, 0x37, 0x73, 0xBF, 0xBC, 0xFF, 0xC3, 0xFC, 0x03, 0x00, 0x1F, 0xF0, 0xFF, 0xC7, 0xFE, 0x30,
    0x01, 0x80, 0x0C, 0x00, 0x60, 0x03, 0xFE, 0x1F, 0xF0, 0xFF, 0x86, 0x00, 0xFC, 0x0F, 0xF0, 0x0E,
    0x00, 0x60, 0x03, 0x00, 0x07, 0x03, 0xF0, 0xFF, 0x38, 0x77, 0x0E, 0xE0, 0x3F, 0xC7, 0xFC, 0x70,
    0x1F, 0xE3, 0xFE, 0x38, 0x07, 0x04, 0xE1, 0xFF, 0xFF, 0xFE, 0x00, 0x00, 0x00, 0xE0, 0xEE, 0xF8,
    0xFF, 0xFE, 0xFF, 0xFE, 0xE3, 0x86, 0xE3, 0x87, 0xE3, 0x87, 0xE3, 0x87, 0xE7, 0x87, 0xE7, 0x87,
    0xEF, 0x87, 0xEF, 0x87, 0xED, 0x87, 0x1C, 0x00, 0x18, 0x00, 0x30, 0x0C, 0x38, 0x0C, 0x3C, 0x0C,
    0x3C, 0x0C, 0x3E, 0x0C, 0x37, 0x0C, 0xFF, 0xFF, 0xFF, 0xFF, 0x33, 0x8C, 0xFF, 0xFF, 0xFF, 0xFF,
    0x70, 0xEC, 0x30, 0x7C, 0x30, 0x3C, 0x30, 0x3C, 0x30, 0x1C, 0x7E, 0x00, 0x1F, 0xF8, 0x03, 0xFF,
    0x9C, 0x70, 0x73, 0x8E, 0x06, 0xFD, 0xC0, 0xFF, 0xB8, 0x1B, 0xF7, 0x07, 0x38, 0xFF, 0xE7, 0x1F,
    0xF8, 0xE3, 0xFC, 0x1C, 0x70, 0x03, 0x8E, 0x00, 0x71, 0xC0, 0x0E, 0x38, 0x00, 0xF7, 0x00, 0x1E,
    0x00, 0x00, 0x00, 0x7E, 0x00, 0x03, 0xFF, 0x00, 0x0F, 0xFE, 0x00, 0x38, 0x38, 0x00, 0xE0, 0x61,
    0xE3, 0x81, 0xDF, 0xCE, 0x06, 0x7F, 0xB8, 0x3B, 0x86, 0xFF, 0xEE, 0x03, 0xFF, 0x1F, 0x0E, 0x38,
    0x3F, 0x38, 0x70, 0x3E, 0xE1, 0xC0, 0x1B, 0x83, 0xB8, 0x6E, 0x0E, 0xFF, 0xB8, 0x1D, 0xFC, 0x00,
    0x01, 0xC0, 0x40, 0x60, 0x2E, 0x0E, 0x07, 0xE0, 0xF0, 0x66, 0x0F, 0x0E, 0x71, 0xF0, 0xE7, 0x1F,
    0x8E, 0xFF, 0xFF, 0xFF, 0xFF, 0xFF, 0x3B, 0x99, 0xCF, 0xFF, 0xFE, 0xFF, 0xFF, 0xF1, 0xF1, 0xF8,
    0x1F, 0x0F, 0x81, 0xF0, 0xF0, 0x0E, 0x0F, 0x00, 0xE0, 0x70, 0x7F, 0x0D, 0xFF, 0x9B, 0xFF, 0x37,
    0x07, 0x6E, 0xEE, 0xDD, 0xDD, 0xBB, 0xBB, 0x77, 0x76, 0xEE, 0xCD, 0xDC, 0x1B, 0xBF, 0xF7, 0x7F,
    0xC0, 0x00, 0x60, 0x1F, 0xC0, 0xFE, 0x07, 0xE0, 0xE6, 0x1F, 0xF0, 0xFF, 0x8E, 0x1C, 0x60, 0x63,
    0x03, 0x18, 0x18, 0xC0, 0xC7, 0x06, 0x38, 0x70, 0xFF, 0x83, 0xFC, 0x06, 0x00, 0x00, 0x1F, 0xF8,
    0xFF, 0xC0, 0x01, 0xC0, 0x3F, 0x83, 0xFE, 0x38, 0x21, 0x80, 0x1C, 0x01, 0xFF, 0x9F, 0xFC, 0x38,
    0x07, 0xFE, 0x3F, 0xE0, 0x70, 0x01, 0xC0, 0x0F, 0x08, 0x3F, 0xE0, 0xFE, 0x00, 0x80, 0x10, 0x0C,
    0x70, 0x38, 0xE0, 0xE1, 0xC3, 0x83, 0x8E, 0x07, 0x38, 0x0E, 0xE0, 0x7F, 0xFF, 0xFF, 0xFE, 0x7F,
    0x80, 0xF7, 0x01, 0xC7, 0x03, 0x87, 0x07, 0x07, 0x0E, 0x0E, 0x1C, 0x0E, 0x7F, 0xF3, 0xFF, 0xDF,
    0xFE, 0x0E, 0x00, 0x70, 0x03, 0xF0, 0x1F, 0x83, 0xF0, 0x1F, 0xE0, 0xBF, 0x07, 0xE0, 0x3E, 0x01,
    0x70, 0x03, 0x80, 0x1C, 0x00, 0xE0, 0x00, 0x00, 0x00, 0x00, 0x70, 0x00, 0x00, 0x07, 0xE0, 0x00,
    0x03, 0xFF, 0x80, 0x00, 0x3F, 0xFC, 0x00, 0x00, 0x70, 0xE0, 0x00, 0x07, 0x07, 0x07, 0x00, 0x70,
    0x71, 0xFC, 0x07, 0x03, 0x3F, 0xE0, 0x70, 0x33, 0x86, 0x07, 0x03, 0x70, 0x70, 0x70, 0x37, 0x07,
    0x3F, 0x03, 0x70, 0x77, 0xF0, 0x77, 0x07, 0x7F, 0x07, 0x70, 0x76, 0x78, 0xE7, 0x8E, 0x7F, 0xFE,
    0x7F, 0xE7, 0xDF, 0xC7, 0xFC, 0x18, 0x20, 0x73, 0x00, 0x00, 0x07, 0x00, 0x00, 0x00, 0x70, 0x00,
    0x00, 0x07, 0x00, 0x00, 0x00, 0x20, 0x00, 0x3E, 0x00, 0xFF, 0x03, 0xFE, 0x0C, 0x1C, 0xFF, 0xFF,
    0xFF, 0xF3, 0x03, 0x3F, 0xFF, 0xFF, 0xFC, 0xC3, 0xC3, 0xFE, 0x0F, 0xF0, 0x30, 0x00, 0xC0, 0x03,
    0x00, 0x0C, 0x00, 0x03, 0x00, 0x0C, 0x00, 0x78, 0x07, 0xF8, 0x3F, 0xF1, 0xCD, 0xE6, 0x33, 0xB8,
    0xC6, 0xE3, 0x03, 0x0C, 0x0C, 0x3F, 0xF0, 0xFF, 0xE3, 0x1F, 0x8C, 0x67, 0x33, 0x9E, 0xDE, 0x3F,
    0xF0, 0x7F, 0x80, 0x30, 0x00, 0xC0, 0x00, 0x00, 0x03, 0x00, 0x1E, 0x00, 0x78, 0x01, 0xF0, 0x0F,
    0xC0, 0x3B, 0x00, 0xCE, 0x3F, 0xFF, 0x7F, 0xFC, 0xE1, 0xC7, 0xFF, 0xFF, 0xFF, 0x70, 0x39, 0xC0,
    0xE6, 0x01, 0xF8, 0x07, 0x0E, 0x07, 0xF1, 0xFF, 0x38, 0xE6, 0x0C, 0x03, 0xBF, 0xFF, 0xFF, 0x00,
    0x1F, 0xFF, 0xFF, 0xB8, 0x06, 0x0E, 0xE3, 0x9F, 0xF1, 0xFC, 0x0E, 0x00, 0x03, 0x00, 0x0C, 0x00,
    0x78, 0x07, 0xF8, 0x3F, 0xF1, 0xED, 0xE6, 0x33, 0xB8, 0xC6, 0xE3, 0x03, 0x0C, 0x0C, 0x30, 0x30,
    0xC0, 0xE3, 0x03, 0x8C, 0x67, 0x33, 0x9E, 0xDE, 0x3F, 0xF0, 0x7F, 0x80, 0x30, 0x00, 0xC0, 0x02,
    0x00, 0x7F, 0xF3, 0xFF, 0xDF, 0xFE, 0xFF, 0xE7, 0xFF, 0xBF, 0xFC, 0x1C, 0x00, 0xE0, 0x07, 0x00,
    0x38, 0x01, 0xC0, 0x0E, 0x00, 0x70, 0x03, 0x80, 0x1C, 0x00, 0xE0, 0x7F, 0xDF, 0xFF, 0xFF, 0x03,
    0xC7, 0xFF, 0xFF, 0xDF, 0xF0, 0x3C, 0xFF, 0x1F, 0xC1, 0xE0, 0x1C, 0x01, 0xC0, 0x1C, 0x03, 0xC0,
    0x3C, 0x18, 0x01, 0x80, 0x1B, 0x81, 0xF8, 0x3F, 0x07, 0x90, 0x7F, 0x81, 0xF0, 0x7C, 0x07, 0x86,
    0x58, 0x61, 0x8E, 0x18, 0xE1, 0x9E, 0x1F, 0xC1, 0xF8, 0x1C, 0x00, 0x07, 0x00, 0x38, 0x01, 0xC0,
    0x3F, 0x83, 0xFE, 0x3F, 0xF9, 0xDD, 0xDC, 0xE7, 0xE7, 0x3F, 0x39, 0xF9, 0xCF, 0xCE, 0x70, 0x1F,
    0x80, 0x7F, 0xC1, 0xFF, 0x86, 0x0E, 0x18, 0x1C, 0x60, 0x71, 0x81, 0xC6, 0x0E, 0xFF, 0xFB, 0xFF,
    0xC1, 0x80, 0x3F, 0xE0, 0xFF, 0x80, 0x60, 0x01, 0x80, 0x06, 0x00, 0x08, 0x80, 0x6C, 0x03, 0xE0,
    0x7F, 0x87, 0xFE, 0x3E, 0xFB, 0xB6, 0xDD, 0xB7, 0xED, 0xBF, 0x6C, 0xB8, 0x00, 0xC0, 0x07, 0x00,
    0x1C, 0x03, 0xFF, 0xFF, 0xFF, 0x00, 0x01, 0xB0, 0x7F, 0x0F, 0xFC, 0xFF, 0xEE, 0x0E, 0xE0, 0x6E,
    0x06, 0xE0, 0xEF, 0xFC, 0xFF, 0xCF, 0xFE, 0xE0, 0x7E, 0x07, 0xE0, 0x7E, 0x0F, 0xFF, 0xEF, 0xFC,
    0x1B, 0x01, 0xB0, 0x00, 0x00, 0x01, 0xC0, 0x01, 0xE0, 0x01, 0xE0, 0x01, 0xE0, 0x01, 0xE0, 0x01,
    0xFF, 0xFC, 0xFF, 0xFF, 0x3F, 0xFF, 0x0E, 0x00, 0x03, 0x80, 0x00, 0xE0, 0x00, 0x38, 0x00, 0x0C,
    0x00, 0x01, 0x00, 0x07, 0x00, 0x1F, 0x00, 0x7F, 0x01, 0xFF, 0x07, 0x77, 0x1E, 0xE7, 0x39, 0xC6,
    0x23, 0x80, 0x07, 0x00, 0x0E, 0x00, 0x1C, 0x00, 0x38, 0x00, 0x70, 0x00, 0xE0, 0x01, 0xC0, 0x00,
    0x00, 0x00, 0xC0, 0x00, 0xE0, 0x00, 0x70, 0x00, 0x38, 0x00, 0x1C, 0xFF, 0xFE, 0xFF, 0xFF, 0x7F,
    0xFE, 0x00, 0x1C, 0x00, 0x38, 0x00, 0x70, 0x00, 0xE0, 0x00, 0xC0, 0x01, 0x00, 0x07, 0x00, 0x0E,
    0x00, 0x1C, 0x00, 0x38, 0x00, 0x70, 0x00, 0xE0, 0x01, 0xC0, 0x23, 0x84, 0xE7, 0x19, 0xEE, 0x71,
    0xFD, 0xC1, 0xFF, 0x01, 0xFC, 0x01, 0xF0, 0x01, 0xC0, 0x00, 0x00, 0x00, 0x00, 0x00, 0x01, 0xC0,
    0x30, 0x01, 0xE0, 0x1C, 0x01, 0xE0, 0x07, 0x01, 0xE0, 0x01, 0xC1, 0xE0, 0x00, 0x71, 0xFF, 0xFF,
    0xFC, 0xFF, 0xFF, 0xFF, 0x3F, 0xFF, 0xFF, 0x0E, 0x00, 0x07, 0x03, 0x80, 0x07, 0x00, 0xE0, 0x07,
    0x00, 0x38, 0x07, 0x00, 0x0C, 0x03, 0x00, 0x01, 0x00, 0x07, 0x00, 0x1F, 0x00, 0x7F, 0x01, 0xFF,
    0x07, 0x77, 0x1C, 0xE7, 0x31, 0xC6, 0x03, 0x80, 0x07, 0x00, 0x0E, 0x00, 0x1C, 0x00, 0x38, 0x00,
    0x70, 0x00, 0xE0, 0x01, 0xC0, 0x23, 0x84, 0xE7, 0x19, 0xEE, 0x71, 0xFD, 0xC1, 0xFF, 0x01, 0xFC,
    0x01, 0xF0, 0x01, 0xC0, 0x00, 0x00, 0xFF, 0xCF, 0xFC, 0xFF, 0xCF, 0x80, 0xDC, 0x0D, 0xE0, 0xCF,
    0x0C, 0x78, 0xC3, 0xCC, 0x1E, 0x40, 0xF0, 0x07, 0x00, 0x00, 0x3F, 0xE3, 0xFF, 0x3F, 0xF0, 0x1F,
    0x03, 0xF0, 0x77, 0x0E, 0x71, 0xC7, 0x38, 0x77, 0x07, 0xE0, 0x2C, 0x00, 0x00, 0x00, 0x00, 0x0E,
    0x00, 0xF0, 0x37, 0x87, 0x3C, 0x71, 0xE7, 0x0F, 0x70, 0x7B, 0x03, 0xF0, 0x1F, 0x3F, 0xF3, 0xFF,
    0x00, 0x00, 0x07, 0xC0, 0xFC, 0x1E, 0xC3, 0xCC, 0x78, 0xCF, 0x0D, 0xE0, 0xFC, 0x0F, 0x80, 0xFF,
    0xCF, 0xFC, 0x00, 0x01, 0xC0, 0x00, 0x0F, 0x80, 0x00, 0x3C, 0x07, 0x00, 0x70, 0x78, 0x01, 0x87,
    0x80, 0x0C, 0x78, 0x00, 0xE7, 0x80, 0x07, 0x7F, 0xFF, 0xF3, 0xFF, 0xFF, 0x0F, 0xFF, 0xE0, 0x38,
    0x00, 0x00, 0xE0, 0x00, 0x03, 0x80, 0x00, 0x0E, 0x00, 0x00, 0x30, 0x00, 0x0E, 0x00, 0x01, 0xF0,
    0x00, 0x1E, 0x00, 0x00, 0xE0, 0x0C, 0x06, 0x00, 0x70, 0x70, 0x01, 0xC1, 0x80, 0x07, 0x0E, 0x00,
    0x1C, 0x3F, 0xFF, 0xF0, 0xFF, 0xFF, 0xC1, 0xFF, 0xFC, 0x00, 0x01, 0xC0, 0x00, 0x1C, 0x00, 0x01,
    0xC0, 0x00, 0x1C, 0x00, 0x00, 0xC0, 0x04, 0x00, 0x03, 0x00, 0x01, 0xC0, 0x00, 0xF0, 0x00, 0x7F,
    0xFF, 0xDF, 0xFF, 0xF3, 0xC0, 0x1C, 0x70, 0x07, 0x0C, 0x01, 0xC0, 0x00, 0x70, 0x00, 0x1C, 0x00,
    0x07, 0x00, 0x01, 0xC0, 0x00, 0x70, 0x00, 0x1C, 0x00, 0x07, 0x00, 0x08, 0x00, 0x06, 0x00, 0x03,
    0x80, 0x01, 0xEF, 0xFF, 0xFF, 0xFF, 0xFB, 0x00, 0x39, 0x80, 0x18, 0xC0, 0x08, 0x60, 0x00, 0x30,
    0x00, 0x18, 0x00, 0x0C, 0x00, 0x06, 0x00, 0x03, 0x00, 0x01, 0x80, 0x00, 0x00, 0x70, 0x07, 0x00,
    0x70, 0x07, 0x00, 0x70, 0x07, 0x0C, 0x71, 0xC7, 0x38, 0x77, 0x07, 0x7F, 0xF7, 0x00, 0x38, 0x01,
    0xC0, 0x0C, 0x00, 0x80, 0x00, 0x60, 0x00, 0x30, 0x00, 0x18, 0x00, 0x0C, 0x00, 0x06, 0x00, 0x43,
    0x00, 0x31, 0x80, 0x1C, 0xFF, 0xFF, 0x7F, 0xFF, 0xFF, 0xFF, 0xC0, 0x01, 0xC0, 0x00, 0xC0, 0x00,
    0x40, 0xFF, 0xC3, 0xFF, 0x0F, 0xFC, 0x00, 0x30, 0x00, 0xC0, 0x03, 0x00, 0x0C, 0x00, 0x30, 0x00,
    0xC0, 0x03, 0x00, 0x0C, 0x01, 0xFE, 0x07, 0xF8, 0x0F, 0xC0, 0x1E, 0x00, 0x30, 0x00, 0x00, 0x00,
    0x00, 0x80, 0x00, 0x70, 0x00, 0x1C, 0x00, 0x07, 0x00, 0x01, 0xC3, 0x00, 0x71, 0xC0, 0x1C, 0xF0,
    0x07, 0x7F, 0xFF, 0xDF, 0xFF, 0xF3, 0xFF, 0xF8, 0x70, 0x00, 0x0C, 0x00, 0x01, 0x00, 0x00, 0x01,
    0xFC, 0x03, 0xC7, 0x01, 0x81, 0xC1, 0xC0, 0x70, 0xC0, 0x18, 0x60, 0x0C, 0x30, 0x07, 0x9B, 0x00,
    0xEF, 0x80, 0x3F, 0x80, 0x0F, 0x80, 0x03, 0x80, 0x00, 0x80, 0x00, 0x1F, 0xE0, 0x1E, 0x78, 0x1C,
    0x0E, 0x0C, 0x03, 0x0C, 0x01, 0x86, 0x00, 0xE3, 0x00, 0x70, 0x01, 0x9B, 0x00, 0xEF, 0x80, 0x3F,
    0x80, 0x0F, 0x80, 0x03, 0x80, 0x00, 0x80, 0x00, 0x80, 0x01, 0x80, 0x03, 0x80, 0x07, 0x80, 0x0F,
    0xF0, 0x0F, 0xF8, 0x07, 0xBC, 0x03, 0x8E, 0x01, 0x86, 0x00, 0x07, 0x00, 0x07, 0xC0, 0x07, 0xC0,
    0x07, 0xE0, 0x07, 0x60, 0x0E, 0x70, 0x0E, 0x3C, 0x3C, 0x1F, 0xF8, 0x0F, 0xE0, 0x01, 0x00, 0x01,
    0x80, 0x01, 0xC0, 0x01, 0xE0, 0x0F, 0xF0, 0x1F, 0xF0, 0x39, 0xE0, 0x71, 0xC0, 0xE1, 0x80, 0xE0,
    0x00, 0xC0, 0x00, 0xC0, 0x07, 0xC0, 0x07, 0xE0, 0x07, 0x60, 0x0E, 0x70, 0x0E, 0x3C, 0x3C, 0x1F,
    0xF8, 0x0F, 0xE0, 0x00, 0x20, 0x00, 0x30, 0x00, 0x38, 0x00, 0x1E, 0xFF, 0xFE, 0x00, 0x1E, 0x08,
    0x38, 0x1C, 0x30, 0x38, 0x20, 0x70, 0x00, 0xFF, 0xFE, 0x70, 0x00, 0x38, 0x00, 0x1C, 0x00, 0x08,
    0x00, 0x08, 0x00, 0x1C, 0x00, 0x38, 0x00, 0x70, 0x00, 0xFF, 0xFE, 0x70, 0x00, 0x38, 0x20, 0x1C,
    0x30, 0x08, 0x38, 0x00, 0x1E, 0xFF, 0xFE, 0x00, 0x1E, 0x00, 0x38, 0x00, 0x30, 0x00, 0x20, 0x00,
    0x00, 0x01, 0xC0, 0x01, 0xE0, 0x01, 0xE0, 0x01, 0xFF, 0xF1, 0xFF, 0xFD, 0xFF, 0xFC, 0xE0, 0x00,
    0x3F, 0xFF, 0x8F, 0xFF, 0xC3, 0x80, 0x00, 0xE0, 0x00, 0x38, 0x00, 0x0C, 0x00, 0x00, 0x00, 0x00,
    0x00, 0x00, 0xC0, 0x00, 0xE0, 0x00, 0x70, 0x7F, 0xF8, 0xFF, 0xFC, 0xFF, 0xFE, 0x00, 0x07, 0xFF,
    0xFE, 0xFF, 0xFC, 0x00, 0x38, 0x00, 0x70, 0x00, 0xE0, 0x00, 0xC0, 0x00, 0x00, 0x00, 0x00, 0x00,
    0x01, 0xC0, 0x30, 0x01, 0xE0, 0x1C, 0x01, 0xE0, 0x07, 0x01, 0xFF, 0xFF, 0xC1, 0xFF, 0xFF, 0xF1,
    0xFF, 0xFF, 0xFC, 0xE0, 0x00, 0x07, 0x3F, 0xFF, 0xFF, 0x0F, 0xFF, 0xFF, 0x03, 0x80, 0x07, 0x00,
    0xE0, 0x07, 0x00, 0x38, 0x07, 0x00, 0x0C, 0x03, 0x00, 0x00, 0x00, 0x00, 0x0C, 0x07, 0x83, 0xF1,
    0xFE, 0x7F, 0xC3, 0x00, 0xC0, 0xFE, 0x3F, 0x83, 0x03, 0xF8, 0xFE, 0x3F, 0x83, 0x00, 0xC0, 0x30,
    0x0C, 0x03, 0x00, 0xC0, 0x30, 0x3F, 0x8F, 0xE0, 0xC0, 0xFE, 0x3F, 0x8F, 0xE0, 0xC0, 0x30, 0x7F,
    0xCF, 0xE1, 0xF0, 0x38, 0x04, 0x00, 0xE1, 0x80, 0x1C, 0x70, 0x03, 0x9E, 0x00, 0x77, 0xFF, 0xEE,
    0xFF, 0xFF, 0xCF, 0xFF, 0xB8, 0xE0, 0x07, 0x0C, 0x00, 0xE0, 0x80, 0x00, 0x00, 0x30, 0xE0, 0x07,
    0x1C, 0x00, 0xF3, 0xBF, 0xFF, 0x7F, 0xFF, 0xEE, 0xFF, 0xF9, 0xC0, 0x0E, 0x38, 0x01, 0x87, 0x00,
    0x20, 0xE0, 0x00, 0x00, 0x00, 0x1C, 0x00, 0x07, 0xC0, 0x01, 0xDC, 0x00, 0x71, 0xC0, 0x1C, 0x1C,
    0x07, 0x01, 0xC1, 0xC0, 0x1C, 0x7E, 0x0F, 0xCF, 0xC1, 0xF8, 0x18, 0x30, 0x03, 0x06, 0x00, 0x60,
    0xC0, 0x0C, 0x18, 0x01, 0x83, 0x00, 0x3F, 0xE0, 0x07, 0xFC, 0x00, 0x00, 0x00, 0x00, 0x1C, 0x00,
    0x07, 0xC0, 0x01, 0xDC, 0x00, 0x71, 0xC0, 0x1C, 0x1C, 0x07, 0x01, 0xC1, 0xC0, 0x1C, 0x7E, 0x0F,
    0xCF, 0xC1, 0xF8, 0x18, 0x30, 0x03, 0x06, 0x00, 0x7F, 0xC0, 0x0F, 0xF8, 0x00, 0x00, 0x00, 0x3F,
    0xE0, 0x07, 0xFC, 0x00, 0xC1, 0x80, 0x1F, 0xF0, 0x03, 0xFE, 0x00, 0x7F, 0xC0, 0x1C, 0x0F, 0xE1,
    0xFE, 0x01, 0xE0, 0x1C, 0x1D, 0x8F, 0xFB, 0xFF, 0x70, 0xFC, 0x1F, 0x83, 0xF0, 0x7E, 0x0C, 0xE3,
    0x9F, 0xE1, 0xFC, 0x04, 0x00, 0x07, 0x88, 0x7F, 0xE3, 0xFF, 0x0E, 0x1E, 0x70, 0xF9, 0xC6, 0x66,
    0x31, 0x9D, 0x86, 0x7C, 0x38, 0xE1, 0xC3, 0xFF, 0x1B, 0xF0, 0x43, 0x00, 0x03, 0x00, 0x1E, 0x00,
    0x78, 0x01, 0xE0, 0x0F, 0xC0, 0x3F, 0x00, 0xCC, 0x07, 0x38, 0x1C, 0x60, 0xE1, 0xC3, 0x87, 0x0C,
    0x0C, 0x70, 0x39, 0xC0, 0xE7, 0xFF, 0xBF, 0xFF, 0x7F, 0xF7, 0xFF, 0xBF, 0xFD, 0xC0, 0x6E, 0x03,
    0x70, 0x1B, 0x80, 0xDC, 0x06, 0xE0, 0x37, 0x01, 0xB8, 0x0D, 0xC0, 0x6E, 0x03, 0x70, 0x1B, 0x80,
    0xDC, 0x06, 0xE0, 0x37, 0x01, 0x98, 0x0C, 0x7F, 0xE7, 0xFF, 0xBF, 0xFC, 0xF0, 0x03, 0x80, 0x0E,
    0x00, 0x38, 0x00, 0xE0, 0x07, 0x80, 0x1C, 0x00, 0xE0, 0x0E, 0x00, 0xF0, 0x0F, 0x00, 0x70, 0x07,
    0x00, 0x70, 0x07, 0xFF, 0xFF, 0xFE, 0xFF, 0xFF, 0xF0, 0x00, 0x30, 0x03, 0x80, 0x18, 0x01, 0x80,
    0x1C, 0x00, 0xC0, 0x0C, 0x00, 0xE0, 0x06, 0x00, 0x60, 0x07, 0x00, 0x30, 0x03, 0x00, 0x38, 0x01,
    0x80, 0x00, 0x00, 0x10, 0x01, 0xC0, 0x1C, 0x00, 0xE0, 0x06, 0x00, 0x70, 0x03, 0x80, 0x38, 0xF9,
    0xC7, 0xCE, 0x06, 0xE0, 0x3F, 0x01, 0xF0, 0x07, 0x80, 0x3C, 0x00, 0xC0, 0x1E, 0x0F, 0x07, 0xF3,
    0xF1, 0xFF, 0xFF, 0x30, 0xF8, 0x76, 0x0E, 0x0E, 0xC3, 0xE1, 0xDE, 0xFF, 0x71, 0xFC, 0xFE, 0x1E,
    0x0F, 0x00, 0x00, 0x07, 0x87, 0xC3, 0x81, 0x80, 0xC0, 0x60, 0x30, 0x18, 0x0C, 0x06, 0x03, 0x01,
    0x80, 0xC0, 0x60, 0x30, 0x18, 0x0C, 0x06, 0x03, 0x0F, 0x87, 0x80, 0x6E, 0xE0, 0x00, 0x00, 0x6E,
    0xE0, 0x00, 0x07, 0xC6, 0x7E, 0x6E, 0x7E, 0xC3, 0xC3, 0x86, 0x7E, 0x6E, 0xFE, 0xE7, 0xE0, 0x18,
    0x03, 0x01, 0xC0, 0x63, 0xFF, 0xFF, 0xC3, 0x01, 0xC3, 0xFF, 0xFF, 0xCE, 0x03, 0x00, 0xC0, 0x00,
    0xC1, 0xF1, 0xFF, 0xF8, 0xF0, 0x3F, 0x81, 0xFC, 0x0F, 0x00, 0x7F, 0xFF, 0xFF, 0xFF, 0x80, 0x3C,
    0x0F, 0xE0, 0x7F, 0x07, 0xCF, 0xEF, 0xE3, 0xC0, 0x80, 0x3F, 0xFF, 0xFF, 0xFF, 0x00, 0x3F, 0xE0,
    0x00, 0x07, 0xFF, 0xC0, 0x00, 0xFC, 0x1F, 0x80, 0x0F, 0x00, 0x1E, 0x00, 0xF0, 0x00, 0x78, 0x0E,
    0x00, 0x00, 0xE0, 0xE0, 0x00, 0x03, 0x87, 0x00, 0xC0, 0x1C, 0x70, 0x07, 0x00, 0x73, 0x00, 0x38,
    0x01, 0xB8, 0x01, 0xC0, 0x0F, 0xC0, 0x0E, 0x00, 0x7E, 0x00, 0x70, 0x03, 0xE0, 0xFF, 0xFC, 0x0F,
    0x07, 0xFF, 0xF0, 0x78, 0x1F, 0xFF, 0x03, 0xE0, 0x07, 0x00, 0x3F, 0x00, 0x38, 0x01, 0xF8, 0x01,
    0xC0, 0x0C, 0xC0, 0x0E, 0x00, 0xE7, 0x00, 0x70, 0x07, 0x1C, 0x01, 0x00, 0x70, 0xE0, 0x00, 0x03,
    0x83, 0x80, 0x00, 0x38, 0x0F, 0x00, 0x07, 0x80, 0x3E, 0x00, 0xF8, 0x00, 0xFF, 0x7F, 0x80, 0x01,
    0xFF, 0xF0, 0x00, 0x01, 0xFC, 0x00, 0x00, 0x00, 0x3F, 0xE0, 0x00, 0x07, 0xFF, 0xC0, 0x00, 0xFC,
    0x1F, 0x80, 0x0F, 0x00, 0x1E, 0x00, 0xF0, 0x00, 0x78, 0x0E, 0x00, 0x00, 0xE0, 0xE0, 0x00, 0x03,
    0x87, 0x00, 0x00, 0x1C, 0x70, 0x00, 0x00, 0x73, 0x00, 0x00, 0x01, 0xB8, 0x00, 0x00, 0x0F, 0xC0,
    0x00, 0x00, 0x7E, 0x00, 0x00, 0x03, 0xE0, 0x3F, 0xF8, 0x0F, 0x01, 0xFF, 0xC0, 0x78, 0x00, 0x00,
    0x03, 0xE0, 0x00, 0x00, 0x3F, 0x00, 0x00, 0x01, 0xF8, 0x00, 0x00, 0x0C, 0xC0, 0x00, 0x00, 0xE7,
    0x00, 0x00, 0x07, 0x1C, 0x00, 0x00, 0x70, 0xE0, 0x00, 0x03, 0x83, 0x80, 0x00, 0x38, 0x0F, 0x00,
    0x07, 0x80, 0x3E, 0x00, 0xF8, 0x00, 0xFF, 0x7F, 0x80, 0x01, 0xFF, 0xF0, 0x00, 0x01, 0xFC, 0x00,
    0x00, 0x00, 0x3F, 0xE0, 0x00, 0x07, 0xFF, 0xC0, 0x00, 0xFC, 0x1F, 0x80, 0x0F, 0x00, 0x1E, 0x00,
    0xF0, 0x00, 0x78, 0x0E, 0x00, 0x00, 0xE0, 0xE0, 0x00, 0x03, 0x87, 0x00, 0x00, 0x1C, 0x70, 0x00,
    0x00, 0x73, 0x01, 0x83, 0x01, 0xB8, 0x0E, 0x38, 0x0F, 0xC0, 0x7B, 0xC0, 0x7E, 0x01, 0xFC, 0x03,
    0xE0, 0x07, 0xC0, 0x0F, 0x00, 0x3E, 0x00, 0x78, 0x03, 0xF8, 0x03, 0xE0, 0x3D, 0xE0, 0x3F, 0x01,
    0xC7, 0x01, 0xF8, 0x0C, 0x18, 0x0C, 0xC0, 0x00, 0x00, 0xE7, 0x00, 0x00, 0x07, 0x1C, 0x00, 0x00,
    0x70, 0xE0, 0x00, 0x03, 0x83, 0x80, 0x00, 0x38, 0x0F, 0x00, 0x07, 0x80, 0x3E, 0x00, 0xF8, 0x00,
    0xFF, 0x7F, 0x80, 0x01, 0xFF, 0xF0, 0x00, 0x01, 0xFC, 0x00, 0x00, 0x00, 0x3F, 0xE0, 0x00, 0x07,
    0xFF, 0xC0, 0x00, 0xFC, 0x1F, 0x80, 0x0F, 0x00, 0x1E, 0x00, 0xF0, 0x00, 0x78, 0x0E, 0x00, 0x00,
    0xE0, 0xE0, 0x00, 0x03, 0x87, 0x00, 0x00, 0x1C, 0x70, 0x00, 0x20, 0x73, 0x00, 0x03, 0x81, 0xB8,
    0x00, 0x38, 0x0F, 0xC0, 0x03, 0xC0, 0x7E, 0x00, 0x1C, 0x03, 0xE0, 0x01, 0xC0, 0x0F, 0x00, 0x1C,
    0x00, 0x78, 0x01, 0xC0, 0x03, 0xE0, 0x1C, 0x00, 0x3F, 0x01, 0xE0, 0x01, 0xF8, 0x1E, 0x00, 0x0C,
    0xC0, 0xE0, 0x00, 0xE7, 0x02, 0x00, 0x07, 0x1C, 0x00, 0x00, 0x70, 0xE0, 0x00, 0x03, 0x83, 0x80,
    0x00, 0x38, 0x0F, 0x00, 0x07, 0x80, 0x3E, 0x00, 0xF8, 0x00, 0xFF, 0x7F, 0x80, 0x01, 0xFF, 0xF0,
    0x00, 0x01, 0xFC, 0x00, 0x00, 0x1E, 0xE6, 0x1C, 0xC0, 0x18, 0x03, 0x01, 0xFF, 0xCC, 0x39, 0x87,
    0x30, 0xE6, 0x1C, 0xC3, 0x98, 0x73, 0x0E, 0x61, 0xCC, 0x39, 0x87, 0x1E, 0xE3, 0x0E, 0x30, 0xE3,
    0x0E, 0x30, 0xEF, 0xEE, 0x30, 0xE3, 0x0E, 0x30, 0xE3, 0x0E, 0x30, 0xE3, 0x0E, 0x30, 0xE3, 0x0E,
    0x30, 0xE3, 0x07, 0x00, 0x00, 0x20, 0x00, 0x06, 0x60, 0x00, 0x7E, 0x00, 0x07, 0xE0, 0x00, 0x3E,
    0x00, 0x03, 0xE0, 0x00, 0x77, 0xFF, 0xFE, 0x3F, 0xFF, 0xC0, 0xFF, 0xC0, 0x00, 0x00, 0x00, 0x01,
    0x00, 0x01, 0xF8, 0x00, 0x0F, 0x80, 0x00, 0x60, 0x00, 0x06, 0x00, 0x00, 0x00, 0x00, 0x00, 0x00,
    0x00, 0x60, 0x00, 0x00, 0xE0, 0x00, 0x00, 0xE0, 0x00, 0x30, 0xE0, 0x00, 0x78, 0xE0, 0x01, 0xF8,
    0x7F, 0xFF, 0xFF, 0x3F, 0xFF, 0x1F, 0x0F, 0xF0, 0x00, 0x00, 0x00, 0x00, 0x00, 0x00, 0x00, 0x01,
    0xF0, 0x00, 0x01, 0xB0, 0x00, 0x00, 0xE0, 0x00, 0x00, 0xE0, 0x00, 0x00, 0x40, 0x00, 0x08, 0x71,
    0xC3, 0x0C, 0x30, 0xDF, 0x78, 0x00, 0x1F, 0x6C, 0xE3, 0x84, 0x1C, 0x0C, 0x06, 0x07, 0x0F, 0xFF,
    0xFC, 0x00, 0x00, 0x7C, 0x3E, 0x06, 0x07, 0x00, 0x00, 0x00, 0x00, 0x00, 0x0C, 0x00, 0x00, 0xF8,
    0x00, 0x0F, 0x80, 0x00, 0xF8, 0x00, 0x1F, 0x80, 0x00, 0xF0, 0x20, 0x00, 0x06, 0x60, 0x00, 0x7E,
    0x00, 0x07, 0xE0, 0x00, 0x3E, 0x00, 0x03, 0xE0, 0x00, 0x77, 0xFF, 0xFE, 0x3F, 0xFF, 0xC0, 0xFF,
    0xC0, 0x00, 0x00, 0x00, 0x00, 0xC0, 0x00, 0x00, 0xF8, 0x00, 0x00, 0xF8, 0x00, 0x00, 0xFC, 0x00,
    0x01, 0xF8, 0x00, 0x00, 0xF0, 0x00, 0x00, 0x00, 0x00, 0x60, 0x00, 0x00, 0xE0, 0x00, 0x00, 0xE0,
    0x00, 0x30, 0xE0, 0x00, 0x78, 0xE0, 0x01, 0xF8, 0x7F, 0xFF, 0xFF, 0x3F, 0xFF, 0x1F, 0x0F, 0xF0,
    0x00, 0x01, 0x87, 0x9F, 0x6F, 0xFF, 0x00, 0x10, 0xC3, 0x0E, 0x38, 0x63, 0xBC, 0xF0, 0x00, 0x00,
    0x18, 0x0F, 0x07, 0xC3, 0xE3, 0xF0, 0xF0, 0x00, 0x00, 0x0E, 0x06, 0x03, 0x03, 0x87, 0xFF, 0xFE,
    0x00, 0x7E, 0x07, 0xFE, 0x13, 0xFE, 0x07, 0xF0, 0xFC, 0x0F, 0x00, 0xE0, 0x0E, 0x00, 0x67, 0xC7,
    0x36, 0x30, 0xC1, 0x87, 0x0C, 0x00, 0x70, 0x01, 0xE0, 0x07, 0xFF, 0x1F, 0xF8, 0x0C, 0x00, 0x7E,
    0x00, 0x7F, 0xE0, 0x13, 0xFE, 0x00, 0x7F, 0x00, 0xFF, 0x00, 0xF3, 0x80, 0xE0, 0xE0, 0xE0, 0x7E,
    0x67, 0xDF, 0x73, 0x60, 0x30, 0xC0, 0x18, 0x70, 0x0C, 0x00, 0x07, 0x00, 0x01, 0xE0, 0x00, 0x7F,
    0xF0, 0x1F, 0xF8, 0x00, 0xC0, 0x00, 0x38, 0x07, 0xF0, 0x7F, 0x80, 0x1F, 0x03, 0xF0, 0xF8, 0xFE,
    0x0F, 0x80, 0x00, 0x00, 0x80, 0x1F, 0x81, 0xF0, 0x06, 0x00, 0xE0, 0x00, 0x00, 0x38, 0x00, 0xFE,
    0x01, 0xFE, 0x00, 0x0F, 0x80, 0x3F, 0x01, 0xFC, 0x3F, 0x9F, 0x7C, 0x1F, 0x00, 0x00, 0x00, 0x00,
    0x6C, 0x00, 0xD8, 0x00, 0xE0, 0x01, 0xC0, 0x01, 0x00, 0x00, 0x00, 0x0C, 0x07, 0x83, 0xE1, 0xB1,
    0xF0, 0xF0, 0x00, 0x00, 0x03, 0x03, 0x80, 0xE0, 0x30, 0x1C, 0x06, 0x03, 0x41, 0xBF, 0xDF, 0xC0,
    0x00, 0x00, 0x00, 0xC0, 0x07, 0x80, 0x3E, 0x01, 0xB0, 0x1F, 0x80, 0xF0, 0x00, 0x00, 0x00, 0x00,
    0x30, 0x03, 0x80, 0x0E, 0x00, 0x30, 0x01, 0xC0, 0x06, 0x00, 0x38, 0x41, 0xC3, 0xFF, 0x9F, 0xDC,
    0x00, 0x00, 0x00, 0x1C, 0x1C, 0x36, 0x3E, 0x12, 0x00, 0x00, 0x0C, 0x0E, 0x06, 0x07, 0x07, 0x07,
    0x06, 0x0E, 0x1C, 0x7C, 0xF0, 0x60, 0x00, 0x03, 0x80, 0x70, 0x1B, 0x03, 0xE0, 0x08, 0x00, 0x00,
    0x00, 0x0C, 0x01, 0xC0, 0x18, 0x03, 0x80, 0x70, 0x0F, 0x81, 0xF8, 0x70, 0x1C, 0x0F, 0x83, 0xE0,
    0x30, 0x00, 0x00, 0x18, 0x1E, 0x1F, 0x1B, 0x3F, 0x3C, 0x00, 0x00, 0x0C, 0x0E, 0x06, 0x07, 0x07,
    0x07, 0x06, 0x0E, 0x1C, 0x7C, 0xF0, 0x60, 0x00, 0x06, 0x00, 0x78, 0x0F, 0x83, 0xB0, 0x7C, 0x0F,
    0x00, 0x00, 0x00, 0x01, 0x80, 0x38, 0x03, 0x00, 0x70, 0x0E, 0x01, 0xF0, 0x3F, 0x0E, 0x03, 0x81,
    0xF0, 0x7C, 0x06, 0x00, 0x00, 0x00, 0x40, 0x00, 0x3C, 0x00, 0x1F, 0x00, 0x0F, 0x80, 0x03, 0xC0,
    0x00, 0x70, 0x00, 0x0F, 0x00, 0x00, 0xF0, 0x60, 0x07, 0x1C, 0x00, 0x73, 0x80, 0x06, 0x70, 0x00,
    0xCE, 0x00, 0x18, 0xFF, 0xFF, 0x0F, 0xFF, 0xC0, 0x7F, 0xC0, 0x00, 0x00, 0x40, 0x00, 0x07, 0x80,
    0x00, 0x7C, 0x00, 0x07, 0xC0, 0x00, 0x3C, 0x00, 0x00, 0xE0, 0x00, 0x03, 0xC0, 0x00, 0x07, 0x80,
    0x60, 0x0F, 0x03, 0x80, 0x1E, 0x0E, 0x00, 0x38, 0x38, 0x00, 0x70, 0xE0, 0x01, 0xE1, 0xFF, 0xFF,
    0xE3, 0xFF, 0xF7, 0xC3, 0xFE, 0x00, 0x01, 0x83, 0xC7, 0xCF, 0x87, 0x07, 0x01, 0xC0, 0x70, 0x1C,
    0x07, 0x01, 0x80, 0xE0, 0x77, 0xF3, 0xF0, 0x00, 0x01, 0x80, 0x78, 0x1F, 0x07, 0xC0, 0x70, 0x0E,
    0x00, 0x70, 0x03, 0x80, 0x1C, 0x00, 0xE0, 0x06, 0x00, 0x70, 0x07, 0x8F, 0xFF, 0xFC, 0xF0, 0x00,
    0x00, 0x00, 0x00, 0x00, 0x30, 0x00, 0x1E, 0x00, 0x0F, 0xA0, 0x03, 0xDE, 0x00, 0x6F, 0x80, 0x07,
    0xC0, 0x01, 0xE0, 0x00, 0x38, 0x00, 0x07, 0x80, 0x00, 0x78, 0x30, 0x03, 0x8E, 0x00, 0x39, 0xC0,
    0x03, 0x38, 0x00, 0x67, 0x00, 0x0C, 0x7F, 0xFF, 0x87, 0xFF, 0xE0, 0x3F, 0xE0, 0x00, 0x00, 0x00,
    0x00, 0x00, 0x06, 0x00, 0x00, 0x78, 0x00, 0x07, 0xD0, 0x00, 0x3D, 0xE0, 0x00, 0xDF, 0x00, 0x01,
    0xF0, 0x00, 0x0F, 0x00, 0x00, 0x38, 0x00, 0x00, 0xF0, 0x00, 0x01, 0xE0, 0x18, 0x03, 0xC0, 0xE0,
    0x07, 0x83, 0x80, 0x0E, 0x0E, 0x00, 0x1C, 0x38, 0x00, 0x78, 0x7F, 0xFF, 0xF8, 0xFF, 0xFD, 0xF0,
    0xFF, 0x80, 0x00, 0x00, 0x03, 0x87, 0xC7, 0xBF, 0x7E, 0xF9, 0xF0, 0xE0, 0xE0, 0x38, 0x0E, 0x03,
    0x80, 0xE0, 0x30, 0x1C, 0x0E, 0xFE, 0x7E, 0x00, 0x00, 0x00, 0x00, 0x70, 0x1F, 0x03, 0xD8, 0xF7,
    0x8D, 0xF0, 0x7C, 0x07, 0x00, 0xE0, 0x07, 0x00, 0x38, 0x01, 0xC0, 0x0E, 0x00, 0x60, 0x07, 0x00,
    0x78, 0xFF, 0xFF, 0xCF, 0x00, 0x00, 0x00, 0x10, 0x00, 0xE0, 0x03, 0x98, 0x06, 0x60, 0x1B, 0x80,
    0x7E, 0x01, 0xF8, 0x06, 0xE0, 0x39, 0xE3, 0xC3, 0xFF, 0x07, 0xF0, 0x00, 0x38, 0x00, 0x1C, 0x18,
    0x06, 0x0C, 0x03, 0x8E, 0x01, 0xF7, 0x00, 0xFF, 0x80, 0x61, 0xC0, 0x70, 0x78, 0x78, 0x1F, 0xF8,
    0x07, 0xF0, 0x00, 0x18, 0x1C, 0x3E, 0x7E, 0x67, 0xE3, 0xE3, 0xE3, 0x7F, 0x7E, 0x3E, 0x07, 0xE0,
    0xE6, 0x0E, 0x70, 0xE3, 0x0E, 0x3E, 0x61, 0xE0, 0x00, 0x11, 0x8C, 0x73, 0x8C, 0xFE, 0xF1, 0x08,
    0xE7, 0x00, 0x00, 0x06, 0x03, 0xC7, 0x79, 0xE3, 0x78, 0x7C, 0x07, 0x80, 0xF0, 0x0E, 0x00, 0x80,
    0x00, 0x00, 0x1C, 0x00, 0x78, 0x03, 0xF0, 0x0D, 0xE0, 0x73, 0xC1, 0xCF, 0x83, 0x76, 0x0F, 0x9B,
    0xFF, 0xEF, 0xFF, 0x8C, 0x18, 0x01, 0xC0, 0x0F, 0x80, 0x7E, 0x03, 0x98, 0x0E, 0x60, 0x33, 0x80,
    0xDC, 0x3F, 0xFF, 0xFF, 0xFC, 0x30, 0xC0, 0xE3, 0x03, 0xFC, 0x07, 0xF0, 0x07, 0x00, 0x00, 0x01,
    0xC0, 0x1E, 0x03, 0xF0, 0x37, 0x87, 0x3C, 0x73, 0xE3, 0x76, 0x3E, 0x6F, 0xFE, 0xFF, 0xE0, 0x18,
    0x07, 0x01, 0xF0, 0x1F, 0x83, 0xB8, 0x33, 0x83, 0x38, 0x77, 0x0F, 0xFF, 0xFF, 0xF7, 0x1C, 0x30,
    0xC3, 0xFC, 0x1F, 0x80, 0xF0, 0x06, 0x00, 0x01, 0xE0, 0x00, 0x7E, 0x00, 0x0F, 0xC0, 0x03, 0x98,
    0x00, 0xE0, 0x00, 0x38, 0x00, 0x07, 0x00, 0x00, 0x7F, 0xFF, 0xE7, 0xFF, 0xFC, 0x1F, 0xFC, 0x00,
    0x07, 0xF9, 0xFF, 0xFF, 0xF9, 0xC0, 0x0C, 0x00, 0x7C, 0x01, 0xFF, 0xE1, 0xFF, 0x38, 0x00, 0x07,
    0x00, 0x00, 0xC0, 0x00, 0x1E, 0x00, 0x03, 0x80, 0x00, 0x0C, 0x00, 0x03, 0xC0, 0x00, 0xFC, 0x00,
    0x1F, 0x80, 0x07, 0x30, 0x01, 0xC0, 0x00, 0x70, 0x00, 0x0E, 0x00, 0x00, 0xFF, 0xFF, 0xCF, 0xFF,
    0xF8, 0x3F, 0xF8, 0x38, 0x01, 0xC0, 0x0C, 0x00, 0x78, 0x03, 0x80, 0x03, 0xFC, 0xFF, 0xFF, 0xFC,
    0xE0, 0x06, 0x00, 0x3E, 0x00, 0xFF, 0xF0, 0xFF, 0x80, 0x00, 0x1E, 0x00, 0x7F, 0x00, 0x72, 0x00,
    0xE0, 0x00, 0xC0, 0x60, 0xE0, 0x60, 0xF8, 0xE0, 0x7E, 0xE0, 0x0E, 0xE0, 0x0E, 0xE0, 0x1E, 0x78,
    0x7C, 0x3F, 0xF8, 0x1F, 0xE0, 0x60, 0x00, 0x30, 0x1C, 0x38, 0x0F, 0xDC, 0x03, 0xFE, 0x00, 0x67,
    0x00, 0x71, 0xE0, 0xF0, 0x7F, 0xF0, 0x1F, 0xE0, 0x00, 0x08, 0x71, 0xC3, 0x0C, 0x30, 0xDF, 0x78,
    0x00, 0x1B, 0x6C, 0x1C, 0x0C, 0x06, 0x07, 0x0F, 0xFF, 0xFC, 0x00, 0x00, 0x7E, 0x3E, 0x00, 0x1C,
    0x3E, 0x7C, 0x60, 0x60, 0x73, 0x3F, 0xFE, 0xF8, 0x00, 0x78, 0x7F, 0x0E, 0x00, 0x18, 0x1C, 0x1C,
    0x1C, 0x1C, 0x1C, 0x1C, 0x1C, 0x1C, 0x1C, 0x1C, 0x1C, 0x1C, 0x1C, 0x78, 0x1F, 0xC0, 0xE0, 0x00,
    0x1C, 0x07, 0x01, 0xC0, 0x70, 0x1C, 0x07, 0x01, 0xC0, 0x70, 0x1C, 0x07, 0x00, 0xC0, 0x30, 0x0C,
    0x03, 0xE0, 0x78, 0x00, 0xF7, 0x31, 0xFE, 0x01, 0x8E, 0x73, 0x9C, 0xE7, 0x39, 0xCE, 0x73, 0x9C,
    0xE0, 0xF0, 0xE0, 0xC0, 0xF8, 0xE0, 0x00, 0x70, 0x70, 0x70, 0x70, 0x70, 0x70, 0x70, 0x70, 0x70,
    0x70, 0x30, 0x30, 0x30, 0x3E, 0x1E, 0x00, 0x1C, 0x1E, 0x0E, 0x03, 0xC3, 0xC0, 0x00, 0x78, 0x7E,
    0x77, 0x31, 0x98, 0xEF, 0xF3, 0xF0, 0x78, 0x1C, 0x7C, 0x7C, 0x38, 0x00, 0x1C, 0x07, 0x80, 0xE0,
    0x0F, 0x03, 0xC0, 0x00, 0x07, 0x81, 0xF8, 0x77, 0x0C, 0x61, 0x8E, 0x3F, 0xF3, 0xFE, 0x0E, 0x01,
    0xC1, 0xF0, 0x7C, 0x0E, 0x00, 0xE7, 0x39, 0xCE, 0x73, 0x9C, 0xE7, 0x39, 0xCE, 0x31, 0x80, 0xF7,
    0x31, 0xEE, 0x00, 0xE1, 0xC3, 0x87, 0x0E, 0x1C, 0x38, 0x70, 0xE1, 0xC1, 0x83, 0x06, 0x0F, 0x8F,
    0x00, 0xF1, 0xC3, 0x07, 0x8E, 0x00, 0x1C, 0x1E, 0x38, 0x7F, 0x30, 0x72, 0x3E, 0xE0, 0x3C, 0xC0,
    0x60, 0xE0, 0x60, 0xF8, 0xE0, 0x7E, 0xE0, 0x0E, 0xE0, 0x0E, 0xE0, 0x1E, 0x78, 0x7C, 0x3F, 0xF8,
    0x1F, 0xE0, 0x1C, 0x00, 0x1C, 0x00, 0x0C, 0x00, 0x07, 0xC0, 0x03, 0xC0, 0x03, 0x00, 0x01, 0x80,
    0xE1, 0xC0, 0x7E, 0xE0, 0x1F, 0xF0, 0x03, 0x38, 0x03, 0x8F, 0x07, 0x83, 0xFF, 0x80, 0xFF, 0x00,
    0x77, 0x30, 0xFF, 0x00, 0x46, 0x31, 0xCE, 0x33, 0xFB, 0xC0, 0x78, 0x38, 0x18, 0x0F, 0x07, 0x00,
    0x00, 0x60, 0x30, 0x38, 0x1C, 0x3F, 0xDD, 0xE0, 0x00, 0xFF, 0xFF, 0xFF, 0xFF, 0xFE, 0xD8, 0xE1,
    0xC3, 0x87, 0x0E, 0x1C, 0x38, 0x70, 0xE1, 0xC1, 0x83, 0x06, 0x0F, 0x8F, 0x00, 0x00, 0x00, 0x20,
    0x00, 0x06, 0x60, 0x00, 0x7E, 0x00, 0x07, 0xE0, 0x00, 0x3E, 0x00, 0x03, 0xE0, 0x00, 0x77, 0xFF,
    0xFE, 0x3F, 0xFF, 0xC0, 0xFF, 0xC0, 0x00, 0x00, 0x00, 0x06, 0x00, 0x00, 0x60, 0x00, 0x00, 0x00,
    0x00, 0x60, 0x00, 0x00, 0xE0, 0x00, 0x00, 0xE0, 0x00, 0x30, 0xE0, 0x00, 0x78, 0xE0, 0x01, 0xF8,
    0x7F, 0xFF, 0xFF, 0x3F, 0xFF, 0x1F, 0x0F, 0xF0, 0x00, 0x00, 0x00, 0x00, 0x00, 0xE0, 0x00, 0x00,
    0xE0, 0x00, 0x11, 0x8C, 0x73, 0x8C, 0xFE, 0xF0, 0x00, 0xE6, 0x00, 0x18, 0x0C, 0x0E, 0x07, 0x0F,
    0xF7, 0x78, 0x00, 0x00, 0x38, 0x1C, 0x00, 0x36, 0x3E, 0x04, 0x00, 0x18, 0x1C, 0x3E, 0x7E, 0x67,
    0xE3, 0xE3, 0xE3, 0x7F, 0x7E, 0x1F, 0x03, 0xF0, 0x12, 0x00, 0x00, 0x03, 0x00, 0x70, 0x1F, 0x03,
    0xF0, 0x73, 0x0E, 0x30, 0xE3, 0x07, 0xF0, 0x7F, 0x80, 0xFE, 0x01, 0xE0, 0x00, 0x00, 0xF8, 0x00,
    0x1F, 0x80, 0x00, 0x90, 0x20, 0x00, 0x06, 0x60, 0x00, 0x7E, 0x00, 0x07, 0xE0, 0x00, 0x3E, 0x00,
    0x03, 0xE0, 0x00, 0x77, 0xFF, 0xFE, 0x3F, 0xFF, 0xC0, 0xFF, 0xC0, 0x00, 0xF8, 0x00, 0x01, 0xF8,
    0x00, 0x00, 0x90, 0x00, 0x00, 0x00, 0x00, 0x60, 0x00, 0x00, 0xE0, 0x00, 0x00, 0xE0, 0x00, 0x30,
    0xE0, 0x00, 0x78, 0xE0, 0x01, 0xF8, 0x7F, 0xFF, 0xFF, 0x3F, 0xFF, 0x1F, 0x0F, 0xF0, 0x00, 0xDB,
    0xE4, 0x00, 0x10, 0xC3, 0x0E, 0x38, 0x63, 0xBC, 0xF0, 0x00, 0x3E, 0x3F, 0x09, 0x00, 0x01, 0xC0,
    0xC0, 0x60, 0x70, 0xFF, 0xFF, 0xC0, 0x00, 0x00, 0x00, 0x00, 0x06, 0x00, 0x00, 0x60, 0x00, 0x0F,
    0x80, 0x01, 0xF8, 0x00, 0x09, 0x02, 0x00, 0x00, 0x66, 0x00, 0x07, 0xE0, 0x00, 0x7E, 0x00, 0x03,
    0xE0, 0x00, 0x3E, 0x00, 0x07, 0x7F, 0xFF, 0xE3, 0xFF, 0xFC, 0x0F, 0xFC, 0x00, 0x00, 0x00, 0x00,
    0x00, 0x70, 0x00, 0x00, 0x60, 0x00, 0x00, 0xF8, 0x00, 0x01, 0xF8, 0x00, 0x00, 0x90, 0x00, 0x00,
    0x00, 0x00, 0x60, 0x00, 0x00, 0xE0, 0x00, 0x00, 0xE0, 0x00, 0x30, 0xE0, 0x00, 0x78, 0xE0, 0x01,
    0xF8, 0x7F, 0xFF, 0xFF, 0x3F, 0xFF, 0x1F, 0x0F, 0xF0, 0x00, 0x01, 0xC7, 0x36, 0xF9, 0x00, 0x04,
    0x30, 0xC3, 0x8E, 0x18, 0xEF, 0x3C, 0x00, 0x00, 0x0C, 0x06, 0x07, 0xC7, 0xE1, 0x20, 0x00, 0x38,
    0x18, 0x0C, 0x0E, 0x1F, 0xFF, 0xF8, 0x00, 0x7C, 0x07, 0xFC, 0x13, 0xFC, 0x07, 0xE0, 0xF8, 0x0F,
    0x00, 0xE0, 0x0E, 0x00, 0xE0, 0x07, 0x1C, 0x30, 0xE1, 0x80, 0x0C, 0x00, 0x70, 0x01, 0xC0, 0x4F,
    0xFF, 0x1F, 0xF0, 0x1C, 0x00, 0x7C, 0x01, 0xFF, 0x01, 0x3F, 0xC0, 0x1F, 0x80, 0xFC, 0x03, 0xD8,
    0x0E, 0x38, 0x38, 0x3F, 0xE0, 0x3F, 0xC7, 0x03, 0x0E, 0x06, 0x00, 0x0C, 0x00, 0x1C, 0x00, 0x1C,
    0x04, 0x3F, 0xFC, 0x1F, 0xF0, 0x07, 0x00, 0x38, 0x07, 0xF0, 0x7F, 0x80, 0x1F, 0x03, 0xF0, 0xF8,
    0xFE, 0x0F, 0x80, 0x00, 0x00, 0x00, 0x06, 0x00, 0x60, 0x38, 0x00, 0xFE, 0x01, 0xFE, 0x00, 0x0F,
    0x80, 0x3F, 0x01, 0xFC, 0x3F, 0x9F, 0x7C, 0x1F, 0x00, 0x00, 0x00, 0x00, 0x38, 0x00, 0x70, 0x00,
    0x7C, 0x07, 0xFC, 0x13, 0xFC, 0x07, 0xE0, 0xF8, 0x0F, 0x00, 0xE0, 0x0E, 0x00, 0xE0, 0x07, 0x00,
    0x30, 0x01, 0x80, 0x0C, 0x00, 0x70, 0x01, 0xC0, 0x4F, 0xFF, 0x1F, 0xF0, 0x1C, 0x00, 0x7C, 0x01,
    0xFF, 0x01, 0x3F, 0xC0, 0x1F, 0x80, 0xFC, 0x03, 0xD8, 0x0E, 0x38, 0x38, 0x3F, 0xE0, 0x3F, 0xC0,
    0x03, 0x00, 0x06, 0x00, 0x0C, 0x00, 0x1C, 0x00, 0x1C, 0x04, 0x3F, 0xFC, 0x1F, 0xF0, 0x07, 0x00,
    0x38, 0x07, 0xF0, 0x7F, 0x80, 0x1F, 0x03, 0xF0, 0xF8, 0xFE, 0x0F, 0x80, 0x00, 0x00, 0x38, 0x00,
    0xFE, 0x01, 0xFE, 0x00, 0x0F, 0x80, 0x3F, 0x01, 0xFC, 0x3F, 0x9F, 0x7C, 0x1F, 0x00, 0x00, 0x07,
    0x00, 0x38, 0x00, 0x80, 0x00, 0x07, 0xC0, 0x7F, 0xC1, 0x3F, 0xC0, 0x7E, 0x0F, 0x80, 0xF0, 0x0E,
    0x00, 0xE0, 0x0E, 0x00, 0x70, 0x03, 0x00, 0x18, 0x00, 0xC0, 0x07, 0x00, 0x1C, 0x04, 0xFF, 0xF1,
    0xFF, 0x01, 0xC0, 0x07, 0x00, 0x0E, 0x00, 0x08, 0x00, 0x00, 0x07, 0xC0, 0x1F, 0xF0, 0x13, 0xFC,
    0x01, 0xF8, 0x0F, 0xC0, 0x3D, 0x80, 0xE3, 0x83, 0x83, 0xFE, 0x03, 0xFC, 0x00, 0x30, 0x00, 0x60,
    0x00, 0xC0, 0x01, 0xC0, 0x01, 0xC0, 0x43, 0xFF, 0xC1, 0xFF, 0x00, 0x70, 0x00, 0x38, 0x03, 0x80,
    0x10, 0x00, 0x00, 0x38, 0x07, 0xF0, 0x7F, 0x80, 0x1F, 0x03, 0xF0, 0xF8, 0xFE, 0x0F, 0x80, 0x00,
    0x00, 0x30, 0x00, 0x70, 0x00, 0x40, 0x00, 0x00, 0x03, 0x80, 0x0F, 0xE0, 0x1F, 0xE0, 0x00, 0xF8,
    0x03, 0xF0, 0x1F, 0xC3, 0xF9, 0xF7, 0xC1, 0xF0, 0x00, 0x00, 0x06, 0x07, 0x01, 0xC0, 0x60, 0x38,
    0x0C, 0x06, 0x83, 0x7F, 0xBF, 0x80, 0x00, 0x06, 0x00, 0x70, 0x01, 0xC0, 0x06, 0x00, 0x38, 0x00,
    0xC0, 0x07, 0x08, 0x38, 0x7F, 0xF3, 0xFB, 0x80, 0x00, 0x1C, 0x0E, 0x02, 0x00, 0x00, 0x60, 0x70,
    0x1C, 0x06, 0x03, 0x80, 0xC0, 0x68, 0x37, 0xFB, 0xF8, 0x00, 0x1C, 0x00, 0xE0, 0x02, 0x00, 0x00,
    0x00, 0x60, 0x07, 0x00, 0x1C, 0x00, 0x60, 0x03, 0x80, 0x0C, 0x00, 0x70, 0x83, 0x87, 0xFF, 0x3F,
    0xB8, 0x00, 0x00, 0x00, 0x0C, 0x0E, 0x06, 0x07, 0x07, 0x07, 0x06, 0x0E, 0x1C, 0x7C, 0xF0, 0x60,
    0x00, 0x01, 0x80, 0x38, 0x03, 0x00, 0x70, 0x0E, 0x01, 0xF0, 0x3F, 0x0E, 0x03, 0x81, 0xF0, 0x7C,
    0x06, 0x00, 0x0C, 0x1C, 0x08, 0x00, 0x00, 0x0C, 0x0E, 0x06, 0x07, 0x07, 0x07, 0x06, 0x0E, 0x1C,
    0x7C, 0xF0, 0x60, 0x1C, 0x03, 0x80, 0x20, 0x00, 0x00, 0x00, 0x18, 0x03, 0x80, 0x30, 0x07, 0x00,
    0xE0, 0x1F, 0x03, 0xF0, 0xE0, 0x38, 0x1F, 0x07, 0xC0, 0x60, 0x00, 0x00, 0x00, 0x02, 0x00, 0x00,
    0x03, 0x80, 0x00, 0x01, 0xC0, 0x07, 0x0C, 0x60, 0x03, 0x86, 0x33, 0x00, 0xC3, 0x1D, 0x80, 0x73,
    0x8D, 0xC0, 0x3F, 0xFE, 0xE0, 0x1F, 0xFE, 0x70, 0x0C, 0x00, 0x38, 0x0E, 0x00, 0x0F, 0x0F, 0x00,
    0x03, 0xFF, 0x00, 0x00, 0xFE, 0x00, 0x00, 0x00, 0x00, 0x00, 0x00, 0x00, 0x00, 0x30, 0x00, 0x38,
    0x63, 0x00, 0x03, 0x86, 0x30, 0x60, 0x18, 0x63, 0x86, 0x01, 0xCE, 0x38, 0xE0, 0x1F, 0xFF, 0xFE,
    0x01, 0xFF, 0xEF, 0xE0, 0x18, 0x00, 0x0E, 0x03, 0x80, 0x00, 0x78, 0x78, 0x00, 0x03, 0xFF, 0x00,
    0x00, 0x1F, 0xC0, 0x00, 0x00, 0x00, 0x04, 0x00, 0x0E, 0x00, 0x06, 0x18, 0xC6, 0x38, 0xC7, 0x38,
    0xC7, 0x39, 0xC7, 0xFF, 0xFE, 0xFF, 0xFC, 0x00, 0x00, 0x00, 0x02, 0x00, 0x00, 0xC0, 0x63, 0x18,
    0x1C, 0x63, 0x83, 0x8C, 0x70, 0x73, 0x8E, 0x3F, 0xFF, 0xFF, 0xFF, 0xEF, 0x00, 0x00, 0x00, 0x00,
    0x00, 0x00, 0x00, 0x00, 0x60, 0x00, 0x00, 0x30, 0x00, 0x00, 0x3E, 0x00, 0x00, 0x3F, 0x00, 0x00,
    0x09, 0x10, 0x00, 0x00, 0x1C, 0x00, 0x00, 0x0E, 0x00, 0x38, 0x63, 0x00, 0x1C, 0x31, 0x98, 0x06,
    0x18, 0xEC, 0x03, 0x9C, 0x6E, 0x01, 0xFF, 0xF7, 0x00, 0xFF, 0xF3, 0x80, 0x60, 0x01, 0xC0, 0x70,
    0x00, 0x78, 0x78, 0x00, 0x1F, 0xF8, 0x00, 0x07, 0xF0, 0x00, 0x00, 0x00, 0x00, 0x00, 0x00, 0x00,
    0x0C, 0x00, 0x00, 0x00, 0xC0, 0x00, 0x00, 0x1F, 0x00, 0x00, 0x03, 0xF0, 0x00, 0x00, 0x12, 0x00,
    0x00, 0x00, 0x00, 0x00, 0x00, 0x00, 0x30, 0x00, 0x38, 0x63, 0x00, 0x03, 0x86, 0x30, 0x60, 0x18,
    0x63, 0x86, 0x01, 0xCE, 0x38, 0xE0, 0x1F, 0xFF, 0xFE, 0x01, 0xFF, 0xEF, 0xE0, 0x18, 0x00, 0x0E,
    0x03, 0x80, 0x00, 0x78, 0x78, 0x00, 0x03, 0xFF, 0x00, 0x00, 0x1F, 0xC0, 0x00, 0x00, 0x00, 0x00,
    0x00, 0xC0, 0x00, 0xC0, 0x03, 0xF0, 0x03, 0xF0, 0x01, 0x24, 0x00, 0x0E, 0x00, 0x06, 0x18, 0xC6,
    0x38, 0xC7, 0x38, 0xC7, 0x39, 0xC7, 0xFF, 0xFE, 0xFF, 0xFC, 0x00, 0x00, 0x00, 0x00, 0x00, 0x18,
    0x00, 0x03, 0x00, 0x01, 0xF8, 0x00, 0x3F, 0x00, 0x02, 0x40, 0x00, 0x00, 0x80, 0x00, 0x30, 0x18,
    0xC6, 0x07, 0x18, 0xE0, 0xE3, 0x1C, 0x1C, 0xE3, 0x8F, 0xFF, 0xFF, 0xFF, 0xFB, 0xC0, 0x00, 0x00,
    0x00, 0x00, 0x0F, 0x80, 0x00, 0x07, 0xF8, 0x00, 0xE1, 0xE7, 0x00, 0x1C, 0x70, 0x76, 0x01, 0x9C,
    0x0E, 0xC0, 0x3F, 0x03, 0xB8, 0x07, 0xFF, 0xF7, 0x00, 0xFF, 0xF8, 0xE0, 0x18, 0xF8, 0x1C, 0x07,
    0x00, 0x01, 0xE1, 0xE0, 0x00, 0x1F, 0xF8, 0x00, 0x01, 0xFC, 0x00, 0x00, 0x00, 0x00, 0x0F, 0x80,
    0x00, 0x00, 0xFF, 0x00, 0x03, 0x87, 0x9C, 0x00, 0x0E, 0x38, 0x38, 0x60, 0x19, 0xC0, 0xE1, 0x80,
    0x7E, 0x07, 0x0E, 0x01, 0xFF, 0xFF, 0xB8, 0x07, 0xFF, 0xFE, 0xE0, 0x18, 0xF8, 0x03, 0x80, 0xE0,
    0x00, 0x07, 0x87, 0x80, 0x00, 0x0F, 0xFC, 0x00, 0x00, 0x1F, 0xC0, 0x00, 0x00, 0x00, 0x0F, 0x00,
    0x0F, 0xE1, 0x87, 0x9C, 0x63, 0x83, 0x39, 0xC0, 0xCE, 0xE0, 0x7F, 0xFF, 0xFB, 0xBF, 0xFC, 0x03,
    0xF8, 0x00, 0x00, 0x0F, 0x00, 0x01, 0xFC, 0x06, 0x1E, 0x70, 0x31, 0xC1, 0x83, 0x9C, 0x0C, 0x1D,
    0xC0, 0xE3, 0xFF, 0xFF, 0xFD, 0xFF, 0xFF, 0x03, 0xF8, 0x00, 0x00, 0x00, 0x06, 0x00, 0x00, 0x00,
    0xC0, 0x00, 0x00, 0x00, 0x00, 0x00, 0x00, 0x00, 0x00, 0x00, 0xF8, 0x00, 0x00, 0x7F, 0x80, 0x0E,
    0x1E, 0x70, 0x01, 0xC7, 0x07, 0x60, 0x19, 0xC0, 0xEC, 0x03, 0xF0, 0x3B, 0x80, 0x7F, 0xFF, 0x70,
    0x0F, 0xFF, 0x8E, 0x01, 0x8F, 0x81, 0xC0, 0x70, 0x00, 0x1E, 0x1E, 0x00, 0x01, 0xFF, 0x80, 0x00,
    0x1F, 0xC0, 0x00, 0x00, 0x00, 0x00, 0x06, 0x00, 0x00, 0x00, 0x18, 0x00, 0x00, 0x00, 0x00, 0x00,
    0x00, 0x00, 0x00, 0x00, 0x00, 0x0F, 0x80, 0x00, 0x00, 0xFF, 0x00, 0x03, 0x87, 0x9C, 0x00, 0x0E,
    0x38, 0x38, 0x60, 0x19, 0xC0, 0xE1, 0x80, 0x7E, 0x07, 0x0E, 0x01, 0xFF, 0xFF, 0xB8, 0x07, 0xFF,
    0xFE, 0xE0, 0x18, 0xF8, 0x03, 0x80, 0xE0, 0x00, 0x07, 0x87, 0x80, 0x00, 0x0F, 0xFC, 0x00, 0x00,
    0x1F, 0xC0, 0x00, 0x00, 0x00, 0x0E, 0x00, 0x03, 0x80, 0x00, 0x40, 0x00, 0x00, 0x00, 0x0F, 0x00,
    0x0F, 0xE1, 0x87, 0x9C, 0x63, 0x83, 0x39, 0xC0, 0xCE, 0xE0, 0x7F, 0xFF, 0xFB, 0xBF, 0xFC, 0x03,
    0xF8, 0x00, 0x00, 0x0E, 0x00, 0x00, 0x70, 0x00, 0x01, 0x00, 0x00, 0x00, 0x00, 0x00, 0xF0, 0x00,
    0x1F, 0xC0, 0x61, 0xE7, 0x03, 0x1C, 0x18, 0x39, 0xC0, 0xC1, 0xDC, 0x0E, 0x3F, 0xFF, 0xFF, 0xDF,
    0xFF, 0xF0, 0x3F, 0x80, 0x00, 0x0C, 0x00, 0x0C, 0x00, 0x0C, 0x00, 0x0C, 0x00, 0x0C, 0x00, 0x0C,
    0x00, 0x0C, 0x00, 0x0C, 0x7C, 0x0D, 0xFE, 0x0F, 0xC7, 0x0F, 0x87, 0x0F, 0x07, 0x0E, 0x0E, 0xFF,
    0xFE, 0xFF, 0xF8, 0x1F, 0xC0, 0x0C, 0x00, 0x01, 0x80, 0x00, 0x30, 0x00, 0x06, 0x00, 0x00, 0xC0,
    0x00, 0x18, 0x00, 0x03, 0x00, 0x00, 0x63, 0xE0, 0x0D, 0xFE, 0x01, 0xF8, 0xE0, 0x3E, 0x1C, 0x07,
    0x83, 0x80, 0xE0, 0xE1, 0xFF, 0xFF, 0xBF, 0xFF, 0xF8, 0xFE, 0x00, 0x70, 0x01, 0xC0, 0x07, 0x00,
    0x1C, 0x00, 0x70, 0x01, 0xC0, 0x07, 0x00, 0x1C, 0x7C, 0x77, 0xF9, 0xFE, 0xE3, 0xE1, 0xCE, 0x06,
    0x70, 0x3B, 0xFF, 0xCF, 0xFE, 0x00, 0x00, 0x70, 0x00, 0x70, 0x00, 0x70, 0x00, 0x70, 0x00, 0x70,
    0x00, 0x70, 0x00, 0x70, 0x00, 0x71, 0xF0, 0x77, 0xF8, 0x7F, 0xB8, 0x3E, 0x1C, 0x38, 0x18, 0x70,
    0x38, 0xFF, 0xFF, 0xFF, 0xFF, 0x00, 0x00, 0x0C, 0x00, 0x0C, 0x00, 0x0C, 0x00, 0x0C, 0x18, 0x0C,
    0x38, 0x0C, 0x10, 0x0C, 0x00, 0x0C, 0x7C, 0x0D, 0xFE, 0x0F, 0xC7, 0x0F, 0x87, 0x0F, 0x07, 0x0E,
    0x0E, 0xFF, 0xFE, 0xFF, 0xF8, 0x1F, 0xC0, 0x0C, 0x00, 0x01, 0x80, 0x00, 0x30, 0x00, 0x06, 0x18,
    0x00, 0xC7, 0x00, 0x18, 0x40, 0x03, 0x00, 0x00, 0x63, 0xE0, 0x0D, 0xFE, 0x01, 0xF8, 0xE0, 0x3E,
    0x1C, 0x07, 0x83, 0x80, 0xE0, 0xE1, 0xFF, 0xFF, 0xBF, 0xFF, 0xF8, 0xFE, 0x00, 0x70, 0x01, 0xC0,
    0x07, 0x00, 0x1C, 0x70, 0x71, 0xC1, 0xC2, 0x07, 0x00, 0x1C, 0x7C, 0x77, 0xF9, 0xFE, 0xE3, 0xE1,
    0xCE, 0x06, 0x70, 0x3B, 0xFF, 0xCF, 0xFE, 0x00, 0x00, 0x70, 0x00, 0x70, 0x00, 0x70, 0x00, 0x71,
    0xC0, 0x71, 0xC0, 0x70, 0x80, 0x70, 0x00, 0x71, 0xF0, 0x77, 0xF8, 0x7F, 0xB8, 0x3E, 0x1C, 0x38,
    0x18, 0x70, 0x38, 0xFF, 0xFF, 0xFF, 0xFF, 0x00, 0x00, 0x1E, 0x01, 0xF0, 0x1F, 0x80, 0xC0, 0x0E,
    0x00, 0x30, 0xC1, 0xFE, 0x07, 0xF0, 0x3C, 0x03, 0x80, 0x18, 0x01, 0xC0, 0x0C, 0x00, 0x60, 0x03,
    0x00, 0x1C, 0x00, 0x70, 0x03, 0xFF, 0x87, 0xFC, 0x06, 0x00, 0x0F, 0x01, 0xFC, 0x1F, 0xF0, 0xE3,
    0x83, 0x98, 0x0F, 0xC0, 0x3C, 0x03, 0xFE, 0x3B, 0xF3, 0x80, 0x38, 0x01, 0x80, 0x0C, 0x00, 0x70,
    0x03, 0x80, 0x8F, 0xFE, 0x3F, 0xE0, 0x30, 0x00, 0x00, 0x07, 0xC3, 0xF1, 0xC0, 0x70, 0x1C, 0x03,
    0x80, 0xFF, 0xFF, 0xFF, 0x80, 0x00, 0x0F, 0x03, 0xF8, 0x7F, 0xC7, 0x1C, 0x79, 0x81, 0xF8, 0x1F,
    0x0F, 0xFF, 0xFB, 0xF0, 0x00, 0x0C, 0x00, 0x60, 0x00, 0x00, 0x00, 0x01, 0xE0, 0x1F, 0x01, 0xF8,
    0x0C, 0x00, 0xE0, 0x03, 0x0C, 0x1F, 0xE0, 0x7F, 0x03, 0xC0, 0x38, 0x01, 0x80, 0x1C, 0x00, 0xC0,
    0x06, 0x00, 0x30, 0x01, 0xC0, 0x07, 0x00, 0x3F, 0xF8, 0x7F, 0xC0, 0x60, 0x06, 0x00, 0x30, 0x00,
    0x80, 0x00, 0x00, 0xF0, 0x1F, 0xC1, 0xFF, 0x0E, 0x38, 0x39, 0x80, 0xFC, 0x03, 0xC0, 0x3F, 0xE3,
    0xBF, 0x38, 0x03, 0x80, 0x18, 0x00, 0xC0, 0x07, 0x00, 0x38, 0x08, 0xFF, 0xE3, 0xFE, 0x03, 0x00,
    0x0E, 0x03, 0x80, 0x40, 0x00, 0x00, 0x07, 0xC3, 0xF1, 0xC0, 0x70, 0x1C, 0x03, 0x80, 0xFF, 0xFF,
    0xFF, 0x80, 0x00, 0x06, 0x00, 0xE0, 0x04, 0x00, 0x00, 0x0F, 0x03, 0xF8, 0x7F, 0xC7, 0x1C, 0x79,
    0x81, 0xF8, 0x1F, 0x0F, 0xFF, 0xFB, 0xF0, 0x00, 0x00, 0x01, 0x80, 0x00, 0x38, 0x00, 0x01, 0x00,
    0x00, 0x00, 0x00, 0x01, 0xC0, 0x00, 0x3E, 0x00, 0x07, 0xE0, 0x00, 0x67, 0x60, 0x0E, 0x7E, 0x00,
    0xE7, 0xE0, 0x07, 0xFE, 0x00, 0x3F, 0xE0, 0x00, 0x77, 0xFF, 0xFE, 0x3F, 0xFF, 0xE0, 0xFF, 0xF0,
    0x00, 0x00, 0x60, 0x00, 0x00, 0xE0, 0x00, 0x00, 0x40, 0x00, 0x00, 0x00, 0x00, 0x00, 0xF0, 0x00,
    0x01, 0xF8, 0x60, 0x03, 0xF8, 0xE0, 0x03, 0x9C, 0xE0, 0x03, 0x1C, 0xE0, 0x03, 0x98, 0xE0, 0x01,
    0xF8, 0x7F, 0xFF, 0xFF, 0x3F, 0xFF, 0xFF, 0x0F, 0xFC, 0x00, 0x1C, 0x0E, 0x02, 0x00, 0x00, 0xC1,
    0xF8, 0xFC, 0xE6, 0x73, 0xB9, 0xCF, 0xE3, 0xF0, 0x77, 0xF3, 0xF0, 0x00, 0x0C, 0x00, 0xC0, 0x04,
    0x00, 0x00, 0x0E, 0x03, 0xF0, 0x3B, 0x87, 0x38, 0x71, 0x83, 0x38, 0x3F, 0x0F, 0xFE, 0xFF, 0xF0,
    0x00, 0x00, 0x6C, 0x00, 0x6C, 0x00, 0x00, 0x00, 0x00, 0x00, 0x3C, 0x00, 0x7E, 0x00, 0x6E, 0x00,
    0xE6, 0x60, 0xC7, 0x60, 0xFF, 0xE0, 0xFF, 0xE0, 0x3E, 0xE0, 0x06, 0xE0, 0x0E, 0x78, 0x3C, 0x3F,
    0xF8, 0x1F, 0xE0, 0x00, 0x7C, 0x00, 0x1F, 0x80, 0x02, 0x40, 0x00, 0x00, 0x00, 0x3C, 0x00, 0x1F,
    0x80, 0x0E, 0xE0, 0x03, 0x18, 0x70, 0xC7, 0x18, 0x3F, 0xFE, 0x07, 0xFF, 0x80, 0x18, 0xE0, 0x0E,
    0x1C, 0x07, 0x87, 0xCF, 0xC0, 0xFF, 0xE0, 0x0F, 0xE0, 0x00, 0x36, 0x1F, 0x04, 0x00, 0x00, 0xC1,
    0xF8, 0xFC, 0xE6, 0x73, 0xB9, 0xCF, 0xE3, 0xF0, 0x77, 0xF3, 0xF0, 0x00, 0x1F, 0x03, 0xF0, 0x12,
    0x00, 0x00, 0x0E, 0x03, 0xF0, 0x3B, 0x87, 0x38, 0x71, 0x83, 0x38, 0x3F, 0x0F, 0xFE, 0xFF, 0xF0,
    0x00, 0x00, 0x01, 0x80, 0x00, 0x60, 0x00, 0x18, 0x00, 0x06, 0x00, 0x61, 0x80, 0x38, 0x60, 0x0C,
    0x18, 0x03, 0x86, 0x60, 0x61, 0xB8, 0x78, 0x6E, 0x18, 0x1B, 0x80, 0x06, 0xE0, 0x03, 0x9F, 0xFF,
    0xE3, 0xFF, 0xF0, 0x3F, 0xE0, 0x00, 0x01, 0x80, 0x00, 0x0C, 0x00, 0x00, 0x60, 0x00, 0x03, 0x00,
    0x06, 0x18, 0x00, 0x70, 0xC0, 0x03, 0x06, 0x00, 0x1C, 0x30, 0x60, 0x61, 0x87, 0x0F, 0x0C, 0x38,
    0x60, 0x61, 0xC0, 0x03, 0x8E, 0x00, 0x3C, 0x3F, 0xFF, 0xF8, 0xFF, 0xFD, 0xE1, 0xFF, 0x00, 0x01,
    0x83, 0xC7, 0xCF, 0x87, 0x07, 0x01, 0xC0, 0x70, 0x1C, 0x07, 0x01, 0x80, 0xE0, 0x77, 0xF3, 0xF0,
    0x00, 0x01, 0x80, 0x78, 0x1F, 0x07, 0xC0, 0x70, 0x0E, 0x00, 0x70, 0x03, 0x80, 0x1C, 0x00, 0xE0,
    0x06, 0x00, 0x70, 0x07, 0x8F, 0xFF, 0xFC, 0xF0, 0x00, 0x00, 0x18, 0x00, 0x60, 0x01, 0x80, 0x06,
    0x00, 0x18, 0x00, 0x60, 0x01, 0x80, 0x06, 0x00, 0x18, 0x00, 0x60, 0x01, 0x98, 0x07, 0x60, 0x1B,
    0x80, 0x6E, 0x01, 0xB8, 0x06, 0xE0, 0x39, 0xE3, 0xC3, 0xFE, 0x07, 0xF0, 0x00, 0x18, 0x00, 0x0C,
    0x00, 0x06, 0x00, 0x03, 0x00, 0x01, 0x80, 0x00, 0xC0, 0x00, 0x60, 0x00, 0x30, 0x00, 0x18, 0x00,
    0x0C, 0x00, 0x06, 0x0C, 0x03, 0x86, 0x01, 0xC7, 0x00, 0xFB, 0x80, 0x7F, 0xC0, 0x30, 0xE0, 0x38,
    0x3C, 0x78, 0x0F, 0xF8, 0x03, 0xF8, 0x00, 0x31, 0x8C, 0x63, 0x18, 0xC6, 0x31, 0x8E, 0x73, 0x7B,
    0x80, 0x30, 0x30, 0x30, 0x30, 0x30, 0x30, 0x30, 0x30, 0x30, 0x30, 0x38, 0x38, 0x38, 0xFE, 0xEF,
    0x00, 0x1F, 0x0F, 0xE7, 0x39, 0x86, 0x01, 0xCF, 0xF7, 0xFB, 0x86, 0xE0, 0x38, 0x0E, 0x03, 0x80,
    0xE0, 0x18, 0x06, 0x01, 0x80, 0x00, 0x00, 0x07, 0x00, 0x7C, 0x0F, 0xE0, 0x73, 0x87, 0x8C, 0x7E,
    0x73, 0xFF, 0xF9, 0xFF, 0xC3, 0x06, 0x00, 0x30, 0x01, 0xC0, 0x0E, 0x00, 0x30, 0x01, 0x80, 0x0E,
    0x00, 0x00, 0x00, 0x07, 0x03, 0xE1, 0xFC, 0xE7, 0x30, 0xDE, 0x3F, 0xFF, 0xBE, 0x00, 0x00, 0x07,
    0x00, 0x3E, 0x01, 0xF8, 0x0E, 0x70, 0x38, 0xC1, 0xE3, 0x8F, 0xFF, 0xBB, 0xFE, 0x03, 0x00, 0x03,
    0x00, 0x0C, 0x00, 0x00, 0x00, 0x00, 0x00, 0x10, 0x00, 0xE0, 0x03, 0x98, 0x06, 0x60, 0x1B, 0x80,
    0x7E, 0x01, 0xF8, 0x06, 0xE0, 0x39, 0xE3, 0xC3, 0xFF, 0x07, 0xF0, 0x03, 0x00, 0x01, 0x80, 0x00,
    0x00, 0x00, 0x00, 0x00, 0x00, 0x00, 0x01, 0xC0, 0x00, 0xE0, 0xC0, 0x30, 0x60, 0x1C, 0x70, 0x0F,
    0xB8, 0x07, 0xFC, 0x03, 0x0E, 0x03, 0x83, 0xC3, 0xC0, 0xFF, 0xC0, 0x3F, 0x80, 0x73, 0x88, 0x01,
    0x18, 0xC7, 0x38, 0xCF, 0xEF, 0x00, 0x30, 0x1C, 0x04, 0x00, 0x01, 0x80, 0xC0, 0xE0, 0x70, 0xFF,
    0x77, 0x80, 0x00, 0x18, 0x1C, 0x3E, 0x7E, 0x67, 0xE3, 0xE3, 0xE3, 0x7F, 0x7E, 0x03, 0x00, 0x70,
    0x1F, 0x03, 0xF0, 0x73, 0x0E, 0x30, 0xE3, 0x07, 0xF0, 0x7F, 0x80, 0xFE, 0x01, 0xE0, 0x00, 0x00,
    0x01, 0xC0, 0x1E, 0x03, 0xF0, 0x37, 0x87, 0x3C, 0x73, 0xE3, 0x76, 0x3E, 0x6F, 0xFE, 0xFF, 0xE0,
    0x18, 0x07, 0x01, 0xF0, 0x1F, 0x83, 0xB8, 0x33, 0x83, 0x38, 0x77, 0x0F, 0xFF, 0xFF, 0xF7, 0x1C,
    0x30, 0xC3, 0xFC, 0x1F, 0x80, 0xF0, 0x00, 0x0F, 0x0F, 0xCE, 0xE6, 0x33, 0x1D, 0xFE, 0x7E, 0x0F,
    0x03, 0x8F, 0x8F, 0x87, 0x00, 0x00, 0x03, 0xC0, 0xFC, 0x3B, 0x86, 0x30, 0xC7, 0x1F, 0xF9, 0xFF,
    0x07, 0x00, 0xE0, 0xF8, 0x3E, 0x07, 0x00, 0x00, 0x1E, 0x00, 0x7F, 0x00, 0x72, 0x00, 0xE0, 0x00,
    0xC0, 0x60, 0xE0, 0x60, 0xF8, 0xE0, 0x7E, 0xE0, 0x0E, 0xE0, 0x0E, 0xE0, 0x1E, 0x78, 0x7C, 0x3F,
    0xF8, 0x1F, 0xE0, 0x60, 0x00, 0x30, 0x1C, 0x38, 0x0F, 0xDC, 0x03, 0xFE, 0x00, 0x67, 0x00, 0x71,
    0xE0, 0xF0, 0x7F, 0xF0, 0x1F, 0xE0, 0x00, 0x00, 0x1E, 0x00, 0x7F, 0x00, 0x72, 0x00, 0xE0, 0x00,
    0xC0, 0x60, 0xE0, 0x60, 0xF8, 0xE0, 0x7E, 0xE0, 0x0E, 0xE0, 0x0E, 0xE0, 0x1E, 0x78, 0x7C, 0x3F,
    0xF8, 0x1F, 0xE0, 0x00, 0x00, 0x00, 0x00, 0x06, 0xC0, 0x06, 0xC0, 0x60, 0x00, 0x30, 0x1C, 0x38,
    0x0F, 0xDC, 0x03, 0xFE, 0x00, 0x67, 0x00, 0x71, 0xE0, 0xF0, 0x7F, 0xF0, 0x1F, 0xE0, 0x00, 0x00,
    0x00, 0x00, 0x01, 0xF8, 0x00, 0xFC, 0x00, 0x08, 0x71, 0xC3, 0x0C, 0x30, 0xDF, 0x78, 0x00, 0x1B,
    0x6C, 0x1C, 0x0C, 0x06, 0x07, 0x0F, 0xFF, 0xFC, 0x00, 0x00, 0x7E, 0x3E, 0x00, 0x72, 0x07, 0xF9,
    0x83, 0x8C, 0x00, 0x61, 0x83, 0x0F, 0x18, 0x3C, 0xC0, 0xFE, 0x01, 0xF0, 0x07, 0x00, 0x3C, 0x03,
    0xF0, 0x39, 0x83, 0x8C, 0x3F, 0xE1, 0xFE, 0x38, 0x00, 0x7F, 0x30, 0x06, 0x30, 0x00, 0x30, 0x18,
    0x30, 0x1C, 0x30, 0x1E, 0x30, 0x0F, 0x30, 0x07, 0x30, 0x03, 0xB0, 0x01, 0xF0, 0x00, 0xF0, 0x00,
    0x70, 0x00, 0xF8, 0x1F, 0xFF, 0x1F, 0x9F, 0x00, 0x00, 0x70, 0x07, 0x00, 0x60, 0x07, 0x86, 0x70,
    0x60, 0x06, 0x30, 0x63, 0xC6, 0x1E, 0x60, 0xFE, 0x03, 0xE0, 0x1C, 0x01, 0xE0, 0x3F, 0x07, 0x30,
    0xE3, 0x1F, 0xF1, 0xFE, 0x70, 0x03, 0x80, 0x0C, 0x00, 0x3E, 0x30, 0xF0, 0xC0, 0x03, 0x06, 0x0C,
    0x1C, 0x30, 0x78, 0xC0, 0xF3, 0x01, 0xCC, 0x03, 0xB0, 0x07, 0xC0, 0x0F, 0x00, 0x1C, 0x00, 0xF8,
    0x7F, 0xFD, 0xF9, 0xF0, 0x00, 0x00, 0x00, 0xC0, 0x18, 0x03, 0x30, 0x67, 0x8C, 0x79, 0x87, 0xF0,
    0x3E, 0x03, 0x80, 0x78, 0x1F, 0x87, 0x31, 0xC6, 0x7F, 0xCF, 0xF0, 0x00, 0x38, 0x0F, 0x01, 0x80,
    0x1E, 0x07, 0x80, 0x00, 0xC0, 0x03, 0x00, 0x0C, 0x18, 0x30, 0x70, 0xC1, 0xE3, 0x03, 0xCC, 0x07,
    0x30, 0x0E, 0xC0, 0x1F, 0x00, 0x3C, 0x00, 0x70, 0x03, 0xE1, 0xFF, 0xF7, 0xE7, 0xC0, 0x00, 0x1C,
    0x00, 0x70, 0x01, 0x80, 0x07, 0x80, 0x1C, 0x00, 0x00, 0xC0, 0x18, 0x03, 0x30, 0x67, 0x8C, 0x79,
    0x87, 0xF0, 0x3E, 0x03, 0x80, 0x78, 0x1F, 0x87, 0x31, 0xC6, 0x7F, 0xCF, 0xF0, 0x00, 0xC0, 0x03,
    0x00, 0x0C, 0x18, 0x30, 0x70, 0xC1, 0xE3, 0x03, 0xCC, 0x07, 0x30, 0x0E, 0xC0, 0x1F, 0x00, 0x3C,
    0x00, 0x70, 0x03, 0xE1, 0xFF, 0xF7, 0xE7, 0xC0, 0x00,
};

static const EpdGlyph inter_10_regularGlyphs[] = {
    { 0, 0, 0, 0, 0, 0, 0 }, // U+0000
    { 0, 0, 0, 0, 0, 0, 0 }, // U+0001
    { 0, 0, 0, 0, 0, 0, 0 }, // U+0002
    { 0, 0, 0, 0, 0, 0, 0 }, // U+0003
    { 0, 0, 0, 0, 0, 0, 0 }, // U+0004
    { 0, 0, 0, 0, 0, 0, 0 }, // U+0005
    { 0, 0, 0, 0, 0, 0, 0 }, // U+0006
    { 0, 0, 0, 0, 0, 0, 0 }, // U+0007
    { 0, 0, 0, 0, 0, 0, 0 }, // U+0008
    { 0, 0, 0, 0, 0, 0, 0 }, // U+0009
    { 0, 0, 0, 0, 0, 0, 0 }, // U+000A
    { 0, 0, 0, 0, 0, 0, 0 }, // U+000B
    { 0, 0, 0, 0, 0, 0, 0 }, // U+000C
    { 0, 0, 0, 0, 0, 0, 0 }, // U+000D
    { 0, 0, 0, 0, 0, 0, 0 }, // U+000E
    { 0, 0, 0, 0, 0, 0, 0 }, // U+000F
    { 0, 0, 0, 0, 0, 0, 0 }, // U+0010
    { 0, 0, 0, 0, 0, 0, 0 }, // U+0011
    { 0, 0, 0, 0, 0, 0, 0 }, // U+0012
    { 0, 0, 0, 0, 0, 0, 0 }, // U+0013
    { 0, 0, 0, 0, 0, 0, 0 }, // U+0014
    { 0, 0, 0, 0, 0, 0, 0 }, // U+0015
    { 0, 0, 0, 0, 0, 0, 0 }, // U+0016
    { 0, 0, 0, 0, 0, 0, 0 }, // U+0017
    { 0, 0, 0, 0, 0, 0, 0 }, // U+0018
    { 0, 0, 0, 0, 0, 0, 0 }, // U+0019
    { 0, 0, 0, 0, 0, 0, 0 }, // U+001A
    { 0, 0, 0, 0, 0, 0, 0 }, // U+001B
    { 0, 0, 0, 0, 0, 0, 0 }, // U+001C
    { 0, 0, 0, 0, 0, 0, 0 }, // U+001D
    { 0, 0, 0, 0, 0, 0, 0 }, // U+001E
    { 0, 0, 0, 0, 0, 0, 0 }, // U+001F
    { 0, 0, 91, 0, 0, 0, 0 }, // U+0020
    { 4, 17, 91, 1, 16, 9, 0 }, // !
    { 6, 7, 151, 2, 16, 6, 9 }, // "
    { 13, 16, 209, 0, 16, 26, 15 }, // #
    { 12, 21, 212, 1, 18, 32, 41 }, // $
    { 16, 17, 317, 2, 16, 34, 73 }, // %
    { 13, 17, 212, 0, 16, 28, 107 }, // &
    { 2, 7, 96, 2, 16, 2, 135 }, // '
    { 5, 20, 117, 2, 17, 13, 137 }, // (
    { 6, 20, 117, 0, 17, 15, 150 }, // )
    { 9, 10, 165, 1, 16, 12, 165 }, // *
    { 11, 10, 218, 1, 11, 14, 177 }, // +
    { 4, 7, 91, 1, 3, 4, 191 }, // ,
    { 8, 3, 151, 1, 8, 3, 195 }, // -
    { 4, 4, 91, 1, 3, 2, 198 }, // .
    { 7, 19, 117, 0, 16, 17, 200 }, // /
    { 11, 17, 209, 1, 16, 24, 217 }, // 0
    { 7, 16, 132, 0, 16, 14, 241 }, // 1
    { 11, 16, 200, 1, 16, 22, 255 }, // 2
    { 11, 17, 204, 1, 16, 24, 277 }, // 3
    { 12, 16, 213, 1, 16, 24, 301 }, // 4
    { 11, 17, 196, 1, 16, 24, 325 }, // 5
    { 11, 17, 204, 1, 16, 24, 349 }, // 6
    { 11, 16, 185, 0, 16, 22, 373 }, // 7
    { 11, 17, 203, 1, 16, 24, 395 }, // 8
    { 11, 17, 204, 1, 16, 24, 419 }, // 9
    { 4, 12, 91, 1, 11, 6, 443 }, // :
    { 4, 15, 95, 1, 11, 8, 449 }, // ;
    { 11, 12, 218, 1, 12, 17, 457 }, // <
    { 10, 7, 218, 2, 9, 9, 474 }, // =
    { 10, 12, 218, 2, 12, 15, 483 }, // >
    { 10, 17, 171, 0, 16, 22, 498 }, // ?
    { 18, 20, 323, 1, 15, 45, 520 }, // @
    { 14, 16, 227, 0, 16, 28, 565 }, // A
    { 12, 16, 217, 1, 16, 24, 593 }, // B
    { 14, 17, 243, 1, 16, 30, 617 }, // C
    { 13, 16, 238, 1, 16, 26, 647 }, // D
    { 11, 16, 199, 1, 16, 22, 673 }, // E
    { 10, 16, 194, 1, 16, 20, 695 }, // F
    { 14, 17, 247, 1, 16, 30, 715 }, // G
    { 13, 16, 245, 1, 16, 26, 745 }, // H
    { 3, 16, 87, 1, 16, 6, 771 }, // I
    { 10, 17, 188, 0, 16, 22, 777 }, // J
    { 13, 16, 221, 1, 16, 26, 799 }, // K
    { 10, 16, 186, 1, 16, 20, 825 }, // L
    { 16, 16, 298, 1, 16, 32, 845 }, // M
    { 13, 16, 248, 1, 16, 26, 877 }, // N
    { 14, 17, 254, 1, 16, 30, 903 }, // O
    { 12, 16, 211, 1, 16, 24, 933 }, // P
    { 14, 18, 254, 1, 16, 32, 957 }, // Q
    { 12, 16, 214, 1, 16, 24, 989 }, // R
    { 12, 17, 212, 1, 16, 26, 1013 }, // S
    { 13, 16, 213, 0, 16, 26, 1039 }, // T
    { 13, 17, 245, 1, 16, 28, 1065 }, // U
    { 14, 16, 227, 0, 16, 28, 1093 }, // V
    { 20, 16, 326, 0, 16, 40, 1121 }, // W
    { 14, 16, 225, 0, 16, 28, 1161 }, // X
    { 14, 16, 224, 0, 16, 28, 1189 }, // Y
    { 11, 16, 208, 1, 16, 22, 1217 }, // Z
    { 5, 20, 117, 2, 17, 13, 1239 }, // [
    { 7, 19, 117, 0, 16, 17, 1252 }, // <backslash>
    { 5, 20, 117, 1, 17, 13, 1269 }, // ]
    { 9, 7, 155, 0, 15, 8, 1282 }, // ^
    { 10, 2, 152, 0, 0, 3, 1290 }, // _
    { 4, 4, 102, 1, 16, 2, 1293 }, // `
    { 10, 13, 184, 0, 12, 17, 1295 }, // a
    { 11, 17, 201, 1, 16, 24, 1312 }, // b
    { 11, 13, 187, 0, 12, 18, 1336 }, // c
    { 11, 17, 201, 0, 16, 24, 1354 }, // d
    { 11, 13, 191, 0, 12, 18, 1378 }, // e
    { 8, 16, 119, 0, 16, 16, 1396 }, // f
    { 12, 17, 201, 0, 12, 26, 1412 }, // g
    { 10, 16, 194, 1, 16, 20, 1438 }, // h
    { 3, 16, 78, 1, 16, 6, 1458 }, // i
    { 5, 21, 78, -1, 16, 14, 1464 }, // j
    { 11, 16, 180, 1, 16, 22, 1478 }, // k
    { 3, 16, 78, 1, 16, 6, 1500 }, // l
    { 16, 12, 289, 1, 12, 24, 1506 }, // m
    { 10, 12, 194, 1, 12, 15, 1530 }, // n
    { 12, 13, 196, 0, 12, 20, 1545 }, // o
    { 11, 17, 201, 1, 12, 24, 1565 }, // p
    { 11, 17, 201, 0, 12, 24, 1589 }, // q
    { 7, 12, 121, 1, 12, 11, 1613 }, // r
    { 9, 13, 172, 1, 12, 15, 1624 }, // s
    { 7, 15, 108, 0, 14, 14, 1639 }, // t
    { 10, 13, 194, 1, 12, 17, 1653 }, // u
    { 11, 12, 184, 0, 12, 17, 1670 }, // v
    { 17, 12, 268, 0, 12, 26, 1687 }, // w
    { 11, 12, 179, 0, 12, 17, 1713 }, // x
    { 11, 17, 184, 0, 12, 24, 1730 }, // y
    { 9, 12, 179, 1, 12, 14, 1754 }, // z
    { 7, 20, 139, 1, 17, 18, 1768 }, // {
    { 3, 26, 108, 2, 21, 10, 1786 }, // |
    { 7, 20, 139, 1, 17, 18, 1796 }, // }
    { 12, 4, 218, 1, 8, 6, 1814 }, // ~
    { 0, 0, 0, 0, 0, 0, 1820 }, // U+007F
    { 0, 0, 0, 0, 0, 0, 1820 }, // U+0080
    { 0, 0, 0, 0, 0, 0, 1820 }, // U+0081
    { 0, 0, 0, 0, 0, 0, 1820 }, // U+0082
    { 0, 0, 0, 0, 0, 0, 1820 }, // U+0083
    { 0, 0, 0, 0, 0, 0, 1820 }, // U+0084
    { 0, 0, 0, 0, 0, 0, 1820 }, // U+0085
    { 0, 0, 0, 0, 0, 0, 1820 }, // U+0086
    { 0, 0, 0, 0, 0, 0, 1820 }, // U+0087
    { 0, 0, 0, 0, 0, 0, 1820 }, // U+0088
    { 0, 0, 0, 0, 0, 0, 1820 }, // U+0089
    { 0, 0, 0, 0, 0, 0, 1820 }, // U+008A
    { 0, 0, 0, 0, 0, 0, 1820 }, // U+008B
    { 0, 0, 0, 0, 0, 0, 1820 }, // U+008C
    { 0, 0, 0, 0, 0, 0, 1820 }, // U+008D
    { 0, 0, 0, 0, 0, 0, 1820 }, // U+008E
    { 0, 0, 0, 0, 0, 0, 1820 }, // U+008F
    { 0, 0, 0, 0, 0, 0, 1820 }, // U+0090
    { 0, 0, 0, 0, 0, 0, 1820 }, // U+0091
    { 0, 0, 0, 0, 0, 0, 1820 }, // U+0092
    { 0, 0, 0, 0, 0, 0, 1820 }, // U+0093
    { 0, 0, 0, 0, 0, 0, 1820 }, // U+0094
    { 0, 0, 0, 0, 0, 0, 1820 }, // U+0095
    { 0, 0, 0, 0, 0, 0, 1820 }, // U+0096
    { 0, 0, 0, 0, 0, 0, 1820 }, // U+0097
    { 0, 0, 0, 0, 0, 0, 1820 }, // U+0098
    { 0, 0, 0, 0, 0, 0, 1820 }, // U+0099
    { 0, 0, 0, 0, 0, 0, 1820 }, // U+009A
    { 0, 0, 0, 0, 0, 0, 1820 }, // U+009B
    { 0, 0, 0, 0, 0, 0, 1820 }, // U+009C
    { 0, 0, 0, 0, 0, 0, 1820 }, // U+009D
    { 0, 0, 0, 0, 0, 0, 1820 }, // U+009E
    { 0, 0, 0, 0, 0, 0, 1820 }, // U+009F
    { 0, 0, 91, 0, 0, 0, 1820 }, // U+00A0
    { 4, 16, 91, 1, 12, 8, 1820 }, // U+00A1
    { 11, 16, 187, 0, 16, 22, 1828 }, // U+00A2
    { 11, 16, 201, 1, 16, 22, 1850 }, // U+00A3
    { 13, 14, 239, 1, 13, 23, 1872 }, // U+00A4
    { 12, 16, 181, 0, 16, 24, 1895 }, // U+00A5
    { 3, 19, 87, 1, 16, 8, 1919 }, // U+00A6
    { 10, 20, 187, 1, 16, 25, 1927 }, // U+00A7
    { 8, 3, 194, 2, 16, 3, 1952 }, // U+00A8
    { 17, 17, 302, 1, 16, 37, 1955 }, // U+00A9
    { 9, 10, 149, 0, 16, 12, 1992 }, // U+00AA
    { 12, 10, 190, 0, 11, 15, 2004 }, // U+00AB
    { 9, 5, 218, 2, 8, 6, 2019 }, // U+00AC
    { 0, 0, 0, 0, 0, 0, 2025 }, // U+00AD
    { 13, 13, 219, 0, 16, 22, 2025 }, // U+00AE
    { 6, 2, 154, 2, 15, 2, 2047 }, // U+00AF
    { 8, 8, 149, 1, 16, 8, 2049 }, // U+00B0
    { 10, 12, 218, 2, 12, 15, 2057 }, // U+00B1
    { 7, 9, 143, 1, 18, 8, 2072 }, // U+00B2
    { 8, 10, 145, 1, 18, 10, 2080 }, // U+00B3
    { 4, 4, 102, 1, 16, 2, 2090 }, // U+00B4
    { 11, 17, 193, 1, 12, 24, 2092 }, // U+00B5
    { 10, 16, 198, 1, 16, 20, 2116 }, // U+00B6
    { 4, 4, 91, 1, 9, 2, 2136 }, // U+00B7
    { 5, 6, 87, 1, 1, 4, 2138 }, // U+00B8
    { 5, 9, 98, 0, 18, 6, 2142 }, // U+00B9
    { 10, 10, 158, 0, 16, 13, 2148 }, // U+00BA
    { 11, 10, 190, 0, 11, 14, 2161 }, // U+00BB
    { 16, 16, 261, 0, 16, 32, 2175 }, // U+00BC
    { 17, 16, 275, 0, 16, 34, 2207 }, // U+00BD
    { 18, 16, 288, 0, 16, 36, 2241 }, // U+00BE
    { 9, 17, 171, 1, 12, 20, 2277 }, // U+00BF
    { 14, 20, 227, 0, 20, 35, 2297 }, // U+00C0
    { 14, 20, 227, 0, 20, 35, 2332 }, // U+00C1
    { 14, 20, 227, 0, 20, 35, 2367 }, // U+00C2
    { 14, 20, 227, 0, 20, 35, 2402 }, // U+00C3
    { 14, 20, 227, 0, 20, 35, 2437 }, // U+00C4
    { 14, 21, 227, 0, 21, 37, 2472 }, // U+00C5
    { 20, 16, 329, 0, 16, 40, 2509 }, // U+00C6
    { 14, 21, 243, 1, 16, 37, 2549 }, // U+00C7
    { 11, 20, 199, 1, 20, 28, 2586 }, // U+00C8
    { 11, 20, 199, 1, 20, 28, 2614 }, // U+00C9
    { 11, 20, 199, 1, 20, 28, 2642 }, // U+00CA
    { 11, 20, 199, 1, 20, 28, 2670 }, // U+00CB
    { 4, 20, 87, 0, 20, 10, 2698 }, // U+00CC
    { 5, 20, 87, 1, 20, 13, 2708 }, // U+00CD
    { 7, 20, 87, -1, 20, 18, 2721 }, // U+00CE
    { 8, 20, 87, -1, 20, 20, 2739 }, // U+00CF
    { 15, 16, 244, 0, 16, 30, 2759 }, // U+00D0
    { 13, 20, 248, 1, 20, 33, 2789 }, // U+00D1
    { 14, 21, 254, 1, 20, 37, 2822 }, // U+00D2
    { 14, 21, 254, 1, 20, 37, 2859 }, // U+00D3
    { 14, 21, 254, 1, 20, 37, 2896 }, // U+00D4
    { 14, 21, 254, 1, 20, 37, 2933 }, // U+00D5
    { 14, 21, 254, 1, 20, 37, 2970 }, // U+00D6
    { 10, 10, 218, 2, 11, 13, 3007 }, // U+00D7
    { 14, 17, 254, 1, 16, 30, 3020 }, // U+00D8
    { 13, 21, 245, 1, 20, 35, 3050 }, // U+00D9
    { 13, 21, 245, 1, 20, 35, 3085 }, // U+00DA
    { 13, 21, 245, 1, 20, 35, 3120 }, // U+00DB
    { 13, 21, 245, 1, 20, 35, 3155 }, // U+00DC
    { 14, 20, 224, 0, 20, 35, 3190 }, // U+00DD
    { 11, 16, 209, 1, 16, 22, 3225 }, // U+00DE
    { 11, 16, 202, 1, 16, 22, 3247 }, // U+00DF
    { 10, 17, 184, 0, 16, 22, 3269 }, // U+00E0
    { 10, 17, 184, 0, 16, 22, 3291 }, // U+00E1
    { 10, 17, 184, 0, 16, 22, 3313 }, // U+00E2
    { 10, 17, 184, 0, 16, 22, 3335 }, // U+00E3
    { 10, 17, 184, 0, 16, 22, 3357 }, // U+00E4
    { 10, 19, 184, 0, 18, 24, 3379 }, // U+00E5
    { 18, 13, 302, 0, 12, 30, 3403 }, // U+00E6
    { 11, 17, 187, 0, 12, 24, 3433 }, // U+00E7
    { 11, 17, 191, 0, 16, 24, 3457 }, // U+00E8
    { 11, 17, 191, 0, 16, 24, 3481 }, // U+00E9
    { 11, 17, 191, 0, 16, 24, 3505 }, // U+00EA
    { 11, 17, 191, 0, 16, 24, 3529 }, // U+00EB
    { 5, 16, 78, -1, 16, 10, 3553 }, // U+00EC
    { 5, 16, 78, 1, 16, 10, 3563 }, // U+00ED
    { 7, 16, 78, -1, 16, 14, 3573 }, // U+00EE
    { 7, 16, 78, -1, 16, 14, 3587 }, // U+00EF
    { 11, 18, 192, 0, 17, 25, 3601 }, // U+00F0
    { 10, 16, 194, 1, 16, 20, 3626 }, // U+00F1
    { 12, 17, 196, 0, 16, 26, 3646 }, // U+00F2
    { 12, 17, 196, 0, 16, 26, 3672 }, // U+00F3
    { 12, 17, 196, 0, 16, 26, 3698 }, // U+00F4
    { 12, 17, 196, 0, 16, 26, 3724 }, // U+00F5
    { 12, 17, 196, 0, 16, 26, 3750 }, // U+00F6
    { 10, 12, 218, 2, 12, 15, 3776 }, // U+00F7
    { 12, 13, 196, 0, 12, 20, 3791 }, // U+00F8
    { 10, 17, 194, 1, 16, 22, 3811 }, // U+00F9
    { 10, 17, 194, 1, 16, 22, 3833 }, // U+00FA
    { 10, 17, 194, 1, 16, 22, 3855 }, // U+00FB
    { 10, 17, 194, 1, 16, 22, 3877 }, // U+00FC
    { 11, 21, 184, 0, 16, 29, 3899 }, // U+00FD
    { 11, 21, 201, 1, 16, 29, 3928 }, // U+00FE
    { 11, 21, 184, 0, 16, 29, 3957 }, // U+00FF
    { 14, 19, 227, 0, 19, 34, 3986 }, // U+0100
    { 10, 16, 184, 0, 15, 20, 4020 }, // U+0101
    { 14, 20, 227, 0, 20, 35, 4040 }, // U+0102
    { 10, 17, 184, 0, 16, 22, 4075 }, // U+0103
    { 15, 21, 227, 0, 16, 40, 4097 }, // U+0104
    { 11, 17, 184, 0, 12, 24, 4137 }, // U+0105
    { 14, 21, 243, 1, 20, 37, 4161 }, // U+0106
    { 11, 17, 187, 0, 16, 24, 4198 }, // U+0107
    { 14, 21, 243, 1, 20, 37, 4222 }, // U+0108
    { 11, 17, 187, 0, 16, 24, 4259 }, // U+0109
    { 14, 21, 243, 1, 20, 37, 4283 }, // U+010A
    { 11, 17, 187, 0, 16, 24, 4320 }, // U+010B
    { 14, 21, 243, 1, 20, 37, 4344 }, // U+010C
    { 11, 17, 187, 0, 16, 24, 4381 }, // U+010D
    { 13, 20, 238, 1, 20, 33, 4405 }, // U+010E
    { 15, 17, 233, 0, 16, 32, 4438 }, // U+010F
    { 15, 16, 244, 0, 16, 30, 4470 }, // U+0110
    { 13, 17, 201, 0, 16, 28, 4500 }, // U+0111
    { 11, 19, 199, 1, 19, 27, 4528 }, // U+0112
    { 11, 16, 191, 0, 15, 22, 4555 }, // U+0113
    { 11, 20, 199, 1, 20, 28, 4577 }, // U+0114
    { 11, 17, 191, 0, 16, 24, 4605 }, // U+0115
    { 11, 20, 199, 1, 20, 28, 4629 }, // U+0116
    { 11, 17, 191, 0, 16, 24, 4657 }, // U+0117
    { 11, 21, 199, 1, 16, 29, 4681 }, // U+0118
    { 11, 17, 191, 0, 12, 24, 4710 }, // U+0119
    { 11, 20, 199, 1, 20, 28, 4734 }, // U+011A
    { 11, 17, 191, 0, 16, 24, 4762 }, // U+011B
    { 14, 21, 247, 1, 20, 37, 4786 }, // U+011C
    { 12, 21, 201, 0, 16, 32, 4823 }, // U+011D
    { 14, 21, 247, 1, 20, 37, 4855 }, // U+011E
    { 12, 21, 201, 0, 16, 32, 4892 }, // U+011F
    { 14, 21, 247, 1, 20, 37, 4924 }, // U+0120
    { 12, 21, 201, 0, 16, 32, 4961 }, // U+0121
    { 14, 22, 247, 1, 16, 39, 4993 }, // U+0122
    { 12, 22, 201, 0, 17, 33, 5032 }, // U+0123
    { 13, 20, 245, 1, 20, 33, 5065 }, // U+0124
    { 12, 20, 194, -1, 20, 30, 5098 }, // U+0125
    { 16, 16, 255, 0, 16, 32, 5128 }, // U+0126
    { 11, 16, 194, 0, 16, 22, 5160 }, // U+0127
    { 7, 20, 87, -1, 20, 18, 5182 }, // U+0128
    { 7, 16, 78, -1, 16, 14, 5200 }, // U+0129
    { 7, 19, 87, -1, 19, 17, 5214 }, // U+012A
    { 7, 15, 78, -1, 15, 14, 5231 }, // U+012B
    { 7, 20, 87, -1, 20, 18, 5245 }, // U+012C
    { 7, 16, 78, -1, 16, 14, 5263 }, // U+012D
    { 5, 21, 87, 0, 16, 14, 5277 }, // U+012E
    { 5, 21, 78, -1, 16, 14, 5291 }, // U+012F
    { 3, 20, 87, 1, 20, 8, 5305 }, // U+0130
    { 3, 12, 78, 1, 12, 5, 5313 }, // U+0131
    { 15, 17, 274, 1, 16, 32, 5318 }, // U+0132
    { 8, 21, 156, 1, 16, 21, 5350 }, // U+0133
    { 13, 21, 188, 0, 20, 35, 5371 }, // U+0134
    { 7, 21, 78, -1, 16, 19, 5406 }, // U+0135
    { 13, 22, 221, 1, 16, 36, 5425 }, // U+0136
    { 11, 22, 180, 1, 16, 31, 5461 }, // U+0137
    { 10, 12, 172, 1, 12, 15, 5492 }, // U+0138
    { 10, 20, 186, 1, 20, 25, 5507 }, // U+0139
    { 5, 20, 78, 1, 20, 13, 5532 }, // U+013A
    { 10, 22, 186, 1, 16, 28, 5545 }, // U+013B
    { 4, 22, 78, 0, 16, 11, 5573 }, // U+013C
    { 10, 16, 186, 1, 16, 20, 5584 }, // U+013D
    { 6, 16, 111, 1, 16, 12, 5604 }, // U+013E
    { 10, 16, 185, 1, 16, 20, 5616 }, // U+013F
    { 7, 16, 117, 1, 16, 14, 5636 }, // U+0140
    { 12, 16, 196, 0, 16, 24, 5650 }, // U+0141
    { 7, 16, 78, -1, 16, 14, 5674 }, // U+0142
    { 13, 20, 248, 1, 20, 33, 5688 }, // U+0143
    { 10, 16, 194, 1, 16, 20, 5721 }, // U+0144
    { 13, 22, 248, 1, 16, 36, 5741 }, // U+0145
    { 10, 18, 194, 1, 12, 23, 5777 }, // U+0146
    { 13, 20, 248, 1, 20, 33, 5800 }, // U+0147
    { 10, 16, 194, 1, 16, 20, 5833 }, // U+0148
    { 13, 21, 248, 1, 16, 35, 5853 }, // U+014A
    { 10, 17, 194, 1, 12, 22, 5888 }, // U+014B
    { 14, 20, 254, 1, 19, 35, 5910 }, // U+014C
    { 12, 16, 196, 0, 15, 24, 5945 }, // U+014D
    { 14, 21, 254, 1, 20, 37, 5969 }, // U+014E
    { 12, 17, 196, 0, 16, 26, 6006 }, // U+014F
    { 14, 21, 254, 1, 20, 37, 6032 }, // U+0150
    { 12, 17, 196, 0, 16, 26, 6069 }, // U+0151
    { 19, 16, 334, 1, 16, 38, 6095 }, // U+0152
    { 20, 13, 328, 0, 12, 33, 6133 }, // U+0153
    { 12, 20, 214, 1, 20, 30, 6166 }, // U+0154
    { 7, 16, 121, 1, 16, 14, 6196 }, // U+0155
    { 12, 22, 214, 1, 16, 33, 6210 }, // U+0156
    { 8, 18, 121, 0, 12, 18, 6243 }, // U+0157
    { 12, 20, 214, 1, 20, 30, 6261 }, // U+0158
    { 8, 16, 121, 0, 16, 16, 6291 }, // U+0159
    { 12, 21, 212, 1, 20, 32, 6307 }, // U+015A
    { 9, 17, 172, 1, 16, 20, 6339 }, // U+015B
    { 12, 21, 212, 1, 20, 32, 6359 }, // U+015C
    { 9, 17, 172, 1, 16, 20, 6391 }, // U+015D
    { 12, 21, 212, 1, 16, 32, 6411 }, // U+015E
    { 9, 17, 172, 1, 12, 20, 6443 }, // U+015F
    { 12, 21, 212, 1, 20, 32, 6463 }, // U+0160
    { 9, 17, 172, 1, 16, 20, 6495 }, // U+0161
    { 13, 21, 213, 0, 16, 35, 6515 }, // U+0162
    { 7, 19, 108, 0, 14, 17, 6550 }, // U+0163
    { 13, 20, 213, 0, 20, 33, 6567 }, // U+0164
    { 7, 18, 124, 0, 17, 16, 6600 }, // U+0165
    { 13, 16, 213, 0, 16, 26, 6616 }, // U+0166
    { 7, 15, 108, 0, 14, 14, 6642 }, // U+0167
    { 13, 21, 245, 1, 20, 35, 6656 }, // U+0168
    { 10, 17, 194, 1, 16, 22, 6691 }, // U+0169
    { 13, 20, 245, 1, 19, 33, 6713 }, // U+016A
    { 10, 16, 194, 1, 15, 20, 6746 }, // U+016B
    { 13, 21, 245, 1, 20, 35, 6766 }, // U+016C
    { 10, 17, 194, 1, 16, 22, 6801 }, // U+016D
    { 13, 22, 245, 1, 21, 36, 6823 }, // U+016E
    { 10, 19, 194, 1, 18, 24, 6859 }, // U+016F
    { 13, 21, 245, 1, 20, 35, 6883 }, // U+0170
    { 10, 17, 194, 1, 16, 22, 6918 }, // U+0171
    { 13, 21, 245, 1, 16, 35, 6940 }, // U+0172
    { 11, 17, 194, 1, 12, 24, 6975 }, // U+0173
    { 20, 20, 326, 0, 20, 50, 6999 }, // U+0174
    { 17, 16, 268, 0, 16, 34, 7049 }, // U+0175
    { 14, 20, 224, 0, 20, 35, 7083 }, // U+0176
    { 11, 21, 184, 0, 16, 29, 7118 }, // U+0177
    { 14, 20, 224, 0, 20, 35, 7147 }, // U+0178
    { 11, 20, 208, 1, 20, 28, 7182 }, // U+0179
    { 9, 16, 179, 1, 16, 18, 7210 }, // U+017A
    { 11, 20, 208, 1, 20, 28, 7228 }, // U+017B
    { 9, 16, 179, 1, 16, 18, 7256 }, // U+017C
    { 11, 20, 208, 1, 20, 28, 7274 }, // U+017D
    { 9, 16, 179, 1, 16, 18, 7302 }, // U+017E
    { 6, 16, 100, 1, 16, 12, 7320 }, // U+017F
    { 14, 19, 253, 1, 18, 34, 7332 }, // U+01A0
    { 12, 15, 195, 0, 14, 23, 7366 }, // U+01A1
    { 15, 19, 244, 1, 18, 36, 7389 }, // U+01AF
    { 12, 15, 205, 1, 14, 23, 7425 }, // U+01B0
    { 24, 16, 417, 1, 16, 48, 7448 }, // U+01C5
    { 23, 17, 379, 0, 16, 49, 7496 }, // U+01C6
    { 21, 17, 374, 1, 16, 45, 7545 }, // U+01C7
    { 15, 21, 264, 1, 16, 40, 7590 }, // U+01C8
    { 8, 21, 156, 1, 16, 21, 7630 }, // U+01C9
    { 25, 17, 435, 1, 16, 54, 7651 }, // U+01CA
    { 19, 21, 326, 1, 16, 50, 7705 }, // U+01CB
    { 15, 21, 272, 1, 16, 40, 7755 }, // U+01CC
    { 14, 20, 227, 0, 20, 35, 7795 }, // U+01CD
    { 10, 17, 184, 0, 16, 22, 7830 }, // U+01CE
    { 7, 20, 87, -1, 20, 18, 7852 }, // U+01CF
    { 7, 16, 78, -1, 16, 14, 7870 }, // U+01D0
    { 14, 21, 254, 1, 20, 37, 7884 }, // U+01D1
    { 12, 17, 196, 0, 16, 26, 7921 }, // U+01D2
    { 13, 21, 245, 1, 20, 35, 7947 }, // U+01D3
    { 10, 17, 194, 1, 16, 22, 7982 }, // U+01D4
    { 13, 23, 245, 1, 22, 38, 8004 }, // U+01D5
    { 10, 19, 194, 1, 18, 24, 8042 }, // U+01D6
    { 13, 24, 245, 1, 23, 39, 8066 }, // U+01D7
    { 10, 20, 194, 1, 19, 25, 8105 }, // U+01D8
    { 13, 24, 245, 1, 23, 39, 8130 }, // U+01D9
    { 10, 20, 194, 1, 19, 25, 8169 }, // U+01DA
    { 13, 24, 245, 1, 23, 39, 8194 }, // U+01DB
    { 10, 20, 194, 1, 19, 25, 8233 }, // U+01DC
    { 11, 13, 191, 0, 12, 18, 8258 }, // U+01DD
    { 14, 22, 227, 0, 22, 39, 8276 }, // U+01DE
    { 10, 19, 184, 0, 18, 24, 8315 }, // U+01DF
    { 14, 22, 227, 0, 22, 39, 8339 }, // U+01E0
    { 10, 19, 184, 0, 18, 24, 8378 }, // U+01E1
    { 20, 19, 329, 0, 19, 48, 8402 }, // U+01E2
    { 18, 16, 302, 0, 15, 36, 8450 }, // U+01E3
    { 14, 17, 247, 1, 16, 30, 8486 }, // U+01E4
    { 14, 17, 221, 0, 12, 30, 8516 }, // U+01E5
    { 14, 21, 247, 1, 20, 37, 8546 }, // U+01E6
    { 12, 21, 201, 0, 16, 32, 8583 }, // U+01E7
    { 13, 20, 221, 1, 20, 33, 8615 }, // U+01E8
    { 13, 20, 180, -1, 20, 33, 8648 }, // U+01E9
    { 14, 21, 254, 1, 16, 37, 8681 }, // U+01EA
    { 12, 17, 196, 0, 12, 26, 8718 }, // U+01EB
    { 14, 24, 254, 1, 19, 42, 8744 }, // U+01EC
    { 12, 20, 196, 0, 15, 30, 8786 }, // U+01ED
    { 13, 25, 225, 0, 20, 41, 8816 }, // U+01EE
    { 11, 21, 205, 1, 16, 29, 8857 }, // U+01EF
    { 7, 21, 78, -1, 16, 19, 8886 }, // U+01F0
    { 26, 16, 447, 1, 16, 52, 8905 }, // U+01F1
    { 24, 16, 417, 1, 16, 48, 8957 }, // U+01F2
    { 23, 17, 379, 0, 16, 49, 9005 }, // U+01F3
    { 14, 21, 247, 1, 20, 37, 9054 }, // U+01F4
    { 12, 21, 201, 0, 16, 32, 9091 }, // U+01F5
    { 21, 17, 367, 1, 16, 45, 9123 }, // U+01F6
    { 11, 21, 209, 1, 16, 29, 9168 }, // U+01F7
    { 13, 20, 248, 1, 20, 33, 9197 }, // U+01F8
    { 10, 16, 194, 1, 16, 20, 9230 }, // U+01F9
    { 14, 24, 227, 0, 24, 42, 9250 }, // U+01FA
    { 10, 21, 184, 0, 20, 27, 9292 }, // U+01FB
    { 20, 20, 329, 0, 20, 50, 9319 }, // U+01FC
    { 18, 17, 302, 0, 16, 39, 9369 }, // U+01FD
    { 14, 21, 254, 1, 20, 37, 9408 }, // U+01FE
    { 12, 17, 196, 0, 16, 26, 9445 }, // U+01FF
    { 14, 20, 227, 0, 20, 35, 9471 }, // U+0200
    { 10, 17, 184, 0, 16, 22, 9506 }, // U+0201
    { 14, 20, 227, 0, 20, 35, 9528 }, // U+0202
    { 10, 17, 184, 0, 16, 22, 9563 }, // U+0203
    { 11, 20, 199, 1, 20, 28, 9585 }, // U+0204
    { 11, 17, 191, 0, 16, 24, 9613 }, // U+0205
    { 11, 20, 199, 1, 20, 28, 9637 }, // U+0206
    { 11, 17, 191, 0, 16, 24, 9665 }, // U+0207
    { 8, 20, 87, -2, 20, 20, 9689 }, // U+0208
    { 8, 16, 78, -3, 16, 16, 9709 }, // U+0209
    { 7, 20, 87, -1, 20, 18, 9725 }, // U+020A
    { 7, 16, 78, -1, 16, 14, 9743 }, // U+020B
    { 14, 21, 254, 1, 20, 37, 9757 }, // U+020C
    { 12, 17, 196, 0, 16, 26, 9794 }, // U+020D
    { 14, 21, 254, 1, 20, 37, 9820 }, // U+020E
    { 12, 17, 196, 0, 16, 26, 9857 }, // U+020F
    { 12, 20, 214, 1, 20, 30, 9883 }, // U+0210
    { 9, 16, 121, -1, 16, 18, 9913 }, // U+0211
    { 12, 20, 214, 1, 20, 30, 9931 }, // U+0212
    { 7, 16, 121, 1, 16, 14, 9961 }, // U+0213
    { 13, 21, 245, 1, 20, 35, 9975 }, // U+0214
    { 10, 17, 194, 1, 16, 22, 10010 }, // U+0215
    { 13, 21, 245, 1, 20, 35, 10032 }, // U+0216
    { 10, 17, 194, 1, 16, 22, 10067 }, // U+0217
    { 12, 22, 212, 1, 16, 33, 10089 }, // U+0218
    { 9, 18, 172, 1, 12, 21, 10122 }, // U+0219
    { 13, 22, 213, 0, 16, 36, 10143 }, // U+021A
    { 7, 20, 108, 0, 14, 18, 10179 }, // U+021B
    { 11, 21, 209, 1, 16, 29, 10197 }, // U+021C
    { 9, 17, 179, 1, 12, 20, 10226 }, // U+021D
    { 13, 20, 245, 1, 20, 33, 10246 }, // U+021E
    { 12, 20, 194, -1, 20, 30, 10279 }, // U+021F
    { 4, 4, 0, 1, 16, 2, 10309 }, // U+0300
    { 4, 4, 0, 1, 16, 2, 10311 }, // U+0301
    { 7, 4, 0, 1, 16, 4, 10313 }, // U+0302
    { 7, 3, 0, 2, 16, 3, 10317 }, // U+0303
    { 6, 2, 0, 2, 15, 2, 10320 }, // U+0304
    { 6, 4, 0, 1, 16, 3, 10322 }, // U+0306
    { 3, 3, 0, 1, 16, 2, 10325 }, // U+0307
    { 8, 3, 0, 2, 16, 3, 10327 }, // U+0308
    { 4, 4, 0, 1, 16, 2, 10330 }, // U+0309
    { 6, 7, 0, 0, 18, 6, 10332 }, // U+030A
    { 8, 5, 0, -3, 17, 5, 10338 }, // U+030B
    { 7, 4, 0, 1, 16, 4, 10343 }, // U+030C
    { 8, 4, 0, 1, 16, 4, 10347 }, // U+030F
    { 4, 6, 0, -2, 15, 3, 10351 }, // U+0312
    { 4, 7, 0, 4, 11, 4, 10354 }, // U+0313
    { 4, 7, 0, 4, 11, 4, 10358 }, // U+0315
    { 4, 5, 0, -5, 15, 3, 10362 }, // U+031B
    { 3, 3, 78, 1, -1, 2, 10365 }, // U+0323
    { 4, 5, 0, -9, -1, 3, 10367 }, // U+0326
    { 5, 6, 0, 1, 1, 4, 10370 }, // U+0327
    { 5, 6, 0, 0, 1, 4, 10374 }, // U+0328
    { 7, 4, 0, 1, -1, 4, 10378 }, // U+032C
    { 9, 15, 0, -11, 13, 17, 10382 }, // U+0337
    { 12, 17, 0, -12, 16, 26, 10399 }, // U+0338
    { 7, 3, 0, -9, 16, 3, 10425 }, // U+0342
    { 4, 5, 0, 0, 13, 3, 10428 }, // U+0343
    { 8, 5, 0, -10, 17, 5, 10431 }, // U+0346
    { 7, 5, 0, -10, -3, 5, 10436 }, // U+0347
    { 5, 5, 0, -8, -1, 4, 10441 }, // U+0348
    { 5, 5, 0, -8, -1, 4, 10445 }, // U+0349
    { 8, 5, 0, -10, 17, 5, 10449 }, // U+034A
    { 9, 8, 0, -11, 19, 9, 10454 }, // U+034B
    { 8, 5, 0, -10, 17, 5, 10463 }, // U+034C
    { 10, 5, 0, -11, -1, 7, 10468 }, // U+034D
    { 6, 6, 0, -9, 0, 5, 10475 }, // U+034E
    { 0, 0, 0, 0, 0, 0, 10480 }, // U+034F
    { 9, 8, 0, -10, 21, 9, 10480 }, // U+0350
    { 3, 5, 0, -7, 16, 2, 10489 }, // U+0351
    { 8, 7, 0, -10, 18, 7, 10491 }, // U+0352
    { 6, 6, 0, -8, 0, 5, 10498 }, // U+0353
    { 6, 6, 0, -8, 0, 5, 10503 }, // U+0354
    { 6, 6, 0, -8, 0, 5, 10508 }, // U+0355
    { 12, 6, 0, -10, 0, 9, 10513 }, // U+0356
    { 4, 7, 0, 0, 18, 4, 10522 }, // U+0357
    { 3, 3, 0, 1, 16, 2, 10526 }, // U+0358
    { 6, 6, 0, -9, 0, 5, 10528 }, // U+0359
    { 9, 5, 0, -10, 0, 6, 10533 }, // U+035A
    { 5, 5, 0, -8, 17, 4, 10539 }, // U+035B
    { 16, 4, 0, -8, 0, 8, 10543 }, // U+035C
    { 16, 4, 0, -8, 16, 8, 10551 }, // U+035D
    { 14, 3, 0, -13, 16, 6, 10559 }, // U+035E
    { 14, 3, 0, -13, -1, 6, 10565 }, // U+035F
    { 20, 4, 0, -10, 16, 10, 10571 }, // U+0360
    { 16, 4, 0, -8, 16, 8, 10581 }, // U+0361
    { 17, 5, 0, -8, -1, 11, 10589 }, // U+0362
    { 6, 6, 0, -9, 18, 5, 10600 }, // U+0363
    { 6, 6, 0, -9, 18, 5, 10605 }, // U+0364
    { 2, 8, 0, -7, 20, 2, 10610 }, // U+0365
    { 6, 6, 0, -9, 18, 5, 10612 }, // U+0366
    { 6, 6, 0, -9, 18, 5, 10617 }, // U+0367
    { 6, 6, 0, -9, 18, 5, 10622 }, // U+0368
    { 6, 9, 0, -9, 21, 7, 10627 }, // U+0369
    { 6, 9, 0, -9, 21, 7, 10634 }, // U+036A
    { 9, 6, 0, -10, 18, 7, 10641 }, // U+036B
    { 4, 6, 0, -8, 18, 3, 10648 }, // U+036C
    { 4, 8, 0, 0, 20, 4, 10651 }, // U+036D
    { 6, 6, 0, -9, 18, 5, 10655 }, // U+036E
    { 6, 6, 0, -8, 18, 5, 10660 }, // U+036F
    { 3, 7, 87, 2, 16, 3, 10665 }, // U+0374
    { 4, 5, 87, 1, 0, 3, 10668 }, // U+0375
    { 13, 16, 248, 1, 16, 26, 10671 }, // U+0376
    { 4, 5, 87, 1, -1, 3, 10697 }, // U+037A
    { 11, 13, 187, 0, 12, 18, 10700 }, // U+037B
    { 11, 13, 187, 0, 12, 18, 10718 }, // U+037C
    { 11, 13, 187, 0, 12, 18, 10736 }, // U+037D
    { 4, 15, 95, 1, 11, 8, 10754 }, // U+037E
    { 10, 17, 188, 0, 16, 22, 10762 }, // U+037F
    { 3, 4, 87, 1, 16, 2, 10784 }, // U+0384
    { 10, 5, 221, 2, 18, 7, 10786 }, // U+0385
    { 14, 16, 227, 0, 16, 28, 10793 }, // U+0386
    { 4, 4, 91, 1, 12, 2, 10821 }, // U+0387
    { 14, 16, 242, 0, 16, 28, 10823 }, // U+0388
    { 17, 16, 289, 0, 16, 34, 10851 }, // U+0389
    { 7, 16, 130, 0, 16, 14, 10885 }, // U+038A
    { 17, 17, 283, 0, 16, 37, 10899 }, // U+038C
    { 18, 16, 288, 0, 16, 36, 10936 }, // U+038E
    { 17, 16, 285, 0, 16, 34, 10972 }, // U+038F
    { 7, 20, 88, -1, 19, 18, 11006 }, // U+0390
    { 14, 16, 227, 0, 16, 28, 11024 }, // U+0391
    { 12, 16, 217, 1, 16, 24, 11052 }, // U+0392
    { 10, 16, 190, 1, 16, 20, 11076 }, // U+0393
    { 14, 16, 224, 0, 16, 28, 11096 }, // U+0394
    { 11, 16, 199, 1, 16, 22, 11124 }, // U+0395
    { 11, 16, 208, 1, 16, 22, 11146 }, // U+0396
    { 13, 16, 245, 1, 16, 26, 11168 }, // U+0397
    { 14, 17, 254, 1, 16, 30, 11194 }, // U+0398
    { 3, 16, 87, 1, 16, 6, 11224 }, // U+0399
    { 13, 16, 221, 1, 16, 26, 11230 }, // U+039A
    { 14, 16, 227, 0, 16, 28, 11256 }, // U+039B
    { 16, 16, 298, 1, 16, 32, 11284 }, // U+039C
    { 13, 16, 248, 1, 16, 26, 11316 }, // U+039D
    { 12, 16, 214, 1, 16, 24, 11342 }, // U+039E
    { 14, 17, 254, 1, 16, 30, 11366 }, // U+039F
    { 13, 16, 245, 1, 16, 26, 11396 }, // U+03A0
    { 12, 16, 211, 1, 16, 24, 11422 }, // U+03A1
    { 12, 16, 225, 1, 16, 24, 11446 }, // U+03A3
    { 13, 16, 213, 0, 16, 26, 11470 }, // U+03A4
    { 14, 16, 224, 0, 16, 28, 11496 }, // U+03A5
    { 16, 17, 291, 1, 16, 34, 11524 }, // U+03A6
    { 14, 16, 225, 0, 16, 28, 11558 }, // U+03A7
    { 16, 16, 291, 1, 16, 32, 11586 }, // U+03A8
    { 14, 16, 254, 1, 16, 28, 11618 }, // U+03A9
    { 8, 20, 87, -1, 20, 20, 11646 }, // U+03AA
    { 14, 20, 224, 0, 20, 35, 11666 }, // U+03AB
    { 13, 17, 219, 0, 16, 28, 11701 }, // U+03AC
    { 9, 17, 174, 1, 16, 20, 11729 }, // U+03AD
    { 10, 21, 194, 1, 16, 27, 11749 }, // U+03AE
    { 5, 17, 88, 1, 16, 11, 11776 }, // U+03AF
    { 10, 19, 194, 1, 18, 24, 11787 }, // U+03B0
    { 13, 13, 219, 0, 12, 22, 11811 }, // U+03B1
    { 11, 21, 196, 1, 16, 29, 11833 }, // U+03B2
    { 11, 17, 184, 0, 12, 24, 11862 }, // U+03B3
    { 12, 17, 192, 0, 16, 26, 11886 }, // U+03B4
    { 9, 13, 174, 1, 12, 15, 11912 }, // U+03B5
    { 10, 19, 166, 0, 16, 24, 11927 }, // U+03B6
    { 10, 17, 194, 1, 12, 22, 11951 }, // U+03B7
    { 11, 17, 204, 1, 16, 24, 11973 }, // U+03B8
    { 5, 13, 88, 1, 12, 9, 11997 }, // U+03B9
    { 10, 12, 172, 1, 12, 15, 12006 }, // U+03BA
    { 13, 17, 209, 0, 16, 28, 12021 }, // U+03BB
    { 11, 17, 193, 1, 12, 24, 12049 }, // U+03BC
    { 12, 12, 192, 0, 12, 18, 12073 }, // U+03BD
    { 10, 19, 182, 1, 16, 24, 12091 }, // U+03BE
    { 12, 13, 196, 0, 12, 20, 12115 }, // U+03BF
    { 13, 13, 202, 0, 12, 22, 12135 }, // U+03C0
    { 11, 17, 201, 1, 12, 24, 12157 }, // U+03C1
    { 11, 15, 186, 0, 12, 21, 12181 }, // U+03C2
    { 13, 13, 205, 0, 12, 22, 12202 }, // U+03C3
    { 10, 13, 155, 0, 12, 17, 12224 }, // U+03C4
    { 10, 13, 194, 1, 12, 17, 12241 }, // U+03C5
    { 14, 17, 237, 0, 12, 30, 12258 }, // U+03C6
    { 12, 17, 186, 0, 12, 26, 12288 }, // U+03C7
    { 14, 19, 256, 1, 14, 34, 12314 }, // U+03C8
    { 16, 13, 266, 0, 12, 26, 12348 }, // U+03C9
    { 7, 17, 88, -1, 16, 15, 12374 }, // U+03CA
    { 10, 17, 194, 1, 16, 22, 12389 }, // U+03CB
    { 12, 17, 196, 0, 16, 26, 12411 }, // U+03CC
    { 10, 17, 194, 1, 16, 22, 12437 }, // U+03CD
    { 16, 17, 266, 0, 16, 34, 12459 }, // U+03CE
    { 13, 21, 221, 1, 16, 35, 12493 }, // U+03CF
    { 11, 17, 209, 1, 16, 24, 12528 }, // U+03D0
    { 11, 17, 209, 1, 16, 24, 12552 }, // U+03D1
    { 13, 16, 220, 0, 16, 26, 12576 }, // U+03D2
    { 17, 16, 277, 0, 16, 34, 12602 }, // U+03D3
    { 13, 20, 220, 0, 20, 33, 12636 }, // U+03D4
    { 14, 21, 224, 0, 16, 37, 12669 }, // U+03D5
    { 17, 13, 270, 0, 12, 28, 12706 }, // U+03D6
    { 10, 17, 172, 1, 12, 22, 12734 }, // U+03D7
    { 10, 16, 196, 1, 16, 20, 12756 }, // U+03DC
    { 9, 17, 175, 1, 12, 20, 12776 }, // U+03DD
    { 13, 13, 239, 1, 12, 22, 12796 }, // U+03F0
    { 11, 17, 209, 1, 12, 24, 12818 }, // U+03F1
    { 11, 13, 187, 0, 12, 18, 12842 }, // U+03F2
    { 5, 21, 78, -1, 16, 14, 12860 }, // U+03F3
    { 14, 17, 254, 1, 16, 30, 12874 }, // U+03F4
    { 9, 13, 148, 0, 12, 15, 12904 }, // U+03F5
    { 9, 13, 148, 0, 12, 15, 12919 }, // U+03F6
    { 14, 17, 243, 1, 16, 30, 12934 }, // U+03F9
    { 16, 16, 298, 1, 16, 32, 12964 }, // U+03FA
    { 13, 17, 201, -1, 12, 28, 12996 }, // U+03FC
    { 13, 17, 243, 1, 16, 28, 13024 }, // U+03FD
    { 14, 17, 243, 1, 16, 30, 13052 }, // U+03FE
    { 13, 17, 243, 1, 16, 28, 13082 }, // U+03FF
    { 11, 20, 199, 1, 20, 28, 13110 }, // U+0400
    { 11, 20, 199, 1, 20, 28, 13138 }, // U+0401
    { 17, 17, 278, 0, 16, 37, 13166 }, // U+0402
    { 10, 20, 190, 1, 20, 25, 13203 }, // U+0403
    { 14, 17, 243, 1, 16, 30, 13228 }, // U+0404
    { 12, 17, 212, 1, 16, 26, 13258 }, // U+0405
    { 3, 16, 87, 1, 16, 6, 13284 }, // U+0406
    { 8, 20, 87, -1, 20, 20, 13290 }, // U+0407
    { 10, 17, 188, 0, 16, 22, 13310 }, // U+0408
    { 23, 16, 368, 0, 16, 46, 13332 }, // U+0409
    { 22, 16, 373, 1, 16, 44, 13378 }, // U+040A
    { 17, 16, 292, 0, 16, 34, 13422 }, // U+040B
    { 13, 20, 221, 1, 20, 33, 13456 }, // U+040C
    { 13, 20, 248, 1, 20, 33, 13489 }, // U+040D
    { 13, 20, 207, 0, 20, 33, 13522 }, // U+040E
    { 13, 20, 238, 1, 16, 33, 13555 }, // U+040F
    { 14, 16, 227, 0, 16, 28, 13588 }, // U+0410
    { 12, 16, 213, 1, 16, 24, 13616 }, // U+0411
    { 12, 16, 217, 1, 16, 24, 13640 }, // U+0412
    { 10, 16, 190, 1, 16, 20, 13664 }, // U+0413
    { 16, 20, 269, 0, 16, 40, 13684 }, // U+0414
    { 11, 16, 199, 1, 16, 22, 13724 }, // U+0415
    { 20, 16, 317, 0, 16, 40, 13746 }, // U+0416
    { 11, 17, 204, 1, 16, 24, 13786 }, // U+0417
    { 13, 16, 248, 1, 16, 26, 13810 }, // U+0418
    { 13, 20, 248, 1, 20, 33, 13836 }, // U+0419
    { 13, 16, 221, 1, 16, 26, 13869 }, // U+041A
    { 14, 16, 246, 0, 16, 28, 13895 }, // U+041B
    { 16, 16, 298, 1, 16, 32, 13923 }, // U+041C
    { 13, 16, 245, 1, 16, 26, 13955 }, // U+041D
    { 14, 17, 254, 1, 16, 30, 13981 }, // U+041E
    { 13, 16, 245, 1, 16, 26, 14011 }, // U+041F
    { 12, 16, 211, 1, 16, 24, 14037 }, // U+0420
    { 14, 17, 243, 1, 16, 30, 14061 }, // U+0421
    { 13, 16, 213, 0, 16, 26, 14091 }, // U+0422
    { 13, 16, 207, 0, 16, 26, 14117 }, // U+0423
    { 15, 17, 275, 1, 16, 32, 14143 }, // U+0424
    { 14, 16, 225, 0, 16, 28, 14175 }, // U+0425
    { 14, 20, 238, 1, 16, 35, 14203 }, // U+0426
    { 12, 16, 231, 1, 16, 24, 14238 }, // U+0427
    { 18, 16, 316, 1, 16, 36, 14262 }, // U+0428
    { 19, 20, 321, 1, 16, 48, 14298 }, // U+0429
    { 16, 16, 269, 0, 16, 32, 14346 }, // U+042A
    { 16, 16, 289, 1, 16, 32, 14378 }, // U+042B
    { 12, 16, 214, 1, 16, 24, 14410 }, // U+042C
    { 13, 17, 243, 1, 16, 28, 14434 }, // U+042D
    { 19, 17, 337, 1, 16, 41, 14462 }, // U+042E
    { 12, 16, 214, 0, 16, 24, 14503 }, // U+042F
    { 10, 13, 184, 0, 12, 17, 14527 }, // U+0430
    { 12, 17, 194, 0, 16, 26, 14544 }, // U+0431
    { 10, 12, 185, 1, 12, 15, 14570 }, // U+0432
    { 8, 12, 144, 1, 12, 12, 14585 }, // U+0433
    { 13, 16, 203, 0, 12, 26, 14597 }, // U+0434
    { 11, 13, 191, 0, 12, 18, 14623 }, // U+0435
    { 17, 12, 267, 0, 12, 26, 14641 }, // U+0436
    { 10, 13, 163, 0, 12, 17, 14667 }, // U+0437
    { 10, 12, 194, 1, 12, 15, 14684 }, // U+0438
    { 10, 16, 194, 1, 16, 20, 14699 }, // U+0439
    { 10, 12, 178, 1, 12, 15, 14719 }, // U+043A
    { 11, 12, 190, 0, 12, 17, 14734 }, // U+043B
    { 14, 12, 254, 1, 12, 21, 14751 }, // U+043C
    { 10, 12, 193, 1, 12, 15, 14772 }, // U+043D
    { 12, 13, 196, 0, 12, 20, 14787 }, // U+043E
    { 10, 12, 193, 1, 12, 15, 14807 }, // U+043F
    { 11, 17, 201, 1, 12, 24, 14822 }, // U+0440
    { 11, 13, 187, 0, 12, 18, 14846 }, // U+0441
    { 10, 12, 155, 0, 12, 15, 14864 }, // U+0442
    { 11, 17, 184, 0, 12, 24, 14879 }, // U+0443
    { 14, 21, 226, 0, 16, 37, 14903 }, // U+0444
    { 11, 12, 179, 0, 12, 17, 14940 }, // U+0445
    { 11, 16, 197, 1, 12, 22, 14957 }, // U+0446
    { 10, 12, 190, 1, 12, 15, 14979 }, // U+0447
    { 15, 12, 271, 1, 12, 23, 14994 }, // U+0448
    { 16, 16, 276, 1, 12, 32, 15017 }, // U+0449
    { 13, 12, 213, 0, 12, 20, 15049 }, // U+044A
    { 13, 12, 241, 1, 12, 20, 15069 }, // U+044B
    { 10, 12, 184, 1, 12, 15, 15089 }, // U+044C
    { 11, 13, 187, 0, 12, 18, 15104 }, // U+044D
    { 16, 13, 276, 1, 12, 26, 15122 }, // U+044E
    { 10, 12, 182, 0, 12, 15, 15148 }, // U+044F
    { 11, 17, 191, 0, 16, 24, 15163 }, // U+0450
    { 11, 17, 191, 0, 16, 24, 15187 }, // U+0451
    { 11, 21, 194, 0, 16, 29, 15211 }, // U+0452
    { 8, 16, 144, 1, 16, 16, 15240 }, // U+0453
    { 11, 13, 187, 0, 12, 18, 15256 }, // U+0454
    { 9, 13, 172, 1, 12, 15, 15274 }, // U+0455
    { 3, 16, 78, 1, 16, 6, 15289 }, // U+0456
    { 7, 16, 78, -1, 16, 14, 15295 }, // U+0457
    { 5, 21, 78, -1, 16, 14, 15309 }, // U+0458
    { 19, 12, 306, 0, 12, 29, 15323 }, // U+0459
    { 17, 12, 297, 1, 12, 26, 15352 }, // U+045A
    { 11, 16, 194, 0, 16, 22, 15378 }, // U+045B
    { 10, 16, 178, 1, 16, 20, 15400 }, // U+045C
    { 10, 16, 194, 1, 16, 20, 15420 }, // U+045D
    { 11, 21, 184, 0, 16, 29, 15440 }, // U+045E
    { 10, 16, 193, 1, 12, 20, 15469 }, // U+045F
    { 16, 17, 296, 1, 16, 34, 15489 }, // U+0460
    { 15, 13, 266, 1, 12, 25, 15523 }, // U+0461
    { 14, 16, 228, 0, 16, 28, 15548 }, // U+0462
    { 12, 16, 203, 0, 16, 24, 15576 }, // U+0463
    { 18, 17, 316, 1, 16, 39, 15600 }, // U+0464
    { 15, 13, 258, 1, 12, 25, 15639 }, // U+0465
    { 14, 16, 227, 0, 16, 28, 15664 }, // U+0466
    { 12, 12, 188, 0, 12, 18, 15692 }, // U+0467
    { 18, 16, 310, 1, 16, 36, 15710 }, // U+0468
    { 15, 12, 257, 1, 12, 23, 15746 }, // U+0469
    { 16, 16, 282, 1, 16, 32, 15769 }, // U+046A
    { 14, 12, 231, 0, 12, 21, 15801 }, // U+046B
    { 22, 16, 379, 1, 16, 44, 15822 }, // U+046C
    { 18, 12, 317, 1, 12, 27, 15866 }, // U+046D
    { 9, 25, 179, 1, 20, 29, 15893 }, // U+046E
    { 10, 21, 171, 0, 16, 27, 15922 }, // U+046F
    { 16, 16, 291, 1, 16, 32, 15949 }, // U+0470
    { 14, 19, 256, 1, 14, 34, 15981 }, // U+0471
    { 14, 17, 254, 1, 16, 30, 16015 }, // U+0472
    { 12, 13, 196, 0, 12, 20, 16045 }, // U+0473
    { 15, 16, 232, 0, 16, 30, 16065 }, // U+0474
    { 12, 12, 195, 0, 12, 18, 16095 }, // U+0475
    { 15, 20, 232, 0, 20, 38, 16113 }, // U+0476
    { 12, 16, 195, 0, 16, 24, 16151 }, // U+0477
    { 26, 21, 437, 1, 16, 69, 16175 }, // U+0478
    { 23, 17, 373, 0, 12, 49, 16244 }, // U+0479
    { 13, 16, 236, 1, 16, 26, 16293 }, // U+0480
    { 11, 16, 185, 0, 12, 22, 16319 }, // U+0481
    { 11, 14, 208, 1, 14, 20, 16341 }, // U+0482
    { 8, 4, 0, -10, 16, 4, 16361 }, // U+0483
    { 9, 3, 0, -10, 16, 4, 16365 }, // U+0484
    { 3, 4, 0, -7, 17, 2, 16369 }, // U+0485
    { 4, 4, 0, -7, 17, 2, 16371 }, // U+0486
    { 9, 3, 0, -10, 16, 4, 16373 }, // U+0487
    { 21, 19, 0, -16, 15, 50, 16377 }, // U+0488
    { 20, 21, 0, -16, 16, 53, 16427 }, // U+0489
    { 15, 24, 248, 1, 20, 45, 16480 }, // U+048A
    { 12, 20, 194, 1, 16, 30, 16525 }, // U+048B
    { 14, 16, 228, 0, 16, 28, 16555 }, // U+048C
    { 12, 14, 203, 0, 14, 21, 16583 }, // U+048D
    { 12, 16, 209, 1, 16, 24, 16604 }, // U+048E
    { 11, 17, 201, 1, 12, 24, 16628 }, // U+048F
    { 10, 19, 190, 1, 19, 24, 16652 }, // U+0490
    { 8, 15, 144, 1, 15, 15, 16676 }, // U+0491
    { 12, 16, 190, -1, 16, 24, 16691 }, // U+0492
    { 9, 12, 144, 0, 12, 14, 16715 }, // U+0493
    { 12, 17, 215, 1, 16, 26, 16729 }, // U+0494
    { 10, 16, 178, 1, 12, 20, 16755 }, // U+0495
    { 21, 20, 323, 0, 16, 53, 16775 }, // U+0496
    { 17, 16, 274, 0, 12, 34, 16828 }, // U+0497
    { 11, 21, 204, 1, 16, 29, 16862 }, // U+0498
    { 10, 17, 163, 0, 12, 22, 16891 }, // U+0499
    { 14, 20, 233, 1, 16, 35, 16913 }, // U+049A
    { 11, 16, 185, 1, 12, 22, 16948 }, // U+049B
    { 13, 16, 219, 1, 16, 26, 16970 }, // U+049C
    { 11, 12, 192, 1, 12, 17, 16996 }, // U+049D
    { 17, 16, 276, 0, 16, 34, 17013 }, // U+04A0
    { 13, 12, 207, 0, 12, 20, 17047 }, // U+04A1
    { 15, 20, 250, 1, 16, 38, 17067 }, // U+04A2
    { 11, 16, 198, 1, 12, 22, 17105 }, // U+04A3
    { 19, 16, 325, 1, 16, 38, 17127 }, // U+04A4
    { 13, 12, 225, 1, 12, 20, 17165 }, // U+04A5
    { 21, 17, 367, 1, 16, 45, 17185 }, // U+04A6
    { 18, 15, 305, 1, 12, 34, 17230 }, // U+04A7
    { 19, 17, 326, 1, 16, 41, 17264 }, // U+04A8
    { 16, 13, 257, 0, 12, 26, 17305 }, // U+04A9
    { 14, 21, 243, 1, 16, 37, 17331 }, // U+04AA
    { 11, 17, 187, 0, 12, 24, 17368 }, // U+04AB
    { 13, 20, 213, 0, 16, 33, 17392 }, // U+04AC
    { 10, 16, 155, 0, 12, 20, 17425 }, // U+04AD
    { 14, 16, 224, 0, 16, 28, 17445 }, // U+04AE
    { 11, 17, 184, 0, 12, 24, 17473 }, // U+04AF
    { 14, 16, 224, 0, 16, 28, 17497 }, // U+04B0
    { 11, 17, 184, 0, 12, 24, 17525 }, // U+04B1
    { 15, 20, 231, 0, 16, 38, 17549 }, // U+04B2
    { 12, 16, 186, 0, 12, 24, 17587 }, // U+04B3
    { 19, 20, 303, 0, 16, 48, 17611 }, // U+04B4
    { 14, 16, 218, 0, 12, 28, 17659 }, // U+04B5
    { 14, 20, 235, 1, 16, 35, 17687 }, // U+04B6
    { 11, 16, 194, 1, 12, 22, 17722 }, // U+04B7
    { 12, 16, 231, 1, 16, 24, 17744 }, // U+04B8
    { 10, 12, 190, 1, 12, 15, 17768 }, // U+04B9
    { 12, 16, 231, 1, 16, 24, 17783 }, // U+04BA
    { 10, 16, 194, 1, 16, 20, 17807 }, // U+04BB
    { 17, 17, 279, 0, 16, 37, 17827 }, // U+04BC
    { 14, 13, 235, 0, 12, 23, 17864 }, // U+04BD
    { 17, 20, 279, 0, 16, 43, 17887 }, // U+04BE
    { 14, 17, 235, 0, 12, 30, 17930 }, // U+04BF
    { 3, 16, 87, 1, 16, 6, 17960 }, // U+04C0
    { 20, 20, 317, 0, 20, 50, 17966 }, // U+04C1
    { 17, 16, 267, 0, 16, 34, 18016 }, // U+04C2
    { 12, 20, 225, 1, 16, 30, 18050 }, // U+04C3
    { 11, 15, 193, 1, 12, 21, 18080 }, // U+04C4
    { 16, 20, 246, 0, 16, 40, 18101 }, // U+04C5
    { 13, 16, 190, 0, 12, 26, 18141 }, // U+04C6
    { 13, 21, 245, 1, 16, 35, 18167 }, // U+04C7
    { 10, 17, 193, 1, 12, 22, 18202 }, // U+04C8
    { 15, 20, 245, 1, 16, 38, 18224 }, // U+04C9
    { 12, 16, 193, 1, 12, 24, 18262 }, // U+04CA
    { 14, 20, 235, 1, 16, 35, 18286 }, // U+04CB
    { 11, 16, 194, 1, 12, 22, 18321 }, // U+04CC
    { 18, 20, 298, 1, 16, 45, 18343 }, // U+04CD
    { 16, 16, 254, 1, 12, 32, 18388 }, // U+04CE
    { 3, 16, 78, 1, 16, 6, 18420 }, // U+04CF
    { 14, 20, 227, 0, 20, 35, 18426 }, // U+04D0
    { 10, 17, 184, 0, 16, 22, 18461 }, // U+04D1
    { 14, 20, 227, 0, 20, 35, 18483 }, // U+04D2
    { 10, 17, 184, 0, 16, 22, 18518 }, // U+04D3
    { 20, 16, 329, 0, 16, 40, 18540 }, // U+04D4
    { 18, 13, 302, 0, 12, 30, 18580 }, // U+04D5
    { 11, 20, 199, 1, 20, 28, 18610 }, // U+04D6
    { 11, 17, 191, 0, 16, 24, 18638 }, // U+04D7
    { 14, 17, 247, 1, 16, 30, 18662 }, // U+04D8
    { 11, 13, 191, 0, 12, 18, 18692 }, // U+04D9
    { 14, 21, 247, 1, 20, 37, 18710 }, // U+04DA
    { 11, 17, 191, 0, 16, 24, 18747 }, // U+04DB
    { 20, 20, 317, 0, 20, 50, 18771 }, // U+04DC
    { 17, 16, 267, 0, 16, 34, 18821 }, // U+04DD
    { 11, 21, 204, 1, 20, 29, 18855 }, // U+04DE
    { 10, 17, 163, 0, 16, 22, 18884 }, // U+04DF
    { 11, 17, 205, 1, 16, 24, 18906 }, // U+04E0
    { 11, 17, 205, 1, 12, 24, 18930 }, // U+04E1
    { 13, 19, 248, 1, 19, 31, 18954 }, // U+04E2
    { 10, 15, 194, 1, 15, 19, 18985 }, // U+04E3
    { 13, 20, 248, 1, 20, 33, 19004 }, // U+04E4
    { 10, 16, 194, 1, 16, 20, 19037 }, // U+04E5
    { 14, 21, 254, 1, 20, 37, 19057 }, // U+04E6
    { 12, 17, 196, 0, 16, 26, 19094 }, // U+04E7
    { 14, 17, 254, 1, 16, 30, 19120 }, // U+04E8
    { 12, 13, 196, 0, 12, 20, 19150 }, // U+04E9
    { 14, 21, 254, 1, 20, 37, 19170 }, // U+04EA
    { 12, 17, 196, 0, 16, 26, 19207 }, // U+04EB
    { 13, 21, 243, 1, 20, 35, 19233 }, // U+04EC
    { 11, 17, 187, 0, 16, 24, 19268 }, // U+04ED
    { 13, 19, 207, 0, 19, 31, 19292 }, // U+04EE
    { 11, 20, 184, 0, 15, 28, 19323 }, // U+04EF
    { 13, 20, 207, 0, 20, 33, 19351 }, // U+04F0
    { 11, 21, 184, 0, 16, 29, 19384 }, // U+04F1
    { 13, 20, 207, 0, 20, 33, 19413 }, // U+04F2
    { 11, 21, 184, 0, 16, 29, 19446 }, // U+04F3
    { 12, 20, 231, 1, 20, 30, 19475 }, // U+04F4
    { 10, 16, 190, 1, 16, 20, 19505 }, // U+04F5
    { 10, 20, 190, 1, 16, 25, 19525 }, // U+04F6
    { 8, 16, 144, 1, 12, 16, 19550 }, // U+04F7
    { 16, 20, 289, 1, 20, 40, 19566 }, // U+04F8
    { 13, 16, 241, 1, 16, 26, 19606 }, // U+04F9
    { 12, 21, 196, 0, 16, 32, 19632 }, // U+04FA
    { 9, 17, 144, 0, 12, 20, 19664 }, // U+04FB
    { 15, 21, 233, 0, 16, 40, 19684 }, // U+04FC
    { 11, 17, 171, 0, 12, 24, 19724 }, // U+04FD
    { 14, 16, 225, 0, 16, 28, 19748 }, // U+04FE
    { 11, 12, 179, 0, 12, 17, 19776 }, // U+04FF
    { 11, 13, 209, 1, 13, 18, 19793 }, // U+05D0
    { 11, 13, 184, 0, 13, 18, 19811 }, // U+05D1
    { 8, 13, 140, 0, 13, 13, 19829 }, // U+05D2
    { 11, 13, 176, 0, 13, 18, 19842 }, // U+05D3
    { 11, 13, 212, 1, 13, 18, 19860 }, // U+05D4
    { 3, 13, 87, 1, 13, 5, 19878 }, // U+05D5
    { 8, 13, 126, 0, 13, 13, 19883 }, // U+05D6
    { 11, 13, 216, 1, 13, 18, 19896 }, // U+05D7
    { 12, 13, 215, 1, 13, 20, 19914 }, // U+05D8
    { 3, 7, 80, 1, 13, 3, 19934 }, // U+05D9
    { 10, 17, 172, 0, 13, 22, 19937 }, // U+05DA
    { 11, 13, 177, 0, 13, 18, 19959 }, // U+05DB
    { 10, 16, 158, 0, 16, 20, 19977 }, // U+05DC
    { 11, 13, 216, 1, 13, 18, 19997 }, // U+05DD
    { 11, 13, 218, 1, 13, 18, 20015 }, // U+05DE
    { 3, 17, 87, 1, 13, 7, 20033 }, // U+05DF
    { 6, 13, 116, 0, 13, 10, 20040 }, // U+05E0
    { 12, 13, 214, 1, 13, 20, 20050 }, // U+05E1
    { 11, 14, 198, 0, 13, 20, 20070 }, // U+05E2
    { 11, 17, 210, 1, 13, 24, 20090 }, // U+05E3
    { 11, 13, 208, 1, 13, 18, 20114 }, // U+05E4
    { 10, 17, 172, 0, 13, 22, 20132 }, // U+05E5
    { 10, 13, 181, 0, 13, 17, 20154 }, // U+05E6
    { 12, 17, 203, 1, 13, 26, 20171 }, // U+05E7
    { 10, 13, 175, 0, 13, 17, 20197 }, // U+05E8
    { 14, 13, 251, 1, 13, 23, 20214 }, // U+05E9
    { 12, 13, 222, 1, 13, 20, 20237 }, // U+05EA
    { 4, 6, 109, 1, 5, 3, 20257 }, // U+060C
    { 4, 12, 115, 1, 11, 6, 20260 }, // U+061B
    { 9, 17, 145, 0, 16, 20, 20266 }, // U+061F
    { 8, 10, 137, 0, 8, 10, 20286 }, // U+0621
    { 7, 3, 90, 0, 2, 3, 20296 }, // U+0640
    { 4, 4, 191, 4, 8, 2, 20299 }, // U+0660
    { 4, 16, 191, 4, 15, 8, 20301 }, // U+0661
    { 10, 16, 191, 1, 15, 20, 20309 }, // U+0662
    { 12, 16, 191, 0, 15, 24, 20329 }, // U+0663
    { 10, 16, 191, 1, 15, 20, 20353 }, // U+0664
    { 10, 12, 191, 1, 11, 15, 20373 }, // U+0665
    { 10, 16, 191, 1, 15, 20, 20388 }, // U+0666
    { 12, 16, 191, 0, 15, 24, 20408 }, // U+0667
    { 12, 16, 191, 0, 15, 24, 20432 }, // U+0668
    { 10, 16, 191, 1, 15, 20, 20456 }, // U+0669
    { 14, 12, 228, 0, 7, 21, 20476 }, // U+06BA
    { 6, 2, 100, 0, 2, 2, 20497 }, // U+06D4
    { 4, 4, 191, 4, 8, 2, 20499 }, // U+06F0
    { 4, 16, 191, 4, 15, 8, 20501 }, // U+06F1
    { 10, 16, 191, 1, 15, 20, 20509 }, // U+06F2
    { 12, 16, 191, 0, 15, 24, 20529 }, // U+06F3
    { 10, 15, 191, 1, 15, 19, 20553 }, // U+06F4
    { 10, 15, 191, 1, 15, 19, 20572 }, // U+06F5
    { 8, 16, 191, 2, 15, 16, 20591 }, // U+06F6
    { 12, 16, 191, 0, 15, 24, 20607 }, // U+06F7
    { 12, 16, 191, 0, 15, 24, 20631 }, // U+06F8
    { 10, 16, 191, 1, 15, 20, 20655 }, // U+06F9
    { 14, 20, 227, 0, 16, 35, 20675 }, // U+1EA0
    { 10, 16, 184, 0, 12, 20, 20710 }, // U+1EA1
    { 14, 20, 227, 0, 20, 35, 20730 }, // U+1EA2
    { 10, 17, 184, 0, 16, 22, 20765 }, // U+1EA3
    { 14, 23, 227, 0, 23, 41, 20787 }, // U+1EA4
    { 11, 20, 184, 0, 19, 28, 20828 }, // U+1EA5
    { 14, 23, 227, 0, 23, 41, 20856 }, // U+1EA6
    { 10, 20, 184, 0, 19, 25, 20897 }, // U+1EA7
    { 14, 23, 227, 0, 23, 41, 20922 }, // U+1EA8
    { 10, 20, 184, 0, 19, 25, 20963 }, // U+1EA9
    { 14, 23, 227, 0, 23, 41, 20988 }, // U+1EAA
    { 10, 20, 184, 0, 19, 25, 21029 }, // U+1EAB
    { 14, 24, 227, 0, 20, 42, 21054 }, // U+1EAC
    { 10, 20, 184, 0, 16, 25, 21096 }, // U+1EAD
    { 14, 23, 227, 0, 23, 41, 21121 }, // U+1EAE
    { 10, 20, 184, 0, 19, 25, 21162 }, // U+1EAF
    { 14, 23, 227, 0, 23, 41, 21187 }, // U+1EB0
    { 10, 20, 184, 0, 19, 25, 21228 }, // U+1EB1
    { 14, 23, 227, 0, 23, 41, 21253 }, // U+1EB2
    { 10, 20, 184, 0, 19, 25, 21294 }, // U+1EB3
    { 14, 23, 227, 0, 23, 41, 21319 }, // U+1EB4
    { 10, 20, 184, 0, 19, 25, 21360 }, // U+1EB5
    { 14, 24, 227, 0, 20, 42, 21385 }, // U+1EB6
    { 10, 20, 184, 0, 16, 25, 21427 }, // U+1EB7
    { 11, 20, 199, 1, 16, 28, 21452 }, // U+1EB8
    { 11, 16, 191, 0, 12, 22, 21480 }, // U+1EB9
    { 11, 20, 199, 1, 20, 28, 21502 }, // U+1EBA
    { 11, 17, 191, 0, 16, 24, 21530 }, // U+1EBB
    { 11, 20, 199, 1, 20, 28, 21554 }, // U+1EBC
    { 11, 17, 191, 0, 16, 24, 21582 }, // U+1EBD
    { 11, 23, 199, 1, 23, 32, 21606 }, // U+1EBE
    { 11, 20, 191, 0, 19, 28, 21638 }, // U+1EBF
    { 11, 23, 199, 1, 23, 32, 21666 }, // U+1EC0
    { 11, 20, 191, 0, 19, 28, 21698 }, // U+1EC1
    { 11, 23, 199, 1, 23, 32, 21726 }, // U+1EC2
    { 11, 20, 191, 0, 19, 28, 21758 }, // U+1EC3
    { 11, 23, 199, 1, 23, 32, 21786 }, // U+1EC4
    { 11, 20, 191, 0, 19, 28, 21818 }, // U+1EC5
    { 11, 24, 199, 1, 20, 33, 21846 }, // U+1EC6
    { 11, 20, 191, 0, 16, 28, 21879 }, // U+1EC7
    { 4, 20, 87, 1, 20, 10, 21907 }, // U+1EC8
    { 4, 16, 78, 0, 16, 8, 21917 }, // U+1EC9
    { 3, 20, 87, 1, 16, 8, 21925 }, // U+1ECA
    { 3, 20, 78, 1, 16, 8, 21933 }, // U+1ECB
    { 14, 20, 254, 1, 16, 35, 21941 }, // U+1ECC
    { 12, 16, 196, 0, 12, 24, 21976 }, // U+1ECD
    { 14, 21, 254, 1, 20, 37, 22000 }, // U+1ECE
    { 12, 17, 196, 0, 16, 26, 22037 }, // U+1ECF
    { 14, 24, 254, 1, 23, 42, 22063 }, // U+1ED0
    { 12, 20, 196, 0, 19, 30, 22105 }, // U+1ED1
    { 14, 24, 254, 1, 23, 42, 22135 }, // U+1ED2
    { 12, 20, 196, 0, 19, 30, 22177 }, // U+1ED3
    { 14, 24, 254, 1, 23, 42, 22207 }, // U+1ED4
    { 12, 20, 196, 0, 19, 30, 22249 }, // U+1ED5
    { 14, 24, 254, 1, 23, 42, 22279 }, // U+1ED6
    { 12, 20, 196, 0, 19, 30, 22321 }, // U+1ED7
    { 14, 24, 254, 1, 20, 42, 22351 }, // U+1ED8
    { 12, 20, 196, 0, 16, 30, 22393 }, // U+1ED9
    { 14, 21, 253, 1, 20, 37, 22423 }, // U+1EDA
    { 12, 17, 195, 0, 16, 26, 22460 }, // U+1EDB
    { 14, 21, 253, 1, 20, 37, 22486 }, // U+1EDC
    { 12, 17, 195, 0, 16, 26, 22523 }, // U+1EDD
    { 14, 21, 253, 1, 20, 37, 22549 }, // U+1EDE
    { 12, 17, 195, 0, 16, 26, 22586 }, // U+1EDF
    { 14, 21, 253, 1, 20, 37, 22612 }, // U+1EE0
    { 12, 17, 195, 0, 16, 26, 22649 }, // U+1EE1
    { 14, 22, 253, 1, 18, 39, 22675 }, // U+1EE2
    { 12, 18, 195, 0, 14, 27, 22714 }, // U+1EE3
    { 13, 20, 245, 1, 16, 33, 22741 }, // U+1EE4
    { 10, 16, 194, 1, 12, 20, 22774 }, // U+1EE5
    { 13, 21, 245, 1, 20, 35, 22794 }, // U+1EE6
    { 10, 17, 194, 1, 16, 22, 22829 }, // U+1EE7
    { 15, 21, 244, 1, 20, 40, 22851 }, // U+1EE8
    { 12, 17, 205, 1, 16, 26, 22891 }, // U+1EE9
    { 15, 21, 244, 1, 20, 40, 22917 }, // U+1EEA
    { 12, 17, 205, 1, 16, 26, 22957 }, // U+1EEB
    { 15, 21, 244, 1, 20, 40, 22983 }, // U+1EEC
    { 12, 17, 205, 1, 16, 26, 23023 }, // U+1EED
    { 15, 21, 244, 1, 20, 40, 23049 }, // U+1EEE
    { 12, 17, 205, 1, 16, 26, 23089 }, // U+1EEF
    { 15, 22, 244, 1, 18, 42, 23115 }, // U+1EF0
    { 12, 18, 205, 1, 14, 27, 23157 }, // U+1EF1
    { 14, 20, 224, 0, 20, 35, 23184 }, // U+1EF2
    { 11, 21, 184, 0, 16, 29, 23219 }, // U+1EF3
    { 14, 20, 224, 0, 16, 35, 23248 }, // U+1EF4
    { 11, 17, 184, 0, 12, 24, 23283 }, // U+1EF5
    { 14, 20, 224, 0, 20, 35, 23307 }, // U+1EF6
    { 11, 21, 184, 0, 16, 29, 23342 }, // U+1EF7
    { 14, 20, 224, 0, 20, 35, 23371 }, // U+1EF8
    { 11, 21, 184, 0, 16, 29, 23406 }, // U+1EF9
    { 13, 17, 219, 0, 16, 28, 23435 }, // U+1F00
    { 13, 17, 219, 0, 16, 28, 23463 }, // U+1F01
    { 13, 17, 219, 0, 16, 28, 23491 }, // U+1F02
    { 13, 17, 219, 0, 16, 28, 23519 }, // U+1F03
    { 13, 17, 219, 0, 16, 28, 23547 }, // U+1F04
    { 13, 17, 219, 0, 16, 28, 23575 }, // U+1F05
    { 13, 20, 219, 0, 19, 33, 23603 }, // U+1F06
    { 13, 20, 219, 0, 19, 33, 23636 }, // U+1F07
    { 15, 16, 234, 0, 16, 30, 23669 }, // U+1F08
    { 15, 16, 234, 0, 16, 30, 23699 }, // U+1F09
    { 17, 16, 279, 0, 16, 34, 23729 }, // U+1F0A
    { 18, 16, 282, 0, 16, 36, 23763 }, // U+1F0B
    { 18, 16, 280, 0, 16, 36, 23799 }, // U+1F0C
    { 18, 16, 281, 0, 16, 36, 23835 }, // U+1F0D
    { 16, 19, 255, 0, 19, 38, 23871 }, // U+1F0E
    { 16, 18, 256, 0, 18, 36, 23909 }, // U+1F0F
    { 9, 17, 174, 1, 16, 20, 23945 }, // U+1F10
    { 9, 17, 174, 1, 16, 20, 23965 }, // U+1F11
    { 9, 17, 174, 1, 16, 20, 23985 }, // U+1F12
    { 9, 17, 174, 1, 16, 20, 24005 }, // U+1F13
    { 9, 17, 174, 1, 16, 20, 24025 }, // U+1F14
    { 9, 17, 174, 1, 16, 20, 24045 }, // U+1F15
    { 15, 16, 252, 0, 16, 30, 24065 }, // U+1F18
    { 15, 16, 254, 0, 16, 30, 24095 }, // U+1F19
    { 18, 16, 303, 0, 16, 36, 24125 }, // U+1F1A
    { 18, 16, 306, 0, 16, 36, 24161 }, // U+1F1B
    { 18, 16, 304, 0, 16, 36, 24197 }, // U+1F1C
    { 18, 16, 305, 0, 16, 36, 24233 }, // U+1F1D
    { 10, 21, 194, 1, 16, 27, 24269 }, // U+1F20
    { 10, 21, 194, 1, 16, 27, 24296 }, // U+1F21
    { 10, 21, 194, 1, 16, 27, 24323 }, // U+1F22
    { 10, 21, 194, 1, 16, 27, 24350 }, // U+1F23
    { 10, 21, 194, 1, 16, 27, 24377 }, // U+1F24
    { 10, 21, 194, 1, 16, 27, 24404 }, // U+1F25
    { 10, 24, 194, 1, 19, 30, 24431 }, // U+1F26
    { 10, 24, 194, 1, 19, 30, 24461 }, // U+1F27
    { 17, 16, 299, 0, 16, 34, 24491 }, // U+1F28
    { 18, 16, 301, 0, 16, 36, 24525 }, // U+1F29
    { 21, 16, 349, 0, 16, 42, 24561 }, // U+1F2A
    { 21, 16, 352, 0, 16, 42, 24603 }, // U+1F2B
    { 21, 16, 350, 0, 16, 42, 24645 }, // U+1F2C
    { 21, 16, 351, 0, 16, 42, 24687 }, // U+1F2D
    { 19, 19, 325, 0, 19, 46, 24729 }, // U+1F2E
    { 19, 18, 326, 0, 18, 43, 24775 }, // U+1F2F
    { 5, 17, 88, 1, 16, 11, 24818 }, // U+1F30
    { 5, 17, 88, 1, 16, 11, 24829 }, // U+1F31
    { 7, 17, 88, -1, 16, 15, 24840 }, // U+1F32
    { 7, 17, 88, -1, 16, 15, 24855 }, // U+1F33
    { 7, 17, 88, -1, 16, 15, 24870 }, // U+1F34
    { 7, 17, 88, -1, 16, 15, 24885 }, // U+1F35
    { 7, 20, 88, -1, 19, 18, 24900 }, // U+1F36
    { 7, 20, 88, -1, 19, 18, 24918 }, // U+1F37
    { 8, 16, 140, 0, 16, 16, 24936 }, // U+1F38
    { 8, 16, 142, 0, 16, 16, 24952 }, // U+1F39
    { 11, 16, 191, 0, 16, 22, 24968 }, // U+1F3A
    { 11, 16, 194, 0, 16, 22, 24990 }, // U+1F3B
    { 11, 16, 192, 0, 16, 22, 25012 }, // U+1F3C
    { 11, 16, 193, 0, 16, 22, 25034 }, // U+1F3D
    { 9, 19, 167, 0, 19, 22, 25056 }, // U+1F3E
    { 9, 18, 168, 0, 18, 21, 25078 }, // U+1F3F
    { 12, 17, 196, 0, 16, 26, 25099 }, // U+1F40
    { 12, 17, 196, 0, 16, 26, 25125 }, // U+1F41
    { 12, 17, 196, 0, 16, 26, 25151 }, // U+1F42
    { 12, 17, 196, 0, 16, 26, 25177 }, // U+1F43
    { 12, 17, 196, 0, 16, 26, 25203 }, // U+1F44
    { 12, 17, 196, 0, 16, 26, 25229 }, // U+1F45
    { 18, 17, 293, 0, 16, 39, 25255 }, // U+1F48
    { 18, 17, 295, 0, 16, 39, 25294 }, // U+1F49
    { 21, 17, 343, 0, 16, 45, 25333 }, // U+1F4A
    { 21, 17, 347, 0, 16, 45, 25378 }, // U+1F4B
    { 21, 17, 344, 0, 16, 45, 25423 }, // U+1F4C
    { 21, 17, 346, 0, 16, 45, 25468 }, // U+1F4D
    { 10, 17, 194, 1, 16, 22, 25513 }, // U+1F50
    { 10, 17, 194, 1, 16, 22, 25535 }, // U+1F51
    { 10, 17, 194, 1, 16, 22, 25557 }, // U+1F52
    { 10, 17, 194, 1, 16, 22, 25579 }, // U+1F53
    { 10, 17, 194, 1, 16, 22, 25601 }, // U+1F54
    { 10, 17, 194, 1, 16, 22, 25623 }, // U+1F55
    { 10, 20, 194, 1, 19, 25, 25645 }, // U+1F56
    { 10, 20, 194, 1, 19, 25, 25670 }, // U+1F57
    { 19, 16, 300, 0, 16, 38, 25695 }, // U+1F59
    { 22, 16, 352, 0, 16, 44, 25733 }, // U+1F5B
    { 22, 16, 351, 0, 16, 44, 25777 }, // U+1F5D
    { 20, 18, 325, 0, 18, 45, 25821 }, // U+1F5F
    { 16, 17, 266, 0, 16, 34, 25866 }, // U+1F60
    { 16, 17, 266, 0, 16, 34, 25900 }, // U+1F61
    { 16, 17, 266, 0, 16, 34, 25934 }, // U+1F62
    { 16, 17, 266, 0, 16, 34, 25968 }, // U+1F63
    { 16, 17, 266, 0, 16, 34, 26002 }, // U+1F64
    { 16, 17, 266, 0, 16, 34, 26036 }, // U+1F65
    { 16, 20, 266, 0, 19, 40, 26070 }, // U+1F66
    { 16, 20, 266, 0, 19, 40, 26110 }, // U+1F67
    { 18, 16, 295, 0, 16, 36, 26150 }, // U+1F68
    { 18, 16, 297, 0, 16, 36, 26186 }, // U+1F69
    { 21, 16, 345, 0, 16, 42, 26222 }, // U+1F6A
    { 21, 16, 348, 0, 16, 42, 26264 }, // U+1F6B
    { 21, 16, 346, 0, 16, 42, 26306 }, // U+1F6C
    { 21, 16, 348, 0, 16, 42, 26348 }, // U+1F6D
    { 19, 19, 321, 0, 19, 46, 26390 }, // U+1F6E
    { 19, 18, 322, 0, 18, 43, 26436 }, // U+1F6F
    { 13, 17, 219, 0, 16, 28, 26479 }, // U+1F70
    { 13, 17, 219, 0, 16, 28, 26507 }, // U+1F71
    { 9, 17, 174, 1, 16, 20, 26535 }, // U+1F72
    { 9, 17, 174, 1, 16, 20, 26555 }, // U+1F73
    { 10, 21, 194, 1, 16, 27, 26575 }, // U+1F74
    { 10, 21, 194, 1, 16, 27, 26602 }, // U+1F75
    { 6, 17, 88, 0, 16, 13, 26629 }, // U+1F76
    { 5, 17, 88, 1, 16, 11, 26642 }, // U+1F77
    { 12, 17, 196, 0, 16, 26, 26653 }, // U+1F78
    { 12, 17, 196, 0, 16, 26, 26679 }, // U+1F79
    { 10, 17, 194, 1, 16, 22, 26705 }, // U+1F7A
    { 10, 17, 194, 1, 16, 22, 26727 }, // U+1F7B
    { 16, 17, 266, 0, 16, 34, 26749 }, // U+1F7C
    { 16, 17, 266, 0, 16, 34, 26783 }, // U+1F7D
    { 13, 22, 219, 0, 16, 36, 26817 }, // U+1F80
    { 13, 22, 219, 0, 16, 36, 26853 }, // U+1F81
    { 13, 22, 219, 0, 16, 36, 26889 }, // U+1F82
    { 13, 22, 219, 0, 16, 36, 26925 }, // U+1F83
    { 13, 22, 219, 0, 16, 36, 26961 }, // U+1F84
    { 13, 22, 219, 0, 16, 36, 26997 }, // U+1F85
    { 13, 25, 219, 0, 19, 41, 27033 }, // U+1F86
    { 13, 25, 219, 0, 19, 41, 27074 }, // U+1F87
    { 15, 22, 234, 0, 16, 42, 27115 }, // U+1F88
    { 15, 22, 234, 0, 16, 42, 27157 }, // U+1F89
    { 17, 22, 279, 0, 16, 47, 27199 }, // U+1F8A
    { 18, 22, 282, 0, 16, 50, 27246 }, // U+1F8B
    { 18, 22, 280, 0, 16, 50, 27296 }, // U+1F8C
    { 18, 22, 281, 0, 16, 50, 27346 }, // U+1F8D
    { 16, 25, 255, 0, 19, 50, 27396 }, // U+1F8E
    { 16, 24, 256, 0, 18, 48, 27446 }, // U+1F8F
    { 10, 22, 194, 1, 16, 28, 27494 }, // U+1F90
    { 10, 22, 194, 1, 16, 28, 27522 }, // U+1F91
    { 10, 22, 194, 1, 16, 28, 27550 }, // U+1F92
    { 10, 22, 194, 1, 16, 28, 27578 }, // U+1F93
    { 10, 22, 194, 1, 16, 28, 27606 }, // U+1F94
    { 10, 22, 194, 1, 16, 28, 27634 }, // U+1F95
    { 10, 25, 194, 1, 19, 32, 27662 }, // U+1F96
    { 10, 25, 194, 1, 19, 32, 27694 }, // U+1F97
    { 17, 22, 299, 0, 16, 47, 27726 }, // U+1F98
    { 18, 22, 301, 0, 16, 50, 27773 }, // U+1F99
    { 21, 22, 349, 0, 16, 58, 27823 }, // U+1F9A
    { 21, 22, 352, 0, 16, 58, 27881 }, // U+1F9B
    { 21, 22, 350, 0, 16, 58, 27939 }, // U+1F9C
    { 21, 22, 351, 0, 16, 58, 27997 }, // U+1F9D
    { 19, 25, 325, 0, 19, 60, 28055 }, // U+1F9E
    { 19, 24, 326, 0, 18, 57, 28115 }, // U+1F9F
    { 16, 22, 266, 0, 16, 44, 28172 }, // U+1FA0
    { 16, 22, 266, 0, 16, 44, 28216 }, // U+1FA1
    { 16, 22, 266, 0, 16, 44, 28260 }, // U+1FA2
    { 16, 22, 266, 0, 16, 44, 28304 }, // U+1FA3
    { 16, 22, 266, 0, 16, 44, 28348 }, // U+1FA4
    { 16, 22, 266, 0, 16, 44, 28392 }, // U+1FA5
    { 16, 25, 266, 0, 19, 50, 28436 }, // U+1FA6
    { 16, 25, 266, 0, 19, 50, 28486 }, // U+1FA7
    { 18, 22, 295, 0, 16, 50, 28536 }, // U+1FA8
    { 18, 22, 297, 0, 16, 50, 28586 }, // U+1FA9
    { 21, 22, 345, 0, 16, 58, 28636 }, // U+1FAA
    { 21, 22, 348, 0, 16, 58, 28694 }, // U+1FAB
    { 21, 22, 346, 0, 16, 58, 28752 }, // U+1FAC
    { 21, 22, 348, 0, 16, 58, 28810 }, // U+1FAD
    { 19, 25, 321, 0, 19, 60, 28868 }, // U+1FAE
    { 19, 24, 322, 0, 18, 57, 28928 }, // U+1FAF
    { 13, 17, 219, 0, 16, 28, 28985 }, // U+1FB0
    { 13, 16, 219, 0, 15, 26, 29013 }, // U+1FB1
    { 13, 22, 219, 0, 16, 36, 29039 }, // U+1FB2
    { 13, 18, 219, 0, 12, 30, 29075 }, // U+1FB3
    { 13, 22, 219, 0, 16, 36, 29105 }, // U+1FB4
    { 13, 17, 219, 0, 16, 28, 29141 }, // U+1FB6
    { 13, 22, 219, 0, 16, 36, 29169 }, // U+1FB7
    { 14, 20, 227, 0, 20, 35, 29205 }, // U+1FB8
    { 14, 19, 227, 0, 19, 34, 29240 }, // U+1FB9
    { 14, 16, 227, 0, 16, 28, 29274 }, // U+1FBA
    { 15, 16, 234, 0, 16, 30, 29302 }, // U+1FBB
    { 14, 22, 227, 0, 16, 39, 29332 }, // U+1FBC
    { 4, 4, 70, 0, 16, 2, 29371 }, // U+1FBD
    { 4, 5, 87, 1, -1, 3, 29373 }, // U+1FBE
    { 4, 4, 70, 0, 16, 2, 29376 }, // U+1FBF
    { 7, 3, 164, 2, 16, 3, 29378 }, // U+1FC0
    { 7, 7, 148, 1, 19, 7, 29381 }, // U+1FC1
    { 10, 22, 194, 1, 16, 28, 29388 }, // U+1FC2
    { 10, 18, 194, 1, 12, 23, 29416 }, // U+1FC3
    { 10, 22, 194, 1, 16, 28, 29439 }, // U+1FC4
    { 10, 21, 194, 1, 16, 27, 29467 }, // U+1FC6
    { 10, 22, 194, 1, 16, 28, 29494 }, // U+1FC7
    { 16, 16, 233, -2, 16, 32, 29522 }, // U+1FC8
    { 14, 16, 242, 0, 16, 28, 29554 }, // U+1FC9
    { 18, 16, 279, -2, 16, 36, 29582 }, // U+1FCA
    { 17, 16, 289, 0, 16, 34, 29618 }, // U+1FCB
    { 13, 22, 245, 1, 16, 36, 29652 }, // U+1FCC
    { 7, 4, 107, 0, 16, 4, 29688 }, // U+1FCD
    { 7, 4, 118, 0, 16, 4, 29692 }, // U+1FCE
    { 6, 7, 94, 0, 19, 6, 29696 }, // U+1FCF
    { 7, 17, 88, -1, 16, 15, 29702 }, // U+1FD0
    { 7, 16, 88, -1, 15, 14, 29717 }, // U+1FD1
    { 9, 19, 88, -2, 18, 22, 29731 }, // U+1FD2
    { 7, 20, 88, -1, 19, 18, 29753 }, // U+1FD3
    { 7, 17, 88, -1, 16, 15, 29771 }, // U+1FD6
    { 7, 20, 88, -1, 19, 18, 29786 }, // U+1FD7
    { 7, 20, 87, -1, 20, 18, 29804 }, // U+1FD8
    { 7, 19, 87, -1, 19, 17, 29822 }, // U+1FD9
    { 8, 16, 121, -2, 16, 16, 29839 }, // U+1FDA
    { 7, 16, 130, 0, 16, 14, 29855 }, // U+1FDB
    { 7, 4, 112, 0, 16, 4, 29869 }, // U+1FDD
    { 8, 4, 119, 0, 16, 4, 29873 }, // U+1FDE
    { 6, 7, 94, 0, 19, 6, 29877 }, // U+1FDF
    { 10, 17, 194, 1, 16, 22, 29883 }, // U+1FE0
    { 10, 16, 194, 1, 15, 20, 29905 }, // U+1FE1
    { 10, 19, 194, 1, 18, 24, 29925 }, // U+1FE2
    { 10, 19, 194, 1, 18, 24, 29949 }, // U+1FE3
    { 11, 21, 201, 1, 16, 29, 29973 }, // U+1FE4
    { 11, 21, 201, 1, 16, 29, 30002 }, // U+1FE5
    { 10, 17, 194, 1, 16, 22, 30031 }, // U+1FE6
    { 10, 20, 194, 1, 19, 25, 30053 }, // U+1FE7
    { 14, 20, 224, 0, 20, 35, 30078 }, // U+1FE8
    { 14, 19, 224, 0, 19, 34, 30113 }, // U+1FE9
    { 19, 16, 248, -3, 16, 38, 30147 }, // U+1FEA
    { 18, 16, 288, 0, 16, 36, 30185 }, // U+1FEB
    { 16, 16, 272, 0, 16, 32, 30221 }, // U+1FEC
    { 10, 5, 221, 2, 18, 7, 30253 }, // U+1FED
    { 10, 5, 221, 2, 18, 7, 30260 }, // U+1FEE
    { 3, 4, 49, 0, 16, 2, 30267 }, // U+1FEF
    { 16, 22, 266, 0, 16, 44, 30269 }, // U+1FF2
    { 16, 18, 266, 0, 12, 36, 30313 }, // U+1FF3
    { 16, 22, 266, 0, 16, 44, 30349 }, // U+1FF4
    { 16, 17, 266, 0, 16, 34, 30393 }, // U+1FF6
    { 16, 22, 266, 0, 16, 44, 30427 }, // U+1FF7
    { 18, 17, 254, -3, 16, 39, 30471 }, // U+1FF8
    { 17, 17, 283, 0, 16, 37, 30510 }, // U+1FF9
    { 18, 16, 276, -1, 16, 36, 30547 }, // U+1FFA
    { 17, 16, 285, 0, 16, 34, 30583 }, // U+1FFB
    { 14, 22, 254, 1, 16, 39, 30617 }, // U+1FFC
    { 3, 4, 87, 1, 16, 2, 30656 }, // U+1FFD
    { 4, 4, 70, 0, 16, 2, 30658 }, // U+1FFE
    { 0, 0, 182, 0, 0, 0, 30660 }, // U+2000
    { 0, 0, 364, 0, 0, 0, 30660 }, // U+2001
    { 0, 0, 167, 0, 0, 0, 30660 }, // U+2002
    { 0, 0, 333, 0, 0, 0, 30660 }, // U+2003
    { 0, 0, 111, 0, 0, 0, 30660 }, // U+2004
    { 0, 0, 83, 0, 0, 0, 30660 }, // U+2005
    { 0, 0, 55, 0, 0, 0, 30660 }, // U+2006
    { 0, 0, 216, 0, 0, 0, 30660 }, // U+2007
    { 0, 0, 91, 0, 0, 0, 30660 }, // U+2008
    { 0, 0, 58, 0, 0, 0, 30660 }, // U+2009
    { 0, 0, 28, 0, 0, 0, 30660 }, // U+200A
    { 0, 0, 0, 0, 0, 0, 30660 }, // U+200B
    { 0, 0, 0, 0, 0, 0, 30660 }, // U+200C
    { 0, 0, 0, 0, 0, 0, 30660 }, // U+200D
    { 0, 0, 0, 0, 0, 0, 30660 }, // U+200E
    { 0, 0, 0, 0, 0, 0, 30660 }, // U+200F
    { 7, 3, 117, 0, 8, 3, 30660 }, // U+2010
    { 7, 3, 117, 0, 8, 3, 30663 }, // U+2011
    { 13, 3, 216, 0, 8, 5, 30666 }, // U+2012
    { 11, 3, 167, 0, 8, 5, 30671 }, // U+2013
    { 21, 3, 333, 0, 8, 8, 30676 }, // U+2014
    { 21, 3, 333, 0, 8, 8, 30684 }, // U+2015
    { 6, 26, 157, 2, 21, 20, 30692 }, // U+2016
    { 11, 5, 149, -1, 0, 7, 30712 }, // U+2017
    { 4, 7, 82, 1, 16, 4, 30719 }, // U+2018
    { 4, 7, 82, 1, 16, 4, 30723 }, // U+2019
    { 3, 7, 76, 1, 3, 3, 30727 }, // U+201A
    { 4, 7, 82, 0, 16, 4, 30730 }, // U+201B
    { 7, 7, 139, 1, 16, 7, 30734 }, // U+201C
    { 7, 7, 139, 1, 16, 7, 30741 }, // U+201D
    { 7, 7, 133, 1, 3, 7, 30748 }, // U+201E
    { 8, 7, 139, 0, 16, 7, 30755 }, // U+201F
    { 8, 13, 161, 1, 16, 13, 30762 }, // U+2020
    { 8, 16, 161, 1, 16, 16, 30775 }, // U+2021
    { 7, 8, 183, 2, 10, 7, 30791 }, // U+2022
    { 6, 8, 183, 3, 10, 6, 30798 }, // U+2023
    { 4, 4, 91, 1, 3, 2, 30804 }, // U+2024
    { 9, 4, 182, 1, 3, 5, 30806 }, // U+2025
    { 15, 4, 273, 1, 3, 8, 30811 }, // U+2026
    { 4, 4, 91, 1, 9, 2, 30819 }, // U+2027
    { 0, 0, 0, 0, 0, 0, 30821 }, // U+202A
    { 0, 0, 0, 0, 0, 0, 30821 }, // U+202B
    { 0, 0, 0, 0, 0, 0, 30821 }, // U+202C
    { 0, 0, 0, 0, 0, 0, 30821 }, // U+202D
    { 0, 0, 0, 0, 0, 0, 30821 }, // U+202E
    { 0, 0, 58, 0, 0, 0, 30821 }, // U+202F
    { 23, 17, 433, 2, 16, 49, 30821 }, // U+2030
    { 31, 17, 550, 2, 16, 66, 30870 }, // U+2031
    { 4, 7, 72, 0, 16, 4, 30936 }, // U+2032
    { 8, 7, 143, 0, 16, 7, 30940 }, // U+2033
    { 13, 7, 213, 0, 16, 12, 30947 }, // U+2034
    { 4, 7, 72, 0, 16, 4, 30959 }, // U+2035
    { 8, 7, 143, 0, 16, 7, 30963 }, // U+2036
    { 13, 7, 213, 0, 16, 12, 30970 }, // U+2037
    { 9, 6, 149, 0, 0, 7, 30982 }, // U+2038
    { 7, 10, 124, 0, 11, 9, 30989 }, // U+2039
    { 7, 10, 124, 0, 11, 9, 30998 }, // U+203A
    { 13, 12, 210, 0, 13, 20, 31007 }, // U+203B
    { 9, 17, 182, 1, 16, 20, 31027 }, // U+203C
    { 10, 17, 168, 0, 16, 22, 31047 }, // U+203D
    { 11, 2, 178, 0, 18, 3, 31069 }, // U+203E
    { 17, 4, 270, 0, -1, 9, 31072 }, // U+203F
    { 17, 4, 270, 0, 16, 9, 31081 }, // U+2040
    { 9, 12, 148, 0, 6, 14, 31090 }, // U+2041
    { 13, 13, 239, 1, 14, 22, 31104 }, // U+2042
    { 7, 2, 183, 2, 7, 2, 31126 }, // U+2043
    { 13, 16, 59, -5, 16, 26, 31128 }, // U+2044
    { 5, 20, 117, 2, 17, 13, 31154 }, // U+2045
    { 5, 20, 117, 1, 17, 13, 31167 }, // U+2046
    { 21, 17, 343, 0, 16, 45, 31180 }, // U+2047
    { 15, 17, 262, 0, 16, 32, 31225 }, // U+2048
    { 15, 17, 262, 1, 16, 32, 31257 }, // U+2049
    { 9, 17, 144, 0, 12, 20, 31289 }, // U+204A
    { 11, 16, 198, 1, 16, 22, 31309 }, // U+204B
    { 10, 10, 195, 1, 11, 13, 31331 }, // U+204C
    { 10, 10, 195, 1, 11, 13, 31344 }, // U+204D
    { 9, 10, 165, 1, 8, 12, 31357 }, // U+204E
    { 4, 15, 95, 1, 11, 8, 31369 }, // U+204F
    { 17, 21, 268, 0, 16, 45, 31377 }, // U+2050
    { 9, 20, 178, 2, 16, 23, 31422 }, // U+2051
    { 13, 16, 238, 1, 16, 26, 31445 }, // U+2052
    { 13, 5, 239, 1, 10, 9, 31471 }, // U+2053
    { 17, 4, 270, 0, -1, 9, 31480 }, // U+2054
    { 9, 9, 180, 1, 10, 11, 31489 }, // U+2055
    { 17, 7, 284, 0, 16, 15, 31500 }, // U+2057
    { 0, 0, 91, 0, 0, 0, 31515 }, // U+205F
    { 0, 0, 0, 0, 0, 0, 31515 }, // U+2060
    { 0, 0, 0, 0, 0, 0, 31515 }, // U+2061
    { 0, 0, 0, 0, 0, 0, 31515 }, // U+2062
    { 0, 0, 0, 0, 0, 0, 31515 }, // U+2063
    { 0, 0, 0, 0, 0, 0, 31515 }, // U+2064
    { 0, 0, 0, 0, 0, 0, 31515 }, // U+2066
    { 0, 0, 0, 0, 0, 0, 31515 }, // U+2067
    { 0, 0, 0, 0, 0, 0, 31515 }, // U+2068
    { 0, 0, 0, 0, 0, 0, 31515 }, // U+2069
    { 0, 0, 0, 0, 0, 0, 31515 }, // U+206A
    { 0, 0, 0, 0, 0, 0, 31515 }, // U+206B
    { 0, 0, 0, 0, 0, 0, 31515 }, // U+206C
    { 0, 0, 0, 0, 0, 0, 31515 }, // U+206D
    { 0, 0, 0, 0, 0, 0, 31515 }, // U+206E
    { 0, 0, 0, 0, 0, 0, 31515 }, // U+206F
    { 9, 10, 150, 0, 18, 12, 31515 }, // U+2070
    { 2, 9, 64, 1, 18, 3, 31527 }, // U+2071
    { 9, 9, 149, 0, 18, 11, 31530 }, // U+2074
    { 8, 10, 143, 1, 18, 10, 31541 }, // U+2075
    { 9, 10, 144, 0, 18, 12, 31551 }, // U+2076
    { 8, 9, 132, 0, 18, 9, 31563 }, // U+2077
    { 9, 10, 146, 0, 18, 12, 31572 }, // U+2078
    { 9, 10, 144, 0, 18, 12, 31584 }, // U+2079
    { 7, 6, 142, 1, 16, 6, 31596 }, // U+207A
    { 7, 2, 142, 1, 14, 2, 31602 }, // U+207B
    { 7, 5, 142, 1, 15, 5, 31604 }, // U+207C
    { 4, 11, 86, 1, 18, 6, 31609 }, // U+207D
    { 4, 11, 86, 0, 18, 6, 31615 }, // U+207E
    { 7, 7, 141, 1, 16, 7, 31621 }, // U+207F
    { 9, 10, 150, 0, 6, 12, 31628 }, // U+2080
    { 5, 9, 98, 0, 6, 6, 31640 }, // U+2081
    { 7, 9, 143, 1, 6, 8, 31646 }, // U+2082
    { 8, 10, 145, 1, 6, 10, 31654 }, // U+2083
    { 9, 9, 149, 0, 6, 11, 31664 }, // U+2084
    { 8, 10, 143, 1, 6, 10, 31675 }, // U+2085
    { 9, 10, 144, 0, 6, 12, 31685 }, // U+2086
    { 8, 9, 132, 0, 6, 9, 31697 }, // U+2087
    { 9, 10, 146, 0, 6, 12, 31706 }, // U+2088
    { 9, 10, 144, 0, 6, 12, 31718 }, // U+2089
    { 7, 6, 142, 1, 4, 6, 31730 }, // U+208A
    { 7, 2, 142, 1, 2, 2, 31736 }, // U+208B
    { 7, 5, 142, 1, 3, 5, 31738 }, // U+208C
    { 4, 11, 86, 1, 6, 6, 31743 }, // U+208D
    { 4, 11, 86, 0, 6, 6, 31749 }, // U+208E
    { 8, 8, 131, 0, 4, 8, 31755 }, // U+2090
    { 8, 8, 135, 0, 4, 8, 31763 }, // U+2091
    { 8, 8, 138, 0, 4, 8, 31771 }, // U+2092
    { 8, 7, 130, 0, 4, 7, 31779 }, // U+2093
    { 8, 9, 148, 1, 4, 9, 31786 }, // U+2094
    { 7, 9, 141, 1, 6, 8, 31795 }, // U+2095
    { 7, 9, 129, 1, 6, 8, 31803 }, // U+2096
    { 2, 9, 64, 1, 6, 3, 31811 }, // U+2097
    { 11, 7, 203, 1, 4, 10, 31814 }, // U+2098
    { 7, 7, 141, 1, 4, 7, 31824 }, // U+2099
    { 8, 10, 142, 1, 4, 10, 31831 }, // U+209A
    { 8, 8, 126, 0, 4, 8, 31841 }, // U+209B
    { 5, 9, 82, 0, 5, 6, 31849 }, // U+209C
    { 13, 17, 240, 1, 16, 28, 31855 }, // U+20A0
    { 14, 20, 243, 1, 18, 35, 31883 }, // U+20A1
    { 13, 17, 241, 1, 16, 28, 31918 }, // U+20A2
    { 13, 16, 200, -1, 16, 26, 31946 }, // U+20A3
    { 11, 16, 201, 1, 16, 22, 31972 }, // U+20A4
    { 16, 16, 283, 1, 14, 32, 31994 }, // U+20A5
    { 16, 16, 254, 0, 16, 32, 32026 }, // U+20A6
    { 19, 17, 314, 1, 16, 41, 32058 }, // U+20A7
    { 22, 17, 370, 1, 16, 47, 32099 }, // U+20A8
    { 20, 16, 315, 0, 16, 40, 32146 }, // U+20A9
    { 15, 12, 269, 1, 12, 23, 32186 }, // U+20AA
    { 13, 20, 201, 0, 16, 33, 32209 }, // U+20AB
    { 13, 17, 220, 0, 16, 28, 32242 }, // U+20AC
    { 15, 16, 234, 0, 16, 30, 32270 }, // U+20AD
    { 13, 16, 213, 0, 16, 26, 32300 }, // U+20AE
    { 28, 23, 458, 0, 18, 81, 32326 }, // U+20AF
    { 14, 16, 219, 0, 16, 28, 32407 }, // U+20B1
    { 14, 21, 247, 1, 18, 37, 32435 }, // U+20B2
    { 14, 16, 227, 0, 16, 28, 32472 }, // U+20B3
    { 11, 17, 208, 1, 16, 24, 32500 }, // U+20B4
    { 14, 21, 243, 1, 18, 37, 32524 }, // U+20B5
    { 13, 16, 213, 0, 16, 26, 32561 }, // U+20B8
    { 11, 16, 178, 0, 16, 22, 32587 }, // U+20B9
    { 12, 17, 195, 0, 16, 26, 32609 }, // U+20BA
    { 13, 12, 240, 1, 12, 20, 32635 }, // U+20BC
    { 14, 16, 231, 0, 16, 28, 32655 }, // U+20BD
    { 13, 16, 239, 1, 16, 26, 32683 }, // U+20BE
    { 12, 20, 217, 1, 18, 30, 32709 }, // U+20BF
    { 17, 14, 316, 1, 14, 30, 32739 }, // U+2190
    { 15, 16, 276, 1, 16, 30, 32769 }, // U+2191
    { 16, 14, 316, 2, 14, 28, 32799 }, // U+2192
    { 15, 17, 276, 1, 16, 32, 32827 }, // U+2193
    { 25, 14, 445, 1, 14, 44, 32859 }, // U+2194
    { 15, 25, 276, 1, 19, 47, 32903 }, // U+2195
    { 12, 13, 255, 2, 12, 20, 32950 }, // U+2196
    { 12, 13, 255, 2, 12, 20, 32970 }, // U+2197
    { 12, 12, 255, 2, 12, 18, 32990 }, // U+2198
    { 12, 12, 255, 2, 12, 18, 33008 }, // U+2199
    { 21, 16, 379, 1, 16, 42, 33026 }, // U+21A9
    { 21, 16, 379, 1, 16, 42, 33068 }, // U+21AA
    { 18, 16, 327, 1, 16, 36, 33110 }, // U+21B0
    { 17, 16, 327, 2, 16, 34, 33146 }, // U+21B1
    { 12, 15, 273, 2, 15, 23, 33180 }, // U+21B2
    { 17, 14, 327, 2, 16, 30, 33203 }, // U+21B3
    { 14, 17, 275, 2, 16, 30, 33233 }, // U+21B4
    { 18, 14, 327, 1, 16, 32, 33263 }, // U+21B5
    { 17, 13, 273, 0, 14, 28, 33295 }, // U+21B6
    { 17, 13, 273, 0, 14, 28, 33323 }, // U+21B7
    { 16, 19, 316, 2, 19, 38, 33351 }, // U+21BA
    { 16, 19, 316, 2, 19, 38, 33389 }, // U+21BB
    { 16, 15, 273, 1, 15, 30, 33427 }, // U+21C4
    { 16, 15, 273, 1, 15, 30, 33457 }, // U+21C6
    { 17, 15, 316, 1, 14, 32, 33487 }, // U+21D0
    { 16, 15, 316, 2, 14, 30, 33519 }, // U+21D2
    { 25, 15, 445, 1, 14, 47, 33549 }, // U+21D4
    { 10, 16, 200, 1, 16, 20, 33596 }, // U+21DE
    { 10, 17, 200, 1, 16, 22, 33616 }, // U+21DF
    { 19, 9, 336, 1, 12, 22, 33638 }, // U+21E4
    { 19, 9, 336, 1, 12, 22, 33660 }, // U+21E5
    { 19, 17, 341, 1, 17, 41, 33682 }, // U+21E7
    { 19, 21, 341, 1, 17, 50, 33723 }, // U+21EA
    { 11, 17, 209, 1, 16, 24, 33773 }, // U+2202
    { 14, 13, 226, 0, 12, 23, 33797 }, // U+2205
    { 14, 16, 224, 0, 16, 28, 33820 }, // U+2206
    { 13, 19, 238, 1, 16, 31, 33848 }, // U+220F
    { 13, 19, 209, 0, 16, 31, 33879 }, // U+2211
    { 10, 2, 218, 2, 7, 3, 33910 }, // U+2212
    { 13, 15, 49, -5, 15, 25, 33913 }, // U+2215
    { 13, 16, 207, 0, 16, 26, 33938 }, // U+221A
    { 19, 9, 309, 0, 11, 22, 33964 }, // U+221E
    { 9, 22, 120, -1, 17, 25, 33986 }, // U+222B
    { 4, 12, 91, 1, 13, 6, 34011 }, // U+2236
    { 12, 10, 218, 1, 11, 15, 34017 }, // U+2248
    { 10, 12, 218, 2, 12, 15, 34032 }, // U+2260
    { 10, 12, 218, 2, 12, 15, 34047 }, // U+2264
    { 10, 12, 218, 2, 12, 15, 34062 }, // U+2265
    { 29, 29, 463, 0, 22, 106, 34077 }, // U+2295
    { 29, 29, 463, 0, 22, 106, 34183 }, // U+2296
    { 29, 29, 463, 0, 22, 106, 34289 }, // U+2297
    { 29, 29, 463, 0, 22, 106, 34395 }, // U+2298
    { 11, 16, 189, 0, 16, 22, 34501 }, // U+FB01
    { 12, 16, 199, 0, 16, 24, 34523 }, // U+FB02
    { 20, 17, 331, 0, 9, 43, 34547 }, // U+FB56
    { 24, 16, 364, 0, 8, 48, 34590 }, // U+FB57
    { 6, 16, 100, -1, 9, 12, 34638 }, // U+FB58
    { 9, 13, 124, 0, 6, 15, 34650 }, // U+FB59
    { 20, 16, 331, 0, 15, 40, 34665 }, // U+FB66
    { 24, 16, 364, 0, 15, 48, 34705 }, // U+FB67
    { 6, 18, 90, 0, 17, 14, 34753 }, // U+FB68
    { 9, 16, 124, 0, 15, 18, 34767 }, // U+FB69
    { 13, 18, 220, 0, 9, 30, 34785 }, // U+FB7A
    { 17, 18, 240, 0, 9, 39, 34815 }, // U+FB7B
    { 12, 15, 196, 0, 8, 23, 34854 }, // U+FB7C
    { 15, 15, 212, 0, 8, 29, 34877 }, // U+FB7D
    { 9, 20, 159, 0, 19, 23, 34906 }, // U+FB88
    { 13, 20, 177, 0, 19, 33, 34929 }, // U+FB89
    { 8, 20, 122, -1, 15, 20, 34962 }, // U+FB8A
    { 11, 20, 132, -1, 15, 28, 34982 }, // U+FB8B
    { 8, 21, 122, -1, 16, 21, 35010 }, // U+FB8C
    { 11, 21, 132, -1, 16, 29, 35031 }, // U+FB8D
    { 19, 16, 292, 0, 15, 38, 35060 }, // U+FB8E
    { 22, 16, 325, 0, 15, 44, 35098 }, // U+FB8F
    { 9, 16, 137, 0, 15, 18, 35142 }, // U+FB90
    { 12, 16, 169, 0, 15, 24, 35160 }, // U+FB91
    { 19, 19, 292, 0, 18, 46, 35184 }, // U+FB92
    { 22, 19, 325, 0, 18, 53, 35230 }, // U+FB93
    { 9, 19, 137, 0, 18, 22, 35283 }, // U+FB94
    { 12, 19, 169, 0, 18, 29, 35305 }, // U+FB95
    { 14, 12, 228, 0, 7, 21, 35334 }, // U+FB9E
    { 17, 11, 243, 0, 6, 24, 35355 }, // U+FB9F
    { 8, 10, 135, 0, 10, 10, 35379 }, // U+FBA6
    { 12, 8, 160, 0, 7, 12, 35389 }, // U+FBA7
    { 5, 13, 90, 0, 9, 9, 35401 }, // U+FBA8
    { 11, 10, 146, 0, 4, 14, 35410 }, // U+FBA9
    { 14, 12, 224, 0, 11, 21, 35424 }, // U+FBAA
    { 14, 14, 205, 0, 9, 25, 35445 }, // U+FBAB
    { 12, 12, 191, 0, 11, 18, 35470 }, // U+FBAC
    { 12, 14, 169, 0, 9, 21, 35488 }, // U+FBAD
    { 19, 11, 314, 0, 10, 27, 35509 }, // U+FBAE
    { 13, 8, 183, 0, 2, 13, 35536 }, // U+FBAF
    { 19, 16, 314, 0, 15, 38, 35549 }, // U+FBB0
    { 13, 13, 183, 0, 7, 22, 35587 }, // U+FBB1
    { 16, 14, 253, 0, 9, 28, 35609 }, // U+FBFC
    { 17, 9, 245, 0, 4, 20, 35637 }, // U+FBFD
    { 6, 13, 100, -1, 9, 10, 35657 }, // U+FBFE
    { 9, 10, 124, 0, 6, 12, 35667 }, // U+FBFF
    { 8, 10, 137, 0, 8, 10, 35679 }, // U+FE80
    { 8, 18, 78, -2, 18, 18, 35689 }, // U+FE81
    { 10, 20, 97, -2, 19, 25, 35707 }, // U+FE82
    { 5, 20, 78, 0, 20, 13, 35732 }, // U+FE83
    { 8, 22, 97, 0, 21, 22, 35745 }, // U+FE84
    { 9, 18, 149, 0, 13, 21, 35767 }, // U+FE85
    { 11, 18, 157, 0, 13, 25, 35788 }, // U+FE86
    { 5, 21, 79, 1, 15, 14, 35813 }, // U+FE87
    { 7, 21, 97, 1, 15, 19, 35827 }, // U+FE88
    { 16, 14, 253, 0, 9, 28, 35846 }, // U+FE89
    { 17, 14, 245, 0, 9, 30, 35874 }, // U+FE8A
    { 5, 16, 90, 0, 15, 10, 35904 }, // U+FE8B
    { 9, 13, 114, 0, 12, 15, 35914 }, // U+FE8C
    { 3, 15, 79, 1, 15, 6, 35929 }, // U+FE8D
    { 7, 16, 97, 1, 15, 14, 35935 }, // U+FE8E
    { 20, 13, 331, 0, 9, 33, 35949 }, // U+FE8F
    { 24, 12, 364, 0, 8, 36, 35982 }, // U+FE90
    { 5, 13, 90, 0, 9, 9, 36018 }, // U+FE91
    { 9, 10, 114, 0, 6, 12, 36027 }, // U+FE92
    { 8, 14, 135, 0, 14, 14, 36039 }, // U+FE93
    { 12, 16, 162, 0, 15, 24, 36053 }, // U+FE94
    { 20, 12, 331, 0, 11, 30, 36077 }, // U+FE95
    { 24, 12, 364, 0, 11, 36, 36107 }, // U+FE96
    { 6, 14, 90, 0, 13, 11, 36143 }, // U+FE97
    { 9, 11, 124, 0, 10, 13, 36154 }, // U+FE98
    { 20, 15, 331, 0, 14, 38, 36167 }, // U+FE99
    { 24, 15, 364, 0, 14, 45, 36205 }, // U+FE9A
    { 6, 17, 90, 0, 16, 13, 36250 }, // U+FE9B
    { 9, 14, 124, 0, 13, 16, 36263 }, // U+FE9C
    { 13, 18, 213, 0, 9, 30, 36279 }, // U+FE9D
    { 15, 18, 216, 0, 9, 34, 36309 }, // U+FE9E
    { 12, 12, 196, 0, 8, 18, 36343 }, // U+FE9F
    { 15, 12, 212, 0, 8, 23, 36361 }, // U+FEA0
    { 13, 18, 213, 0, 9, 30, 36384 }, // U+FEA1
    { 15, 18, 216, 0, 9, 34, 36414 }, // U+FEA2
    { 12, 9, 196, 0, 8, 14, 36448 }, // U+FEA3
    { 15, 9, 212, 0, 8, 17, 36462 }, // U+FEA4
    { 13, 22, 213, 0, 13, 36, 36479 }, // U+FEA5
    { 15, 22, 216, 0, 13, 42, 36515 }, // U+FEA6
    { 12, 13, 196, 0, 12, 20, 36557 }, // U+FEA7
    { 15, 13, 212, 0, 12, 25, 36577 }, // U+FEA8
    { 9, 11, 159, 0, 10, 13, 36602 }, // U+FEA9
    { 13, 11, 177, 0, 10, 18, 36615 }, // U+FEAA
    { 9, 15, 159, 0, 14, 17, 36633 }, // U+FEAB
    { 13, 15, 177, 0, 14, 25, 36650 }, // U+FEAC
    { 8, 13, 122, -1, 8, 13, 36675 }, // U+FEAD
    { 11, 13, 132, -1, 8, 18, 36688 }, // U+FEAE
    { 8, 17, 122, -1, 12, 17, 36706 }, // U+FEAF
    { 11, 17, 132, -1, 12, 24, 36723 }, // U+FEB0
    { 25, 14, 403, 0, 9, 44, 36747 }, // U+FEB1
    { 28, 13, 423, 0, 8, 46, 36791 }, // U+FEB2
    { 16, 10, 261, 0, 9, 20, 36837 }, // U+FEB3
    { 19, 9, 283, 0, 8, 22, 36857 }, // U+FEB4
    { 25, 19, 403, 0, 14, 60, 36879 }, // U+FEB5
    { 28, 19, 423, 0, 14, 67, 36939 }, // U+FEB6
    { 16, 15, 261, 0, 14, 30, 37006 }, // U+FEB7
    { 19, 15, 283, 0, 14, 36, 37036 }, // U+FEB8
    { 27, 13, 435, 0, 8, 44, 37072 }, // U+FEB9
    { 30, 13, 451, 0, 8, 49, 37116 }, // U+FEBA
    { 18, 9, 301, 0, 8, 21, 37165 }, // U+FEBB
    { 21, 9, 316, 0, 8, 24, 37186 }, // U+FEBC
    { 27, 17, 435, 0, 12, 58, 37210 }, // U+FEBD
    { 30, 17, 451, 0, 12, 64, 37268 }, // U+FEBE
    { 18, 13, 301, 0, 12, 30, 37332 }, // U+FEBF
    { 21, 13, 316, 0, 12, 35, 37362 }, // U+FEC0
    { 16, 16, 263, 0, 15, 32, 37397 }, // U+FEC1
    { 19, 16, 277, 0, 15, 38, 37429 }, // U+FEC2
    { 14, 16, 226, 0, 15, 28, 37467 }, // U+FEC3
    { 16, 16, 237, 0, 15, 32, 37495 }, // U+FEC4
    { 16, 16, 263, 0, 15, 32, 37527 }, // U+FEC5
    { 19, 16, 277, 0, 15, 38, 37559 }, // U+FEC6
    { 14, 16, 226, 0, 15, 28, 37597 }, // U+FEC7
    { 16, 16, 237, 0, 15, 32, 37625 }, // U+FEC8
    { 13, 20, 169, 0, 11, 33, 37657 }, // U+FEC9
    { 13, 18, 177, 0, 9, 30, 37690 }, // U+FECA
    { 10, 11, 168, 0, 10, 14, 37720 }, // U+FECB
    { 12, 10, 174, 0, 9, 15, 37734 }, // U+FECC
    { 13, 24, 169, 0, 15, 39, 37749 }, // U+FECD
    { 13, 22, 177, 0, 13, 36, 37788 }, // U+FECE
    { 10, 15, 168, 0, 14, 19, 37824 }, // U+FECF
    { 12, 14, 174, 0, 13, 21, 37843 }, // U+FED0
    { 20, 16, 328, 0, 15, 40, 37864 }, // U+FED1
    { 24, 14, 366, 0, 13, 42, 37904 }, // U+FED2
    { 9, 16, 149, 0, 15, 18, 37946 }, // U+FED3
    { 12, 14, 165, 0, 13, 21, 37964 }, // U+FED4
    { 16, 17, 258, 0, 13, 34, 37985 }, // U+FED5
    { 18, 17, 269, 0, 11, 39, 38019 }, // U+FED6
    { 9, 16, 149, 0, 15, 18, 38058 }, // U+FED7
    { 12, 14, 165, 0, 13, 21, 38076 }, // U+FED8
    { 18, 16, 294, 0, 15, 36, 38097 }, // U+FED9
    { 21, 16, 307, 0, 15, 42, 38133 }, // U+FEDA
    { 9, 16, 137, 0, 15, 18, 38175 }, // U+FEDB
    { 12, 16, 169, 0, 15, 24, 38193 }, // U+FEDC
    { 14, 20, 232, 0, 15, 35, 38217 }, // U+FEDD
    { 17, 20, 243, 0, 15, 43, 38252 }, // U+FEDE
    { 5, 16, 87, 0, 15, 10, 38295 }, // U+FEDF
    { 8, 16, 100, 0, 15, 16, 38305 }, // U+FEE0
    { 10, 17, 161, 0, 8, 22, 38321 }, // U+FEE1
    { 13, 17, 187, 0, 8, 28, 38343 }, // U+FEE2
    { 10, 9, 175, 0, 8, 12, 38371 }, // U+FEE3
    { 14, 9, 193, 0, 8, 16, 38383 }, // U+FEE4
    { 14, 16, 228, 0, 11, 28, 38399 }, // U+FEE5
    { 17, 16, 243, 0, 11, 34, 38427 }, // U+FEE6
    { 5, 14, 90, 0, 13, 9, 38461 }, // U+FEE7
    { 9, 11, 114, 0, 10, 13, 38470 }, // U+FEE8
    { 8, 10, 135, 0, 10, 10, 38483 }, // U+FEE9
    { 12, 12, 162, 0, 11, 18, 38493 }, // U+FEEA
    { 12, 12, 191, 0, 11, 18, 38511 }, // U+FEEB
    { 12, 14, 169, 0, 9, 21, 38529 }, // U+FEEC
    { 9, 13, 149, 0, 8, 15, 38550 }, // U+FEED
    { 11, 13, 157, 0, 8, 18, 38565 }, // U+FEEE
    { 16, 14, 253, 0, 9, 28, 38583 }, // U+FEEF
    { 17, 9, 245, 0, 4, 20, 38611 }, // U+FEF0
    { 16, 18, 253, 0, 9, 36, 38631 }, // U+FEF1
    { 17, 13, 245, 0, 4, 28, 38667 }, // U+FEF2
    { 6, 13, 100, -1, 9, 10, 38695 }, // U+FEF3
    { 9, 10, 124, 0, 6, 12, 38705 }, // U+FEF4
    { 13, 16, 194, -2, 16, 26, 38717 }, // U+FEF5
    { 16, 17, 200, -2, 16, 34, 38743 }, // U+FEF6
    { 12, 18, 194, -1, 18, 27, 38777 }, // U+FEF7
    { 14, 19, 200, 0, 18, 34, 38804 }, // U+FEF8
    { 11, 21, 194, 0, 15, 29, 38838 }, // U+FEF9
    { 14, 21, 200, 0, 15, 37, 38867 }, // U+FEFA
    { 11, 15, 194, 0, 15, 21, 38904 }, // U+FEFB
    { 14, 16, 200, 0, 15, 28, 38925 }, // U+FEFC
};

static const EpdUnicodeInterval inter_10_regularIntervals[] = {
    { 0x0, 0x148, 0x0 },
    { 0x14A, 0x17F, 0x149 },
    { 0x1A0, 0x1A1, 0x17F },
    { 0x1AF, 0x1B0, 0x181 },
    { 0x1C5, 0x21F, 0x183 },
    { 0x300, 0x304, 0x1DE },
    { 0x306, 0x30C, 0x1E3 },
    { 0x30F, 0x30F, 0x1EA },
    { 0x312, 0x313, 0x1EB },
    { 0x315, 0x315, 0x1ED },
    { 0x31B, 0x31B, 0x1EE },
    { 0x323, 0x323, 0x1EF },
    { 0x326, 0x328, 0x1F0 },
    { 0x32C, 0x32C, 0x1F3 },
    { 0x337, 0x338, 0x1F4 },
    { 0x342, 0x343, 0x1F6 },
    { 0x346, 0x36F, 0x1F8 },
    { 0x374, 0x376, 0x222 },
    { 0x37A, 0x37F, 0x225 },
    { 0x384, 0x38A, 0x22B },
    { 0x38C, 0x38C, 0x232 },
    { 0x38E, 0x3A1, 0x233 },
    { 0x3A3, 0x3D7, 0x247 },
    { 0x3DC, 0x3DD, 0x27C },
    { 0x3F0, 0x3F6, 0x27E },
    { 0x3F9, 0x3FA, 0x285 },
    { 0x3FC, 0x479, 0x287 },
    { 0x480, 0x49D, 0x305 },
    { 0x4A0, 0x4FF, 0x323 },
    { 0x5D0, 0x5EA, 0x383 },
    { 0x60C, 0x60C, 0x39E },
    { 0x61B, 0x61B, 0x39F },
    { 0x61F, 0x61F, 0x3A0 },
    { 0x621, 0x621, 0x3A1 },
    { 0x640, 0x640, 0x3A2 },
    { 0x660, 0x669, 0x3A3 },
    { 0x6BA, 0x6BA, 0x3AD },
    { 0x6D4, 0x6D4, 0x3AE },
    { 0x6F0, 0x6F9, 0x3AF },
    { 0x1EA0, 0x1EF9, 0x3B9 },
    { 0x1F00, 0x1F15, 0x413 },
    { 0x1F18, 0x1F1D, 0x429 },
    { 0x1F20, 0x1F45, 0x42F },
    { 0x1F48, 0x1F4D, 0x455 },
    { 0x1F50, 0x1F57, 0x45B },
    { 0x1F59, 0x1F59, 0x463 },
    { 0x1F5B, 0x1F5B, 0x464 },
    { 0x1F5D, 0x1F5D, 0x465 },
    { 0x1F5F, 0x1F7D, 0x466 },
    { 0x1F80, 0x1FB4, 0x485 },
    { 0x1FB6, 0x1FC4, 0x4BA },
    { 0x1FC6, 0x1FD3, 0x4C9 },
    { 0x1FD6, 0x1FDB, 0x4D7 },
    { 0x1FDD, 0x1FEF, 0x4DD },
    { 0x1FF2, 0x1FF4, 0x4F0 },
    { 0x1FF6, 0x1FFE, 0x4F3 },
    { 0x2000, 0x2027, 0x4FC },
    { 0x202A, 0x2055, 0x524 },
    { 0x2057, 0x2057, 0x550 },
    { 0x205F, 0x2064, 0x551 },
    { 0x2066, 0x2071, 0x557 },
    { 0x2074, 0x208E, 0x563 },
    { 0x2090, 0x209C, 0x57E },
    { 0x20A0, 0x20AF, 0x58B },
    { 0x20B1, 0x20B5, 0x59B },
    { 0x20B8, 0x20BA, 0x5A0 },
    { 0x20BC, 0x20BF, 0x5A3 },
    { 0x2190, 0x2199, 0x5A7 },
    { 0x21A9, 0x21AA, 0x5B1 },
    { 0x21B0, 0x21B7, 0x5B3 },
    { 0x21BA, 0x21BB, 0x5BB },
    { 0x21C4, 0x21C4, 0x5BD },
    { 0x21C6, 0x21C6, 0x5BE },
    { 0x21D0, 0x21D0, 0x5BF },
    { 0x21D2, 0x21D2, 0x5C0 },
    { 0x21D4, 0x21D4, 0x5C1 },
    { 0x21DE, 0x21DF, 0x5C2 },
    { 0x21E4, 0x21E5, 0x5C4 },
    { 0x21E7, 0x21E7, 0x5C6 },
    { 0x21EA, 0x21EA, 0x5C7 },
    { 0x2202, 0x2202, 0x5C8 },
    { 0x2205, 0x2206, 0x5C9 },
    { 0x220F, 0x220F, 0x5CB },
    { 0x2211, 0x2212, 0x5CC },
    { 0x2215, 0x2215, 0x5CE },
    { 0x221A, 0x221A, 0x5CF },
    { 0x221E, 0x221E, 0x5D0 },
    { 0x222B, 0x222B, 0x5D1 },
    { 0x2236, 0x2236, 0x5D2 },
    { 0x2248, 0x2248, 0x5D3 },
    { 0x2260, 0x2260, 0x5D4 },
    { 0x2264, 0x2265, 0x5D5 },
    { 0x2295, 0x2298, 0x5D7 },
    { 0xFB01, 0xFB02, 0x5DB },
    { 0xFB56, 0xFB59, 0x5DD },
    { 0xFB66, 0xFB69, 0x5E1 },
    { 0xFB7A, 0xFB7D, 0x5E5 },
    { 0xFB88, 0xFB95, 0x5E9 },
    { 0xFB9E, 0xFB9F, 0x5F7 },
    { 0xFBA6, 0xFBB1, 0x5F9 },
    { 0xFBFC, 0xFBFF, 0x605 },
    { 0xFE80, 0xFEFC, 0x609 },
};

static const uint16_t inter_10_regularKernLeftCodepoints[] = {
    0x0022, 0x0024, 0x0025, 0x0026, 0x0027, 0x0028, 0x0029, 0x002A, 0x002B, 0x002C, 0x002D, 0x002E,
    0x002F, 0x0030, 0x0031, 0x0032, 0x0033, 0x0034, 0x0035, 0x0036, 0x0037, 0x0038, 0x0039, 0x003A,
    0x003B, 0x003D, 0x003E, 0x003F, 0x0040, 0x0041, 0x0042, 0x0043, 0x0044, 0x0045, 0x0046, 0x0047,
    0x0048, 0x0049, 0x004A, 0x004B, 0x004C, 0x004D, 0x004E, 0x004F, 0x0050, 0x0051, 0x0052, 0x0053,
    0x0054, 0x0055, 0x0056, 0x0057, 0x0058, 0x0059, 0x005A, 0x005B, 0x005C, 0x005D, 0x005E, 0x005F,
    0x0061, 0x0062, 0x0063, 0x0064, 0x0065, 0x0066, 0x0067, 0x0068, 0x0069, 0x006A, 0x006B, 0x006C,
    0x006D, 0x006E, 0x006F, 0x0070, 0x0071, 0x0072, 0x0073, 0x0074, 0x0075, 0x0076, 0x0077, 0x0078,
    0x0079, 0x007A, 0x007B, 0x007C, 0x007D, 0x007E, 0x00A1, 0x00A2, 0x00A5, 0x00A9, 0x00AA, 0x00AB,
    0x00AC, 0x00AD, 0x00AE, 0x00B0, 0x00B1, 0x00B2, 0x00B5, 0x00B6, 0x00B7, 0x00BA, 0x00BB, 0x00BF,
    0x00C0, 0x00C1, 0x00C2, 0x00C3, 0x00C4, 0x00C5, 0x00C6, 0x00C7, 0x00C8, 0x00C9, 0x00CA, 0x00CB,
    0x00CC, 0x00CD, 0x00CE, 0x00CF, 0x00D0, 0x00D1, 0x00D2, 0x00D3, 0x00D4, 0x00D5, 0x00D6, 0x00D7,
    0x00D8, 0x00D9, 0x00DA, 0x00DB, 0x00DC, 0x00DD, 0x00DE, 0x00DF, 0x00E0, 0x00E1, 0x00E2, 0x00E3,
    0x00E4, 0x00E5, 0x00E6, 0x00E7, 0x00E8, 0x00E9, 0x00EA, 0x00EB, 0x00EC, 0x00ED, 0x00EE, 0x00EF,
    0x00F0, 0x00F1, 0x00F2, 0x00F3, 0x00F4, 0x00F5, 0x00F6, 0x00F7, 0x00F8, 0x00F9, 0x00FA, 0x00FB,
    0x00FC, 0x00FD, 0x00FE, 0x00FF, 0x0100, 0x0101, 0x0102, 0x0103, 0x0104, 0x0105, 0x0106, 0x0107,
    0x0108, 0x0109, 0x010A, 0x010B, 0x010C, 0x010D, 0x010E, 0x010F, 0x0111, 0x0112, 0x0113, 0x0114,
    0x0115, 0x0116, 0x0117, 0x0118, 0x0119, 0x011A, 0x011B, 0x011C, 0x011D, 0x011E, 0x011F, 0x0120,
    0x0121, 0x0122, 0x0123, 0x0124, 0x0125, 0x0126, 0x0127, 0x0128, 0x0129, 0x012A, 0x012B, 0x012C,
    0x012D, 0x012E, 0x012F, 0x0130, 0x0131, 0x0133, 0x0134, 0x0135, 0x0136, 0x0137, 0x0138, 0x0139,
    0x013A, 0x013B, 0x013C, 0x013D, 0x013E, 0x013F, 0x0140, 0x0141, 0x0142, 0x0143, 0x0144, 0x0145,
    0x0146, 0x0147, 0x0148, 0x014A, 0x014C, 0x014D, 0x014E, 0x014F, 0x0150, 0x0151, 0x0152, 0x0153,
    0x0154, 0x0155, 0x0156, 0x0157, 0x0158, 0x0159, 0x015A, 0x015B, 0x015C, 0x015D, 0x015E, 0x015F,
    0x0160, 0x0161, 0x0162, 0x0163, 0x0164, 0x0165, 0x0166, 0x0167, 0x0168, 0x0169, 0x016A, 0x016B,
    0x016C, 0x016D, 0x016E, 0x016F, 0x0170, 0x0171, 0x0172, 0x0173, 0x0174, 0x0175, 0x0176, 0x0177,
    0x0178, 0x0179, 0x017A, 0x017B, 0x017C, 0x017D, 0x017E, 0x017F, 0x01A0, 0x01A1, 0x01AF, 0x01B0,
    0x01C5, 0x01C6, 0x01C8, 0x01C9, 0x01CB, 0x01CC, 0x01CD, 0x01CE, 0x01CF, 0x01D0, 0x01D1, 0x01D2,
    0x01D3, 0x01D4, 0x01D5, 0x01D6, 0x01D7, 0x01D8, 0x01D9, 0x01DA, 0x01DB, 0x01DC, 0x01DD, 0x01DE,
    0x01DF, 0x01E0, 0x01E1, 0x01E2, 0x01E3, 0x01E4, 0x01E5, 0x01E6, 0x01E7, 0x01E8, 0x01E9, 0x01EA,
    0x01EB, 0x01EC, 0x01ED, 0x01F0, 0x01F1, 0x01F2, 0x01F3, 0x01F4, 0x01F5, 0x01F6, 0x01F8, 0x01F9,
    0x01FA, 0x01FB, 0x01FC, 0x01FD, 0x01FE, 0x01FF, 0x0200, 0x0201, 0x0202, 0x0203, 0x0204, 0x0205,
    0x0206, 0x0207, 0x0208, 0x0209, 0x020A, 0x020B, 0x020C, 0x020D, 0x020E, 0x020F, 0x0210, 0x0211,
    0x0212, 0x0213, 0x0214, 0x0215, 0x0216, 0x0217, 0x0218, 0x0219, 0x021A, 0x021B, 0x021E, 0x021F,
    0x0376, 0x037F, 0x0386, 0x0387, 0x0388, 0x0389, 0x038A, 0x038C, 0x038E, 0x0390, 0x0391, 0x0392,
    0x0393, 0x0395, 0x0396, 0x0397, 0x0398, 0x0399, 0x039A, 0x039B, 0x039C, 0x039D, 0x039E, 0x039F,
    0x03A0, 0x03A1, 0x03A3, 0x03A4, 0x03A5, 0x03A6, 0x03A7, 0x03A8, 0x03AA, 0x03AB, 0x03AC, 0x03AD,
    0x03B0, 0x03B1, 0x03B2, 0x03B3, 0x03B4, 0x03B5, 0x03B6, 0x03B8, 0x03BB, 0x03BD, 0x03BE, 0x03BF,
    0x03C0, 0x03C1, 0x03C3, 0x03C4, 0x03C5, 0x03C6, 0x03C7, 0x03C8, 0x03C9, 0x03CA, 0x03CB, 0x03CC,
    0x03CD, 0x03CE, 0x03CF, 0x03D5, 0x03D7, 0x03DC, 0x03F2, 0x03F3, 0x03F4, 0x03F9, 0x03FA, 0x03FC,
    0x0400, 0x0401, 0x0402, 0x0403, 0x0404, 0x0405, 0x0406, 0x0407, 0x0408, 0x0409, 0x040A, 0x040B,
    0x040C, 0x040D, 0x040F, 0x0410, 0x0411, 0x0412, 0x0413, 0x0414, 0x0415, 0x0416, 0x0417, 0x0418,
    0x0419, 0x041A, 0x041B, 0x041C, 0x041D, 0x041E, 0x041F, 0x0420, 0x0421, 0x0422, 0x0423, 0x0424,
    0x0425, 0x0426, 0x0427, 0x0428, 0x0429, 0x042A, 0x042B, 0x042C, 0x042D, 0x042E, 0x0430, 0x0432,
    0x0433, 0x0434, 0x0435, 0x0436, 0x0437, 0x0438, 0x0439, 0x043A, 0x043B, 0x043C, 0x043D, 0x043E,
    0x043F, 0x0440, 0x0441, 0x0442, 0x0443, 0x0444, 0x0445, 0x0446, 0x0447, 0x0448, 0x0449, 0x044A,
    0x044B, 0x044C, 0x044D, 0x044E, 0x044F, 0x0450, 0x0451, 0x0452, 0x0453, 0x0454, 0x0455, 0x0456,
    0x0457, 0x0458, 0x0459, 0x045A, 0x045B, 0x045C, 0x045D, 0x045E, 0x045F, 0x0460, 0x0462, 0x0463,
    0x0464, 0x0465, 0x0466, 0x0467, 0x0468, 0x046E, 0x0472, 0x0473, 0x0474, 0x0475, 0x0476, 0x0477,
    0x0479, 0x0481, 0x048A, 0x048B, 0x048C, 0x048D, 0x048E, 0x048F, 0x0490, 0x0491, 0x0492, 0x0493,
    0x0497, 0x0498, 0x049A, 0x049B, 0x049C, 0x049D, 0x04A0, 0x04A1, 0x04A2, 0x04A3, 0x04A4, 0x04A5,
    0x04A6, 0x04A7, 0x04A9, 0x04AA, 0x04AB, 0x04AC, 0x04AD, 0x04AE, 0x04AF, 0x04B0, 0x04B1, 0x04B3,
    0x04B5, 0x04B7, 0x04B9, 0x04BA, 0x04BB, 0x04BD, 0x04BF, 0x04C0, 0x04C1, 0x04C3, 0x04C4, 0x04C6,
    0x04C7, 0x04C8, 0x04C9, 0x04CA, 0x04CC, 0x04CD, 0x04CE, 0x04CF, 0x04D0, 0x04D1, 0x04D2, 0x04D3,
    0x04D4, 0x04D5, 0x04D6, 0x04D7, 0x04D9, 0x04DA, 0x04DB, 0x04DC, 0x04E0, 0x04E2, 0x04E3, 0x04E4,
    0x04E5, 0x04E6, 0x04E7, 0x04E8, 0x04E9, 0x04EA, 0x04EB, 0x04ED, 0x04EF, 0x04F1, 0x04F3, 0x04F5,
    0x04F6, 0x04F7, 0x04F9, 0x04FA, 0x04FB, 0x04FC, 0x04FD, 0x04FE, 0x04FF, 0x05D1, 0x05D2, 0x05D3,
    0x05D4, 0x05D7, 0x05D9, 0x05DA, 0x05DB, 0x05DC, 0x05DD, 0x05E0, 0x05E1, 0x05E2, 0x05E6, 0x05E7,
    0x05E8, 0x05EA, 0x1EA0, 0x1EA1, 0x1EA2, 0x1EA3, 0x1EA4, 0x1EA5, 0x1EA6, 0x1EA7, 0x1EA8, 0x1EA9,
    0x1EAA, 0x1EAB, 0x1EAC, 0x1EAD, 0x1EAE, 0x1EAF, 0x1EB0, 0x1EB1, 0x1EB2, 0x1EB3, 0x1EB4, 0x1EB5,
    0x1EB6, 0x1EB7, 0x1EB8, 0x1EB9, 0x1EBA, 0x1EBB, 0x1EBC, 0x1EBD, 0x1EBE, 0x1EBF, 0x1EC0, 0x1EC1,
    0x1EC2, 0x1EC3, 0x1EC4, 0x1EC5, 0x1EC6, 0x1EC7, 0x1EC8, 0x1EC9, 0x1ECA, 0x1ECB, 0x1ECC, 0x1ECD,
    0x1ECE, 0x1ECF, 0x1ED0, 0x1ED1, 0x1ED2, 0x1ED3, 0x1ED4, 0x1ED5, 0x1ED6, 0x1ED7, 0x1ED8, 0x1ED9,
    0x1EDA, 0x1EDB, 0x1EDC, 0x1EDD, 0x1EDE, 0x1EDF, 0x1EE0, 0x1EE1, 0x1EE2, 0x1EE3, 0x1EE4, 0x1EE5,
    0x1EE6, 0x1EE7, 0x1EE8, 0x1EE9, 0x1EEA, 0x1EEB, 0x1EEC, 0x1EED, 0x1EEE, 0x1EEF, 0x1EF0, 0x1EF1,
    0x1EF2, 0x1EF3, 0x1EF4, 0x1EF5, 0x1EF6, 0x1EF7, 0x1EF8, 0x1EF9, 0x1F00, 0x1F01, 0x1F02, 0x1F03,
    0x1F04, 0x1F05, 0x1F06, 0x1F07, 0x1F08, 0x1F09, 0x1F0A, 0x1F0B, 0x1F0C, 0x1F0D, 0x1F0E, 0x1F0F,
    0x1F10, 0x1F11, 0x1F12, 0x1F13, 0x1F14, 0x1F15, 0x1F18, 0x1F19, 0x1F1A, 0x1F1B, 0x1F1C, 0x1F1D,
    0x1F28, 0x1F29, 0x1F2A, 0x1F2B, 0x1F2C, 0x1F2D, 0x1F2E, 0x1F2F, 0x1F32, 0x1F33, 0x1F34, 0x1F35,
    0x1F36, 0x1F37, 0x1F38, 0x1F39, 0x1F3A, 0x1F3B, 0x1F3C, 0x1F3D, 0x1F3E, 0x1F3F, 0x1F40, 0x1F41,
    0x1F42, 0x1F43, 0x1F44, 0x1F45, 0x1F48, 0x1F49, 0x1F4A, 0x1F4B, 0x1F4C, 0x1F4D, 0x1F50, 0x1F51,
    0x1F52, 0x1F53, 0x1F54, 0x1F55, 0x1F56, 0x1F57, 0x1F59, 0x1F5B, 0x1F5D, 0x1F5F, 0x1F60, 0x1F61,
    0x1F62, 0x1F63, 0x1F64, 0x1F65, 0x1F66, 0x1F67, 0x1F70, 0x1F72, 0x1F78, 0x1F7A, 0x1F7C, 0x1F80,
    0x1F81, 0x1F82, 0x1F83, 0x1F84, 0x1F85, 0x1F86, 0x1F87, 0x1F88, 0x1F89, 0x1F8A, 0x1F8B, 0x1F8C,
    0x1F8D, 0x1F8E, 0x1F8F, 0x1F98, 0x1F99, 0x1F9A, 0x1F9B, 0x1F9C, 0x1F9D, 0x1F9E, 0x1F9F, 0x1FA0,
    0x1FA1, 0x1FA2, 0x1FA3, 0x1FA4, 0x1FA5, 0x1FA6, 0x1FA7, 0x1FB0, 0x1FB1, 0x1FB2, 0x1FB3, 0x1FB4,
    0x1FB6, 0x1FB7, 0x1FB8, 0x1FB9, 0x1FBA, 0x1FBB, 0x1FBC, 0x1FC8, 0x1FC9, 0x1FCA, 0x1FCB, 0x1FCC,
    0x1FD0, 0x1FD1, 0x1FD2, 0x1FD6, 0x1FD7, 0x1FD8, 0x1FD9, 0x1FDA, 0x1FDB, 0x1FE0, 0x1FE1, 0x1FE2,
    0x1FE4, 0x1FE5, 0x1FE6, 0x1FE7, 0x1FE8, 0x1FE9, 0x1FEA, 0x1FEB, 0x1FEC, 0x1FF2, 0x1FF3, 0x1FF4,
    0x1FF6, 0x1FF7, 0x1FF8, 0x1FF9, 0x2018, 0x2019, 0x201A, 0x201C, 0x201D, 0x201E, 0x2020, 0x2021,
    0x2022, 0x2023, 0x2026, 0x2034, 0x2039, 0x203A, 0x203D, 0x2043, 0x204B, 0x204C, 0x204D, 0x204F,
    0x2071, 0x2074, 0x2077, 0x207A, 0x207B, 0x2080, 0x2081, 0x2082, 0x2083, 0x2084, 0x2085, 0x2086,
    0x2087, 0x2088, 0x2089, 0x208A, 0x208B, 0x208C, 0x208D, 0x208E, 0x2090, 0x2091, 0x2092, 0x2093,
    0x2095, 0x2096, 0x2097, 0x2098, 0x2099, 0x209A, 0x209B, 0x209C, 0x20A1, 0x20A7, 0x20A8, 0x20A9,
    0x20AC, 0x20AF, 0x20B2, 0x20B5, 0x20BD, 0x20BF, 0x2190, 0x21D0, 0x2206, 0x2212, 0x221E, 0x2248,
    0x2260, 0x2264, 0x2265, 0xFB02, 0xFB8C, 0xFEAD, 0xFEAE, 0xFEAF,
};

static const uint8_t inter_10_regularKernLeftClassIds[] = {
      1,   2,   3,   4,   1,   5,   6,   7,   8,   9,   8,   9,  10,  11,  12,  13,
     14,  15,  16,  17,  18,  14,  11,  19,  19,  20,  21,  22,  23,  24,  25,  26,
     23,  27,  28,  29,  12,  12,  30,  31,  32,  12,  12,  23,  33,  23,  34,   2,
     35,  30,  36,  37,  38,  39,  40,  41,  42,   6,   7,  43,  44,  45,  45,  12,
     45,  46,  47,  44,  48,  48,  49,  12,  44,  44,  45,  45,  47,  50,  51,  52,
     53,  54,  55,  56,  54,  57,   5,  12,   6,  58,  59,  45,  60,  23,  61,  62,
     47,  63,  64,   7,  20,  65,  66,  12,  67,  61,  68,  69,  24,  24,  24,  24,
     24,  24,  27,  26,  27,  27,  27,  27,  12,  12,  70,  70,  23,  12,  23,  23,
     23,  23,  23,  71,  23,  30,  30,  30,  30,  39,  72,  73,  44,  44,  44,  44,
     44,  44,  74,  45,  45,  45,  45,  45,  48,  48,  75,  76,  45,  77,  45,  45,
     45,  78,  78,   8,  45,  53,  53,  53,  53,  54,  45,  54,  24,  79,  24,  44,
     24,  44,  26,  45,  26,  45,  26,  45,  26,  45,  23,  80,  81,  27,  45,  27,
     45,  27,  45,  27,  45,  27,  45,  29,  47,  29,  47,  29,  47,  29,  47,  12,
     44,  12,  44,  70,  82,  70,  83,  70,  84,  12,  48,  12,  48,  48,  30,  85,
     31,  49,  49,  86,  87,  32,  12,  88,  12,  89,  90,  91,  92,  12,  44,  12,
     44,  12,  44,  12,  23,  45,  23,  45,  23,  45,  27,  45,  34,  50,  34,  50,
     34,  50,   2,  51,   2,  51,   2,  51,   2,  51,  93,  52,  94,  52,  95,  52,
     30,  53,  30,  53,  30,  53,  30,  53,  30,  53,  30,  53,  37,  55,  39,  54,
     39,  40,  57,  40,  57,  40,  57,  96,  97,  98,  99, 100, 101,  57,  48,  48,
     48,  48,  24,  44,  87, 102,  23,  45,  30,  53,  30,  53,  30,  53,  30,  53,
     30,  53, 103,  24,  44,  24,  44,  27,  74,  29,  47,  29,  47,  31,  49,  23,
     45,  23,  45,  48, 104,  57,  57,  29,  47, 105,  12,  44,  24,  44,  27,  74,
     23,  45,  24,  44,  24,  44,  27,  45,  27,  45, 106, 107,  70, 108,  23,  45,
     23,  45,  34,  50,  34,  50,  30,  53,  30,  53,   2,  51,  35,  52,  12,  44,
     12,  30,  24,   1,  27,  12,  12,  23,  39, 109,  24,  25, 110,  27,  40,  12,
     23,  12,  31,  24,  12,  12,  27,  23,  12,  33, 111,  35,  39,  23,  38, 112,
     70,  39, 113, 114,  53, 113,  25, 115, 116,  51, 117, 118, 119,  54, 120,  45,
     52,  45, 121,  50,  53,  45, 122, 123, 124, 109,  53,  45,  53, 124,  31,  45,
     49,  28,  45,  48,  23,  26,  12,  45,  27,  27,  45,  35,  98,   2,  12,  70,
     30,  45,  45,  44,  31,  12,  12,  24,  25,  25,  35, 125,  27, 126,  14,  12,
     12,  31,  12,  12,  12,  23,  12,  33,  26,  35,  39, 127,  38, 125,  12,  12,
    125,  45,  12,  45,  23, 128,  44,  51,  50, 129,  45,  56,  44,  44,  44,  49,
     44,  44,  44,  45,  44,  45,  45, 130,  54,  45,  56, 129,  44,  44, 129, 131,
     48, 131,  45,  45,  44,  45,  45,  44,  50,  45,  51,  48,  76,  48, 131, 131,
     44,  49,  44,  54,  53,  12,  45,  45,  26,  45,  24,  24,  24,  25,  23,  45,
     36,  54,  36,  54,  46,  45,  12,  52,  45,  45,  33,  45,  35,  50,  35,  50,
     56,  14,  31,  49,  31,  49,  31,  49,  52,  52,  35,  50,  45, 131,  74,  26,
     45,  35,  50,  39,  54, 132,  54,  56, 129,  52,  44,  44,  44,  45,  74,  12,
     38,  25,  44,  52,  12,  44,  52,  52,  44,  12,  52,  12,  24,  44,  24,  44,
     27,  74,  27,  45,  45,  23,  45,  38,  14,  12,  44,  12,  44,  23,  45,  23,
     45,  23,  45,  45,  54,  54,  54,  44,  35,  50,  44,  35,  50,  38,  56,  38,
     56, 133, 133, 134, 135, 135, 136, 134, 133, 137, 135, 133, 138, 139, 140, 135,
    134, 141,  24,  44,  24,  44,  24,  44,  24,  44,  24,  44,  24,  44,  24,  44,
     24,  44,  24,  44,  24,  44,  24,  44,  24,  44,  27,  45,  27,  45,  27,  45,
     27,  45,  27,  45,  27,  45,  27,  45,  27,  45,  12, 107,  12, 142,  23,  45,
     23,  45,  23,  45,  23,  45,  23, 143,  23,  45,  23,  45,  23,  45,  23,  45,
     23,  45,  23,  45,  23,  45,  30,  53,  30,  53, 144,  53, 144,  53, 144, 100,
    144,  53, 144,  53,  39,  54, 145,  54, 145,  54, 145,  54, 113, 113, 113, 113,
    113, 113, 113, 113,  24,  24,  24,  24,  24,  24,  24,  24, 114, 114, 114, 114,
    114, 114,  27,  27,  27,  27,  27,  27,  12,  12,  12,  12,  12,  12,  12,  12,
    109, 109, 109, 109, 109, 109,  12,  12,  12,  12,  12,  12,  12,  12,  45,  45,
     45,  45,  45,  45,  23,  23,  23,  23,  23,  23,  53,  53,  53,  53,  53,  53,
     53,  53,  39,  39,  39,  39, 124, 124, 124, 124, 124, 124, 124, 124, 113, 114,
     45,  53, 124, 113, 113, 113, 113, 113, 113, 113, 113,  24,  24,  24,  24,  24,
     24,  24,  24,  12,  12,  12,  12,  12,  12,  12,  12, 124, 124, 124, 124, 124,
    124, 124, 124, 113, 113, 113, 113, 113, 113, 113,  24,  24,  24,  24,  24,  27,
     27,  12,  12,  12, 109, 109, 109, 109, 109,  70,  70,  12,  12,  53,  53,  53,
     45,  45,  53,  53,  39,  39,  39,  39,  33, 124, 124, 124, 124, 124,  23,  23,
    146, 147, 148, 146, 147, 148,  61,  61, 149, 149, 150, 147,  62,  68,  22, 149,
     33,  44, 149,  19, 151, 152, 153, 154, 154, 155, 155, 155, 155, 155, 156, 155,
    157, 155, 155, 155, 155, 155, 155, 155, 155, 155, 155, 155, 155, 155, 155, 155,
    155, 155, 155, 155,  26,  52,  51, 158, 159,  45,  29,  26, 160,  25,   8,  20,
     24,   8,  89,  20,  20,  20,  20, 161, 162, 162, 162, 162,
};

static const uint16_t inter_10_regularKernRightCodepoints[] = {
    0x0022, 0x0023, 0x0024, 0x0025, 0x0026, 0x0027, 0x0029, 0x002A, 0x002B, 0x002C, 0x002D, 0x002E,
    0x002F, 0x0030, 0x0031, 0x0032, 0x0033, 0x0034, 0x0035, 0x0036, 0x0037, 0x0038, 0x0039, 0x003A,
    0x003B, 0x003C, 0x003D, 0x003F, 0x0040, 0x0041, 0x0042, 0x0043, 0x0044, 0x0045, 0x0046, 0x0047,
    0x0048, 0x0049, 0x004A, 0x004B, 0x004C, 0x004D, 0x004E, 0x004F, 0x0050, 0x0051, 0x0052, 0x0053,
    0x0054, 0x0055, 0x0056, 0x0057, 0x0058, 0x0059, 0x005A, 0x005C, 0x005D, 0x005E, 0x005F, 0x0061,
    0x0062, 0x0063, 0x0064, 0x0065, 0x0066, 0x0067, 0x0068, 0x0069, 0x006A, 0x006B, 0x006C, 0x006D,
    0x006E, 0x006F, 0x0070, 0x0071, 0x0072, 0x0073, 0x0074, 0x0075, 0x0076, 0x0077, 0x0078, 0x0079,
    0x007A, 0x007C, 0x007D, 0x007E, 0x00A2, 0x00A5, 0x00A9, 0x00AA, 0x00AB, 0x00AC, 0x00AD, 0x00AE,
    0x00B0, 0x00B1, 0x00B2, 0x00B5, 0x00B6, 0x00B7, 0x00B9, 0x00BA, 0x00BB, 0x00BF, 0x00C0, 0x00C1,
    0x00C2, 0x00C3, 0x00C4, 0x00C5, 0x00C6, 0x00C7, 0x00C8, 0x00C9, 0x00CA, 0x00CB, 0x00CC, 0x00CD,
    0x00CE, 0x00CF, 0x00D0, 0x00D1, 0x00D2, 0x00D3, 0x00D4, 0x00D5, 0x00D6, 0x00D7, 0x00D8, 0x00D9,
    0x00DA, 0x00DB, 0x00DC, 0x00DD, 0x00DE, 0x00DF, 0x00E0, 0x00E1, 0x00E2, 0x00E3, 0x00E4, 0x00E5,
    0x00E6, 0x00E7, 0x00E8, 0x00E9, 0x00EA, 0x00EB, 0x00EC, 0x00ED, 0x00EE, 0x00EF, 0x00F0, 0x00F1,
    0x00F2, 0x00F3, 0x00F4, 0x00F5, 0x00F6, 0x00F7, 0x00F8, 0x00F9, 0x00FA, 0x00FB, 0x00FC, 0x00FD,
    0x00FE, 0x00FF, 0x0100, 0x0101, 0x0102, 0x0103, 0x0104, 0x0105, 0x0106, 0x0107, 0x0108, 0x0109,
    0x010A, 0x010B, 0x010C, 0x010D, 0x010E, 0x010F, 0x0110, 0x0111, 0x0112, 0x0113, 0x0114, 0x0115,
    0x0116, 0x0117, 0x0118, 0x0119, 0x011A, 0x011B, 0x011C, 0x011D, 0x011E, 0x011F, 0x0120, 0x0121,
    0x0122, 0x0123, 0x0124, 0x0125, 0x0126, 0x0127, 0x0128, 0x0129, 0x012A, 0x012B, 0x012C, 0x012D,
    0x012E, 0x012F, 0x0130, 0x0131, 0x0133, 0x0134, 0x0135, 0x0136, 0x0137, 0x0138, 0x0139, 0x013A,
    0x013B, 0x013C, 0x013D, 0x013E, 0x0140, 0x0141, 0x0142, 0x0143, 0x0144, 0x0145, 0x0146, 0x0147,
    0x0148, 0x014A, 0x014B, 0x014C, 0x014D, 0x014E, 0x014F, 0x0150, 0x0151, 0x0152, 0x0153, 0x0154,
    0x0155, 0x0156, 0x0157, 0x0158, 0x0159, 0x015A, 0x015B, 0x015C, 0x015D, 0x015E, 0x015F, 0x0160,
    0x0161, 0x0162, 0x0163, 0x0164, 0x0165, 0x0166, 0x0167, 0x0168, 0x0169, 0x016A, 0x016B, 0x016C,
    0x016D, 0x016E, 0x016F, 0x0170, 0x0171, 0x0172, 0x0173, 0x0174, 0x0175, 0x0176, 0x0177, 0x0178,
    0x0179, 0x017A, 0x017B, 0x017C, 0x017D, 0x017E, 0x017F, 0x01A0, 0x01A1, 0x01AF, 0x01B0, 0x01C5,
    0x01C6, 0x01C8, 0x01C9, 0x01CB, 0x01CC, 0x01CD, 0x01CE, 0x01CF, 0x01D0, 0x01D1, 0x01D2, 0x01D3,
    0x01D4, 0x01D5, 0x01D6, 0x01D7, 0x01D8, 0x01D9, 0x01DA, 0x01DB, 0x01DC, 0x01DD, 0x01DE, 0x01DF,
    0x01E0, 0x01E1, 0x01E2, 0x01E3, 0x01E4, 0x01E5, 0x01E6, 0x01E7, 0x01E8, 0x01E9, 0x01EA, 0x01EB,
    0x01EC, 0x01ED, 0x01EF, 0x01F0, 0x01F2, 0x01F3, 0x01F4, 0x01F5, 0x01F6, 0x01F8, 0x01F9, 0x01FA,
    0x01FB, 0x01FC, 0x01FD, 0x01FE, 0x01FF, 0x0200, 0x0201, 0x0202, 0x0203, 0x0204, 0x0205, 0x0206,
    0x0207, 0x0208, 0x0209, 0x020A, 0x020B, 0x020C, 0x020D, 0x020E, 0x020F, 0x0210, 0x0211, 0x0212,
    0x0213, 0x0214, 0x0215, 0x0216, 0x0217, 0x0218, 0x0219, 0x021A, 0x021B, 0x021E, 0x021F, 0x0376,
    0x037E, 0x037F, 0x0386, 0x0387, 0x0389, 0x038C, 0x038E, 0x0390, 0x0391, 0x0392, 0x0393, 0x0395,
    0x0396, 0x0397, 0x0398, 0x0399, 0x039A, 0x039B, 0x039C, 0x039D, 0x039F, 0x03A0, 0x03A1, 0x03A3,
    0x03A4, 0x03A5, 0x03A6, 0x03A7, 0x03A8, 0x03A9, 0x03AA, 0x03AB, 0x03AC, 0x03AD, 0x03AE, 0x03B0,
    0x03B1, 0x03B2, 0x03B3, 0x03B4, 0x03B5, 0x03B6, 0x03B7, 0x03B8, 0x03BB, 0x03BD, 0x03BE, 0x03BF,
    0x03C0, 0x03C1, 0x03C2, 0x03C3, 0x03C4, 0x03C5, 0x03C6, 0x03C7, 0x03C8, 0x03C9, 0x03CA, 0x03CB,
    0x03CC, 0x03CD, 0x03CE, 0x03CF, 0x03D5, 0x03D7, 0x03DC, 0x03DD, 0x03F2, 0x03F3, 0x03F4, 0x03F9,
    0x03FA, 0x03FC, 0x0400, 0x0401, 0x0402, 0x0403, 0x0404, 0x0405, 0x0406, 0x0407, 0x0408, 0x0409,
    0x040A, 0x040B, 0x040C, 0x040D, 0x040F, 0x0410, 0x0411, 0x0412, 0x0413, 0x0414, 0x0415, 0x0416,
    0x0417, 0x0418, 0x0419, 0x041A, 0x041B, 0x041C, 0x041D, 0x041E, 0x041F, 0x0420, 0x0421, 0x0422,
    0x0423, 0x0424, 0x0425, 0x0426, 0x0427, 0x0428, 0x0429, 0x042A, 0x042B, 0x042C, 0x042D, 0x042E,
    0x0430, 0x0431, 0x0432, 0x0433, 0x0434, 0x0435, 0x0436, 0x0437, 0x0438, 0x0439, 0x043A, 0x043B,
    0x043C, 0x043D, 0x043E, 0x043F, 0x0440, 0x0441, 0x0442, 0x0443, 0x0444, 0x0445, 0x0446, 0x0447,
    0x0448, 0x0449, 0x044A, 0x044B, 0x044C, 0x044D, 0x044E, 0x044F, 0x0450, 0x0451, 0x0452, 0x0453,
    0x0454, 0x0455, 0x0456, 0x0457, 0x0458, 0x0459, 0x045A, 0x045B, 0x045C, 0x045D, 0x045E, 0x045F,
    0x0460, 0x0463, 0x0464, 0x0465, 0x0466, 0x0467, 0x0468, 0x046C, 0x046E, 0x0472, 0x0473, 0x0474,
    0x0475, 0x0476, 0x0477, 0x0478, 0x0479, 0x0481, 0x048A, 0x048B, 0x048D, 0x048E, 0x048F, 0x0490,
    0x0491, 0x0493, 0x0494, 0x0495, 0x0497, 0x049A, 0x049B, 0x049C, 0x049D, 0x04A0, 0x04A1, 0x04A2,
    0x04A3, 0x04A4, 0x04A5, 0x04A6, 0x04A7, 0x04A9, 0x04AA, 0x04AB, 0x04AC, 0x04AD, 0x04AE, 0x04AF,
    0x04B0, 0x04B1, 0x04B2, 0x04B3, 0x04B4, 0x04B5, 0x04B7, 0x04B9, 0x04BA, 0x04BB, 0x04BD, 0x04C0,
    0x04C1, 0x04C3, 0x04C4, 0x04C6, 0x04C7, 0x04C8, 0x04C9, 0x04CA, 0x04CD, 0x04CE, 0x04CF, 0x04D0,
    0x04D1, 0x04D2, 0x04D3, 0x04D4, 0x04D5, 0x04D6, 0x04D7, 0x04D9, 0x04DA, 0x04DB, 0x04DC, 0x04E1,
    0x04E2, 0x04E3, 0x04E4, 0x04E5, 0x04E6, 0x04E7, 0x04E8, 0x04E9, 0x04EA, 0x04EB, 0x04ED, 0x04EF,
    0x04F1, 0x04F3, 0x04F7, 0x04F9, 0x04FB, 0x04FC, 0x04FD, 0x04FE, 0x04FF, 0x05D0, 0x05D1, 0x05D2,
    0x05D3, 0x05D4, 0x05D6, 0x05D7, 0x05D8, 0x05D9, 0x05DA, 0x05DB, 0x05DC, 0x05DD, 0x05DE, 0x05E1,
    0x05E2, 0x05E3, 0x05E4, 0x05E7, 0x05E8, 0x05E9, 0x05EA, 0x1EA0, 0x1EA1, 0x1EA2, 0x1EA3, 0x1EA4,
    0x1EA5, 0x1EA6, 0x1EA7, 0x1EA8, 0x1EA9, 0x1EAA, 0x1EAB, 0x1EAC, 0x1EAD, 0x1EAE, 0x1EAF, 0x1EB0,
    0x1EB1, 0x1EB2, 0x1EB3, 0x1EB4, 0x1EB5, 0x1EB6, 0x1EB7, 0x1EB8, 0x1EB9, 0x1EBA, 0x1EBB, 0x1EBC,
    0x1EBD, 0x1EBE, 0x1EBF, 0x1EC0, 0x1EC1, 0x1EC2, 0x1EC3, 0x1EC4, 0x1EC5, 0x1EC6, 0x1EC7, 0x1EC8,
    0x1EC9, 0x1ECA, 0x1ECB, 0x1ECC, 0x1ECD, 0x1ECE, 0x1ECF, 0x1ED0, 0x1ED1, 0x1ED2, 0x1ED3, 0x1ED4,
    0x1ED5, 0x1ED6, 0x1ED7, 0x1ED8, 0x1ED9, 0x1EDA, 0x1EDB, 0x1EDC, 0x1EDD, 0x1EDE, 0x1EDF, 0x1EE0,
    0x1EE1, 0x1EE2, 0x1EE3, 0x1EE4, 0x1EE5, 0x1EE6, 0x1EE7, 0x1EE8, 0x1EE9, 0x1EEA, 0x1EEB, 0x1EEC,
    0x1EED, 0x1EEE, 0x1EEF, 0x1EF0, 0x1EF1, 0x1EF2, 0x1EF3, 0x1EF4, 0x1EF5, 0x1EF6, 0x1EF7, 0x1EF8,
    0x1EF9, 0x1F00, 0x1F01, 0x1F02, 0x1F03, 0x1F04, 0x1F05, 0x1F06, 0x1F07, 0x1F08, 0x1F09, 0x1F0A,
    0x1F0B, 0x1F0C, 0x1F0D, 0x1F0E, 0x1F0F, 0x1F10, 0x1F11, 0x1F12, 0x1F13, 0x1F14, 0x1F15, 0x1F20,
    0x1F21, 0x1F22, 0x1F23, 0x1F24, 0x1F25, 0x1F26, 0x1F27, 0x1F28, 0x1F29, 0x1F2A, 0x1F2B, 0x1F2C,
    0x1F2D, 0x1F2E, 0x1F2F, 0x1F32, 0x1F33, 0x1F34, 0x1F35, 0x1F36, 0x1F37, 0x1F40, 0x1F41, 0x1F42,
    0x1F43, 0x1F44, 0x1F45, 0x1F48, 0x1F49, 0x1F4A, 0x1F4B, 0x1F4C, 0x1F4D, 0x1F50, 0x1F51, 0x1F52,
    0x1F53, 0x1F54, 0x1F55, 0x1F56, 0x1F57, 0x1F60, 0x1F61, 0x1F62, 0x1F63, 0x1F64, 0x1F65, 0x1F66,
    0x1F67, 0x1F70, 0x1F71, 0x1F72, 0x1F74, 0x1F78, 0x1F7A, 0x1F7C, 0x1F80, 0x1F81, 0x1F82, 0x1F83,
    0x1F84, 0x1F85, 0x1F86, 0x1F87, 0x1F88, 0x1F89, 0x1F8A, 0x1F8B, 0x1F8C, 0x1F8D, 0x1F8E, 0x1F8F,
    0x1F90, 0x1F91, 0x1F92, 0x1F93, 0x1F94, 0x1F95, 0x1F96, 0x1F97, 0x1F98, 0x1F99, 0x1F9A, 0x1F9B,
    0x1F9C, 0x1F9D, 0x1F9E, 0x1F9F, 0x1FA0, 0x1FA1, 0x1FA2, 0x1FA3, 0x1FA4, 0x1FA5, 0x1FA6, 0x1FA7,
    0x1FB0, 0x1FB1, 0x1FB2, 0x1FB3, 0x1FB4, 0x1FB6, 0x1FB7, 0x1FB8, 0x1FB9, 0x1FBA, 0x1FBB, 0x1FBC,
    0x1FC2, 0x1FC3, 0x1FC4, 0x1FC6, 0x1FC7, 0x1FC9, 0x1FCA, 0x1FCB, 0x1FCC, 0x1FD0, 0x1FD1, 0x1FD2,
    0x1FD6, 0x1FD7, 0x1FD8, 0x1FD9, 0x1FE0, 0x1FE1, 0x1FE2, 0x1FE4, 0x1FE5, 0x1FE6, 0x1FE7, 0x1FE8,
    0x1FE9, 0x1FEC, 0x1FF2, 0x1FF3, 0x1FF4, 0x1FF6, 0x1FF7, 0x1FF8, 0x1FF9, 0x2018, 0x2019, 0x201A,
    0x201B, 0x201C, 0x201D, 0x201E, 0x201F, 0x2020, 0x2021, 0x2022, 0x2023, 0x2026, 0x2034, 0x2039,
    0x203A, 0x203D, 0x2043, 0x2044, 0x204A, 0x204B, 0x204C, 0x204D, 0x204F, 0x2074, 0x2077, 0x2079,
    0x207E, 0x207F, 0x2080, 0x2081, 0x2082, 0x2083, 0x2084, 0x2086, 0x2087, 0x2088, 0x2089, 0x208A,
    0x208B, 0x208C, 0x208D, 0x208E, 0x2091, 0x2092, 0x2093, 0x2095, 0x2096, 0x2097, 0x2098, 0x2099,
    0x209A, 0x209B, 0x209C, 0x20A1, 0x20A7, 0x20A8, 0x20A9, 0x20AB, 0x20B2, 0x20B4, 0x20B5, 0x20B8,
    0x20BF, 0x2192, 0x21D2, 0x2206, 0x2212, 0x221E, 0x222B, 0x2236, 0x2248, 0x2260, 0x2264, 0x2265,
    0xFB8E, 0xFBA6, 0xFBAA, 0xFE8D, 0xFEA3, 0xFEA9, 0xFEB1, 0xFEB3, 0xFEB9, 0xFEBB, 0xFEC1, 0xFEC3,
    0xFECB, 0xFEDB, 0xFEDF, 0xFEE1, 0xFEE3, 0xFEE9, 0xFEEB,
};

static const uint8_t inter_10_regularKernRightClassIds[] = {
      1,   2,   3,   4,   5,   1,   6,   7,   8,   9,  10,  11,  12,  13,  14,  15,
     16,  17,  18,  13,  19,  20,  21,  22,  22,  23,  24,  25,  26,  27,  28,  29,
     28,  28,  28,  29,  28,  28,  30,  28,  28,  28,  28,  29,  28,  29,  28,   3,
     31,  32,  33,  34,  35,  36,  37,  33,   6,  38,  39,  40,  28,  41,  41,  41,
     42,  41,  28,  43,  44,  28,  28,  45,  45,  41,  45,  41,  45,  46,  47,  48,
     49,  50,  51,  49,  52,  28,   6,  53,  41,  54,  29,  55,  56,  57,  58,  59,
     60,  24,  61,  62,  63,  64,  65,  55,  66,  67,  27,  27,  27,  27,  27,  27,
     27,  29,  28,  28,  28,  28,  28,  28,  68,  68,  69,  28,  29,  29,  29,  29,
     29,  70,  29,  32,  32,  32,  32,  36,  28,  28,  40,  40,  40,  71,  72,  40,
     40,  41,  41,  41,  41,  73,  74,  75,  76,  77,  41,  45,  41,  41,  41,  78,
     73,   8,  41,  48,  48,  48,  79,  49,  28,  80,  27,  81,  27,  40,  27,  40,
     29,  41,  29,  41,  29,  41,  29,  41,  28,  41,  82,  41,  28,  41,  28,  41,
     28,  41,  28,  41,  28,  41,  29,  41,  29,  41,  29,  41,  29,  41,  28,  28,
     28,  83,  68,  84,  68,  85,  68,  77,  28,  43,  28,  43,  43,  30,  86,  28,
     28,  45,  28,  28,  28,  28,  28,  28,  28,  28,  28,  28,  45,  28,  45,  28,
     45,  28,  45,  29,  87,  29,  41,  29,  41,  29,  41,  28,  45,  28,  45,  28,
     45,   3,  46,   3,  46,   3,  46,   3,  46,  88,  47,  89,  47,  90,  47,  32,
     91,  32,  48,  32,  48,  32,  48,  32,  48,  32,  48,  34,  50,  36,  49,  36,
     37,  52,  37,  52,  37,  52,  28,  29,  41,  32,  48,  92,  41,  28,  28,  28,
     45,  27,  40,  28,  93,  29,  41,  32,  48,  32,  48,  32,  48,  32,  48,  32,
     48,  87,  27,  40,  27,  40,  27,  40,  29,  41,  29,  41,  28,  28,  29,  41,
     29,  41,  47,  44,  28,  87,  29,  41,  92,  28,  45,  27,  40,  27,  40,  29,
     41,  27,  40,  27,  40,  28,  41,  28,  41,  68,  94,  68,  95,  29,  41,  29,
     41,  28,  45,  28,  45,  32,  48,  32,  48,   3,  46,  31,  47,  28,  28,  92,
     96,  30,  27,   1,  28,  29,  36,  97,  27,  28,  28,  28,  37,  28,  29,  28,
     28,  27,  28,  28,  29,  28,  28,  98,  31,  36,  29,  35,  99, 100,  68,  36,
     41, 101,  45,  45,  87,  45, 102, 103,  46, 104,  45, 105, 106,  49, 107,  41,
    108, 109, 103,  41, 110,  45,  41,  49, 111, 112,  97,  45,  41,  45, 112,  28,
     41,  45,  28,  45,  41,  44,  29,  29,  28,  45,  28,  28,  31,  28,  29,   3,
     28,  68,  30, 113,  28,  31,  28,  28,  28,  27,  28,  28,  28, 114,  28, 115,
    116,  92,  28,  28, 113,  28,  28,  29,  28,  28,  29,  31,  33, 117,  35,  28,
    118,  28,  28, 119,  28,  28,  29,  28,  40,  13,  45,  45, 120,  41,  51,  41,
     45,  45,  45, 121,  45,  45,  41,  45,  45,  41, 122,  49,  41,  51,  45, 123,
     45,  45, 124,  43,  45,  41,  45, 125,  41,  41,  28,  45,  41,  46,  43,  77,
     44, 121,  45,  28,  45,  45,  49,  48,  28,  47,  28,  45,  27,  27,  28,  28,
     28,  29,  41,  33,  49,  33,  49,  29,  41,  41,  92,  45,  47,  28,  45,  28,
     45,  47,  28,  45,  51,  28,  45,  28,  45,  31,  47,  28,  45,  28,  45,  28,
     45,  41,  29,  41,  31,  47,  36,  49, 126,  49,  35,  51,  31,  47,  40,  40,
     28,  28,  47,  28,  35,  28,  45, 121,  92,  45,  28,  45,  28,  45,  28,  27,
     40,  27,  40,  27,  40,  28,  41,  41,  29,  41,  35,  47,  28,  45,  28,  45,
     29,  41,  29,  41,  29,  41,  41,  49,  49,  49,  45,  45,  47,  35,  51,  35,
     51, 127, 128, 129, 130, 131, 132, 131, 133, 134, 131, 133, 135, 131, 131, 133,
    136, 131, 133, 135, 131, 136, 131,  27,  40,  27,  40,  27,  40,  27,  40,  27,
     40,  27,  40,  27,  40,  27,  40,  27,  40,  27,  40,  27,  40,  27,  40,  28,
     41,  28,  41,  28,  41,  28,  41,  28,  41,  28,  41,  28,  41,  28,  41,  28,
     43,  28,  43,  29,  41,  29,  41,  29,  41,  29,  41,  29,  41,  29,  41,  29,
     41,  29,  41,  29,  41,  29,  41,  29,  41,  29,  41,  32,  48,  32,  48,  32,
     48,  32,  48,  32,  48,  32,  48,  32,  48,  36,  49, 137,  49, 137,  49, 137,
     49,  41,  41,  41,  41,  41,  41,  41,  41,  27,  27, 138,  27,  27,  27,  27,
     27, 101, 101, 101, 101, 101, 101,  45,  45,  45,  45,  45,  45,  45,  45,  28,
     28,  28,  28,  28,  28,  28,  28,  97,  97,  97,  97,  97,  97,  41,  41,  41,
     41,  41,  41,  29,  29,  29,  29,  29,  29,  45,  45,  45,  45,  45,  45,  45,
     45, 112, 112, 112, 112, 112, 112, 112, 112,  41,  41, 101,  45,  41,  45, 112,
     41,  41,  41,  41,  41,  41,  41,  41,  27,  27, 139, 140,  27, 140, 141, 142,
     45,  45,  45,  45,  45,  45,  45,  45,  28,  28,  28,  28,  28,  28,  28,  28,
    112, 112, 112, 112, 112, 112, 112, 112,  41,  41,  41,  41,  41,  41,  41,  27,
     27,  27,  27,  27,  45,  45,  45,  45,  45,  28,  28,  28,  28,  97,  97,  97,
     97,  97,  68,  68,  45,  45,  45,  45,  45,  45,  45,  36,  36,  28, 112, 112,
    112, 112, 112,  29,  29, 143, 144, 145, 146, 143, 144, 145, 147,  55,  55, 148,
    148, 149, 150,  56,  66,  25, 148, 151,  47,  28, 148,  45,  22, 152, 153, 154,
    155, 156, 157, 157, 157, 157, 158, 157, 159, 157, 157, 157, 157, 157, 157, 157,
    157, 157, 157, 157, 157, 157, 157, 157, 157, 157, 157,  29,  28,  28,  54,  41,
     29, 160,  29, 161,  28,   8,  24,  27,   8, 162,  44,  22,  24,  24,  24,  24,
    163, 163, 163, 164, 163, 165, 165, 165, 165, 165, 165, 165, 164, 163, 164, 163,
    163, 163, 163,
};

static const uint16_t inter_10_regularKernRowOffsets[] = {
        0,    20,    32,    35,    53,    60,    62,    80,   110,   138,   149,   175,   190,   191,   201,   217,
      230,   235,   289,   297,   320,   340,   346,   374,   444,   454,   467,   472,   507,   529,   542,   580,
      622,   655,   676,   758,   811,   853,   891,   952,   968,   975,  1045,  1091,  1109,  1146,  1196,  1201,
     1213,  1230,  1296,  1318,  1364,  1387,  1442,  1467,  1493,  1502,  1532,  1543,  1549,  1561,  1576,  1578,
     1605,  1606,  1629,  1659,  1694,  1706,  1711,  1729,  1749,  1759,  1764,  1776,  1810,  1828,  1865,  1883,
     1917,  1937,  1971,  2005,  2039,  2051,  2093,  2108,  2150,  2153,  2168,  2210,  2225,  2307,  2389,  2471,
     2498,  2507,  2510,  2515,  2526,  2535,  2547,  2584,  2585,  2608,  2613,  2625,  2659,  2677,  2759,  2774,
     2800,  2810,  2811,  2828,  2835,  2838,  2839,  2909,  2915,  2981,  2988,  2993,  2995,  3003,  3041,  3069,
     3074,  3106,  3172,  3195,  3256,  3259,  3267,  3268,  3270,  3272,  3274,  3275,  3278,  3280,  3292,  3329,
     3333,  3394,  3419,  3486,  3514,  3532,  3560,  3561,  3563,  3567,  3569,  3592,  3593,  3594,  3595,  3596,
     3601,  3602,  3605,
};

static const uint8_t inter_10_regularKernSparseCols[] = {
      4,   8,  10,  16,  26,  29,  40,  45,  72,  77,  86, 112, 113, 124, 137, 138,
    139, 140, 141, 148,  30,  34,  76,  83,  84,  87,  88,  89,  94, 114, 118, 157,
    142, 143, 149,   0,  30,  32,  33,  35,  48,  49,  54,  58,  79,  87,  88,  89,
     98, 118, 125, 136, 142,  40,  43,  72,  77,  85,  86,  93,  93, 142,   4,   8,
     10,  16,  25,  26,  28,  29,  38, 112, 113, 116, 137, 138, 139, 140, 141, 148,
     14,  15,  18,  26,  29,  30,  32,  33,  34,  35,  48,  50,  62,  79,  87,  88,
     89,  98, 103, 114, 115, 118, 125, 136, 137, 138, 139, 140, 141, 142,   0,  12,
     13,  15,  17,  18,  19,  20,  24,  25,  28,  30,  35,  62,  87,  88,  89, 103,
    115, 116, 118, 122, 125, 136, 143, 145, 146, 149,   8,  10,  26,  29,  93, 137,
    138, 139, 140, 141, 148,   8,  10,  18,  26,  32,  34,  35,  38,  46,  98, 103,
    107, 109, 114, 121, 123, 125, 136, 137, 138, 139, 140, 141, 142, 144, 148,  46,
     48,  68,  76,  79,  81,  83,  84,  93,  94,  96, 107, 109, 121, 123,  16,   6,
      8,  10,  34,  37,  55,  59, 114, 144, 148,   6,   8,  10,  13,  18,  37,  46,
     58,  59,  62, 103, 107, 109, 121, 123, 148,   6,   8,  10,  13,  37,  46,  58,
     59, 107, 109, 121, 123, 148,   8,  10,  38, 144, 148,   1,   3,   4,   6,   8,
     10,  12,  15,  16,  17,  18,  19,  20,  21,  22,  26,  29,  37,  38,  39,  40,
     44,  45,  55,  59,  70,  71,  72,  76,  77,  80,  83,  84,  86,  94,  96, 100,
    102, 103, 104, 108, 111, 112, 113, 115, 124, 137, 138, 139, 140, 141, 144, 148,
    157,  30,  32,  87,  88,  89,  98, 118, 142,  26,  30,  32,  33,  34,  35,  48,
     50,  79,  87,  88,  89, 114, 118, 125, 136, 137, 138, 139, 140, 141, 142, 160,
     18,  30,  32,  33,  34,  35,  36,  87,  88,  89,  98, 103, 112, 113, 114, 118,
    125, 136, 142, 160,  26, 137, 138, 139, 140, 141,   8,  10,  11,  26,  30,  32,
     33,  34,  35,  38,  58,  87,  88,  89, 114, 118, 125, 136, 137, 138, 139, 140,
    141, 142, 144, 148, 156, 157,   0,   6,   7,   9,  11,  12,  13,  23,  24,  25,
     26,  28,  30,  31,  32,  33,  35,  37,  40,  42,  46,  48,  49,  52,  54,  55,
     56,  58,  59,  62,  63,  65,  69,  72,  73,  74,  75,  77,  79,  86,  87,  88,
     89,  92,  98, 100, 101, 102, 107, 109, 110, 111, 116, 118, 121, 122, 123, 125,
    136, 137, 138, 139, 140, 141, 142, 143, 147, 149, 150, 160,  30,  76,  83,  84,
     87,  88,  89,  94, 118, 142,  26,  34,  38,  76,  83,  84,  94, 114, 137, 138,
    139, 140, 141,  76,  83,  84,  93,  94,   8,  10,  11,  25,  26,  28,  29,  38,
     39,  40,  44,  47,  48,  51,  61,  70,  71,  72,  77,  78,  79,  80,  86,  90,
     93, 108, 116, 137, 138, 139, 140, 141, 144, 148, 157,  26,  30,  32,  34,  35,
     76,  83,  84,  87,  88,  89,  93,  94, 114, 118, 125, 136, 137, 138, 139, 140,
    141,   8,  10,  11,  26,  38,  93, 137, 138, 139, 140, 141, 144, 148,   2,   7,
      9,  22,  23,  25,  28,  40,  42,  47,  48,  49,  52,  55,  56,  58,  61,  63,
     69,  72,  73,  74,  75,  76,  77,  78,  79,  83,  84,  86,  90,  92,  93,  94,
    116, 122, 147, 161,   0,   6,   7,   9,  13,  24,  25,  28,  30,  32,  35,  37,
     46,  48,  52,  54,  55,  56,  58,  59,  62,  63,  69,  79,  87,  88,  89, 107,
    109, 116, 118, 121, 122, 123, 125, 136, 142, 143, 145, 146, 147, 149,   4,   7,
      8,   9,  10,  26,  29,  30,  39,  40,  44,  52,  56,  63,  70,  71,  72,  77,
     80,  86,  87,  88,  89, 108, 118, 137, 138, 139, 140, 141, 144, 148, 157,  30,
     32,  35,  39,  40,  70,  71,  72,  76,  77,  80,  83,  84,  86,  87,  88,  89,
     94, 118, 125, 136,   4,   7,   8,   9,  10,  11,  12,  16,  18,  21,  22,  23,
     25,  26,  28,  29,  35,  38,  39,  40,  41,  44,  45,  46,  47,  48,  49,  50,
     51,  52,  55,  56,  61,  63,  65,  69,  70,  71,  72,  76,  77,  78,  79,  80,
     83,  84,  86,  90,  93,  94,  96,  99, 100, 101, 102, 103, 104, 105, 106, 107,
    108, 109, 110, 111, 112, 113, 116, 121, 122, 123, 124, 125, 136, 137, 138, 139,
    140, 141, 144, 147, 148, 157,   4,   7,   8,   9,  10,  11,  12,  16,  21,  22,
     23,  25,  26,  28,  29,  32,  38,  39,  40,  44,  45,  52,  55,  56,  63,  69,
     70,  71,  72,  76,  77,  80,  83,  84,  86,  93,  94, 108, 112, 113, 116, 122,
    124, 137, 138, 139, 140, 141, 144, 147, 148, 156, 157,   4,   7,   8,   9,  10,
     16,  21,  22,  23,  25,  26,  28,  29,  33,  39,  40,  44,  45,  52,  55,  56,
     63,  70,  71,  72,  77,  80,  86,  93, 108, 116, 122, 124, 137, 138, 139, 140,
    141, 144, 148, 156, 157,   2,   7,   9,  12,  15,  16,  19,  22,  23,  25,  28,
     30,  39,  40,  52,  55,  56,  58,  63,  69,  70,  71,  72,  77,  80,  86,  87,
     88,  89,  93, 115, 116, 117, 118, 121, 122, 147, 159,   4,   7,   8,   9,  10,
     16,  21,  22,  23,  25,  26,  28,  29,  30,  39,  40,  42,  44,  45,  47,  52,
     55,  56,  58,  61,  63,  65,  69,  70,  71,  72,  73,  74,  75,  77,  78,  80,
     86,  87,  88,  89,  90,  92,  93,  95, 108, 116, 118, 122, 124, 137, 138, 139,
    140, 141, 144, 147, 148, 156, 157, 161,   7,   9,  22,  25,  28,  52,  55,  56,
     63,  76,  83,  84,  93,  94, 116, 122,  40,  43,  72,  77,  85,  86,  93,   0,
      6,   7,   9,  11,  12,  13,  23,  24,  25,  26,  28,  30,  31,  32,  33,  35,
     37,  40,  42,  46,  48,  49,  52,  54,  55,  56,  58,  59,  62,  63,  65,  69,
     72,  73,  74,  75,  77,  79,  86,  87,  88,  89,  92,  98, 100, 101, 102, 107,
    109, 110, 111, 116, 118, 121, 122, 123, 125, 136, 137, 138, 139, 140, 141, 142,
    143, 147, 149, 150, 160,   6,  12,  13,  15,  16,  17,  19,  20,  25,  27,  28,
     30,  31,  32,  37,  42,  43,  44,  48,  59,  62,  73,  74,  75,  79,  82,  85,
     87,  88,  89,  91,  92,  98, 101, 108, 112, 113, 115, 116, 117, 118, 119, 120,
    122, 142, 160,   0,  13,  30,  32,  33,  35,  48,  58,  79,  87,  88,  89, 118,
    125, 136, 142, 143, 149,   0,   5,  13,  26,  30,  32,  33,  34,  35,  39,  48,
     49,  50,  51,  54,  58,  70,  71,  79,  80,  87,  88,  89,  93, 114, 118, 122,
    125, 136, 137, 138, 139, 140, 141, 142, 143, 149,   7,   8,   9,  10,  11,  16,
     26,  29,  35,  38,  39,  40,  41,  45,  46,  49,  52,  55,  56,  63,  69,  70,
     71,  72,  76,  77,  80,  83,  84,  86,  93,  94, 107, 109, 112, 113, 121, 123,
    124, 125, 136, 137, 138, 139, 140, 141, 144, 147, 148, 157,  30,  87,  88,  89,
    118,   5,  46,  53,  76,  83,  84,  93,  94, 107, 109, 121, 123,   7,   9,  16,
     22,  30,  40,  52,  55,  56,  63,  72,  77,  86,  87,  88,  89, 118,   7,   8,
      9,  10,  11,  22,  26,  27,  29,  30,  36,  39,  40,  41,  42,  43,  44,  46,
     48,  49,  50,  52,  56,  63,  70,  71,  72,  73,  74,  75,  76,  77,  79,  80,
     82,  83,  84,  85,  86,  87,  88,  89,  91,  92,  94, 102, 105, 107, 108, 109,
    118, 119, 120, 121, 123, 137, 138, 139, 140, 141, 142, 143, 144, 148, 149, 157,
      0,  30,  32,  33,  35,  46,  48,  58,  79,  87,  88,  89, 107, 109, 118, 121,
    122, 123, 125, 136, 142, 144,   7,   9,  16,  22,  30,  32,  33,  35,  39,  40,
     41,  43,  45,  46,  48,  49,  52,  56,  63,  69,  70,  71,  72,  77,  79,  80,
     85,  86,  87,  88,  89,  93, 102, 107, 109, 118, 121, 123, 124, 125, 136, 142,
    143, 147, 149, 157,   7,   9,  11,  22,  30,  35,  38,  52,  56,  63,  81,  87,
     88,  89,  96, 105, 118, 125, 136, 142, 143, 149, 157,   7,   8,   9,  10,  11,
     22,  23,  26,  27,  29,  30,  35,  38,  39,  40,  41,  45,  46,  52,  55,  56,
     63,  70,  71,  72,  77,  80,  82,  86,  87,  88,  89,  91,  93, 105, 107, 109,
    118, 119, 120, 121, 123, 124, 125, 136, 137, 138, 139, 140, 141, 143, 144, 148,
    149, 157,   4,   8,  10,  26,  29,  30,  36,  40,  55,  72,  77,  86,  87,  88,
     89, 118, 137, 138, 139, 140, 141, 143, 144, 148, 149,   7,   9,  23,  30,  39,
     40,  41,  46,  52,  55,  56,  63,  70,  71,  72,  77,  80,  86,  87,  88,  89,
    107, 109, 118, 121, 123,  30,  40,  72,  77,  86,  87,  88,  89, 118,  14,  15,
     18,  26,  29,  30,  32,  33,  34,  35,  48,  50,  62,  79,  87,  88,  89,  98,
    103, 114, 115, 118, 125, 136, 137, 138, 139, 140, 141, 142,  30,  32,  35,  87,
     88,  89,  98, 118, 125, 136, 142,  42,  73,  74,  75,  92,  93,   4,  26,  29,
     40,  72,  77,  86, 137, 138, 139, 140, 141,  26,  30,  35,  87,  88,  89,  98,
    118, 125, 136, 137, 138, 139, 140, 141, 127, 129,   4,  16,  25,  26,  28,  29,
     34,  35,  39,  40,  45,  70,  71,  72,  77,  80,  86, 114, 116, 124, 125, 136,
    137, 138, 139, 140, 141, 151,   7,   9,  11,  22,  30,  35,  38,  52,  56,  63,
     81,  87,  88,  89,  96, 105, 118, 125, 136, 142, 143, 149, 157,  14,  15,  18,
     26,  29,  30,  32,  33,  34,  35,  48,  50,  62,  79,  87,  88,  89,  98, 103,
    114, 115, 118, 125, 136, 137, 138, 139, 140, 141, 142,  13,  14,  15,  18,  19,
     26,  30,  32,  33,  34,  35,  36,  48,  49,  50,  79,  87,  88,  89,  98, 101,
    103, 112, 113, 114, 115, 118, 125, 136, 137, 138, 139, 140, 141, 142,  30,  32,
     33,  87,  88,  89,  98, 101, 118, 142, 143, 149,  76,  83,  84,  93,  94,  26,
     30,  32,  34,  35,  87,  88,  89, 114, 118, 125, 136, 137, 138, 139, 140, 141,
    160,   8,  10,  26,  29,  30,  32,  36,  87,  88,  89,  98, 118, 137, 138, 139,
    140, 141, 142, 144, 148,  30,  76,  83,  84,  87,  88,  89,  94, 118, 142,  30,
     87,  88,  89, 118,   5,  46,  53,  76,  83,  84,  93,  94, 107, 109, 121, 123,
     13,  18,  27,  30,  32,  36,  41,  42,  43,  44,  46,  67,  73,  74,  75,  76,
     82,  83,  84,  85,  87,  88,  89,  91,  92,  93,  94, 103, 107, 108, 109, 118,
    121, 123,   0,  13,  30,  32,  33,  35,  48,  58,  79,  87,  88,  89, 118, 125,
    136, 142, 143, 149,   0,   5,  13,  26,  30,  32,  33,  34,  35,  39,  48,  49,
     50,  51,  54,  58,  70,  71,  79,  80,  87,  88,  89,  93, 114, 118, 122, 125,
    136, 137, 138, 139, 140, 141, 142, 143, 149,   0,  13,  30,  32,  33,  35,  48,
     58,  79,  87,  88,  89, 118, 125, 136, 142, 143, 149,   0,   5,   6,  13,  18,
     27,  30,  37,  42,  43,  44,  54,  58,  59,  73,  74,  75,  76,  82,  83,  84,
     85,  87,  88,  89,  91,  92,  93,  94, 103, 108, 118, 142, 157,  27,  30,  42,
     43,  73,  74,  75,  76,  82,  83,  84,  85,  87,  88,  89,  91,  92,  93,  94,
    118,  13,  18,  27,  30,  32,  36,  41,  42,  43,  44,  46,  67,  73,  74,  75,
     76,  82,  83,  84,  85,  87,  88,  89,  91,  92,  93,  94, 103, 107, 108, 109,
    118, 121, 123,  13,  18,  27,  30,  32,  36,  41,  42,  43,  44,  46,  67,  73,
     74,  75,  76,  82,  83,  84,  85,  87,  88,  89,  91,  92,  93,  94, 103, 107,
    108, 109, 118, 121, 123,  13,  18,  27,  30,  32,  36,  41,  42,  43,  44,  46,
     67,  73,  74,  75,  76,  82,  83,  84,  85,  87,  88,  89,  91,  92,  93,  94,
    103, 107, 108, 109, 118, 121, 123,   5,  46,  53,  76,  83,  84,  93,  94, 107,
    109, 121, 123,   0,   6,   7,   9,  13,  24,  25,  28,  30,  32,  35,  37,  46,
     48,  52,  54,  55,  56,  58,  59,  62,  63,  69,  79,  87,  88,  89, 107, 109,
    116, 118, 121, 122, 123, 125, 136, 142, 143, 145, 146, 147, 149,  46,  48,  68,
     76,  79,  81,  83,  84,  93,  94,  96, 107, 109, 121, 123,   0,   6,   7,   9,
     13,  24,  25,  28,  30,  32,  35,  37,  46,  48,  52,  54,  55,  56,  58,  59,
     62,  63,  69,  79,  87,  88,  89, 107, 109, 116, 118, 121, 122, 123, 125, 136,
    142, 143, 145, 146, 147, 149,  35, 125, 136,  46,  48,  68,  76,  79,  81,  83,
     84,  93,  94,  96, 107, 109, 121, 123,   0,   6,   7,   9,  13,  24,  25,  28,
     30,  32,  35,  37,  46,  48,  52,  54,  55,  56,  58,  59,  62,  63,  69,  79,
     87,  88,  89, 107, 109, 116, 118, 121, 122, 123, 125, 136, 142, 143, 145, 146,
    147, 149,  46,  48,  68,  76,  79,  81,  83,  84,  93,  94,  96, 107, 109, 121,
    123,   4,   7,   8,   9,  10,  11,  12,  16,  18,  21,  22,  23,  25,  26,  28,
     29,  35,  38,  39,  40,  41,  44,  45,  46,  47,  48,  49,  50,  51,  52,  55,
     56,  61,  63,  65,  69,  70,  71,  72,  76,  77,  78,  79,  80,  83,  84,  86,
     90,  93,  94,  96,  99, 100, 101, 102, 103, 104, 105, 106, 107, 108, 109, 110,
    111, 112, 113, 116, 121, 122, 123, 124, 125, 136, 137, 138, 139, 140, 141, 144,
    147, 148, 157,   4,   7,   8,   9,  10,  11,  12,  16,  18,  21,  22,  23,  25,
     26,  28,  29,  35,  38,  39,  40,  41,  44,  45,  46,  47,  48,  49,  50,  51,
     52,  55,  56,  61,  63,  65,  69,  70,  71,  72,  76,  77,  78,  79,  80,  83,
     84,  86,  90,  93,  94,  96,  99, 100, 101, 102, 103, 104, 105, 106, 107, 108,
    109, 110, 111, 112, 113, 116, 121, 122, 123, 124, 125, 136, 137, 138, 139, 140,
    141, 144, 147, 148, 157,   4,   7,   8,   9,  10,  11,  12,  16,  18,  21,  22,
     23,  25,  26,  28,  29,  35,  38,  39,  40,  41,  44,  45,  46,  47,  48,  49,
     50,  51,  52,  55,  56,  61,  63,  65,  69,  70,  71,  72,  76,  77,  78,  79,
     80,  83,  84,  86,  90,  93,  94,  96,  99, 100, 101, 102, 103, 104, 105, 106,
    107, 108, 109, 110, 111, 112, 113, 116, 121, 122, 123, 124, 125, 136, 137, 138,
    139, 140, 141, 144, 147, 148, 157,  39,  40,  41,  44,  45,  46,  47,  48,  49,
     50,  51,  61,  70,  71,  72,  77,  78,  79,  80,  86,  90, 107, 108, 109, 121,
    123, 124,   8,  10,  26, 137, 138, 139, 140, 141, 148,   8,  10, 148,  30,  87,
     88,  89, 118,  40,  46,  48,  72,  77,  79,  86, 107, 109, 121, 123,  30,  40,
     72,  77,  86,  87,  88,  89, 118,   5,  46,  53,  76,  83,  84,  93,  94, 107,
    109, 121, 123,   0,   5,  13,  26,  30,  32,  33,  34,  35,  39,  48,  49,  50,
     51,  54,  58,  70,  71,  79,  80,  87,  88,  89,  93, 114, 118, 122, 125, 136,
    137, 138, 139, 140, 141, 142, 143, 149,  93,   7,   9,  11,  22,  30,  35,  38,
     52,  56,  63,  81,  87,  88,  89,  96, 105, 118, 125, 136, 142, 143, 149, 157,
     76,  83,  84,  93,  94,   5,  46,  53,  76,  83,  84,  93,  94, 107, 109, 121,
    123,  13,  18,  27,  30,  32,  36,  41,  42,  43,  44,  46,  67,  73,  74,  75,
     76,  82,  83,  84,  85,  87,  88,  89,  91,  92,  93,  94, 103, 107, 108, 109,
    118, 121, 123,   7,   9,  11,  18,  22,  27,  38,  52,  56,  63,  82,  91,  96,
    103, 142, 143, 149, 157,   4,   7,   8,   9,  10,  11,  12,  16,  18,  21,  22,
     23,  25,  26,  28,  29,  35,  38,  39,  40,  41,  44,  45,  46,  47,  48,  49,
     50,  51,  52,  55,  56,  61,  63,  65,  69,  70,  71,  72,  76,  77,  78,  79,
     80,  83,  84,  86,  90,  93,  94,  96,  99, 100, 101, 102, 103, 104, 105, 106,
    107, 108, 109, 110, 111, 112, 113, 116, 121, 122, 123, 124, 125, 136, 137, 138,
    139, 140, 141, 144, 147, 148, 157,   7,   9,  22,  46,  52,  55,  56,  63,  69,
    101, 107, 109, 121, 123, 147,   4,   7,   8,   9,  10,  11,  12,  16,  21,  22,
     38,  44,  47,  52,  55,  56,  61,  63,  65,  78,  90, 106, 108, 144, 148, 157,
      7,   9,  11,  22,  52,  56,  63, 142, 143, 149,  98,   7,   8,   9,  10,  11,
     22,  38,  52,  56,  63,  97, 105, 142, 143, 144, 148, 149,  46,  98, 107, 109,
    121, 123, 142,  38,  96,  98, 142,   0,   6,   7,   9,  11,  12,  13,  23,  24,
     25,  26,  28,  30,  31,  32,  33,  35,  37,  40,  42,  46,  48,  49,  52,  54,
     55,  56,  58,  59,  62,  63,  65,  69,  72,  73,  74,  75,  77,  79,  86,  87,
     88,  89,  92,  98, 100, 101, 102, 107, 109, 110, 111, 116, 118, 121, 122, 123,
    125, 136, 137, 138, 139, 140, 141, 142, 143, 147, 149, 150, 160,  38,  40,  72,
     77,  86,  98,   7,   8,   9,  10,  11,  22,  26,  27,  29,  30,  36,  39,  40,
     41,  42,  43,  44,  46,  48,  49,  50,  52,  56,  63,  70,  71,  72,  73,  74,
     75,  76,  77,  79,  80,  82,  83,  84,  85,  86,  87,  88,  89,  91,  92,  94,
    102, 105, 107, 108, 109, 118, 119, 120, 121, 123, 137, 138, 139, 140, 141, 142,
    143, 144, 148, 149, 157,  30,  43,  85,  87,  88,  89, 118,  18,  98, 103, 105,
    142,  98, 142,  30,  38,  87,  88,  89, 112, 113, 118,   2,   7,   9,  12,  15,
     16,  19,  22,  23,  25,  28,  30,  39,  40,  52,  55,  56,  58,  63,  69,  70,
     71,  72,  77,  80,  86,  87,  88,  89,  93, 115, 116, 117, 118, 121, 122, 147,
    159,   8,  10,  11,  26,  30,  32,  33,  34,  35,  38,  58,  87,  88,  89, 114,
    118, 125, 136, 137, 138, 139, 140, 141, 142, 144, 148, 156, 157,   8,  10,  38,
    144, 148,   0,   6,   7,   8,   9,  10,  12,  16,  19,  37,  40,  41,  46,  48,
     49,  52,  56,  59,  62,  63,  72,  77,  79,  86, 107, 109, 121, 122, 123, 143,
    148, 149,   7,   8,   9,  10,  11,  22,  26,  27,  29,  30,  36,  39,  40,  41,
     42,  43,  44,  46,  48,  49,  50,  52,  56,  63,  70,  71,  72,  73,  74,  75,
     76,  77,  79,  80,  82,  83,  84,  85,  86,  87,  88,  89,  91,  92,  94, 102,
    105, 107, 108, 109, 118, 119, 120, 121, 123, 137, 138, 139, 140, 141, 142, 143,
    144, 148, 149, 157,   5,  30,  32,  34,  35,  46,  48,  49,  50,  54,  79,  87,
     88,  89, 107, 109, 114, 118, 121, 123, 125, 136, 142,   4,   7,   8,   9,  10,
     16,  21,  22,  23,  25,  26,  28,  29,  30,  39,  40,  42,  44,  45,  47,  52,
     55,  56,  58,  61,  63,  65,  69,  70,  71,  72,  73,  74,  75,  77,  78,  80,
     86,  87,  88,  89,  90,  92,  93,  95, 108, 116, 118, 122, 124, 137, 138, 139,
    140, 141, 144, 147, 148, 156, 157, 161,  57, 132, 135,  57, 126, 127, 128, 129,
    130, 132, 134, 129, 127, 134, 130, 134, 133, 134, 132, 128, 131, 132,  57, 132,
      5,  46,  53,  76,  83,  84,  93,  94, 107, 109, 121, 123,   0,   5,  13,  26,
     30,  32,  33,  34,  35,  39,  48,  49,  50,  51,  54,  58,  70,  71,  79,  80,
     87,  88,  89,  93, 114, 118, 122, 125, 136, 137, 138, 139, 140, 141, 142, 143,
    149,   8,  10,  93, 148,   4,   7,   8,   9,  10,  16,  21,  22,  23,  25,  26,
     28,  29,  30,  39,  40,  42,  44,  45,  47,  52,  55,  56,  58,  61,  63,  65,
     69,  70,  71,  72,  73,  74,  75,  77,  78,  80,  86,  87,  88,  89,  90,  92,
     93,  95, 108, 116, 118, 122, 124, 137, 138, 139, 140, 141, 144, 147, 148, 156,
    157, 161,   4,   8,  10,  11,  16,  26,  29,  40,  45,  66,  72,  77,  86, 112,
    113, 119, 120, 124, 137, 138, 139, 140, 141, 144, 148,   1,   4,   7,   8,   9,
     10,  11,  12,  16,  18,  19,  21,  22,  23,  25,  26,  28,  29,  38,  39,  40,
     44,  45,  46,  47,  48,  52,  55,  56,  61,  62,  63,  66,  70,  71,  72,  77,
     78,  79,  80,  86,  90,  96, 100, 102, 103, 104, 106, 107, 108, 109, 110, 111,
    112, 113, 116, 119, 120, 121, 123, 124, 137, 138, 139, 140, 141, 148,  13,  30,
     32,  33,  35,  39,  48,  70,  71,  79,  80,  87,  88,  89,  98, 101, 112, 113,
    117, 118, 119, 120, 121, 125, 136, 142, 143, 149,  26,  30,  32,  34,  35,  87,
     88,  89, 114, 118, 125, 136, 137, 138, 139, 140, 141, 160,   0,  12,  13,  15,
     17,  18,  19,  20,  24,  25,  28,  30,  35,  62,  87,  88,  89, 103, 115, 116,
    118, 122, 125, 136, 143, 145, 146, 149, 154,  64, 152, 151, 152, 153, 155,  60,
    152,  13,  25,  28,  30,  32,  33,  35,  43,  48,  79,  85,  87,  88,  89,  98,
    101, 116, 117, 118, 125, 136, 157, 158, 156, 157,  93,  12,   8,  10,  11,  38,
    148,  57, 162, 163, 164,
};

static const int8_t inter_10_regularKernSparseValues[] = {
     -11,  -27,  -27,  -21,  -26,  -55,   -7,   -3,   -7,   -7,   -7,  -15,  -15,   -3,  -26,  -26,
     -26,  -26,  -26,  -27,   -2,   -4,   15,   15,   15,   -2,   -2,   -2,   15,   -4,   -2,  -21,
     -21,  -23,  -23,  -11,  -19,  -21,  -13,  -25,  -11,  -11,  -13,   -7,  -11,  -19,  -19,  -19,
     -25,  -19,  -25,  -25,  -30,   -4,    9,   -4,   -4,    9,   -4,   47,    2,  -11,  -11,  -45,
     -45,  -15,   -3,  -26,   -3,  -32,  -23,  -11,  -11,   -3,  -26,  -26,  -26,  -26,  -26,  -45,
     -11,   -4,   -7,  -11,  -15,  -25,  -17,  -17,  -13,  -26,   -1,   -7,   -6,   -1,  -36,  -36,
     -25,  -26,   -7,  -49,  -21,  -47,  -26,  -26,  -11,  -11,  -11,  -11,  -11,  -21,  -27,   -8,
     -30,   -8,   -5,   -5,   -7,   -2,  -33,  -15,  -15,  -11,  -11,  -18,  -11,  -11,  -11,   -5,
      -8,  -15,  -11,  -15,  -11,  -22,  -19,  -45,  -45,  -19,  -13,  -13,   -8,  -21,   22,   -8,
      -8,   -8,   -8,   -8,  -13,   -8,   -8,   -7,   -2,   -4,  -11,  -11,  -15,    5,  -11,   -7,
       5,    5,  -11,    5,    5,  -11,  -11,   -2,   -2,   -2,   -2,   -2,  -15,  -17,   -8,    4,
       2,   11,   21,    2,   11,   21,   21,   16,   21,   18,    4,    4,    4,    4,   -5,   -6,
      -7,   -7,   -7,   -6,  -11,   -6,   -7,  -17,   -7,   -8,  -11,  -11,   -8,   -3,   -8,   -1,
      -2,   -8,  -13,   -3,   -1,   -1,   -1,   -1,  -11,   -1,   -9,   -9,   -1,   -1,   -1,   -2,
      -1,   -1,   -1,   -1,   -1,   -9,  -11,  -11,  -15,  -15,  -11,  -19,    1,  -15,    1,  -42,
     -42,   -5,   -6,  -19,   -3,    7,   -5,   -3,  -11,  -30,  -36,  -32,    1,  -53,  -15,  -17,
     -17,  -15,  -21,    1,  -15,  -15,  -17,   30,  -17,  -15,   30,   30,  -17,   30,  -17,  -17,
     -17,  -10,  -17,  -17,  -17,  -35,  -35,   -6,  -15,  -36,  -36,  -36,  -36,  -36,  -47,  -42,
     -30,  -11,  -21,  -11,  -11,  -11,  -21,  -28,  -15,  -17,  -15,  -23,  -21,  -17,  -32,  -13,
     -11,  -13,  -15,  -15,  -15,  -17,  -15,  -32,  -32,  -17,  -17,  -17,  -17,  -17,  -19,  -13,
     -25,  -26,  -25,  -25,  -19,  -30,  -21,  -26,  -26,  -26,  -30,  -25,  -11,  -11,  -17,  -25,
     -30,  -30,  -32,  -25,  -21,  -21,  -21,  -21,  -21,  -21,  -15,  -15,  -13,  -11,  -11,  -11,
      -1,  -13,  -13,  -13,   -2,  -11,  -11,  -11,  -30,  -22,  -13,  -13,  -11,  -11,  -11,  -11,
     -11,  -11,  -13,  -15,  -13,  -33,  -26,  -26,  -11,  -11,    7,   -2,  -14,  -17,  -21,  -11,
       5,  -11,  -29,   -8,  -25,  -19,  -27,  -26,   -1,    1,   -7,  -23,  -23,  -11,  -25,  -11,
     -11,  -24,  -26,  -16,  -11,  -11,  -11,   -1,    1,    1,    1,   -1,  -23,   -1,  -29,  -29,
     -48,    1,  -13,  -11,  -17,  -13,  -30,  -40,  -11,  -13,  -11,  -29,   -7,  -23,   -7,  -27,
     -27,    5,    5,    5,    5,    5,  -43,  -34,  -11,  -34,   -2,  -17,  -18,   11,   11,   11,
     -18,  -18,  -18,   11,  -18,  -16,   -6,   -2,  -13,   11,   11,   11,   11,   -2,   -6,   -6,
      -6,   -6,   -6,   25,   25,   25,   19,   25,  -13,  -24,   -1,   -1,  -30,   -1,  -23,  -11,
      -7,  -11,   -9,  -11,  -11,  -11,  -11,   -7,   -7,  -11,  -11,  -11,  -11,   -7,  -11,  -11,
      39,   -9,   -1,  -30,  -30,  -30,  -30,  -30,  -40,  -42,  -19,   -7,  -10,   -7,   -2,   -7,
      11,   11,   11,  -10,  -10,  -10,    7,   11,   -2,  -10,   -7,   -7,   -7,   -7,   -7,   -7,
      -7,  -11,  -11,  -19,   -8,  -17,   16,   -8,   -8,   -8,   -8,   -8,  -26,  -11,   -4,  -36,
     -36,  -23,  -11,  -12,  -12,  -13,    4,  -11,  -13,  -21,  -36,  -17,  -53,   -5,  -11,  -51,
     -11,  -13,    4,    4,    4,   28,  -13,  -11,  -13,   28,   28,  -13,  -11,    4,   28,   28,
     -12,  -34,  -11,  -11,  -30,  -57,  -28,  -45,  -15,   -6,   -9,   -9,  -32,  -23,  -19,  -43,
      -7,  -23,  -42,  -32,  -21,  -72,  -27,  -59,  -29,  -49,  -11,  -23,  -32,  -32,  -32,   -7,
      -7,   -9,  -32,   -7,  -50,   -7,  -19,  -38,  -28,  -13,  -15,  -15,  -11,  -36,  -11,  -15,
     -13,  -15,  -24,  -25,  -32,   -1,   -2,   -4,   -1,  -15,  -15,  -15,   -2,   -2,   -4,   -4,
      -2,   -4,   -1,   -1,   -1,   -1,   -1,  -25,  -25,  -25,  -25,  -25,  -47,  -45,  -26,   -1,
      -6,   -8,   -2,   -5,   -2,   -2,   -5,   15,   -5,   -2,   15,   15,   -5,   -1,   -1,   -1,
      15,   -1,   -8,   -8,  -11,  -25,  -11,  -25,  -11,  -43,  -11,  -23,  -26,  -11,  -26,  -11,
     -11,  -29,  -11,  -30,    5,  -19,  -27,  -29,   -1,  -21,  -28,  -27,  -26,  -25,  -24,  -23,
     -19,  -25,  -43,  -25,  -60,  -51,  -17,  -11,  -41,  -41,  -46,   30,  -46,  -46,  -36,  -27,
      30,   30,  -29,  -39,   42,   30,   37,  -11,  -43,  -34,  -20,  -26,  -26,  -11,  -19,  -61,
     -65,  -61,  -43,  -43,  -44,  -44,  -11,  -27,  -21,  -27,  -28,    5,    5,  -29,  -29,  -29,
     -29,  -29,  -40,  -11,  -40,  -42,  -17,  -17,  -32,  -17,  -32,  -16,   -4,  -11,  -21,  -25,
     -21,  -22,  -25,  -11,  -32,    6,  -26,  -18,  -18,   -3,  -15,  -17,  -19,  -38,  -30,  -13,
     -18,  -31,  -18,   28,  -33,  -18,   28,   28,  -18,   13,   28,   -3,  -41,  -41,  -11,   -5,
     -15,  -25,  -25,  -25,  -25,  -25,  -38,  -13,  -32,  -44,  -51,  -17,  -17,  -32,  -17,  -32,
     -11,  -17,  -25,  -21,   -1,  -19,   -1,  -21,    7,  -17,  -17,  -10,  -11,  -17,  -19,  -17,
     -28,  -17,  -17,  -17,  -17,  -17,  -17,   28,  -10,   -1,  -10,  -11,  -19,  -19,  -19,  -19,
     -19,  -36,  -32,  -29,  -35,   -4,  -13,  -13,  -11,   -7,  -13,   -7,  -19,  -17,  -13,  -13,
     -10,  -19,   -9,  -24,  -13,  -29,   -2,  -28,  -15,  -19,  -19,   -9,   -9,  -19,   -9,  -10,
     -10,  -10,   28,   -7,  -30,  -11,  -10,  -21,  -27,  -15,  -11,  -21,  -26,  -11,  -26,  -11,
     -23,  -21,  -34,  -32,  -13,  -27,  -13,  -11,    5,  -26,  -27,   -9,  -15,  -23,  -13,  -26,
     -30,  -43,   -3,  -13,  -43,  -21,  -28,  -49,  -41,  -27,   -9,  -19,   -9,  -27,  -13,  -42,
     -46,    5,    5,    5,  -13,   -9,   28,  -21,  -15,  -13,    5,  -19,  -23,  -27,  -27,  -27,
     -27,  -27,  -36,  -13,  -43,  -50,  -59,  -11,  -13,  -13,  -21,  -11,  -11,  -13,  -11,  -13,
     -24,   28,   28,   28,   11,   28,  -11,  -10,   -4,    9,   -4,   -4,    9,   -4,   28,  -26,
     -26,  -11,  -11,    7,   -2,  -14,  -17,  -21,  -11,    5,  -11,  -42,   -8,  -41,  -38,  -27,
     -26,   -1,    1,   -7,  -40,  -23,  -11,  -25,  -11,  -11,  -24,  -26,  -16,  -11,  -11,  -11,
      -1,    1,    1,    1,   -1,  -40,   -1,  -42,  -42,  -42,    1,  -13,  -11,  -17,  -13,  -30,
     -40,  -11,  -13,  -11,  -42,   -7,  -23,   -7,  -27,  -27,    5,    5,    5,    5,    5,  -58,
     -53,  -11,  -53,   -2,  -17,  -23,  -15,  -36,  -15,  -19,  -15,  -15,  -15,  -13,    9,  -13,
     -19,  -13,  -26,  -23,    9,   32,    9,  -26,  -23,  -15,    9,    9,    9,  -26,    9,   32,
     -19,  -19,  -19,    9,    9,  -32,  -19,    9,   19,   19,  -15,  -13,  -36,  -17,   15,   15,
      -4,  -13,  -17,   -4,  -13,  -25,  -17,  -17,  -25,   -6,   -3,   -6,  -25,  -25,  -25,  -25,
     -25,  -25,  -15,   -8,   -8,   -7,   -4,  -11,  -10,  -30,  -18,  -17,   -9,  -29,    3,   -7,
      -6,   -8,   -5,  -11,   -3,    3,    3,   -7,    3,  -30,  -30,  -30,   12,   -9,  -30,   -4,
     -58,  -29,  -10,  -10,  -10,  -10,  -10,  -21,   -8,   -8,   -9,  -19,   -9,  -19,   -9,  -21,
     -11,  -21,    3,   -5,   -5,   -8,  -12,   -7,  -11,    6,   -9,  -13,   -9,   -9,   -7,   -5,
      -5,   -8,   34,   -8,   -5,   34,   47,   -8,   15,   45,  -11,  -11,  -23,  -23,  -11,  -11,
      -7,    3,    3,  -11,  -11,  -11,  -11,  -11,  -30,   -7,  -19,  -13,  -17,  -17,  -17,  -17,
     -17,    2,    1,    2,   23,   35,   23,   28,   35,    1,    1,    1,    1,  -15,  -15,  -15,
     -28,  -19,   -7,  -15,  -17,  -38,  -15,   -7,   -7,   -7,  -19,  -19,  -19,  -19,  -13,  -21,
     -13,  -21,  -11,  -13,  -13,    3,  -19,  -19,  -11,   -1,   -5,    5,    3,    4,    4,    5,
       5,    3,    4,  -13,  -24,  -13,   -1,   -1,   -5,    3,    3,    3,    9,   -5,    5,   -1,
       3,    9,    9,    4,   -5,  -19,  -19,  -19,    3,    3,    9,  -13,  -23,    5,    4,    5,
     -19,   -8,   -8,    5,    5,  -13,  -13,  -13,  -13,  -13,  -13,    5,  -26,  -21,    5,  -17,
      -2,  -25,  -15,  -11,  -25,    1,   -1,   -3,   -1,  -25,  -25,  -25,    1,    1,  -25,    1,
      -1,    1,  -25,  -25,  -17,   -4,   -7,   -7,   -5,   -9,  -11,   -3,   -3,   -5,    2,   -3,
      -7,    3,   -3,   -3,    7,    6,   -7,   -7,   -7,   -4,    2,    2,   -3,   -3,    7,    2,
       3,   -3,  -11,  -11,  -11,   15,  -11,   -3,   -3,  -11,   -3,   -3,   -3,   -5,   -5,  -13,
       2,   -4,    2,   11,  -13,  -13,  -11,  -13,  -17,  -19,  -11,  -13,  -24,  -13,    2,  -17,
     -42,  -17,   11,   -6,  -17,  -19,  -19,  -13,    5,    5,  -21,  -11,  -16,  -11,  -16,  -19,
     -11,  -13,  -23,    2,  -21,  -11,  -11,  -26,   -2,   -7,    5,   -1,    5,  -11,  -13,  -11,
     -11,   -2,   -2,   -7,   -7,   -2,    2,   -7,  -11,  -32,  -11,    2,    2,   -4,    5,    5,
     -11,  -15,  -15,    5,    5,   -1,  -11,  -11,  -23,  -23,  -23,  -23,  -23,    3,  -26,  -41,
       3,  -17,  -11,  -25,  -25,  -23,  -19,  -17,  -11,   -6,  -11,   -6,   -6,   -6,  -17,  -17,
     -17,  -17,  -23,  -23,  -23,  -23,  -23,    3,  -26,  -25,    3,   -7,   -7,  -11,  -21,   -1,
      -8,    6,    6,   -7,  -11,   -7,   -7,   -1,   -1,   -8,   -8,   -1,   -8,  -21,  -21,  -21,
       6,    6,  -21,    6,    6,  -11,   -5,   -5,   -5,   -5,  -11,  -11,  -11,  -11,  -11,   -4,
      -7,  -11,  -15,  -25,  -17,  -17,  -24,  -26,   -1,   -7,   -6,   -1,  -36,  -36,  -25,  -26,
      -7,  -24,  -21,  -47,  -26,  -26,  -11,  -11,  -11,  -11,  -11,  -21,  -23,  -11,  -23,  -23,
     -23,  -23,  -23,  -23,  -23,  -23,  -11,   11,   11,   11,   11,   11,   15,  -13,  -25,  -25,
     -11,  -11,  -11,  -11,  -33,  -38,  -34,  -42,  -43,  -11,  -17,  -21,  -17,  -17,  -17,  -21,
     -40,  -21,  -21,  -11,  -11,  -11,  -11,  -11,  -10,  -10,  -11,  -16,   -2,  -24,   -2,  -24,
      -2,   -3,   -4,   -9,   -4,   -4,   -4,   -9,   -9,   -4,   -9,   -2,   -2,   -4,   -3,   -3,
     -24,  -24,  -24,  -24,  -24,   -3,  -13,  -13,  -11,  -13,  -17,  -19,  -11,  -13,  -24,  -13,
       2,  -17,  -42,  -17,   11,   -6,  -17,  -19,  -19,  -30,    5,    5,  -21,  -11,   -4,   -7,
     -11,  -15,  -51,  -30,  -17,  -28,  -43,   -1,   -7,   -6,   -1,  -51,  -51,  -51,  -26,   -7,
     -28,  -21,  -51,  -43,  -43,  -11,  -11,  -11,  -11,  -11,  -21,  -13,  -17,  -15,  -17,  -11,
     -11,  -43,  -21,  -19,  -13,  -30,  -11,  -11,  -11,  -11,  -11,  -43,  -43,  -43,  -30,  -11,
     -17,  -11,  -11,  -30,  -15,  -66,  -30,  -30,  -11,  -11,  -11,  -11,  -11,  -28,  -23,  -28,
     -24,  -23,  -23,  -23,  -30,  -11,  -23,  -21,  -11,  -11,    7,    7,    7,   13,    7,  -11,
     -30,  -13,  -15,  -15,  -30,  -30,  -30,  -15,  -30,  -15,  -15,  -11,  -11,  -11,  -11,  -11,
     -11,  -34,  -34,  -13,  -13,  -19,  -17,  -13,  -19,  -19,  -19,  -19,  -19,  -13,  -13,  -13,
     -13,  -13,  -19,  -42,  -34,  -18,   11,   11,   11,  -18,  -18,  -18,   11,  -18,  -39,  -26,
     -26,  -26,  -26,  -26,    2,    1,    2,   35,   36,   35,   24,   35,    1,    1,    1,    1,
      15,   30,   21,   30,   28,   30,   13,   23,   23,    9,   17,    7,   35,   23,   35,   57,
      21,   57,   57,   34,   30,   30,   30,   46,   35,   17,   57,   30,   17,    9,   17,   30,
      17,   17,   -4,  -13,  -42,  -17,  -17,  -25,   -6,   -3,   -6,  -42,  -42,  -42,  -42,  -25,
     -25,  -15,   -8,   -8,   -7,   -4,  -11,  -10,  -47,  -18,  -17,   -9,  -29,    3,   -7,   -6,
      -8,   -5,  -11,   -3,    3,    3,   -7,    3,  -47,  -47,  -47,   12,   -9,  -47,   -4,  -58,
     -29,  -10,  -10,  -10,  -10,  -10,  -21,   -8,   -8,   -4,  -13,  -49,  -17,  -17,  -25,   -6,
      -3,   -6,  -49,  -49,  -49,  -49,  -25,  -25,  -15,   -8,   -8,   11,   33,   19,   15,   15,
      11,   13,   19,   13,    9,    9,   14,    6,   19,   13,   13,   29,   17,   11,   17,   17,
       9,   13,   13,   13,   11,   30,   15,   17,   15,    9,   13,   11,  -13,   11,   11,   11,
      13,   11,   11,   13,   13,   13,   13,   13,   13,   11,   11,   11,   11,   11,   13,   13,
      11,   15,   30,   21,   30,   28,   30,   13,   36,   34,    9,   17,    7,   36,   36,   36,
      57,   21,   57,   57,   34,   30,   30,   30,   46,   36,   36,   57,   30,   17,    9,   17,
      30,   17,   17,   15,   30,   21,   30,   28,   30,   13,   36,   36,    9,   17,    7,   36,
      36,   36,   57,   21,   57,   57,   36,   30,   30,   30,   46,   36,   17,   57,   30,   17,
       9,   17,   30,   17,   17,   15,   30,   21,   30,   28,   30,   13,   36,   23,    9,   17,
       7,   36,   36,   36,   57,   21,   57,   57,   34,   30,   30,   30,   46,   36,   17,   57,
      30,   17,    9,   17,   30,   17,   17,    2,    1,    2,   35,   36,   35,   24,   36,    1,
       1,    1,    1,  -30,  -59,  -45,  -45,  -15,   -6,   -9,   -9,  -32,  -23,  -19,  -59,   -7,
     -23,  -43,  -32,  -21,  -45,  -27,  -59,  -29,  -45,  -11,  -23,  -32,  -32,  -32,   -7,   -7,
      -9,  -32,   -7,  -50,   -7,  -19,  -38,  -28,  -13,  -15,  -15,  -11,  -36,    4,    2,   11,
      21,    2,   11,   21,   21,   29,   21,   18,    4,    4,    4,    4,  -30,  -57,  -42,  -42,
     -15,   -6,   -9,   -9,  -32,  -23,  -19,  -43,   -7,  -23,  -40,  -32,  -21,  -42,  -27,  -59,
     -29,  -42,  -11,  -23,  -32,  -32,  -32,   -7,   -7,   -9,  -32,   -7,  -50,   -7,  -19,  -38,
     -28,  -13,  -15,  -15,  -11,  -36,  -11,  -11,  -11,    4,    2,   22,   21,    2,   11,   21,
      21,   16,   21,   18,    4,    4,    4,    4,  -30,  -55,  -28,  -45,  -15,   -6,   -9,   -9,
     -32,  -23,  -38,  -55,   -7,  -23,  -42,  -32,  -21,  -72,  -27,  -55,  -29,  -49,  -11,  -23,
     -32,  -32,  -32,   -7,   -7,   -9,  -32,   -7,  -50,   -7,  -38,  -38,  -28,  -24,  -15,  -15,
     -11,  -24,   11,    2,   22,   21,    2,   11,   21,   21,   16,   21,   18,   11,   11,   11,
      11,  -11,  -36,  -11,  -36,  -11,  -43,  -11,  -23,  -26,  -11,  -26,  -11,  -11,  -29,  -11,
     -30,    5,  -19,  -27,  -29,   -1,  -21,  -28,  -27,  -37,  -25,  -24,  -47,  -31,  -36,  -43,
     -36,  -37,  -36,  -17,  -11,  -41,  -41,  -46,   30,  -46,  -37,  -36,  -27,   30,   30,  -29,
     -37,   42,   30,   37,  -11,  -43,  -34,  -20,  -26,  -26,  -11,  -19,  -61,  -65,  -61,  -43,
     -43,  -44,  -44,  -11,  -27,  -21,  -27,  -28,    5,    5,  -29,  -29,  -29,  -29,  -29,  -40,
     -11,  -40,  -42,  -11,  -36,  -11,  -36,  -11,  -43,  -11,  -23,  -26,  -11,  -26,  -11,  -11,
     -29,  -11,  -30,    5,  -19,  -27,  -29,   -1,  -21,  -28,  -27,  -26,  -25,  -24,  -23,  -19,
     -36,  -43,  -36,  -60,  -36,  -17,  -11,  -41,  -41,  -46,   30,  -46,  -46,  -36,  -27,   30,
      30,  -29,  -39,   42,   30,   37,  -11,  -43,  -34,  -20,  -26,  -26,  -11,  -19,  -61,  -65,
     -61,  -43,  -43,  -44,  -44,  -11,  -27,  -21,  -27,  -28,    5,    5,  -29,  -29,  -29,  -29,
     -29,  -40,  -11,  -40,  -42,  -11,  -25,  -11,  -25,  -11,  -43,  -11,  -23,  -26,  -11,  -26,
     -11,  -11,  -48,  -11,  -70,    5,  -19,  -27,  -29,   -1,  -21,  -28,  -27,  -26,  -25,  -24,
     -23,  -19,  -25,  -43,  -25,  -60,  -51,  -17,  -11,  -41,  -41,  -46,   30,  -46,  -46,  -36,
     -27,   30,   30,  -29,  -39,   42,   30,   37,  -11,  -43,  -34,  -20,  -26,  -26,  -11,  -19,
     -61,  -65,  -61,  -43,  -43,  -44,  -44,  -11,  -27,  -21,  -27,  -28,    5,    5,  -48,  -48,
     -48,  -48,  -48,  -40,  -11,  -40,  -66,  -18,  -21,  -10,  -18,  -18,   -9,  -18,  -18,  -18,
     -18,  -18,  -18,  -18,  -18,  -21,  -21,  -18,  -18,  -18,  -21,  -18,   -9,  -18,   -9,   -9,
      -9,  -18,  -15,  -15,  -11,  -11,  -11,  -11,  -11,  -11,  -15,  -15,  -15,  -15,   14,   14,
      14,   14,   14,  -12,   10,    5,  -12,  -12,    5,  -12,   10,   10,   10,   10,  -24,   -5,
      -5,   -5,   -5,  -24,  -24,  -24,  -24,    2,    1,    2,   35,   35,   35,   39,   35,    1,
       1,    1,    1,   -7,   -4,  -11,  -10,  -56,  -18,  -17,   -9,  -29,    3,   -7,   -6,   -8,
      -5,  -11,   -3,    3,    3,   -7,    3,  -56,  -56,  -56,   12,   -9,  -56,   -4,  -58,  -29,
     -10,  -10,  -10,  -10,  -10,  -21,   -8,   -8,   11,  -13,  -13,  -11,  -13,  -32,  -19,  -11,
     -13,  -24,  -13,    2,  -32,  -32,  -32,   11,   -6,  -32,  -19,  -19,  -13,    5,    5,  -21,
       7,    7,    7,   24,    7,    2,    1,    2,   35,   35,   35,   28,   35,    1,    1,    1,
       1,   15,   30,   21,   30,   28,   30,   13,   35,   36,    9,   17,    7,   35,   35,   35,
      57,   21,   57,   57,   36,   30,   30,   30,   46,   35,   32,   71,   30,   17,    9,   17,
      30,   17,   17,  -13,  -13,  -11,    7,  -13,    5,  -11,  -13,  -24,  -13,    5,    5,   38,
       7,  -17,    2,    2,  -21,  -11,  -25,  -40,  -25,  -40,  -43,  -11,  -23,  -26,  -24,  -26,
     -11,  -11,  -29,  -11,  -30,    5,  -23,  -27,  -29,   -1,  -21,  -28,  -27,  -26,  -25,  -24,
     -23,  -19,  -25,  -43,  -25,  -60,  -51,  -17,  -11,  -41,  -41,  -46,   30,  -46,  -46,  -36,
     -27,   30,   30,  -29,  -39,   42,   30,   37,  -11,  -43,  -34,  -20,  -26,  -26,  -11,  -19,
     -61,  -65,  -61,  -43,  -43,  -44,  -44,  -11,  -27,  -21,  -27,  -28,    5,    5,  -29,  -29,
     -29,  -29,  -29,  -40,  -11,  -40,  -61,  -13,  -13,  -21,  -11,  -13,  -11,  -13,  -13,  -11,
     -17,  -11,  -23,  -11,  -11,  -11,  -11,  -26,  -32,  -26,  -32,  -23,  -11,  -23,  -21,  -30,
     -34,  -11,  -19,  -26,  -16,  -26,  -19,  -26,   -7,  -19,  -19,  -11,  -11,  -40,  -32,  -38,
     -13,  -13,  -11,  -13,  -13,  -24,  -13,  -17,    2,    2,  -15,  -13,  -25,  -13,  -25,  -11,
     -13,  -13,  -13,  -24,  -13,  -11,  -13,  -21,    2,  -26,  -25,    2,  -11,  -28,  -11,  -11,
     -11,  -11,  -21,   23,  -11,  -15,  -21,  -26,  -26,  -11,  -11,    7,   -2,  -33,  -17,  -21,
     -11,    5,  -11,  -29,   -8,  -25,  -19,  -27,  -26,   -1,    1,   -7,  -23,  -23,  -11,  -25,
     -11,  -11,  -24,  -26,  -16,  -11,  -11,  -11,   -1,    1,    1,    1,   -1,  -23,   -1,  -29,
     -29,  -48,    1,  -13,  -11,  -36,  -13,  -30,  -40,  -11,  -13,  -11,  -29,   -7,  -23,   -7,
     -27,  -27,    5,    5,    5,    5,    5,  -43,  -34,  -11,  -34,   -2,  -17,   23,   -9,   -9,
      -9,   -9,  -15,  -24,  -45,  -24,  -45,  -22,  -13,  -13,    3,  -19,  -19,  -11,   -1,   -5,
       5,    3,    4,    4,    5,    5,    3,    4,  -24,  -24,  -24,   -1,   -1,   -5,    3,    3,
       3,    9,   -5,    5,   -1,    3,    9,    9,    4,   -5,  -19,  -19,  -19,    3,    3,    9,
     -13,  -23,    5,    4,    5,  -19,   -8,   -8,    5,    5,  -13,  -13,  -13,  -13,  -13,  -13,
       5,  -26,  -45,    5,  -28,  -13,   13,   13,  -13,  -13,  -13,  -13,  -11,  -28,  -11,  -13,
     -21,  -28,  -21,  -11,   21,  -11,  -11,  -11,    9,    9,  -11,   -4,  -49,  -49,  -11,   -7,
     -13,   -7,  -17,  -17,  -13,  -13,  -10,  -19,   -9,  -49,  -30,  -49,   -2,  -49,  -15,  -19,
     -19,   -9,   -9,  -19,   -9,  -10,  -10,  -10,   28,   -7,  -30,  -11,  -10,  -21,  -27,  -15,
     -11,  -15,  -15,  -13,  -11,  -11,  -11,   -1,  -13,  -13,  -13,   -2,  -11,  -11,  -11,  -30,
     -22,  -13,  -13,  -11,  -11,  -11,  -11,  -11,  -11,  -30,  -15,  -13,  -33,  -15,  -15,  -13,
     -11,  -15,   -9,   -9,   -9,    5,   -9,    5,   -4,   -8,   -3,   -9,   -5,   -8,   -8,   -7,
      -8,   -9,   -9,   -9,   -8,   -9,   -5,   -5,   -7,   -5,   -8,   -8,   -8,   -5,   -8,   -9,
       5,   -9,  -13,  -42,  -13,  -42,  -11,  -13,  -13,    3,  -19,  -19,  -11,   -1,   -5,    5,
       3,    4,    4,    5,    5,    3,    4,  -13,  -24,  -13,   -1,   -1,   -5,    3,    3,    3,
       9,   -5,    5,   -1,    3,    9,    9,    4,   -5,  -19,  -19,  -19,    3,    3,    9,  -13,
     -23,    5,    4,    5,  -19,   -8,   -8,    5,    5,  -13,  -13,  -13,  -13,  -13,  -13,    5,
     -51,  -42,    5,  -17,   -9,  -33,  -33,   -9,  -57,   -9,   -9,   -9,   -7,  -19,   -9,  -33,
     -33,  -33,   -9,   -9,   -9,  -33,   -9,  -39,  -57,  -57,  -24,  -21,  -26,  -11,  -26,  -11,
     -23,  -21,  -34,  -32,  -13,  -27,  -13,  -11,    5,  -26,  -54,   -9,  -15,  -23,  -13,  -26,
     -30,  -43,   -3,  -13,  -43,  -21,  -28,  -49,  -41,  -54,   -9,  -19,   -9,  -54,  -13,  -42,
     -54,    5,    5,    5,  -13,   -9,   28,  -21,  -15,  -13,    5,  -19,  -23,  -27,  -27,  -27,
     -27,  -27,  -36,  -13,  -43,  -50,  -59,  -11,  -10,   -3,   -3,  -15,   -3,  -10,  -10,    5,
     -10,  -10,   10,   -3,   -3,    2,   -7,    7,   13,   10,   -3,    2,    2,   -3,  -10,   -3,
       2,    1,    2,   23,   35,   23,   24,   35,    1,    1,    1,    1,   -7,   -4,  -11,  -10,
     -30,  -18,  -17,   -9,  -29,    3,   -7,   -6,   -8,   -5,  -11,   -3,    3,    3,   -7,    3,
     -30,  -30,  -30,   23,   -9,  -30,   -4,  -58,  -29,  -10,  -10,  -10,  -10,  -10,  -21,   -8,
      -8,  -11,  -11,   13,  -11,  -21,  -26,  -22,  -26,  -22,  -23,  -21,  -34,  -32,  -13,  -27,
     -13,  -11,    5,  -26,  -27,   -9,  -15,  -23,  -13,  -26,  -30,  -43,   -3,  -13,  -43,  -21,
     -28,  -49,  -41,  -27,   -9,  -19,   -9,  -27,  -13,  -42,  -46,    5,    5,    5,  -13,   -9,
      28,  -21,  -15,  -13,    5,  -19,  -23,  -27,  -27,  -27,  -27,  -27,  -36,  -13,  -22,  -50,
     -59,  -11,  -21,  -28,  -28,  -32,  -21,  -32,  -49,  -14,   -8,  -21,  -14,  -14,  -14,  -21,
     -38,  -47,  -28,   -8,  -32,  -32,  -32,  -32,  -32,  -21,  -28,  -42,  -23,  -21,  -33,  -21,
     -33,  -47,  -15,  -32,  -21,  -13,  -19,  -32,  -19,  -19,  -46,  -19,  -42,  -13,  -19,  -21,
      -7,  -26,    5,  -13,    5,  -36,  -28,  -21,  -28,   -4,  -21,  -23,  -19,  -19,  -21,  -21,
     -13,    5,  -19,  -21,  -13,  -21,  -21,  -21,  -21,  -23,  -23,    5,  -28,    5,  -13,  -21,
     -17,  -30,  -19,  -40,  -21,    5,    5,  -37,  -46,  -46,  -46,  -46,  -46,  -33,  -23,  -32,
     -30,  -21,  -36,  -11,  -17,  -11,  -11,  -17,  -11,  -32,  -32,  -32,  -34,  -17,   17,   17,
     -21,  -49,   21,   21,  -17,  -36,  -36,  -42,  -32,  -32,  -11,  -11,  -13,  -15,  -15,  -11,
     -11,  -11,  -15,  -36,  -15,  -15,  -11,  -11,  -11,  -11,  -11,  -11,  -27,   -8,  -30,   -8,
      -5,   -5,   -7,   -2,  -33,  -15,  -15,  -11,  -11,  -18,  -11,  -11,  -11,   -5,   -8,  -15,
     -11,  -15,  -11,  -22,  -19,  -45,  -61,  -19,    7,   -2,   -5,  -18,    4,   -2,  -11,   -7,
      -5,  -30,  -13,  -13,  -42,  -44,  -29,  -50,    5,  -17,  -17,    5,  -42,  -42,  -66,  -38,
     -17,  -13,  -13,  -53,  -50,  -50,   -8,   -5,   -5,  -16,   13,   -1,  -23,  -23,  -13,  -17,
     -23,   -3,  -13,   -8,  -10,
};

static constexpr EpdFontData inter_10_regular = {
    inter_10_regularBitmaps,
    inter_10_regularGlyphs,
    inter_10_regularIntervals,
    102,
    25,
    21,
    -6,
    false,
    nullptr,
    0,
    nullptr,
    nullptr,  // kernLeftClasses: built-in fonts use split arrays
    nullptr,  // kernRightClasses
    inter_10_regularKernLeftCodepoints,
    inter_10_regularKernLeftClassIds,
    inter_10_regularKernRightCodepoints,
    inter_10_regularKernRightClassIds,
    nullptr,  // kernMatrix: built-in fonts use sparse rows
    inter_10_regularKernRowOffsets,
    inter_10_regularKernSparseCols,
    inter_10_regularKernSparseValues,
    1004,
    1027,
    162,
    165,
    nullptr,
    0,
};
